
=== NEW RUN ===
episodes=10000, shaping=False, goal_reward=10000.0, gamma=0.99
gamma_shaping=1.0, shaping_formula=gamma_shaping*Phi(next)-Phi(state)
ground_unbiased_learner=False
ground_max_episode_steps=Gym default
eval_interval=500, eval_episodes=1000, eval_seed=100000
inter_level_shaping=False, inter_level_formula=gamma*Phi(next)-Phi(state)
task_type=ltlf, task=F(wp1) & G(wp1 -> X(left_zone U (low & (low U (right_zone & X(right_zone U g1))))))
regions={wp1: {'center': [-0.75, 1.0625], 'radius': 0.1}, g1: {'center': [0.75, 1.0625], 'radius': 0.1}, low: {'type': 'half_plane', 'axis': 'y', 'operator': '<', 'threshold': 0.7}, right_zone: {'type': 'half_plane', 'axis': 'x', 'operator': '>', 'threshold': 0.45}, left_zone: {'type': 'half_plane', 'axis': 'x', 'operator': '<', 'threshold': -0.45}}
dfa_states=[1, 2, 3, 4, 5, 6, 7, 8, 9, 10, 11, 12], pre_trace=1, accepting=[12], failure=[3]

[Episode 1/10000 | last 1]
success rate                : 0.0% (cumulative 0.0%)
failure rate                : 0.0% (cumulative 0.0%)
completed cycles / episode  : 0.000
synthetic task reward       : 0.000
shaping reward              : 0.000
learning reward             : 0.000
episode length              : 91.0
abstract changes / episode  : 51.0
same abstract-state steps   : 44.0%
same-state shaping / episode: 0.000
changed-state shaping / ep. : 0.000
terminal shaping / episode  : 0.000
DFA transitions / episode   : 0.00
DFA transitions in window   : none
epsilon (next episode)       : 0.99960
replay buffer                : 91 samples [1: 100.0%, 2: 0.0%, 3: 0.0%, 4: 0.0%, 5: 0.0%, 6: 0.0%, 7: 0.0%, 8: 0.0%, 9: 0.0%, 10: 0.0%, 11: 0.0%, 12: 0.0%]
DFA state visits in window   : 1: 92, 2: 0, 3: 0, 4: 0, 5: 0, 6: 0, 7: 0, 8: 0, 9: 0, 10: 0, 11: 0, 12: 0
DFA state visits cumulative  : 1: 92, 2: 0, 3: 0, 4: 0, 5: 0, 6: 0, 7: 0, 8: 0, 9: 0, 10: 0, 11: 0, 12: 0
DFA state entries in window  : 1: 1, 2: 0, 3: 0, 4: 0, 5: 0, 6: 0, 7: 0, 8: 0, 9: 0, 10: 0, 11: 0, 12: 0
DFA state entries cumulative : 1: 1, 2: 0, 3: 0, 4: 0, 5: 0, 6: 0, 7: 0, 8: 0, 9: 0, 10: 0, 11: 0, 12: 0
transitions cumulative       : none
accepted directly from s0    : 0
Gym endings cumulative       : terminated=1, truncated=0

[Episode 100/10000 | last 100]
success rate                : 0.0% (cumulative 0.0%)
failure rate                : 0.0% (cumulative 0.0%)
completed cycles / episode  : 0.000
synthetic task reward       : 0.000
shaping reward              : 0.000
learning reward             : 0.000
episode length              : 92.9
abstract changes / episode  : 49.3
same abstract-state steps   : 47.0%
same-state shaping / episode: 0.000
changed-state shaping / ep. : 0.000
terminal shaping / episode  : 0.000
DFA transitions / episode   : 0.03
DFA transitions in window   : 1->2: 2, 2->6: 1
epsilon (next episode)       : 0.96078
replay buffer                : 9294 samples [1: 99.6%, 2: 0.4%, 3: 0.0%, 4: 0.0%, 5: 0.0%, 6: 0.0%, 7: 0.0%, 8: 0.0%, 9: 0.0%, 10: 0.0%, 11: 0.0%, 12: 0.0%]
DFA state visits in window   : 1: 9352, 2: 37, 3: 0, 4: 0, 5: 0, 6: 5, 7: 0, 8: 0, 9: 0, 10: 0, 11: 0, 12: 0
DFA state visits cumulative  : 1: 9352, 2: 37, 3: 0, 4: 0, 5: 0, 6: 5, 7: 0, 8: 0, 9: 0, 10: 0, 11: 0, 12: 0
DFA state entries in window  : 1: 100, 2: 2, 3: 0, 4: 0, 5: 0, 6: 1, 7: 0, 8: 0, 9: 0, 10: 0, 11: 0, 12: 0
DFA state entries cumulative : 1: 100, 2: 2, 3: 0, 4: 0, 5: 0, 6: 1, 7: 0, 8: 0, 9: 0, 10: 0, 11: 0, 12: 0
transitions cumulative       : 1->2: 2, 2->6: 1
accepted directly from s0    : 0
Gym endings cumulative       : terminated=100, truncated=0

[Episode 200/10000 | last 100]
success rate                : 0.0% (cumulative 0.0%)
failure rate                : 0.0% (cumulative 0.0%)
completed cycles / episode  : 0.000
synthetic task reward       : 0.000
shaping reward              : 0.000
learning reward             : 0.000
episode length              : 86.8
abstract changes / episode  : 49.0
same abstract-state steps   : 43.6%
same-state shaping / episode: 0.000
changed-state shaping / ep. : 0.000
terminal shaping / episode  : 0.000
DFA transitions / episode   : 0.02
DFA transitions in window   : 1->2: 1, 2->6: 1
epsilon (next episode)       : 0.92310
replay buffer                : 17975 samples [1: 99.6%, 2: 0.3%, 3: 0.0%, 4: 0.0%, 5: 0.0%, 6: 0.1%, 7: 0.0%, 8: 0.0%, 9: 0.0%, 10: 0.0%, 11: 0.0%, 12: 0.0%]
DFA state visits in window   : 1: 8757, 2: 17, 3: 0, 4: 0, 5: 0, 6: 7, 7: 0, 8: 0, 9: 0, 10: 0, 11: 0, 12: 0
DFA state visits cumulative  : 1: 18109, 2: 54, 3: 0, 4: 0, 5: 0, 6: 12, 7: 0, 8: 0, 9: 0, 10: 0, 11: 0, 12: 0
DFA state entries in window  : 1: 100, 2: 1, 3: 0, 4: 0, 5: 0, 6: 1, 7: 0, 8: 0, 9: 0, 10: 0, 11: 0, 12: 0
DFA state entries cumulative : 1: 200, 2: 3, 3: 0, 4: 0, 5: 0, 6: 2, 7: 0, 8: 0, 9: 0, 10: 0, 11: 0, 12: 0
transitions cumulative       : 1->2: 3, 2->6: 2
accepted directly from s0    : 0
Gym endings cumulative       : terminated=200, truncated=0

[Episode 300/10000 | last 100]
success rate                : 0.0% (cumulative 0.0%)
failure rate                : 0.0% (cumulative 0.0%)
completed cycles / episode  : 0.000
synthetic task reward       : 0.000
shaping reward              : 0.000
learning reward             : 0.000
episode length              : 101.0
abstract changes / episode  : 49.2
same abstract-state steps   : 51.3%
same-state shaping / episode: 0.000
changed-state shaping / ep. : 0.000
terminal shaping / episode  : 0.000
DFA transitions / episode   : 0.02
DFA transitions in window   : 1->2: 1, 2->6: 1
epsilon (next episode)       : 0.88690
replay buffer                : 28079 samples [1: 99.7%, 2: 0.2%, 3: 0.0%, 4: 0.0%, 5: 0.0%, 6: 0.1%, 7: 0.0%, 8: 0.0%, 9: 0.0%, 10: 0.0%, 11: 0.0%, 12: 0.0%]
DFA state visits in window   : 1: 10173, 2: 17, 3: 0, 4: 0, 5: 0, 6: 14, 7: 0, 8: 0, 9: 0, 10: 0, 11: 0, 12: 0
DFA state visits cumulative  : 1: 28282, 2: 71, 3: 0, 4: 0, 5: 0, 6: 26, 7: 0, 8: 0, 9: 0, 10: 0, 11: 0, 12: 0
DFA state entries in window  : 1: 100, 2: 1, 3: 0, 4: 0, 5: 0, 6: 1, 7: 0, 8: 0, 9: 0, 10: 0, 11: 0, 12: 0
DFA state entries cumulative : 1: 300, 2: 4, 3: 0, 4: 0, 5: 0, 6: 3, 7: 0, 8: 0, 9: 0, 10: 0, 11: 0, 12: 0
transitions cumulative       : 1->2: 4, 2->6: 3
accepted directly from s0    : 0
Gym endings cumulative       : terminated=299, truncated=1

[Episode 400/10000 | last 100]
success rate                : 0.0% (cumulative 0.0%)
failure rate                : 0.0% (cumulative 0.0%)
completed cycles / episode  : 0.000
synthetic task reward       : 0.000
shaping reward              : 0.000
learning reward             : 0.000
episode length              : 91.1
abstract changes / episode  : 48.9
same abstract-state steps   : 46.4%
same-state shaping / episode: 0.000
changed-state shaping / ep. : 0.000
terminal shaping / episode  : 0.000
DFA transitions / episode   : 0.04
DFA transitions in window   : 1->2: 2, 2->6: 2
epsilon (next episode)       : 0.85212
replay buffer                : 37192 samples [1: 99.6%, 2: 0.3%, 3: 0.0%, 4: 0.0%, 5: 0.0%, 6: 0.1%, 7: 0.0%, 8: 0.0%, 9: 0.0%, 10: 0.0%, 11: 0.0%, 12: 0.0%]
DFA state visits in window   : 1: 9157, 2: 49, 3: 0, 4: 0, 5: 0, 6: 7, 7: 0, 8: 0, 9: 0, 10: 0, 11: 0, 12: 0
DFA state visits cumulative  : 1: 37439, 2: 120, 3: 0, 4: 0, 5: 0, 6: 33, 7: 0, 8: 0, 9: 0, 10: 0, 11: 0, 12: 0
DFA state entries in window  : 1: 100, 2: 2, 3: 0, 4: 0, 5: 0, 6: 2, 7: 0, 8: 0, 9: 0, 10: 0, 11: 0, 12: 0
DFA state entries cumulative : 1: 400, 2: 6, 3: 0, 4: 0, 5: 0, 6: 5, 7: 0, 8: 0, 9: 0, 10: 0, 11: 0, 12: 0
transitions cumulative       : 1->2: 6, 2->6: 5
accepted directly from s0    : 0
Gym endings cumulative       : terminated=399, truncated=1

[Episode 500/10000 | last 100]
success rate                : 0.0% (cumulative 0.0%)
failure rate                : 0.0% (cumulative 0.0%)
completed cycles / episode  : 0.000
synthetic task reward       : 0.000
shaping reward              : 0.000
learning reward             : 0.000
episode length              : 97.9
abstract changes / episode  : 50.8
same abstract-state steps   : 48.2%
same-state shaping / episode: 0.000
changed-state shaping / ep. : 0.000
terminal shaping / episode  : 0.000
DFA transitions / episode   : 0.00
DFA transitions in window   : none
epsilon (next episode)       : 0.81870
replay buffer                : 46985 samples [1: 99.7%, 2: 0.3%, 3: 0.0%, 4: 0.0%, 5: 0.0%, 6: 0.1%, 7: 0.0%, 8: 0.0%, 9: 0.0%, 10: 0.0%, 11: 0.0%, 12: 0.0%]
DFA state visits in window   : 1: 9893, 2: 0, 3: 0, 4: 0, 5: 0, 6: 0, 7: 0, 8: 0, 9: 0, 10: 0, 11: 0, 12: 0
DFA state visits cumulative  : 1: 47332, 2: 120, 3: 0, 4: 0, 5: 0, 6: 33, 7: 0, 8: 0, 9: 0, 10: 0, 11: 0, 12: 0
DFA state entries in window  : 1: 100, 2: 0, 3: 0, 4: 0, 5: 0, 6: 0, 7: 0, 8: 0, 9: 0, 10: 0, 11: 0, 12: 0
DFA state entries cumulative : 1: 500, 2: 6, 3: 0, 4: 0, 5: 0, 6: 5, 7: 0, 8: 0, 9: 0, 10: 0, 11: 0, 12: 0
transitions cumulative       : 1->2: 6, 2->6: 5
accepted directly from s0    : 0
Gym endings cumulative       : terminated=499, truncated=1

Starting autonomous greedy evaluation at episode 500 (1000 fixed-seed episodes)...
[Greedy evaluation at episode 500 | 1000 fixed-seed episodes]
success=0.0%, failure=0.0%, task reward=0.000, length=94.4
DFA transitions: none
Best policy updated from autonomous greedy evaluation at episode 500.

[Episode 600/10000 | last 100]
success rate                : 0.0% (cumulative 0.0%)
failure rate                : 0.0% (cumulative 0.0%)
completed cycles / episode  : 0.000
synthetic task reward       : 0.000
shaping reward              : 0.000
learning reward             : 0.000
episode length              : 100.8
abstract changes / episode  : 50.8
same abstract-state steps   : 49.5%
same-state shaping / episode: 0.000
changed-state shaping / ep. : 0.000
terminal shaping / episode  : 0.000
DFA transitions / episode   : 0.00
DFA transitions in window   : none
epsilon (next episode)       : 0.78659
replay buffer                : 57060 samples [1: 99.7%, 2: 0.2%, 3: 0.0%, 4: 0.0%, 5: 0.0%, 6: 0.0%, 7: 0.0%, 8: 0.0%, 9: 0.0%, 10: 0.0%, 11: 0.0%, 12: 0.0%]
DFA state visits in window   : 1: 10175, 2: 0, 3: 0, 4: 0, 5: 0, 6: 0, 7: 0, 8: 0, 9: 0, 10: 0, 11: 0, 12: 0
DFA state visits cumulative  : 1: 57507, 2: 120, 3: 0, 4: 0, 5: 0, 6: 33, 7: 0, 8: 0, 9: 0, 10: 0, 11: 0, 12: 0
DFA state entries in window  : 1: 100, 2: 0, 3: 0, 4: 0, 5: 0, 6: 0, 7: 0, 8: 0, 9: 0, 10: 0, 11: 0, 12: 0
DFA state entries cumulative : 1: 600, 2: 6, 3: 0, 4: 0, 5: 0, 6: 5, 7: 0, 8: 0, 9: 0, 10: 0, 11: 0, 12: 0
transitions cumulative       : 1->2: 6, 2->6: 5
accepted directly from s0    : 0
Gym endings cumulative       : terminated=599, truncated=1

[Episode 700/10000 | last 100]
success rate                : 0.0% (cumulative 0.0%)
failure rate                : 0.0% (cumulative 0.0%)
completed cycles / episode  : 0.000
synthetic task reward       : 0.000
shaping reward              : 0.000
learning reward             : 0.000
episode length              : 115.7
abstract changes / episode  : 51.1
same abstract-state steps   : 55.8%
same-state shaping / episode: 0.000
changed-state shaping / ep. : 0.000
terminal shaping / episode  : 0.000
DFA transitions / episode   : 0.00
DFA transitions in window   : none
epsilon (next episode)       : 0.75574
replay buffer                : 68631 samples [1: 99.8%, 2: 0.2%, 3: 0.0%, 4: 0.0%, 5: 0.0%, 6: 0.0%, 7: 0.0%, 8: 0.0%, 9: 0.0%, 10: 0.0%, 11: 0.0%, 12: 0.0%]
DFA state visits in window   : 1: 11671, 2: 0, 3: 0, 4: 0, 5: 0, 6: 0, 7: 0, 8: 0, 9: 0, 10: 0, 11: 0, 12: 0
DFA state visits cumulative  : 1: 69178, 2: 120, 3: 0, 4: 0, 5: 0, 6: 33, 7: 0, 8: 0, 9: 0, 10: 0, 11: 0, 12: 0
DFA state entries in window  : 1: 100, 2: 0, 3: 0, 4: 0, 5: 0, 6: 0, 7: 0, 8: 0, 9: 0, 10: 0, 11: 0, 12: 0
DFA state entries cumulative : 1: 700, 2: 6, 3: 0, 4: 0, 5: 0, 6: 5, 7: 0, 8: 0, 9: 0, 10: 0, 11: 0, 12: 0
transitions cumulative       : 1->2: 6, 2->6: 5
accepted directly from s0    : 0
Gym endings cumulative       : terminated=697, truncated=3

[Episode 800/10000 | last 100]
success rate                : 0.0% (cumulative 0.0%)
failure rate                : 0.0% (cumulative 0.0%)
completed cycles / episode  : 0.000
synthetic task reward       : 0.000
shaping reward              : 0.000
learning reward             : 0.000
episode length              : 101.3
abstract changes / episode  : 50.3
same abstract-state steps   : 50.3%
same-state shaping / episode: 0.000
changed-state shaping / ep. : 0.000
terminal shaping / episode  : 0.000
DFA transitions / episode   : 0.00
DFA transitions in window   : none
epsilon (next episode)       : 0.72610
replay buffer                : 78762 samples [1: 99.8%, 2: 0.2%, 3: 0.0%, 4: 0.0%, 5: 0.0%, 6: 0.0%, 7: 0.0%, 8: 0.0%, 9: 0.0%, 10: 0.0%, 11: 0.0%, 12: 0.0%]
DFA state visits in window   : 1: 10231, 2: 0, 3: 0, 4: 0, 5: 0, 6: 0, 7: 0, 8: 0, 9: 0, 10: 0, 11: 0, 12: 0
DFA state visits cumulative  : 1: 79409, 2: 120, 3: 0, 4: 0, 5: 0, 6: 33, 7: 0, 8: 0, 9: 0, 10: 0, 11: 0, 12: 0
DFA state entries in window  : 1: 100, 2: 0, 3: 0, 4: 0, 5: 0, 6: 0, 7: 0, 8: 0, 9: 0, 10: 0, 11: 0, 12: 0
DFA state entries cumulative : 1: 800, 2: 6, 3: 0, 4: 0, 5: 0, 6: 5, 7: 0, 8: 0, 9: 0, 10: 0, 11: 0, 12: 0
transitions cumulative       : 1->2: 6, 2->6: 5
accepted directly from s0    : 0
Gym endings cumulative       : terminated=797, truncated=3

[Episode 900/10000 | last 100]
success rate                : 0.0% (cumulative 0.0%)
failure rate                : 0.0% (cumulative 0.0%)
completed cycles / episode  : 0.000
synthetic task reward       : 0.000
shaping reward              : 0.000
learning reward             : 0.000
episode length              : 111.8
abstract changes / episode  : 51.2
same abstract-state steps   : 54.2%
same-state shaping / episode: 0.000
changed-state shaping / ep. : 0.000
terminal shaping / episode  : 0.000
DFA transitions / episode   : 0.00
DFA transitions in window   : none
epsilon (next episode)       : 0.69763
replay buffer                : 89942 samples [1: 99.8%, 2: 0.1%, 3: 0.0%, 4: 0.0%, 5: 0.0%, 6: 0.0%, 7: 0.0%, 8: 0.0%, 9: 0.0%, 10: 0.0%, 11: 0.0%, 12: 0.0%]
DFA state visits in window   : 1: 11280, 2: 0, 3: 0, 4: 0, 5: 0, 6: 0, 7: 0, 8: 0, 9: 0, 10: 0, 11: 0, 12: 0
DFA state visits cumulative  : 1: 90689, 2: 120, 3: 0, 4: 0, 5: 0, 6: 33, 7: 0, 8: 0, 9: 0, 10: 0, 11: 0, 12: 0
DFA state entries in window  : 1: 100, 2: 0, 3: 0, 4: 0, 5: 0, 6: 0, 7: 0, 8: 0, 9: 0, 10: 0, 11: 0, 12: 0
DFA state entries cumulative : 1: 900, 2: 6, 3: 0, 4: 0, 5: 0, 6: 5, 7: 0, 8: 0, 9: 0, 10: 0, 11: 0, 12: 0
transitions cumulative       : 1->2: 6, 2->6: 5
accepted directly from s0    : 0
Gym endings cumulative       : terminated=897, truncated=3

[Episode 1000/10000 | last 100]
success rate                : 0.0% (cumulative 0.0%)
failure rate                : 0.0% (cumulative 0.0%)
completed cycles / episode  : 0.000
synthetic task reward       : 0.000
shaping reward              : 0.000
learning reward             : 0.000
episode length              : 118.3
abstract changes / episode  : 52.1
same abstract-state steps   : 56.0%
same-state shaping / episode: 0.000
changed-state shaping / ep. : 0.000
terminal shaping / episode  : 0.000
DFA transitions / episode   : 0.00
DFA transitions in window   : none
epsilon (next episode)       : 0.67027
replay buffer                : 101773 samples [1: 99.9%, 2: 0.1%, 3: 0.0%, 4: 0.0%, 5: 0.0%, 6: 0.0%, 7: 0.0%, 8: 0.0%, 9: 0.0%, 10: 0.0%, 11: 0.0%, 12: 0.0%]
DFA state visits in window   : 1: 11931, 2: 0, 3: 0, 4: 0, 5: 0, 6: 0, 7: 0, 8: 0, 9: 0, 10: 0, 11: 0, 12: 0
DFA state visits cumulative  : 1: 102620, 2: 120, 3: 0, 4: 0, 5: 0, 6: 33, 7: 0, 8: 0, 9: 0, 10: 0, 11: 0, 12: 0
DFA state entries in window  : 1: 100, 2: 0, 3: 0, 4: 0, 5: 0, 6: 0, 7: 0, 8: 0, 9: 0, 10: 0, 11: 0, 12: 0
DFA state entries cumulative : 1: 1000, 2: 6, 3: 0, 4: 0, 5: 0, 6: 5, 7: 0, 8: 0, 9: 0, 10: 0, 11: 0, 12: 0
transitions cumulative       : 1->2: 6, 2->6: 5
accepted directly from s0    : 0
Gym endings cumulative       : terminated=997, truncated=3

Starting autonomous greedy evaluation at episode 1000 (1000 fixed-seed episodes)...
[Greedy evaluation at episode 1000 | 1000 fixed-seed episodes]
success=0.0%, failure=7.4%, task reward=0.000, length=469.1
DFA transitions: 1->2: 85, 2->3: 74, 2->6: 2

[Episode 1100/10000 | last 100]
success rate                : 0.0% (cumulative 0.0%)
failure rate                : 0.0% (cumulative 0.0%)
completed cycles / episode  : 0.000
synthetic task reward       : 0.000
shaping reward              : 0.000
learning reward             : 0.000
episode length              : 117.0
abstract changes / episode  : 49.1
same abstract-state steps   : 58.0%
same-state shaping / episode: 0.000
changed-state shaping / ep. : 0.000
terminal shaping / episode  : 0.000
DFA transitions / episode   : 0.06
DFA transitions in window   : 1->2: 4, 2->6: 2
epsilon (next episode)       : 0.64398
replay buffer                : 113473 samples [1: 99.8%, 2: 0.2%, 3: 0.0%, 4: 0.0%, 5: 0.0%, 6: 0.0%, 7: 0.0%, 8: 0.0%, 9: 0.0%, 10: 0.0%, 11: 0.0%, 12: 0.0%]
DFA state visits in window   : 1: 11728, 2: 68, 3: 0, 4: 0, 5: 0, 6: 4, 7: 0, 8: 0, 9: 0, 10: 0, 11: 0, 12: 0
DFA state visits cumulative  : 1: 114348, 2: 188, 3: 0, 4: 0, 5: 0, 6: 37, 7: 0, 8: 0, 9: 0, 10: 0, 11: 0, 12: 0
DFA state entries in window  : 1: 100, 2: 4, 3: 0, 4: 0, 5: 0, 6: 2, 7: 0, 8: 0, 9: 0, 10: 0, 11: 0, 12: 0
DFA state entries cumulative : 1: 1100, 2: 10, 3: 0, 4: 0, 5: 0, 6: 7, 7: 0, 8: 0, 9: 0, 10: 0, 11: 0, 12: 0
transitions cumulative       : 1->2: 10, 2->6: 7
accepted directly from s0    : 0
Gym endings cumulative       : terminated=1096, truncated=4

[Episode 1200/10000 | last 100]
success rate                : 0.0% (cumulative 0.0%)
failure rate                : 0.0% (cumulative 0.0%)
completed cycles / episode  : 0.000
synthetic task reward       : 0.000
shaping reward              : 0.000
learning reward             : 0.000
episode length              : 123.0
abstract changes / episode  : 46.2
same abstract-state steps   : 62.5%
same-state shaping / episode: 0.000
changed-state shaping / ep. : 0.000
terminal shaping / episode  : 0.000
DFA transitions / episode   : 0.03
DFA transitions in window   : 1->2: 2, 2->6: 1
epsilon (next episode)       : 0.61872
replay buffer                : 125769 samples [1: 99.8%, 2: 0.2%, 3: 0.0%, 4: 0.0%, 5: 0.0%, 6: 0.0%, 7: 0.0%, 8: 0.0%, 9: 0.0%, 10: 0.0%, 11: 0.0%, 12: 0.0%]
DFA state visits in window   : 1: 12346, 2: 35, 3: 0, 4: 0, 5: 0, 6: 15, 7: 0, 8: 0, 9: 0, 10: 0, 11: 0, 12: 0
DFA state visits cumulative  : 1: 126694, 2: 223, 3: 0, 4: 0, 5: 0, 6: 52, 7: 0, 8: 0, 9: 0, 10: 0, 11: 0, 12: 0
DFA state entries in window  : 1: 100, 2: 2, 3: 0, 4: 0, 5: 0, 6: 1, 7: 0, 8: 0, 9: 0, 10: 0, 11: 0, 12: 0
DFA state entries cumulative : 1: 1200, 2: 12, 3: 0, 4: 0, 5: 0, 6: 8, 7: 0, 8: 0, 9: 0, 10: 0, 11: 0, 12: 0
transitions cumulative       : 1->2: 12, 2->6: 8
accepted directly from s0    : 0
Gym endings cumulative       : terminated=1196, truncated=4

[Episode 1300/10000 | last 100]
success rate                : 0.0% (cumulative 0.0%)
failure rate                : 0.0% (cumulative 0.0%)
completed cycles / episode  : 0.000
synthetic task reward       : 0.000
shaping reward              : 0.000
learning reward             : 0.000
episode length              : 160.2
abstract changes / episode  : 50.0
same abstract-state steps   : 68.8%
same-state shaping / episode: 0.000
changed-state shaping / ep. : 0.000
terminal shaping / episode  : 0.000
DFA transitions / episode   : 0.09
DFA transitions in window   : 1->2: 5, 2->6: 3, 6->4: 1
epsilon (next episode)       : 0.59446
replay buffer                : 141786 samples [1: 99.7%, 2: 0.3%, 3: 0.0%, 4: 0.0%, 5: 0.0%, 6: 0.1%, 7: 0.0%, 8: 0.0%, 9: 0.0%, 10: 0.0%, 11: 0.0%, 12: 0.0%]
DFA state visits in window   : 1: 15890, 2: 155, 3: 0, 4: 12, 5: 0, 6: 60, 7: 0, 8: 0, 9: 0, 10: 0, 11: 0, 12: 0
DFA state visits cumulative  : 1: 142584, 2: 378, 3: 0, 4: 12, 5: 0, 6: 112, 7: 0, 8: 0, 9: 0, 10: 0, 11: 0, 12: 0
DFA state entries in window  : 1: 100, 2: 5, 3: 0, 4: 1, 5: 0, 6: 3, 7: 0, 8: 0, 9: 0, 10: 0, 11: 0, 12: 0
DFA state entries cumulative : 1: 1300, 2: 17, 3: 0, 4: 1, 5: 0, 6: 11, 7: 0, 8: 0, 9: 0, 10: 0, 11: 0, 12: 0
transitions cumulative       : 1->2: 17, 2->6: 11, 6->4: 1
accepted directly from s0    : 0
Gym endings cumulative       : terminated=1296, truncated=4

[Episode 1400/10000 | last 100]
success rate                : 0.0% (cumulative 0.0%)
failure rate                : 0.0% (cumulative 0.0%)
completed cycles / episode  : 0.000
synthetic task reward       : 0.000
shaping reward              : 0.000
learning reward             : 0.000
episode length              : 205.2
abstract changes / episode  : 53.2
same abstract-state steps   : 74.1%
same-state shaping / episode: 0.000
changed-state shaping / ep. : 0.000
terminal shaping / episode  : 0.000
DFA transitions / episode   : 0.00
DFA transitions in window   : none
epsilon (next episode)       : 0.57115
replay buffer                : 162304 samples [1: 99.7%, 2: 0.2%, 3: 0.0%, 4: 0.0%, 5: 0.0%, 6: 0.1%, 7: 0.0%, 8: 0.0%, 9: 0.0%, 10: 0.0%, 11: 0.0%, 12: 0.0%]
DFA state visits in window   : 1: 20618, 2: 0, 3: 0, 4: 0, 5: 0, 6: 0, 7: 0, 8: 0, 9: 0, 10: 0, 11: 0, 12: 0
DFA state visits cumulative  : 1: 163202, 2: 378, 3: 0, 4: 12, 5: 0, 6: 112, 7: 0, 8: 0, 9: 0, 10: 0, 11: 0, 12: 0
DFA state entries in window  : 1: 100, 2: 0, 3: 0, 4: 0, 5: 0, 6: 0, 7: 0, 8: 0, 9: 0, 10: 0, 11: 0, 12: 0
DFA state entries cumulative : 1: 1400, 2: 17, 3: 0, 4: 1, 5: 0, 6: 11, 7: 0, 8: 0, 9: 0, 10: 0, 11: 0, 12: 0
transitions cumulative       : 1->2: 17, 2->6: 11, 6->4: 1
accepted directly from s0    : 0
Gym endings cumulative       : terminated=1391, truncated=9

[Episode 1500/10000 | last 100]
success rate                : 0.0% (cumulative 0.0%)
failure rate                : 0.0% (cumulative 0.0%)
completed cycles / episode  : 0.000
synthetic task reward       : 0.000
shaping reward              : 0.000
learning reward             : 0.000
episode length              : 191.6
abstract changes / episode  : 52.1
same abstract-state steps   : 72.8%
same-state shaping / episode: 0.000
changed-state shaping / ep. : 0.000
terminal shaping / episode  : 0.000
DFA transitions / episode   : 0.00
DFA transitions in window   : none
epsilon (next episode)       : 0.54875
replay buffer                : 181460 samples [1: 99.7%, 2: 0.2%, 3: 0.0%, 4: 0.0%, 5: 0.0%, 6: 0.1%, 7: 0.0%, 8: 0.0%, 9: 0.0%, 10: 0.0%, 11: 0.0%, 12: 0.0%]
DFA state visits in window   : 1: 19256, 2: 0, 3: 0, 4: 0, 5: 0, 6: 0, 7: 0, 8: 0, 9: 0, 10: 0, 11: 0, 12: 0
DFA state visits cumulative  : 1: 182458, 2: 378, 3: 0, 4: 12, 5: 0, 6: 112, 7: 0, 8: 0, 9: 0, 10: 0, 11: 0, 12: 0
DFA state entries in window  : 1: 100, 2: 0, 3: 0, 4: 0, 5: 0, 6: 0, 7: 0, 8: 0, 9: 0, 10: 0, 11: 0, 12: 0
DFA state entries cumulative : 1: 1500, 2: 17, 3: 0, 4: 1, 5: 0, 6: 11, 7: 0, 8: 0, 9: 0, 10: 0, 11: 0, 12: 0
transitions cumulative       : 1->2: 17, 2->6: 11, 6->4: 1
accepted directly from s0    : 0
Gym endings cumulative       : terminated=1485, truncated=15

Starting autonomous greedy evaluation at episode 1500 (1000 fixed-seed episodes)...
[Greedy evaluation at episode 1500 | 1000 fixed-seed episodes]
success=0.0%, failure=0.0%, task reward=0.000, length=232.2
DFA transitions: none

[Episode 1600/10000 | last 100]
success rate                : 0.0% (cumulative 0.0%)
failure rate                : 0.0% (cumulative 0.0%)
completed cycles / episode  : 0.000
synthetic task reward       : 0.000
shaping reward              : 0.000
learning reward             : 0.000
episode length              : 157.9
abstract changes / episode  : 51.5
same abstract-state steps   : 67.4%
same-state shaping / episode: 0.000
changed-state shaping / ep. : 0.000
terminal shaping / episode  : 0.000
DFA transitions / episode   : 0.02
DFA transitions in window   : 1->2: 1, 2->6: 1
epsilon (next episode)       : 0.52722
replay buffer                : 197255 samples [1: 99.7%, 2: 0.2%, 3: 0.0%, 4: 0.0%, 5: 0.0%, 6: 0.1%, 7: 0.0%, 8: 0.0%, 9: 0.0%, 10: 0.0%, 11: 0.0%, 12: 0.0%]
DFA state visits in window   : 1: 15828, 2: 30, 3: 0, 4: 0, 5: 0, 6: 37, 7: 0, 8: 0, 9: 0, 10: 0, 11: 0, 12: 0
DFA state visits cumulative  : 1: 198286, 2: 408, 3: 0, 4: 12, 5: 0, 6: 149, 7: 0, 8: 0, 9: 0, 10: 0, 11: 0, 12: 0
DFA state entries in window  : 1: 100, 2: 1, 3: 0, 4: 0, 5: 0, 6: 1, 7: 0, 8: 0, 9: 0, 10: 0, 11: 0, 12: 0
DFA state entries cumulative : 1: 1600, 2: 18, 3: 0, 4: 1, 5: 0, 6: 12, 7: 0, 8: 0, 9: 0, 10: 0, 11: 0, 12: 0
transitions cumulative       : 1->2: 18, 2->6: 12, 6->4: 1
accepted directly from s0    : 0
Gym endings cumulative       : terminated=1584, truncated=16

[Episode 1700/10000 | last 100]
success rate                : 0.0% (cumulative 0.0%)
failure rate                : 0.0% (cumulative 0.0%)
completed cycles / episode  : 0.000
synthetic task reward       : 0.000
shaping reward              : 0.000
learning reward             : 0.000
episode length              : 257.6
abstract changes / episode  : 61.8
same abstract-state steps   : 76.0%
same-state shaping / episode: 0.000
changed-state shaping / ep. : 0.000
terminal shaping / episode  : 0.000
DFA transitions / episode   : 0.32
DFA transitions in window   : 1->2: 14, 2->6: 12, 4->5: 1, 6->4: 5
epsilon (next episode)       : 0.50655
replay buffer                : 223013 samples [1: 99.2%, 2: 0.5%, 3: 0.0%, 4: 0.1%, 5: 0.0%, 6: 0.2%, 7: 0.0%, 8: 0.0%, 9: 0.0%, 10: 0.0%, 11: 0.0%, 12: 0.0%]
DFA state visits in window   : 1: 24514, 2: 786, 3: 0, 4: 205, 5: 18, 6: 335, 7: 0, 8: 0, 9: 0, 10: 0, 11: 0, 12: 0
DFA state visits cumulative  : 1: 222800, 2: 1194, 3: 0, 4: 217, 5: 18, 6: 484, 7: 0, 8: 0, 9: 0, 10: 0, 11: 0, 12: 0
DFA state entries in window  : 1: 100, 2: 14, 3: 0, 4: 5, 5: 1, 6: 12, 7: 0, 8: 0, 9: 0, 10: 0, 11: 0, 12: 0
DFA state entries cumulative : 1: 1700, 2: 32, 3: 0, 4: 6, 5: 1, 6: 24, 7: 0, 8: 0, 9: 0, 10: 0, 11: 0, 12: 0
transitions cumulative       : 1->2: 32, 2->6: 24, 4->5: 1, 6->4: 6
accepted directly from s0    : 0
Gym endings cumulative       : terminated=1682, truncated=18

[Episode 1800/10000 | last 100]
success rate                : 0.0% (cumulative 0.0%)
failure rate                : 0.0% (cumulative 0.0%)
completed cycles / episode  : 0.000
synthetic task reward       : 0.000
shaping reward              : 0.000
learning reward             : 0.000
episode length              : 241.9
abstract changes / episode  : 65.0
same abstract-state steps   : 73.1%
same-state shaping / episode: 0.000
changed-state shaping / ep. : 0.000
terminal shaping / episode  : 0.000
DFA transitions / episode   : 0.13
DFA transitions in window   : 1->2: 7, 2->6: 6
epsilon (next episode)       : 0.48668
replay buffer                : 247205 samples [1: 99.1%, 2: 0.6%, 3: 0.0%, 4: 0.1%, 5: 0.0%, 6: 0.2%, 7: 0.0%, 8: 0.0%, 9: 0.0%, 10: 0.0%, 11: 0.0%, 12: 0.0%]
DFA state visits in window   : 1: 23980, 2: 216, 3: 0, 4: 0, 5: 0, 6: 96, 7: 0, 8: 0, 9: 0, 10: 0, 11: 0, 12: 0
DFA state visits cumulative  : 1: 246780, 2: 1410, 3: 0, 4: 217, 5: 18, 6: 580, 7: 0, 8: 0, 9: 0, 10: 0, 11: 0, 12: 0
DFA state entries in window  : 1: 100, 2: 7, 3: 0, 4: 0, 5: 0, 6: 6, 7: 0, 8: 0, 9: 0, 10: 0, 11: 0, 12: 0
DFA state entries cumulative : 1: 1800, 2: 39, 3: 0, 4: 6, 5: 1, 6: 30, 7: 0, 8: 0, 9: 0, 10: 0, 11: 0, 12: 0
transitions cumulative       : 1->2: 39, 2->6: 30, 4->5: 1, 6->4: 6
accepted directly from s0    : 0
Gym endings cumulative       : terminated=1781, truncated=19

[Episode 1900/10000 | last 100]
success rate                : 0.0% (cumulative 0.0%)
failure rate                : 1.0% (cumulative 0.1%)
completed cycles / episode  : 0.000
synthetic task reward       : 0.000
shaping reward              : 0.000
learning reward             : 0.000
episode length              : 254.3
abstract changes / episode  : 59.5
same abstract-state steps   : 76.6%
same-state shaping / episode: 0.000
changed-state shaping / ep. : 0.000
terminal shaping / episode  : 0.000
DFA transitions / episode   : 0.16
DFA transitions in window   : 1->2: 8, 2->3: 1, 2->6: 4, 4->5: 1, 6->4: 2
epsilon (next episode)       : 0.46760
replay buffer                : 272632 samples [1: 99.0%, 2: 0.6%, 3: 0.0%, 4: 0.1%, 5: 0.0%, 6: 0.3%, 7: 0.0%, 8: 0.0%, 9: 0.0%, 10: 0.0%, 11: 0.0%, 12: 0.0%]
DFA state visits in window   : 1: 25005, 2: 275, 3: 1, 4: 60, 5: 48, 6: 138, 7: 0, 8: 0, 9: 0, 10: 0, 11: 0, 12: 0
DFA state visits cumulative  : 1: 271785, 2: 1685, 3: 1, 4: 277, 5: 66, 6: 718, 7: 0, 8: 0, 9: 0, 10: 0, 11: 0, 12: 0
DFA state entries in window  : 1: 100, 2: 8, 3: 1, 4: 2, 5: 1, 6: 4, 7: 0, 8: 0, 9: 0, 10: 0, 11: 0, 12: 0
DFA state entries cumulative : 1: 1900, 2: 47, 3: 1, 4: 8, 5: 2, 6: 34, 7: 0, 8: 0, 9: 0, 10: 0, 11: 0, 12: 0
transitions cumulative       : 1->2: 47, 2->3: 1, 2->6: 34, 4->5: 2, 6->4: 8
accepted directly from s0    : 0
Gym endings cumulative       : terminated=1879, truncated=20

[Episode 2000/10000 | last 100]
success rate                : 0.0% (cumulative 0.0%)
failure rate                : 1.0% (cumulative 0.1%)
completed cycles / episode  : 0.000
synthetic task reward       : 0.000
shaping reward              : 0.000
learning reward             : 0.000
episode length              : 338.2
abstract changes / episode  : 82.0
same abstract-state steps   : 75.7%
same-state shaping / episode: 0.000
changed-state shaping / ep. : 0.000
terminal shaping / episode  : 0.000
DFA transitions / episode   : 0.06
DFA transitions in window   : 1->2: 3, 2->3: 1, 2->6: 2
epsilon (next episode)       : 0.44926
replay buffer                : 300000 samples [1: 99.0%, 2: 0.6%, 3: 0.0%, 4: 0.1%, 5: 0.0%, 6: 0.3%, 7: 0.0%, 8: 0.0%, 9: 0.0%, 10: 0.0%, 11: 0.0%, 12: 0.0%]
DFA state visits in window   : 1: 33450, 2: 241, 3: 1, 4: 0, 5: 0, 6: 227, 7: 0, 8: 0, 9: 0, 10: 0, 11: 0, 12: 0
DFA state visits cumulative  : 1: 305235, 2: 1926, 3: 2, 4: 277, 5: 66, 6: 945, 7: 0, 8: 0, 9: 0, 10: 0, 11: 0, 12: 0
DFA state entries in window  : 1: 100, 2: 3, 3: 1, 4: 0, 5: 0, 6: 2, 7: 0, 8: 0, 9: 0, 10: 0, 11: 0, 12: 0
DFA state entries cumulative : 1: 2000, 2: 50, 3: 2, 4: 8, 5: 2, 6: 36, 7: 0, 8: 0, 9: 0, 10: 0, 11: 0, 12: 0
transitions cumulative       : 1->2: 50, 2->3: 2, 2->6: 36, 4->5: 2, 6->4: 8
accepted directly from s0    : 0
Gym endings cumulative       : terminated=1975, truncated=23

Starting autonomous greedy evaluation at episode 2000 (1000 fixed-seed episodes)...
[Greedy evaluation at episode 2000 | 1000 fixed-seed episodes]
success=0.0%, failure=0.1%, task reward=0.000, length=771.0
DFA transitions: 1->2: 1, 2->3: 1

[Episode 2100/10000 | last 100]
success rate                : 0.0% (cumulative 0.0%)
failure rate                : 4.0% (cumulative 0.3%)
completed cycles / episode  : 0.000
synthetic task reward       : 0.000
shaping reward              : 0.000
learning reward             : 0.000
episode length              : 263.6
abstract changes / episode  : 67.1
same abstract-state steps   : 74.5%
same-state shaping / episode: 0.000
changed-state shaping / ep. : 0.000
terminal shaping / episode  : 0.000
DFA transitions / episode   : 0.17
DFA transitions in window   : 1->2: 7, 2->3: 4, 2->6: 3, 4->5: 1, 6->4: 2
epsilon (next episode)       : 0.43164
replay buffer                : 300000 samples [1: 98.7%, 2: 0.8%, 3: 0.0%, 4: 0.1%, 5: 0.0%, 6: 0.3%, 7: 0.0%, 8: 0.0%, 9: 0.0%, 10: 0.0%, 11: 0.0%, 12: 0.0%]
DFA state visits in window   : 1: 25708, 2: 478, 3: 4, 4: 118, 5: 58, 6: 92, 7: 0, 8: 0, 9: 0, 10: 0, 11: 0, 12: 0
DFA state visits cumulative  : 1: 330943, 2: 2404, 3: 6, 4: 395, 5: 124, 6: 1037, 7: 0, 8: 0, 9: 0, 10: 0, 11: 0, 12: 0
DFA state entries in window  : 1: 100, 2: 7, 3: 4, 4: 2, 5: 1, 6: 3, 7: 0, 8: 0, 9: 0, 10: 0, 11: 0, 12: 0
DFA state entries cumulative : 1: 2100, 2: 57, 3: 6, 4: 10, 5: 3, 6: 39, 7: 0, 8: 0, 9: 0, 10: 0, 11: 0, 12: 0
transitions cumulative       : 1->2: 57, 2->3: 6, 2->6: 39, 4->5: 3, 6->4: 10
accepted directly from s0    : 0
Gym endings cumulative       : terminated=2069, truncated=25

[Episode 2200/10000 | last 100]
success rate                : 0.0% (cumulative 0.0%)
failure rate                : 0.0% (cumulative 0.3%)
completed cycles / episode  : 0.000
synthetic task reward       : 0.000
shaping reward              : 0.000
learning reward             : 0.000
episode length              : 492.8
abstract changes / episode  : 85.2
same abstract-state steps   : 82.7%
same-state shaping / episode: 0.000
changed-state shaping / ep. : 0.000
terminal shaping / episode  : 0.000
DFA transitions / episode   : 0.01
DFA transitions in window   : 1->2: 1
epsilon (next episode)       : 0.41471
replay buffer                : 300000 samples [1: 98.7%, 2: 0.8%, 3: 0.0%, 4: 0.1%, 5: 0.0%, 6: 0.3%, 7: 0.0%, 8: 0.0%, 9: 0.0%, 10: 0.0%, 11: 0.0%, 12: 0.0%]
DFA state visits in window   : 1: 49342, 2: 41, 3: 0, 4: 0, 5: 0, 6: 0, 7: 0, 8: 0, 9: 0, 10: 0, 11: 0, 12: 0
DFA state visits cumulative  : 1: 380285, 2: 2445, 3: 6, 4: 395, 5: 124, 6: 1037, 7: 0, 8: 0, 9: 0, 10: 0, 11: 0, 12: 0
DFA state entries in window  : 1: 100, 2: 1, 3: 0, 4: 0, 5: 0, 6: 0, 7: 0, 8: 0, 9: 0, 10: 0, 11: 0, 12: 0
DFA state entries cumulative : 1: 2200, 2: 58, 3: 6, 4: 10, 5: 3, 6: 39, 7: 0, 8: 0, 9: 0, 10: 0, 11: 0, 12: 0
transitions cumulative       : 1->2: 58, 2->3: 6, 2->6: 39, 4->5: 3, 6->4: 10
accepted directly from s0    : 0
Gym endings cumulative       : terminated=2148, truncated=46

[Episode 2300/10000 | last 100]
success rate                : 0.0% (cumulative 0.0%)
failure rate                : 2.0% (cumulative 0.3%)
completed cycles / episode  : 0.000
synthetic task reward       : 0.000
shaping reward              : 0.000
learning reward             : 0.000
episode length              : 344.4
abstract changes / episode  : 88.8
same abstract-state steps   : 74.2%
same-state shaping / episode: 0.000
changed-state shaping / ep. : 0.000
terminal shaping / episode  : 0.000
DFA transitions / episode   : 0.13
DFA transitions in window   : 1->2: 9, 2->3: 2, 2->6: 1, 6->4: 1
epsilon (next episode)       : 0.39845
replay buffer                : 300000 samples [1: 98.6%, 2: 0.9%, 3: 0.0%, 4: 0.1%, 5: 0.0%, 6: 0.3%, 7: 0.0%, 8: 0.0%, 9: 0.0%, 10: 0.0%, 11: 0.0%, 12: 0.0%]
DFA state visits in window   : 1: 33918, 2: 571, 3: 2, 4: 27, 5: 0, 6: 22, 7: 0, 8: 0, 9: 0, 10: 0, 11: 0, 12: 0
DFA state visits cumulative  : 1: 414203, 2: 3016, 3: 8, 4: 422, 5: 124, 6: 1059, 7: 0, 8: 0, 9: 0, 10: 0, 11: 0, 12: 0
DFA state entries in window  : 1: 100, 2: 9, 3: 2, 4: 1, 5: 0, 6: 1, 7: 0, 8: 0, 9: 0, 10: 0, 11: 0, 12: 0
DFA state entries cumulative : 1: 2300, 2: 67, 3: 8, 4: 11, 5: 3, 6: 40, 7: 0, 8: 0, 9: 0, 10: 0, 11: 0, 12: 0
transitions cumulative       : 1->2: 67, 2->3: 8, 2->6: 40, 4->5: 3, 6->4: 11
accepted directly from s0    : 0
Gym endings cumulative       : terminated=2241, truncated=51

[Episode 2400/10000 | last 100]
success rate                : 0.0% (cumulative 0.0%)
failure rate                : 4.0% (cumulative 0.5%)
completed cycles / episode  : 0.000
synthetic task reward       : 0.000
shaping reward              : 0.000
learning reward             : 0.000
episode length              : 385.7
abstract changes / episode  : 70.5
same abstract-state steps   : 81.7%
same-state shaping / episode: 0.000
changed-state shaping / ep. : 0.000
terminal shaping / episode  : 0.000
DFA transitions / episode   : 0.24
DFA transitions in window   : 1->2: 12, 2->3: 4, 2->6: 4, 4->5: 1, 6->4: 3
epsilon (next episode)       : 0.38282
replay buffer                : 300000 samples [1: 98.2%, 2: 1.2%, 3: 0.0%, 4: 0.2%, 5: 0.0%, 6: 0.3%, 7: 0.0%, 8: 0.0%, 9: 0.0%, 10: 0.0%, 11: 0.0%, 12: 0.0%]
DFA state visits in window   : 1: 37417, 2: 1051, 3: 4, 4: 87, 5: 26, 6: 88, 7: 0, 8: 0, 9: 0, 10: 0, 11: 0, 12: 0
DFA state visits cumulative  : 1: 451620, 2: 4067, 3: 12, 4: 509, 5: 150, 6: 1147, 7: 0, 8: 0, 9: 0, 10: 0, 11: 0, 12: 0
DFA state entries in window  : 1: 100, 2: 12, 3: 4, 4: 3, 5: 1, 6: 4, 7: 0, 8: 0, 9: 0, 10: 0, 11: 0, 12: 0
DFA state entries cumulative : 1: 2400, 2: 79, 3: 12, 4: 14, 5: 4, 6: 44, 7: 0, 8: 0, 9: 0, 10: 0, 11: 0, 12: 0
transitions cumulative       : 1->2: 79, 2->3: 12, 2->6: 44, 4->5: 4, 6->4: 14
accepted directly from s0    : 0
Gym endings cumulative       : terminated=2333, truncated=55

[Episode 2500/10000 | last 100]
success rate                : 0.0% (cumulative 0.0%)
failure rate                : 1.0% (cumulative 0.5%)
completed cycles / episode  : 0.000
synthetic task reward       : 0.000
shaping reward              : 0.000
learning reward             : 0.000
episode length              : 403.8
abstract changes / episode  : 90.3
same abstract-state steps   : 77.6%
same-state shaping / episode: 0.000
changed-state shaping / ep. : 0.000
terminal shaping / episode  : 0.000
DFA transitions / episode   : 0.06
DFA transitions in window   : 1->2: 3, 2->3: 1, 2->6: 1, 6->4: 1
epsilon (next episode)       : 0.36781
replay buffer                : 300000 samples [1: 98.1%, 2: 1.3%, 3: 0.0%, 4: 0.2%, 5: 0.0%, 6: 0.3%, 7: 0.0%, 8: 0.0%, 9: 0.0%, 10: 0.0%, 11: 0.0%, 12: 0.0%]
DFA state visits in window   : 1: 40099, 2: 351, 3: 1, 4: 17, 5: 0, 6: 10, 7: 0, 8: 0, 9: 0, 10: 0, 11: 0, 12: 0
DFA state visits cumulative  : 1: 491719, 2: 4418, 3: 13, 4: 526, 5: 150, 6: 1157, 7: 0, 8: 0, 9: 0, 10: 0, 11: 0, 12: 0
DFA state entries in window  : 1: 100, 2: 3, 3: 1, 4: 1, 5: 0, 6: 1, 7: 0, 8: 0, 9: 0, 10: 0, 11: 0, 12: 0
DFA state entries cumulative : 1: 2500, 2: 82, 3: 13, 4: 15, 5: 4, 6: 45, 7: 0, 8: 0, 9: 0, 10: 0, 11: 0, 12: 0
transitions cumulative       : 1->2: 82, 2->3: 13, 2->6: 45, 4->5: 4, 6->4: 15
accepted directly from s0    : 0
Gym endings cumulative       : terminated=2419, truncated=68

Starting autonomous greedy evaluation at episode 2500 (1000 fixed-seed episodes)...
[Greedy evaluation at episode 2500 | 1000 fixed-seed episodes]
success=0.0%, failure=0.0%, task reward=0.000, length=316.1
DFA transitions: none

[Episode 2600/10000 | last 100]
success rate                : 0.0% (cumulative 0.0%)
failure rate                : 0.0% (cumulative 0.5%)
completed cycles / episode  : 0.000
synthetic task reward       : 0.000
shaping reward              : 0.000
learning reward             : 0.000
episode length              : 291.0
abstract changes / episode  : 78.7
same abstract-state steps   : 73.0%
same-state shaping / episode: 0.000
changed-state shaping / ep. : 0.000
terminal shaping / episode  : 0.000
DFA transitions / episode   : 0.10
DFA transitions in window   : 1->2: 7, 2->6: 2, 6->4: 1
epsilon (next episode)       : 0.35338
replay buffer                : 300000 samples [1: 98.5%, 2: 1.1%, 3: 0.0%, 4: 0.1%, 5: 0.0%, 6: 0.2%, 7: 0.0%, 8: 0.0%, 9: 0.0%, 10: 0.0%, 11: 0.0%, 12: 0.0%]
DFA state visits in window   : 1: 29000, 2: 146, 3: 0, 4: 8, 5: 0, 6: 42, 7: 0, 8: 0, 9: 0, 10: 0, 11: 0, 12: 0
DFA state visits cumulative  : 1: 520719, 2: 4564, 3: 13, 4: 534, 5: 150, 6: 1199, 7: 0, 8: 0, 9: 0, 10: 0, 11: 0, 12: 0
DFA state entries in window  : 1: 100, 2: 7, 3: 0, 4: 1, 5: 0, 6: 2, 7: 0, 8: 0, 9: 0, 10: 0, 11: 0, 12: 0
DFA state entries cumulative : 1: 2600, 2: 89, 3: 13, 4: 16, 5: 4, 6: 47, 7: 0, 8: 0, 9: 0, 10: 0, 11: 0, 12: 0
transitions cumulative       : 1->2: 89, 2->3: 13, 2->6: 47, 4->5: 4, 6->4: 16
accepted directly from s0    : 0
Gym endings cumulative       : terminated=2515, truncated=72

[Episode 2700/10000 | last 100]
success rate                : 0.0% (cumulative 0.0%)
failure rate                : 1.0% (cumulative 0.5%)
completed cycles / episode  : 0.000
synthetic task reward       : 0.000
shaping reward              : 0.000
learning reward             : 0.000
episode length              : 294.1
abstract changes / episode  : 73.1
same abstract-state steps   : 75.1%
same-state shaping / episode: 0.000
changed-state shaping / ep. : 0.000
terminal shaping / episode  : 0.000
DFA transitions / episode   : 0.07
DFA transitions in window   : 1->2: 5, 2->3: 1, 2->6: 1
epsilon (next episode)       : 0.33952
replay buffer                : 300000 samples [1: 98.6%, 2: 1.1%, 3: 0.0%, 4: 0.1%, 5: 0.0%, 6: 0.2%, 7: 0.0%, 8: 0.0%, 9: 0.0%, 10: 0.0%, 11: 0.0%, 12: 0.0%]
DFA state visits in window   : 1: 29289, 2: 197, 3: 1, 4: 0, 5: 0, 6: 20, 7: 0, 8: 0, 9: 0, 10: 0, 11: 0, 12: 0
DFA state visits cumulative  : 1: 550008, 2: 4761, 3: 14, 4: 534, 5: 150, 6: 1219, 7: 0, 8: 0, 9: 0, 10: 0, 11: 0, 12: 0
DFA state entries in window  : 1: 100, 2: 5, 3: 1, 4: 0, 5: 0, 6: 1, 7: 0, 8: 0, 9: 0, 10: 0, 11: 0, 12: 0
DFA state entries cumulative : 1: 2700, 2: 94, 3: 14, 4: 16, 5: 4, 6: 48, 7: 0, 8: 0, 9: 0, 10: 0, 11: 0, 12: 0
transitions cumulative       : 1->2: 94, 2->3: 14, 2->6: 48, 4->5: 4, 6->4: 16
accepted directly from s0    : 0
Gym endings cumulative       : terminated=2608, truncated=79

[Episode 2800/10000 | last 100]
success rate                : 0.0% (cumulative 0.0%)
failure rate                : 0.0% (cumulative 0.5%)
completed cycles / episode  : 0.000
synthetic task reward       : 0.000
shaping reward              : 0.000
learning reward             : 0.000
episode length              : 575.4
abstract changes / episode  : 87.6
same abstract-state steps   : 84.8%
same-state shaping / episode: 0.000
changed-state shaping / ep. : 0.000
terminal shaping / episode  : 0.000
DFA transitions / episode   : 0.00
DFA transitions in window   : none
epsilon (next episode)       : 0.32621
replay buffer                : 300000 samples [1: 99.0%, 2: 0.9%, 3: 0.0%, 4: 0.1%, 5: 0.0%, 6: 0.1%, 7: 0.0%, 8: 0.0%, 9: 0.0%, 10: 0.0%, 11: 0.0%, 12: 0.0%]
DFA state visits in window   : 1: 57637, 2: 0, 3: 0, 4: 0, 5: 0, 6: 0, 7: 0, 8: 0, 9: 0, 10: 0, 11: 0, 12: 0
DFA state visits cumulative  : 1: 607645, 2: 4761, 3: 14, 4: 534, 5: 150, 6: 1219, 7: 0, 8: 0, 9: 0, 10: 0, 11: 0, 12: 0
DFA state entries in window  : 1: 100, 2: 0, 3: 0, 4: 0, 5: 0, 6: 0, 7: 0, 8: 0, 9: 0, 10: 0, 11: 0, 12: 0
DFA state entries cumulative : 1: 2800, 2: 94, 3: 14, 4: 16, 5: 4, 6: 48, 7: 0, 8: 0, 9: 0, 10: 0, 11: 0, 12: 0
transitions cumulative       : 1->2: 94, 2->3: 14, 2->6: 48, 4->5: 4, 6->4: 16
accepted directly from s0    : 0
Gym endings cumulative       : terminated=2674, truncated=113

[Episode 2900/10000 | last 100]
success rate                : 0.0% (cumulative 0.0%)
failure rate                : 0.0% (cumulative 0.5%)
completed cycles / episode  : 0.000
synthetic task reward       : 0.000
shaping reward              : 0.000
learning reward             : 0.000
episode length              : 235.7
abstract changes / episode  : 60.4
same abstract-state steps   : 74.4%
same-state shaping / episode: 0.000
changed-state shaping / ep. : 0.000
terminal shaping / episode  : 0.000
DFA transitions / episode   : 0.14
DFA transitions in window   : 1->2: 8, 2->6: 6
epsilon (next episode)       : 0.31341
replay buffer                : 300000 samples [1: 99.0%, 2: 0.8%, 3: 0.0%, 4: 0.0%, 5: 0.0%, 6: 0.1%, 7: 0.0%, 8: 0.0%, 9: 0.0%, 10: 0.0%, 11: 0.0%, 12: 0.0%]
DFA state visits in window   : 1: 23349, 2: 201, 3: 0, 4: 0, 5: 0, 6: 122, 7: 0, 8: 0, 9: 0, 10: 0, 11: 0, 12: 0
DFA state visits cumulative  : 1: 630994, 2: 4962, 3: 14, 4: 534, 5: 150, 6: 1341, 7: 0, 8: 0, 9: 0, 10: 0, 11: 0, 12: 0
DFA state entries in window  : 1: 100, 2: 8, 3: 0, 4: 0, 5: 0, 6: 6, 7: 0, 8: 0, 9: 0, 10: 0, 11: 0, 12: 0
DFA state entries cumulative : 1: 2900, 2: 102, 3: 14, 4: 16, 5: 4, 6: 54, 7: 0, 8: 0, 9: 0, 10: 0, 11: 0, 12: 0
transitions cumulative       : 1->2: 102, 2->3: 14, 2->6: 54, 4->5: 4, 6->4: 16
accepted directly from s0    : 0
Gym endings cumulative       : terminated=2772, truncated=115

[Episode 3000/10000 | last 100]
success rate                : 0.0% (cumulative 0.0%)
failure rate                : 0.0% (cumulative 0.5%)
completed cycles / episode  : 0.000
synthetic task reward       : 0.000
shaping reward              : 0.000
learning reward             : 0.000
episode length              : 178.8
abstract changes / episode  : 42.1
same abstract-state steps   : 76.5%
same-state shaping / episode: 0.000
changed-state shaping / ep. : 0.000
terminal shaping / episode  : 0.000
DFA transitions / episode   : 0.13
DFA transitions in window   : 1->2: 9, 2->6: 4
epsilon (next episode)       : 0.30112
replay buffer                : 300000 samples [1: 98.9%, 2: 0.9%, 3: 0.0%, 4: 0.0%, 5: 0.0%, 6: 0.1%, 7: 0.0%, 8: 0.0%, 9: 0.0%, 10: 0.0%, 11: 0.0%, 12: 0.0%]
DFA state visits in window   : 1: 17720, 2: 239, 3: 0, 4: 0, 5: 0, 6: 16, 7: 0, 8: 0, 9: 0, 10: 0, 11: 0, 12: 0
DFA state visits cumulative  : 1: 648714, 2: 5201, 3: 14, 4: 534, 5: 150, 6: 1357, 7: 0, 8: 0, 9: 0, 10: 0, 11: 0, 12: 0
DFA state entries in window  : 1: 100, 2: 9, 3: 0, 4: 0, 5: 0, 6: 4, 7: 0, 8: 0, 9: 0, 10: 0, 11: 0, 12: 0
DFA state entries cumulative : 1: 3000, 2: 111, 3: 14, 4: 16, 5: 4, 6: 58, 7: 0, 8: 0, 9: 0, 10: 0, 11: 0, 12: 0
transitions cumulative       : 1->2: 111, 2->3: 14, 2->6: 58, 4->5: 4, 6->4: 16
accepted directly from s0    : 0
Gym endings cumulative       : terminated=2872, truncated=115

Starting autonomous greedy evaluation at episode 3000 (1000 fixed-seed episodes)...
[Greedy evaluation at episode 3000 | 1000 fixed-seed episodes]
success=0.0%, failure=0.0%, task reward=0.000, length=318.2
DFA transitions: 1->2: 100, 2->6: 99

[Episode 3100/10000 | last 100]
success rate                : 0.0% (cumulative 0.0%)
failure rate                : 0.0% (cumulative 0.5%)
completed cycles / episode  : 0.000
synthetic task reward       : 0.000
shaping reward              : 0.000
learning reward             : 0.000
episode length              : 495.5
abstract changes / episode  : 109.4
same abstract-state steps   : 77.9%
same-state shaping / episode: 0.000
changed-state shaping / ep. : 0.000
terminal shaping / episode  : 0.000
DFA transitions / episode   : 0.31
DFA transitions in window   : 1->2: 12, 2->4: 1, 2->6: 11, 6->4: 7
epsilon (next episode)       : 0.28931
replay buffer                : 300000 samples [1: 98.8%, 2: 1.0%, 3: 0.0%, 4: 0.1%, 5: 0.0%, 6: 0.2%, 7: 0.0%, 8: 0.0%, 9: 0.0%, 10: 0.0%, 11: 0.0%, 12: 0.0%]
DFA state visits in window   : 1: 48796, 2: 510, 3: 0, 4: 138, 5: 0, 6: 207, 7: 0, 8: 0, 9: 0, 10: 0, 11: 0, 12: 0
DFA state visits cumulative  : 1: 697510, 2: 5711, 3: 14, 4: 672, 5: 150, 6: 1564, 7: 0, 8: 0, 9: 0, 10: 0, 11: 0, 12: 0
DFA state entries in window  : 1: 100, 2: 12, 3: 0, 4: 8, 5: 0, 6: 11, 7: 0, 8: 0, 9: 0, 10: 0, 11: 0, 12: 0
DFA state entries cumulative : 1: 3100, 2: 123, 3: 14, 4: 24, 5: 4, 6: 69, 7: 0, 8: 0, 9: 0, 10: 0, 11: 0, 12: 0
transitions cumulative       : 1->2: 123, 2->3: 14, 2->4: 1, 2->6: 69, 4->5: 4, 6->4: 23
accepted directly from s0    : 0
Gym endings cumulative       : terminated=2955, truncated=132

[Episode 3200/10000 | last 100]
success rate                : 0.0% (cumulative 0.0%)
failure rate                : 1.0% (cumulative 0.5%)
completed cycles / episode  : 0.000
synthetic task reward       : 0.000
shaping reward              : 0.000
learning reward             : 0.000
episode length              : 518.1
abstract changes / episode  : 93.3
same abstract-state steps   : 82.0%
same-state shaping / episode: 0.000
changed-state shaping / ep. : 0.000
terminal shaping / episode  : 0.000
DFA transitions / episode   : 0.11
DFA transitions in window   : 1->2: 7, 2->3: 1, 2->6: 3
epsilon (next episode)       : 0.27797
replay buffer                : 300000 samples [1: 99.2%, 2: 0.6%, 3: 0.0%, 4: 0.1%, 5: 0.0%, 6: 0.2%, 7: 0.0%, 8: 0.0%, 9: 0.0%, 10: 0.0%, 11: 0.0%, 12: 0.0%]
DFA state visits in window   : 1: 51573, 2: 244, 3: 1, 4: 0, 5: 0, 6: 93, 7: 0, 8: 0, 9: 0, 10: 0, 11: 0, 12: 0
DFA state visits cumulative  : 1: 749083, 2: 5955, 3: 15, 4: 672, 5: 150, 6: 1657, 7: 0, 8: 0, 9: 0, 10: 0, 11: 0, 12: 0
DFA state entries in window  : 1: 100, 2: 7, 3: 1, 4: 0, 5: 0, 6: 3, 7: 0, 8: 0, 9: 0, 10: 0, 11: 0, 12: 0
DFA state entries cumulative : 1: 3200, 2: 130, 3: 15, 4: 24, 5: 4, 6: 72, 7: 0, 8: 0, 9: 0, 10: 0, 11: 0, 12: 0
transitions cumulative       : 1->2: 130, 2->3: 15, 2->4: 1, 2->6: 72, 4->5: 4, 6->4: 23
accepted directly from s0    : 0
Gym endings cumulative       : terminated=3033, truncated=153

[Episode 3300/10000 | last 100]
success rate                : 0.0% (cumulative 0.0%)
failure rate                : 0.0% (cumulative 0.5%)
completed cycles / episode  : 0.000
synthetic task reward       : 0.000
shaping reward              : 0.000
learning reward             : 0.000
episode length              : 207.2
abstract changes / episode  : 38.2
same abstract-state steps   : 81.6%
same-state shaping / episode: 0.000
changed-state shaping / ep. : 0.000
terminal shaping / episode  : 0.000
DFA transitions / episode   : 0.03
DFA transitions in window   : 1->2: 2, 2->6: 1
epsilon (next episode)       : 0.26706
replay buffer                : 300000 samples [1: 99.3%, 2: 0.5%, 3: 0.0%, 4: 0.1%, 5: 0.0%, 6: 0.2%, 7: 0.0%, 8: 0.0%, 9: 0.0%, 10: 0.0%, 11: 0.0%, 12: 0.0%]
DFA state visits in window   : 1: 20775, 2: 25, 3: 0, 4: 0, 5: 0, 6: 15, 7: 0, 8: 0, 9: 0, 10: 0, 11: 0, 12: 0
DFA state visits cumulative  : 1: 769858, 2: 5980, 3: 15, 4: 672, 5: 150, 6: 1672, 7: 0, 8: 0, 9: 0, 10: 0, 11: 0, 12: 0
DFA state entries in window  : 1: 100, 2: 2, 3: 0, 4: 0, 5: 0, 6: 1, 7: 0, 8: 0, 9: 0, 10: 0, 11: 0, 12: 0
DFA state entries cumulative : 1: 3300, 2: 132, 3: 15, 4: 24, 5: 4, 6: 73, 7: 0, 8: 0, 9: 0, 10: 0, 11: 0, 12: 0
transitions cumulative       : 1->2: 132, 2->3: 15, 2->4: 1, 2->6: 73, 4->5: 4, 6->4: 23
accepted directly from s0    : 0
Gym endings cumulative       : terminated=3133, truncated=153

[Episode 3400/10000 | last 100]
success rate                : 0.0% (cumulative 0.0%)
failure rate                : 0.0% (cumulative 0.4%)
completed cycles / episode  : 0.000
synthetic task reward       : 0.000
shaping reward              : 0.000
learning reward             : 0.000
episode length              : 215.3
abstract changes / episode  : 39.0
same abstract-state steps   : 81.9%
same-state shaping / episode: 0.000
changed-state shaping / ep. : 0.000
terminal shaping / episode  : 0.000
DFA transitions / episode   : 0.01
DFA transitions in window   : 1->2: 1
epsilon (next episode)       : 0.25659
replay buffer                : 300000 samples [1: 99.2%, 2: 0.6%, 3: 0.0%, 4: 0.0%, 5: 0.0%, 6: 0.2%, 7: 0.0%, 8: 0.0%, 9: 0.0%, 10: 0.0%, 11: 0.0%, 12: 0.0%]
DFA state visits in window   : 1: 21468, 2: 167, 3: 0, 4: 0, 5: 0, 6: 0, 7: 0, 8: 0, 9: 0, 10: 0, 11: 0, 12: 0
DFA state visits cumulative  : 1: 791326, 2: 6147, 3: 15, 4: 672, 5: 150, 6: 1672, 7: 0, 8: 0, 9: 0, 10: 0, 11: 0, 12: 0
DFA state entries in window  : 1: 100, 2: 1, 3: 0, 4: 0, 5: 0, 6: 0, 7: 0, 8: 0, 9: 0, 10: 0, 11: 0, 12: 0
DFA state entries cumulative : 1: 3400, 2: 133, 3: 15, 4: 24, 5: 4, 6: 73, 7: 0, 8: 0, 9: 0, 10: 0, 11: 0, 12: 0
transitions cumulative       : 1->2: 133, 2->3: 15, 2->4: 1, 2->6: 73, 4->5: 4, 6->4: 23
accepted directly from s0    : 0
Gym endings cumulative       : terminated=3228, truncated=158

[Episode 3500/10000 | last 100]
success rate                : 0.0% (cumulative 0.0%)
failure rate                : 5.0% (cumulative 0.6%)
completed cycles / episode  : 0.000
synthetic task reward       : 0.000
shaping reward              : 0.000
learning reward             : 0.000
episode length              : 244.0
abstract changes / episode  : 58.4
same abstract-state steps   : 76.1%
same-state shaping / episode: 0.000
changed-state shaping / ep. : 0.000
terminal shaping / episode  : 0.000
DFA transitions / episode   : 0.71
DFA transitions in window   : 1->2: 36, 2->3: 4, 2->6: 28, 4->3: 1, 6->2: 1, 6->4: 1
epsilon (next episode)       : 0.24653
replay buffer                : 300000 samples [1: 98.6%, 2: 1.0%, 3: 0.0%, 4: 0.0%, 5: 0.0%, 6: 0.3%, 7: 0.0%, 8: 0.0%, 9: 0.0%, 10: 0.0%, 11: 0.0%, 12: 0.0%]
DFA state visits in window   : 1: 22365, 2: 1566, 3: 5, 4: 3, 5: 0, 6: 565, 7: 0, 8: 0, 9: 0, 10: 0, 11: 0, 12: 0
DFA state visits cumulative  : 1: 813691, 2: 7713, 3: 20, 4: 675, 5: 150, 6: 2237, 7: 0, 8: 0, 9: 0, 10: 0, 11: 0, 12: 0
DFA state entries in window  : 1: 100, 2: 37, 3: 5, 4: 1, 5: 0, 6: 28, 7: 0, 8: 0, 9: 0, 10: 0, 11: 0, 12: 0
DFA state entries cumulative : 1: 3500, 2: 170, 3: 20, 4: 25, 5: 4, 6: 101, 7: 0, 8: 0, 9: 0, 10: 0, 11: 0, 12: 0
transitions cumulative       : 1->2: 169, 2->3: 19, 2->4: 1, 2->6: 101, 4->3: 1, 4->5: 4, 6->2: 1, 6->4: 24
accepted directly from s0    : 0
Gym endings cumulative       : terminated=3321, truncated=160

Starting autonomous greedy evaluation at episode 3500 (1000 fixed-seed episodes)...
[Greedy evaluation at episode 3500 | 1000 fixed-seed episodes]
success=0.0%, failure=0.0%, task reward=0.000, length=242.3
DFA transitions: none

[Episode 3600/10000 | last 100]
success rate                : 0.0% (cumulative 0.0%)
failure rate                : 0.0% (cumulative 0.6%)
completed cycles / episode  : 0.000
synthetic task reward       : 0.000
shaping reward              : 0.000
learning reward             : 0.000
episode length              : 584.6
abstract changes / episode  : 68.9
same abstract-state steps   : 88.2%
same-state shaping / episode: 0.000
changed-state shaping / ep. : 0.000
terminal shaping / episode  : 0.000
DFA transitions / episode   : 0.02
DFA transitions in window   : 1->2: 1, 2->6: 1
epsilon (next episode)       : 0.23686
replay buffer                : 300000 samples [1: 98.6%, 2: 1.0%, 3: 0.0%, 4: 0.0%, 5: 0.0%, 6: 0.3%, 7: 0.0%, 8: 0.0%, 9: 0.0%, 10: 0.0%, 11: 0.0%, 12: 0.0%]
DFA state visits in window   : 1: 58504, 2: 33, 3: 0, 4: 0, 5: 0, 6: 26, 7: 0, 8: 0, 9: 0, 10: 0, 11: 0, 12: 0
DFA state visits cumulative  : 1: 872195, 2: 7746, 3: 20, 4: 675, 5: 150, 6: 2263, 7: 0, 8: 0, 9: 0, 10: 0, 11: 0, 12: 0
DFA state entries in window  : 1: 100, 2: 1, 3: 0, 4: 0, 5: 0, 6: 1, 7: 0, 8: 0, 9: 0, 10: 0, 11: 0, 12: 0
DFA state entries cumulative : 1: 3600, 2: 171, 3: 20, 4: 25, 5: 4, 6: 102, 7: 0, 8: 0, 9: 0, 10: 0, 11: 0, 12: 0
transitions cumulative       : 1->2: 170, 2->3: 19, 2->4: 1, 2->6: 102, 4->3: 1, 4->5: 4, 6->2: 1, 6->4: 24
accepted directly from s0    : 0
Gym endings cumulative       : terminated=3406, truncated=175

[Episode 3700/10000 | last 100]
success rate                : 0.0% (cumulative 0.0%)
failure rate                : 1.0% (cumulative 0.6%)
completed cycles / episode  : 0.000
synthetic task reward       : 0.000
shaping reward              : 0.000
learning reward             : 0.000
episode length              : 398.1
abstract changes / episode  : 65.2
same abstract-state steps   : 83.6%
same-state shaping / episode: 0.000
changed-state shaping / ep. : 0.000
terminal shaping / episode  : 0.000
DFA transitions / episode   : 0.05
DFA transitions in window   : 1->2: 3, 2->3: 1, 2->6: 1
epsilon (next episode)       : 0.22757
replay buffer                : 300000 samples [1: 98.6%, 2: 1.0%, 3: 0.0%, 4: 0.0%, 5: 0.0%, 6: 0.3%, 7: 0.0%, 8: 0.0%, 9: 0.0%, 10: 0.0%, 11: 0.0%, 12: 0.0%]
DFA state visits in window   : 1: 39768, 2: 94, 3: 1, 4: 0, 5: 0, 6: 49, 7: 0, 8: 0, 9: 0, 10: 0, 11: 0, 12: 0
DFA state visits cumulative  : 1: 911963, 2: 7840, 3: 21, 4: 675, 5: 150, 6: 2312, 7: 0, 8: 0, 9: 0, 10: 0, 11: 0, 12: 0
DFA state entries in window  : 1: 100, 2: 3, 3: 1, 4: 0, 5: 0, 6: 1, 7: 0, 8: 0, 9: 0, 10: 0, 11: 0, 12: 0
DFA state entries cumulative : 1: 3700, 2: 174, 3: 21, 4: 25, 5: 4, 6: 103, 7: 0, 8: 0, 9: 0, 10: 0, 11: 0, 12: 0
transitions cumulative       : 1->2: 173, 2->3: 20, 2->4: 1, 2->6: 103, 4->3: 1, 4->5: 4, 6->2: 1, 6->4: 24
accepted directly from s0    : 0
Gym endings cumulative       : terminated=3488, truncated=192

[Episode 3800/10000 | last 100]
success rate                : 0.0% (cumulative 0.0%)
failure rate                : 0.0% (cumulative 0.6%)
completed cycles / episode  : 0.000
synthetic task reward       : 0.000
shaping reward              : 0.000
learning reward             : 0.000
episode length              : 170.6
abstract changes / episode  : 53.9
same abstract-state steps   : 68.4%
same-state shaping / episode: 0.000
changed-state shaping / ep. : 0.000
terminal shaping / episode  : 0.000
DFA transitions / episode   : 0.06
DFA transitions in window   : 1->2: 3, 2->6: 3
epsilon (next episode)       : 0.21865
replay buffer                : 300000 samples [1: 98.6%, 2: 1.0%, 3: 0.0%, 4: 0.0%, 5: 0.0%, 6: 0.3%, 7: 0.0%, 8: 0.0%, 9: 0.0%, 10: 0.0%, 11: 0.0%, 12: 0.0%]
DFA state visits in window   : 1: 17023, 2: 66, 3: 0, 4: 0, 5: 0, 6: 70, 7: 0, 8: 0, 9: 0, 10: 0, 11: 0, 12: 0
DFA state visits cumulative  : 1: 928986, 2: 7906, 3: 21, 4: 675, 5: 150, 6: 2382, 7: 0, 8: 0, 9: 0, 10: 0, 11: 0, 12: 0
DFA state entries in window  : 1: 100, 2: 3, 3: 0, 4: 0, 5: 0, 6: 3, 7: 0, 8: 0, 9: 0, 10: 0, 11: 0, 12: 0
DFA state entries cumulative : 1: 3800, 2: 177, 3: 21, 4: 25, 5: 4, 6: 106, 7: 0, 8: 0, 9: 0, 10: 0, 11: 0, 12: 0
transitions cumulative       : 1->2: 176, 2->3: 20, 2->4: 1, 2->6: 106, 4->3: 1, 4->5: 4, 6->2: 1, 6->4: 24
accepted directly from s0    : 0
Gym endings cumulative       : terminated=3588, truncated=192

[Episode 3900/10000 | last 100]
success rate                : 0.0% (cumulative 0.0%)
failure rate                : 0.0% (cumulative 0.5%)
completed cycles / episode  : 0.000
synthetic task reward       : 0.000
shaping reward              : 0.000
learning reward             : 0.000
episode length              : 147.5
abstract changes / episode  : 53.1
same abstract-state steps   : 64.0%
same-state shaping / episode: 0.000
changed-state shaping / ep. : 0.000
terminal shaping / episode  : 0.000
DFA transitions / episode   : 0.02
DFA transitions in window   : 1->2: 1, 2->6: 1
epsilon (next episode)       : 0.21007
replay buffer                : 300000 samples [1: 98.7%, 2: 0.9%, 3: 0.0%, 4: 0.0%, 5: 0.0%, 6: 0.3%, 7: 0.0%, 8: 0.0%, 9: 0.0%, 10: 0.0%, 11: 0.0%, 12: 0.0%]
DFA state visits in window   : 1: 14785, 2: 29, 3: 0, 4: 0, 5: 0, 6: 37, 7: 0, 8: 0, 9: 0, 10: 0, 11: 0, 12: 0
DFA state visits cumulative  : 1: 943771, 2: 7935, 3: 21, 4: 675, 5: 150, 6: 2419, 7: 0, 8: 0, 9: 0, 10: 0, 11: 0, 12: 0
DFA state entries in window  : 1: 100, 2: 1, 3: 0, 4: 0, 5: 0, 6: 1, 7: 0, 8: 0, 9: 0, 10: 0, 11: 0, 12: 0
DFA state entries cumulative : 1: 3900, 2: 178, 3: 21, 4: 25, 5: 4, 6: 107, 7: 0, 8: 0, 9: 0, 10: 0, 11: 0, 12: 0
transitions cumulative       : 1->2: 177, 2->3: 20, 2->4: 1, 2->6: 107, 4->3: 1, 4->5: 4, 6->2: 1, 6->4: 24
accepted directly from s0    : 0
Gym endings cumulative       : terminated=3688, truncated=192

[Episode 4000/10000 | last 100]
success rate                : 0.0% (cumulative 0.0%)
failure rate                : 0.0% (cumulative 0.5%)
completed cycles / episode  : 0.000
synthetic task reward       : 0.000
shaping reward              : 0.000
learning reward             : 0.000
episode length              : 110.7
abstract changes / episode  : 50.7
same abstract-state steps   : 54.2%
same-state shaping / episode: 0.000
changed-state shaping / ep. : 0.000
terminal shaping / episode  : 0.000
DFA transitions / episode   : 0.02
DFA transitions in window   : 1->2: 1, 2->6: 1
epsilon (next episode)       : 0.20183
replay buffer                : 300000 samples [1: 98.7%, 2: 0.9%, 3: 0.0%, 4: 0.0%, 5: 0.0%, 6: 0.3%, 7: 0.0%, 8: 0.0%, 9: 0.0%, 10: 0.0%, 11: 0.0%, 12: 0.0%]
DFA state visits in window   : 1: 11143, 2: 15, 3: 0, 4: 0, 5: 0, 6: 15, 7: 0, 8: 0, 9: 0, 10: 0, 11: 0, 12: 0
DFA state visits cumulative  : 1: 954914, 2: 7950, 3: 21, 4: 675, 5: 150, 6: 2434, 7: 0, 8: 0, 9: 0, 10: 0, 11: 0, 12: 0
DFA state entries in window  : 1: 100, 2: 1, 3: 0, 4: 0, 5: 0, 6: 1, 7: 0, 8: 0, 9: 0, 10: 0, 11: 0, 12: 0
DFA state entries cumulative : 1: 4000, 2: 179, 3: 21, 4: 25, 5: 4, 6: 108, 7: 0, 8: 0, 9: 0, 10: 0, 11: 0, 12: 0
transitions cumulative       : 1->2: 178, 2->3: 20, 2->4: 1, 2->6: 108, 4->3: 1, 4->5: 4, 6->2: 1, 6->4: 24
accepted directly from s0    : 0
Gym endings cumulative       : terminated=3788, truncated=192

Starting autonomous greedy evaluation at episode 4000 (1000 fixed-seed episodes)...
[Greedy evaluation at episode 4000 | 1000 fixed-seed episodes]
success=0.0%, failure=0.0%, task reward=0.000, length=68.4
DFA transitions: none
Best policy updated from autonomous greedy evaluation at episode 4000.

[Episode 4100/10000 | last 100]
success rate                : 0.0% (cumulative 0.0%)
failure rate                : 0.0% (cumulative 0.5%)
completed cycles / episode  : 0.000
synthetic task reward       : 0.000
shaping reward              : 0.000
learning reward             : 0.000
episode length              : 94.0
abstract changes / episode  : 48.6
same abstract-state steps   : 48.3%
same-state shaping / episode: 0.000
changed-state shaping / ep. : 0.000
terminal shaping / episode  : 0.000
DFA transitions / episode   : 0.05
DFA transitions in window   : 1->2: 3, 2->6: 2
epsilon (next episode)       : 0.19392
replay buffer                : 300000 samples [1: 98.7%, 2: 0.9%, 3: 0.0%, 4: 0.0%, 5: 0.0%, 6: 0.3%, 7: 0.0%, 8: 0.0%, 9: 0.0%, 10: 0.0%, 11: 0.0%, 12: 0.0%]
DFA state visits in window   : 1: 9433, 2: 49, 3: 0, 4: 0, 5: 0, 6: 15, 7: 0, 8: 0, 9: 0, 10: 0, 11: 0, 12: 0
DFA state visits cumulative  : 1: 964347, 2: 7999, 3: 21, 4: 675, 5: 150, 6: 2449, 7: 0, 8: 0, 9: 0, 10: 0, 11: 0, 12: 0
DFA state entries in window  : 1: 100, 2: 3, 3: 0, 4: 0, 5: 0, 6: 2, 7: 0, 8: 0, 9: 0, 10: 0, 11: 0, 12: 0
DFA state entries cumulative : 1: 4100, 2: 182, 3: 21, 4: 25, 5: 4, 6: 110, 7: 0, 8: 0, 9: 0, 10: 0, 11: 0, 12: 0
transitions cumulative       : 1->2: 181, 2->3: 20, 2->4: 1, 2->6: 110, 4->3: 1, 4->5: 4, 6->2: 1, 6->4: 24
accepted directly from s0    : 0
Gym endings cumulative       : terminated=3888, truncated=192

[Episode 4200/10000 | last 100]
success rate                : 0.0% (cumulative 0.0%)
failure rate                : 0.0% (cumulative 0.5%)
completed cycles / episode  : 0.000
synthetic task reward       : 0.000
shaping reward              : 0.000
learning reward             : 0.000
episode length              : 93.1
abstract changes / episode  : 48.7
same abstract-state steps   : 47.7%
same-state shaping / episode: 0.000
changed-state shaping / ep. : 0.000
terminal shaping / episode  : 0.000
DFA transitions / episode   : 0.05
DFA transitions in window   : 1->2: 3, 2->6: 2
epsilon (next episode)       : 0.18631
replay buffer                : 300000 samples [1: 98.7%, 2: 0.9%, 3: 0.0%, 4: 0.0%, 5: 0.0%, 6: 0.3%, 7: 0.0%, 8: 0.0%, 9: 0.0%, 10: 0.0%, 11: 0.0%, 12: 0.0%]
DFA state visits in window   : 1: 9348, 2: 50, 3: 0, 4: 0, 5: 0, 6: 15, 7: 0, 8: 0, 9: 0, 10: 0, 11: 0, 12: 0
DFA state visits cumulative  : 1: 973695, 2: 8049, 3: 21, 4: 675, 5: 150, 6: 2464, 7: 0, 8: 0, 9: 0, 10: 0, 11: 0, 12: 0
DFA state entries in window  : 1: 100, 2: 3, 3: 0, 4: 0, 5: 0, 6: 2, 7: 0, 8: 0, 9: 0, 10: 0, 11: 0, 12: 0
DFA state entries cumulative : 1: 4200, 2: 185, 3: 21, 4: 25, 5: 4, 6: 112, 7: 0, 8: 0, 9: 0, 10: 0, 11: 0, 12: 0
transitions cumulative       : 1->2: 184, 2->3: 20, 2->4: 1, 2->6: 112, 4->3: 1, 4->5: 4, 6->2: 1, 6->4: 24
accepted directly from s0    : 0
Gym endings cumulative       : terminated=3988, truncated=192

[Episode 4300/10000 | last 100]
success rate                : 0.0% (cumulative 0.0%)
failure rate                : 0.0% (cumulative 0.5%)
completed cycles / episode  : 0.000
synthetic task reward       : 0.000
shaping reward              : 0.000
learning reward             : 0.000
episode length              : 87.0
abstract changes / episode  : 48.2
same abstract-state steps   : 44.6%
same-state shaping / episode: 0.000
changed-state shaping / ep. : 0.000
terminal shaping / episode  : 0.000
DFA transitions / episode   : 0.02
DFA transitions in window   : 1->2: 1, 2->6: 1
epsilon (next episode)       : 0.17900
replay buffer                : 300000 samples [1: 98.9%, 2: 0.8%, 3: 0.0%, 4: 0.0%, 5: 0.0%, 6: 0.3%, 7: 0.0%, 8: 0.0%, 9: 0.0%, 10: 0.0%, 11: 0.0%, 12: 0.0%]
DFA state visits in window   : 1: 8772, 2: 21, 3: 0, 4: 0, 5: 0, 6: 2, 7: 0, 8: 0, 9: 0, 10: 0, 11: 0, 12: 0
DFA state visits cumulative  : 1: 982467, 2: 8070, 3: 21, 4: 675, 5: 150, 6: 2466, 7: 0, 8: 0, 9: 0, 10: 0, 11: 0, 12: 0
DFA state entries in window  : 1: 100, 2: 1, 3: 0, 4: 0, 5: 0, 6: 1, 7: 0, 8: 0, 9: 0, 10: 0, 11: 0, 12: 0
DFA state entries cumulative : 1: 4300, 2: 186, 3: 21, 4: 25, 5: 4, 6: 113, 7: 0, 8: 0, 9: 0, 10: 0, 11: 0, 12: 0
transitions cumulative       : 1->2: 185, 2->3: 20, 2->4: 1, 2->6: 113, 4->3: 1, 4->5: 4, 6->2: 1, 6->4: 24
accepted directly from s0    : 0
Gym endings cumulative       : terminated=4088, truncated=192

[Episode 4400/10000 | last 100]
success rate                : 0.0% (cumulative 0.0%)
failure rate                : 0.0% (cumulative 0.5%)
completed cycles / episode  : 0.000
synthetic task reward       : 0.000
shaping reward              : 0.000
learning reward             : 0.000
episode length              : 91.1
abstract changes / episode  : 49.2
same abstract-state steps   : 45.9%
same-state shaping / episode: 0.000
changed-state shaping / ep. : 0.000
terminal shaping / episode  : 0.000
DFA transitions / episode   : 0.08
DFA transitions in window   : 1->2: 4, 2->6: 4
epsilon (next episode)       : 0.17198
replay buffer                : 300000 samples [1: 98.9%, 2: 0.8%, 3: 0.0%, 4: 0.0%, 5: 0.0%, 6: 0.3%, 7: 0.0%, 8: 0.0%, 9: 0.0%, 10: 0.0%, 11: 0.0%, 12: 0.0%]
DFA state visits in window   : 1: 9122, 2: 68, 3: 0, 4: 0, 5: 0, 6: 18, 7: 0, 8: 0, 9: 0, 10: 0, 11: 0, 12: 0
DFA state visits cumulative  : 1: 991589, 2: 8138, 3: 21, 4: 675, 5: 150, 6: 2484, 7: 0, 8: 0, 9: 0, 10: 0, 11: 0, 12: 0
DFA state entries in window  : 1: 100, 2: 4, 3: 0, 4: 0, 5: 0, 6: 4, 7: 0, 8: 0, 9: 0, 10: 0, 11: 0, 12: 0
DFA state entries cumulative : 1: 4400, 2: 190, 3: 21, 4: 25, 5: 4, 6: 117, 7: 0, 8: 0, 9: 0, 10: 0, 11: 0, 12: 0
transitions cumulative       : 1->2: 189, 2->3: 20, 2->4: 1, 2->6: 117, 4->3: 1, 4->5: 4, 6->2: 1, 6->4: 24
accepted directly from s0    : 0
Gym endings cumulative       : terminated=4188, truncated=192

[Episode 4500/10000 | last 100]
success rate                : 0.0% (cumulative 0.0%)
failure rate                : 0.0% (cumulative 0.5%)
completed cycles / episode  : 0.000
synthetic task reward       : 0.000
shaping reward              : 0.000
learning reward             : 0.000
episode length              : 87.7
abstract changes / episode  : 48.2
same abstract-state steps   : 45.0%
same-state shaping / episode: 0.000
changed-state shaping / ep. : 0.000
terminal shaping / episode  : 0.000
DFA transitions / episode   : 0.02
DFA transitions in window   : 1->2: 2
epsilon (next episode)       : 0.16524
replay buffer                : 300000 samples [1: 98.9%, 2: 0.8%, 3: 0.0%, 4: 0.0%, 5: 0.0%, 6: 0.3%, 7: 0.0%, 8: 0.0%, 9: 0.0%, 10: 0.0%, 11: 0.0%, 12: 0.0%]
DFA state visits in window   : 1: 8835, 2: 37, 3: 0, 4: 0, 5: 0, 6: 0, 7: 0, 8: 0, 9: 0, 10: 0, 11: 0, 12: 0
DFA state visits cumulative  : 1: 1000424, 2: 8175, 3: 21, 4: 675, 5: 150, 6: 2484, 7: 0, 8: 0, 9: 0, 10: 0, 11: 0, 12: 0
DFA state entries in window  : 1: 100, 2: 2, 3: 0, 4: 0, 5: 0, 6: 0, 7: 0, 8: 0, 9: 0, 10: 0, 11: 0, 12: 0
DFA state entries cumulative : 1: 4500, 2: 192, 3: 21, 4: 25, 5: 4, 6: 117, 7: 0, 8: 0, 9: 0, 10: 0, 11: 0, 12: 0
transitions cumulative       : 1->2: 191, 2->3: 20, 2->4: 1, 2->6: 117, 4->3: 1, 4->5: 4, 6->2: 1, 6->4: 24
accepted directly from s0    : 0
Gym endings cumulative       : terminated=4288, truncated=192

Starting autonomous greedy evaluation at episode 4500 (1000 fixed-seed episodes)...
[Greedy evaluation at episode 4500 | 1000 fixed-seed episodes]
success=0.0%, failure=0.0%, task reward=0.000, length=124.2
DFA transitions: none

[Episode 4600/10000 | last 100]
success rate                : 0.0% (cumulative 0.0%)
failure rate                : 0.0% (cumulative 0.5%)
completed cycles / episode  : 0.000
synthetic task reward       : 0.000
shaping reward              : 0.000
learning reward             : 0.000
episode length              : 88.0
abstract changes / episode  : 48.7
same abstract-state steps   : 44.7%
same-state shaping / episode: 0.000
changed-state shaping / ep. : 0.000
terminal shaping / episode  : 0.000
DFA transitions / episode   : 0.04
DFA transitions in window   : 1->2: 2, 2->6: 2
epsilon (next episode)       : 0.15876
replay buffer                : 300000 samples [1: 98.9%, 2: 0.8%, 3: 0.0%, 4: 0.0%, 5: 0.0%, 6: 0.3%, 7: 0.0%, 8: 0.0%, 9: 0.0%, 10: 0.0%, 11: 0.0%, 12: 0.0%]
DFA state visits in window   : 1: 8847, 2: 29, 3: 0, 4: 0, 5: 0, 6: 19, 7: 0, 8: 0, 9: 0, 10: 0, 11: 0, 12: 0
DFA state visits cumulative  : 1: 1009271, 2: 8204, 3: 21, 4: 675, 5: 150, 6: 2503, 7: 0, 8: 0, 9: 0, 10: 0, 11: 0, 12: 0
DFA state entries in window  : 1: 100, 2: 2, 3: 0, 4: 0, 5: 0, 6: 2, 7: 0, 8: 0, 9: 0, 10: 0, 11: 0, 12: 0
DFA state entries cumulative : 1: 4600, 2: 194, 3: 21, 4: 25, 5: 4, 6: 119, 7: 0, 8: 0, 9: 0, 10: 0, 11: 0, 12: 0
transitions cumulative       : 1->2: 193, 2->3: 20, 2->4: 1, 2->6: 119, 4->3: 1, 4->5: 4, 6->2: 1, 6->4: 24
accepted directly from s0    : 0
Gym endings cumulative       : terminated=4388, truncated=192

[Episode 4700/10000 | last 100]
success rate                : 0.0% (cumulative 0.0%)
failure rate                : 0.0% (cumulative 0.4%)
completed cycles / episode  : 0.000
synthetic task reward       : 0.000
shaping reward              : 0.000
learning reward             : 0.000
episode length              : 85.7
abstract changes / episode  : 48.4
same abstract-state steps   : 43.6%
same-state shaping / episode: 0.000
changed-state shaping / ep. : 0.000
terminal shaping / episode  : 0.000
DFA transitions / episode   : 0.02
DFA transitions in window   : 1->2: 1, 2->6: 1
epsilon (next episode)       : 0.15253
replay buffer                : 300000 samples [1: 98.9%, 2: 0.8%, 3: 0.0%, 4: 0.0%, 5: 0.0%, 6: 0.3%, 7: 0.0%, 8: 0.0%, 9: 0.0%, 10: 0.0%, 11: 0.0%, 12: 0.0%]
DFA state visits in window   : 1: 8647, 2: 17, 3: 0, 4: 0, 5: 0, 6: 8, 7: 0, 8: 0, 9: 0, 10: 0, 11: 0, 12: 0
DFA state visits cumulative  : 1: 1017918, 2: 8221, 3: 21, 4: 675, 5: 150, 6: 2511, 7: 0, 8: 0, 9: 0, 10: 0, 11: 0, 12: 0
DFA state entries in window  : 1: 100, 2: 1, 3: 0, 4: 0, 5: 0, 6: 1, 7: 0, 8: 0, 9: 0, 10: 0, 11: 0, 12: 0
DFA state entries cumulative : 1: 4700, 2: 195, 3: 21, 4: 25, 5: 4, 6: 120, 7: 0, 8: 0, 9: 0, 10: 0, 11: 0, 12: 0
transitions cumulative       : 1->2: 194, 2->3: 20, 2->4: 1, 2->6: 120, 4->3: 1, 4->5: 4, 6->2: 1, 6->4: 24
accepted directly from s0    : 0
Gym endings cumulative       : terminated=4488, truncated=192

[Episode 4800/10000 | last 100]
success rate                : 0.0% (cumulative 0.0%)
failure rate                : 0.0% (cumulative 0.4%)
completed cycles / episode  : 0.000
synthetic task reward       : 0.000
shaping reward              : 0.000
learning reward             : 0.000
episode length              : 84.7
abstract changes / episode  : 48.6
same abstract-state steps   : 42.6%
same-state shaping / episode: 0.000
changed-state shaping / ep. : 0.000
terminal shaping / episode  : 0.000
DFA transitions / episode   : 0.02
DFA transitions in window   : 1->2: 1, 2->6: 1
epsilon (next episode)       : 0.14655
replay buffer                : 300000 samples [1: 98.9%, 2: 0.8%, 3: 0.0%, 4: 0.0%, 5: 0.0%, 6: 0.3%, 7: 0.0%, 8: 0.0%, 9: 0.0%, 10: 0.0%, 11: 0.0%, 12: 0.0%]
DFA state visits in window   : 1: 8526, 2: 20, 3: 0, 4: 0, 5: 0, 6: 19, 7: 0, 8: 0, 9: 0, 10: 0, 11: 0, 12: 0
DFA state visits cumulative  : 1: 1026444, 2: 8241, 3: 21, 4: 675, 5: 150, 6: 2530, 7: 0, 8: 0, 9: 0, 10: 0, 11: 0, 12: 0
DFA state entries in window  : 1: 100, 2: 1, 3: 0, 4: 0, 5: 0, 6: 1, 7: 0, 8: 0, 9: 0, 10: 0, 11: 0, 12: 0
DFA state entries cumulative : 1: 4800, 2: 196, 3: 21, 4: 25, 5: 4, 6: 121, 7: 0, 8: 0, 9: 0, 10: 0, 11: 0, 12: 0
transitions cumulative       : 1->2: 195, 2->3: 20, 2->4: 1, 2->6: 121, 4->3: 1, 4->5: 4, 6->2: 1, 6->4: 24
accepted directly from s0    : 0
Gym endings cumulative       : terminated=4588, truncated=192

[Episode 4900/10000 | last 100]
success rate                : 0.0% (cumulative 0.0%)
failure rate                : 0.0% (cumulative 0.4%)
completed cycles / episode  : 0.000
synthetic task reward       : 0.000
shaping reward              : 0.000
learning reward             : 0.000
episode length              : 85.9
abstract changes / episode  : 48.1
same abstract-state steps   : 44.0%
same-state shaping / episode: 0.000
changed-state shaping / ep. : 0.000
terminal shaping / episode  : 0.000
DFA transitions / episode   : 0.00
DFA transitions in window   : none
epsilon (next episode)       : 0.14080
replay buffer                : 300000 samples [1: 98.9%, 2: 0.8%, 3: 0.0%, 4: 0.0%, 5: 0.0%, 6: 0.3%, 7: 0.0%, 8: 0.0%, 9: 0.0%, 10: 0.0%, 11: 0.0%, 12: 0.0%]
DFA state visits in window   : 1: 8687, 2: 0, 3: 0, 4: 0, 5: 0, 6: 0, 7: 0, 8: 0, 9: 0, 10: 0, 11: 0, 12: 0
DFA state visits cumulative  : 1: 1035131, 2: 8241, 3: 21, 4: 675, 5: 150, 6: 2530, 7: 0, 8: 0, 9: 0, 10: 0, 11: 0, 12: 0
DFA state entries in window  : 1: 100, 2: 0, 3: 0, 4: 0, 5: 0, 6: 0, 7: 0, 8: 0, 9: 0, 10: 0, 11: 0, 12: 0
DFA state entries cumulative : 1: 4900, 2: 196, 3: 21, 4: 25, 5: 4, 6: 121, 7: 0, 8: 0, 9: 0, 10: 0, 11: 0, 12: 0
transitions cumulative       : 1->2: 195, 2->3: 20, 2->4: 1, 2->6: 121, 4->3: 1, 4->5: 4, 6->2: 1, 6->4: 24
accepted directly from s0    : 0
Gym endings cumulative       : terminated=4688, truncated=192

[Episode 5000/10000 | last 100]
success rate                : 0.0% (cumulative 0.0%)
failure rate                : 0.0% (cumulative 0.4%)
completed cycles / episode  : 0.000
synthetic task reward       : 0.000
shaping reward              : 0.000
learning reward             : 0.000
episode length              : 89.0
abstract changes / episode  : 48.7
same abstract-state steps   : 45.3%
same-state shaping / episode: 0.000
changed-state shaping / ep. : 0.000
terminal shaping / episode  : 0.000
DFA transitions / episode   : 0.06
DFA transitions in window   : 1->2: 3, 2->6: 3
epsilon (next episode)       : 0.13528
replay buffer                : 300000 samples [1: 98.9%, 2: 0.8%, 3: 0.0%, 4: 0.0%, 5: 0.0%, 6: 0.3%, 7: 0.0%, 8: 0.0%, 9: 0.0%, 10: 0.0%, 11: 0.0%, 12: 0.0%]
DFA state visits in window   : 1: 8927, 2: 50, 3: 0, 4: 0, 5: 0, 6: 21, 7: 0, 8: 0, 9: 0, 10: 0, 11: 0, 12: 0
DFA state visits cumulative  : 1: 1044058, 2: 8291, 3: 21, 4: 675, 5: 150, 6: 2551, 7: 0, 8: 0, 9: 0, 10: 0, 11: 0, 12: 0
DFA state entries in window  : 1: 100, 2: 3, 3: 0, 4: 0, 5: 0, 6: 3, 7: 0, 8: 0, 9: 0, 10: 0, 11: 0, 12: 0
DFA state entries cumulative : 1: 5000, 2: 199, 3: 21, 4: 25, 5: 4, 6: 124, 7: 0, 8: 0, 9: 0, 10: 0, 11: 0, 12: 0
transitions cumulative       : 1->2: 198, 2->3: 20, 2->4: 1, 2->6: 124, 4->3: 1, 4->5: 4, 6->2: 1, 6->4: 24
accepted directly from s0    : 0
Gym endings cumulative       : terminated=4788, truncated=192

Starting autonomous greedy evaluation at episode 5000 (1000 fixed-seed episodes)...
[Greedy evaluation at episode 5000 | 1000 fixed-seed episodes]
success=0.0%, failure=0.0%, task reward=0.000, length=97.9
DFA transitions: none

[Episode 5100/10000 | last 100]
success rate                : 0.0% (cumulative 0.0%)
failure rate                : 0.0% (cumulative 0.4%)
completed cycles / episode  : 0.000
synthetic task reward       : 0.000
shaping reward              : 0.000
learning reward             : 0.000
episode length              : 85.2
abstract changes / episode  : 48.1
same abstract-state steps   : 43.5%
same-state shaping / episode: 0.000
changed-state shaping / ep. : 0.000
terminal shaping / episode  : 0.000
DFA transitions / episode   : 0.08
DFA transitions in window   : 1->2: 4, 2->6: 4
epsilon (next episode)       : 0.12998
replay buffer                : 300000 samples [1: 98.9%, 2: 0.8%, 3: 0.0%, 4: 0.0%, 5: 0.0%, 6: 0.3%, 7: 0.0%, 8: 0.0%, 9: 0.0%, 10: 0.0%, 11: 0.0%, 12: 0.0%]
DFA state visits in window   : 1: 8524, 2: 71, 3: 0, 4: 0, 5: 0, 6: 25, 7: 0, 8: 0, 9: 0, 10: 0, 11: 0, 12: 0
DFA state visits cumulative  : 1: 1052582, 2: 8362, 3: 21, 4: 675, 5: 150, 6: 2576, 7: 0, 8: 0, 9: 0, 10: 0, 11: 0, 12: 0
DFA state entries in window  : 1: 100, 2: 4, 3: 0, 4: 0, 5: 0, 6: 4, 7: 0, 8: 0, 9: 0, 10: 0, 11: 0, 12: 0
DFA state entries cumulative : 1: 5100, 2: 203, 3: 21, 4: 25, 5: 4, 6: 128, 7: 0, 8: 0, 9: 0, 10: 0, 11: 0, 12: 0
transitions cumulative       : 1->2: 202, 2->3: 20, 2->4: 1, 2->6: 128, 4->3: 1, 4->5: 4, 6->2: 1, 6->4: 24
accepted directly from s0    : 0
Gym endings cumulative       : terminated=4888, truncated=192

[Episode 5200/10000 | last 100]
success rate                : 0.0% (cumulative 0.0%)
failure rate                : 0.0% (cumulative 0.4%)
completed cycles / episode  : 0.000
synthetic task reward       : 0.000
shaping reward              : 0.000
learning reward             : 0.000
episode length              : 89.3
abstract changes / episode  : 48.8
same abstract-state steps   : 45.4%
same-state shaping / episode: 0.000
changed-state shaping / ep. : 0.000
terminal shaping / episode  : 0.000
DFA transitions / episode   : 0.00
DFA transitions in window   : none
epsilon (next episode)       : 0.12488
replay buffer                : 300000 samples [1: 98.9%, 2: 0.8%, 3: 0.0%, 4: 0.0%, 5: 0.0%, 6: 0.3%, 7: 0.0%, 8: 0.0%, 9: 0.0%, 10: 0.0%, 11: 0.0%, 12: 0.0%]
DFA state visits in window   : 1: 9030, 2: 0, 3: 0, 4: 0, 5: 0, 6: 0, 7: 0, 8: 0, 9: 0, 10: 0, 11: 0, 12: 0
DFA state visits cumulative  : 1: 1061612, 2: 8362, 3: 21, 4: 675, 5: 150, 6: 2576, 7: 0, 8: 0, 9: 0, 10: 0, 11: 0, 12: 0
DFA state entries in window  : 1: 100, 2: 0, 3: 0, 4: 0, 5: 0, 6: 0, 7: 0, 8: 0, 9: 0, 10: 0, 11: 0, 12: 0
DFA state entries cumulative : 1: 5200, 2: 203, 3: 21, 4: 25, 5: 4, 6: 128, 7: 0, 8: 0, 9: 0, 10: 0, 11: 0, 12: 0
transitions cumulative       : 1->2: 202, 2->3: 20, 2->4: 1, 2->6: 128, 4->3: 1, 4->5: 4, 6->2: 1, 6->4: 24
accepted directly from s0    : 0
Gym endings cumulative       : terminated=4988, truncated=192

[Episode 5300/10000 | last 100]
success rate                : 0.0% (cumulative 0.0%)
failure rate                : 0.0% (cumulative 0.4%)
completed cycles / episode  : 0.000
synthetic task reward       : 0.000
shaping reward              : 0.000
learning reward             : 0.000
episode length              : 88.6
abstract changes / episode  : 48.5
same abstract-state steps   : 45.3%
same-state shaping / episode: 0.000
changed-state shaping / ep. : 0.000
terminal shaping / episode  : 0.000
DFA transitions / episode   : 0.00
DFA transitions in window   : none
epsilon (next episode)       : 0.11998
replay buffer                : 300000 samples [1: 98.9%, 2: 0.8%, 3: 0.0%, 4: 0.0%, 5: 0.0%, 6: 0.3%, 7: 0.0%, 8: 0.0%, 9: 0.0%, 10: 0.0%, 11: 0.0%, 12: 0.0%]
DFA state visits in window   : 1: 8960, 2: 0, 3: 0, 4: 0, 5: 0, 6: 0, 7: 0, 8: 0, 9: 0, 10: 0, 11: 0, 12: 0
DFA state visits cumulative  : 1: 1070572, 2: 8362, 3: 21, 4: 675, 5: 150, 6: 2576, 7: 0, 8: 0, 9: 0, 10: 0, 11: 0, 12: 0
DFA state entries in window  : 1: 100, 2: 0, 3: 0, 4: 0, 5: 0, 6: 0, 7: 0, 8: 0, 9: 0, 10: 0, 11: 0, 12: 0
DFA state entries cumulative : 1: 5300, 2: 203, 3: 21, 4: 25, 5: 4, 6: 128, 7: 0, 8: 0, 9: 0, 10: 0, 11: 0, 12: 0
transitions cumulative       : 1->2: 202, 2->3: 20, 2->4: 1, 2->6: 128, 4->3: 1, 4->5: 4, 6->2: 1, 6->4: 24
accepted directly from s0    : 0
Gym endings cumulative       : terminated=5088, truncated=192

[Episode 5400/10000 | last 100]
success rate                : 0.0% (cumulative 0.0%)
failure rate                : 0.0% (cumulative 0.4%)
completed cycles / episode  : 0.000
synthetic task reward       : 0.000
shaping reward              : 0.000
learning reward             : 0.000
episode length              : 90.5
abstract changes / episode  : 48.7
same abstract-state steps   : 46.1%
same-state shaping / episode: 0.000
changed-state shaping / ep. : 0.000
terminal shaping / episode  : 0.000
DFA transitions / episode   : 0.02
DFA transitions in window   : 1->2: 1, 2->6: 1
epsilon (next episode)       : 0.11528
replay buffer                : 300000 samples [1: 98.9%, 2: 0.8%, 3: 0.0%, 4: 0.0%, 5: 0.0%, 6: 0.3%, 7: 0.0%, 8: 0.0%, 9: 0.0%, 10: 0.0%, 11: 0.0%, 12: 0.0%]
DFA state visits in window   : 1: 9120, 2: 24, 3: 0, 4: 0, 5: 0, 6: 2, 7: 0, 8: 0, 9: 0, 10: 0, 11: 0, 12: 0
DFA state visits cumulative  : 1: 1079692, 2: 8386, 3: 21, 4: 675, 5: 150, 6: 2578, 7: 0, 8: 0, 9: 0, 10: 0, 11: 0, 12: 0
DFA state entries in window  : 1: 100, 2: 1, 3: 0, 4: 0, 5: 0, 6: 1, 7: 0, 8: 0, 9: 0, 10: 0, 11: 0, 12: 0
DFA state entries cumulative : 1: 5400, 2: 204, 3: 21, 4: 25, 5: 4, 6: 129, 7: 0, 8: 0, 9: 0, 10: 0, 11: 0, 12: 0
transitions cumulative       : 1->2: 203, 2->3: 20, 2->4: 1, 2->6: 129, 4->3: 1, 4->5: 4, 6->2: 1, 6->4: 24
accepted directly from s0    : 0
Gym endings cumulative       : terminated=5188, truncated=192

[Episode 5500/10000 | last 100]
success rate                : 0.0% (cumulative 0.0%)
failure rate                : 0.0% (cumulative 0.4%)
completed cycles / episode  : 0.000
synthetic task reward       : 0.000
shaping reward              : 0.000
learning reward             : 0.000
episode length              : 100.6
abstract changes / episode  : 49.5
same abstract-state steps   : 50.8%
same-state shaping / episode: 0.000
changed-state shaping / ep. : 0.000
terminal shaping / episode  : 0.000
DFA transitions / episode   : 0.04
DFA transitions in window   : 1->2: 3, 2->6: 1
epsilon (next episode)       : 0.11075
replay buffer                : 300000 samples [1: 99.0%, 2: 0.8%, 3: 0.0%, 4: 0.0%, 5: 0.0%, 6: 0.3%, 7: 0.0%, 8: 0.0%, 9: 0.0%, 10: 0.0%, 11: 0.0%, 12: 0.0%]
DFA state visits in window   : 1: 10108, 2: 46, 3: 0, 4: 0, 5: 0, 6: 5, 7: 0, 8: 0, 9: 0, 10: 0, 11: 0, 12: 0
DFA state visits cumulative  : 1: 1089800, 2: 8432, 3: 21, 4: 675, 5: 150, 6: 2583, 7: 0, 8: 0, 9: 0, 10: 0, 11: 0, 12: 0
DFA state entries in window  : 1: 100, 2: 3, 3: 0, 4: 0, 5: 0, 6: 1, 7: 0, 8: 0, 9: 0, 10: 0, 11: 0, 12: 0
DFA state entries cumulative : 1: 5500, 2: 207, 3: 21, 4: 25, 5: 4, 6: 130, 7: 0, 8: 0, 9: 0, 10: 0, 11: 0, 12: 0
transitions cumulative       : 1->2: 206, 2->3: 20, 2->4: 1, 2->6: 130, 4->3: 1, 4->5: 4, 6->2: 1, 6->4: 24
accepted directly from s0    : 0
Gym endings cumulative       : terminated=5288, truncated=192

Starting autonomous greedy evaluation at episode 5500 (1000 fixed-seed episodes)...
[Greedy evaluation at episode 5500 | 1000 fixed-seed episodes]
success=0.0%, failure=0.0%, task reward=0.000, length=67.8
DFA transitions: none
Best policy updated from autonomous greedy evaluation at episode 5500.

[Episode 5600/10000 | last 100]
success rate                : 0.0% (cumulative 0.0%)
failure rate                : 0.0% (cumulative 0.4%)
completed cycles / episode  : 0.000
synthetic task reward       : 0.000
shaping reward              : 0.000
learning reward             : 0.000
episode length              : 83.9
abstract changes / episode  : 46.9
same abstract-state steps   : 44.0%
same-state shaping / episode: 0.000
changed-state shaping / ep. : 0.000
terminal shaping / episode  : 0.000
DFA transitions / episode   : 0.00
DFA transitions in window   : none
epsilon (next episode)       : 0.10641
replay buffer                : 300000 samples [1: 99.2%, 2: 0.6%, 3: 0.0%, 4: 0.0%, 5: 0.0%, 6: 0.2%, 7: 0.0%, 8: 0.0%, 9: 0.0%, 10: 0.0%, 11: 0.0%, 12: 0.0%]
DFA state visits in window   : 1: 8486, 2: 0, 3: 0, 4: 0, 5: 0, 6: 0, 7: 0, 8: 0, 9: 0, 10: 0, 11: 0, 12: 0
DFA state visits cumulative  : 1: 1098286, 2: 8432, 3: 21, 4: 675, 5: 150, 6: 2583, 7: 0, 8: 0, 9: 0, 10: 0, 11: 0, 12: 0
DFA state entries in window  : 1: 100, 2: 0, 3: 0, 4: 0, 5: 0, 6: 0, 7: 0, 8: 0, 9: 0, 10: 0, 11: 0, 12: 0
DFA state entries cumulative : 1: 5600, 2: 207, 3: 21, 4: 25, 5: 4, 6: 130, 7: 0, 8: 0, 9: 0, 10: 0, 11: 0, 12: 0
transitions cumulative       : 1->2: 206, 2->3: 20, 2->4: 1, 2->6: 130, 4->3: 1, 4->5: 4, 6->2: 1, 6->4: 24
accepted directly from s0    : 0
Gym endings cumulative       : terminated=5388, truncated=192

[Episode 5700/10000 | last 100]
success rate                : 0.0% (cumulative 0.0%)
failure rate                : 1.0% (cumulative 0.4%)
completed cycles / episode  : 0.000
synthetic task reward       : 0.000
shaping reward              : 0.000
learning reward             : 0.000
episode length              : 102.4
abstract changes / episode  : 46.5
same abstract-state steps   : 54.6%
same-state shaping / episode: 0.000
changed-state shaping / ep. : 0.000
terminal shaping / episode  : 0.000
DFA transitions / episode   : 0.03
DFA transitions in window   : 1->2: 2, 2->3: 1
epsilon (next episode)       : 0.10224
replay buffer                : 300000 samples [1: 99.6%, 2: 0.3%, 3: 0.0%, 4: 0.0%, 5: 0.0%, 6: 0.1%, 7: 0.0%, 8: 0.0%, 9: 0.0%, 10: 0.0%, 11: 0.0%, 12: 0.0%]
DFA state visits in window   : 1: 10285, 2: 57, 3: 1, 4: 0, 5: 0, 6: 0, 7: 0, 8: 0, 9: 0, 10: 0, 11: 0, 12: 0
DFA state visits cumulative  : 1: 1108571, 2: 8489, 3: 22, 4: 675, 5: 150, 6: 2583, 7: 0, 8: 0, 9: 0, 10: 0, 11: 0, 12: 0
DFA state entries in window  : 1: 100, 2: 2, 3: 1, 4: 0, 5: 0, 6: 0, 7: 0, 8: 0, 9: 0, 10: 0, 11: 0, 12: 0
DFA state entries cumulative : 1: 5700, 2: 209, 3: 22, 4: 25, 5: 4, 6: 130, 7: 0, 8: 0, 9: 0, 10: 0, 11: 0, 12: 0
transitions cumulative       : 1->2: 208, 2->3: 21, 2->4: 1, 2->6: 130, 4->3: 1, 4->5: 4, 6->2: 1, 6->4: 24
accepted directly from s0    : 0
Gym endings cumulative       : terminated=5487, truncated=192

[Episode 5800/10000 | last 100]
success rate                : 0.0% (cumulative 0.0%)
failure rate                : 0.0% (cumulative 0.4%)
completed cycles / episode  : 0.000
synthetic task reward       : 0.000
shaping reward              : 0.000
learning reward             : 0.000
episode length              : 108.8
abstract changes / episode  : 42.5
same abstract-state steps   : 61.0%
same-state shaping / episode: 0.000
changed-state shaping / ep. : 0.000
terminal shaping / episode  : 0.000
DFA transitions / episode   : 0.07
DFA transitions in window   : 1->2: 4, 2->6: 3
epsilon (next episode)       : 0.09823
replay buffer                : 300000 samples [1: 99.6%, 2: 0.3%, 3: 0.0%, 4: 0.0%, 5: 0.0%, 6: 0.1%, 7: 0.0%, 8: 0.0%, 9: 0.0%, 10: 0.0%, 11: 0.0%, 12: 0.0%]
DFA state visits in window   : 1: 10905, 2: 56, 3: 0, 4: 0, 5: 0, 6: 18, 7: 0, 8: 0, 9: 0, 10: 0, 11: 0, 12: 0
DFA state visits cumulative  : 1: 1119476, 2: 8545, 3: 22, 4: 675, 5: 150, 6: 2601, 7: 0, 8: 0, 9: 0, 10: 0, 11: 0, 12: 0
DFA state entries in window  : 1: 100, 2: 4, 3: 0, 4: 0, 5: 0, 6: 3, 7: 0, 8: 0, 9: 0, 10: 0, 11: 0, 12: 0
DFA state entries cumulative : 1: 5800, 2: 213, 3: 22, 4: 25, 5: 4, 6: 133, 7: 0, 8: 0, 9: 0, 10: 0, 11: 0, 12: 0
transitions cumulative       : 1->2: 212, 2->3: 21, 2->4: 1, 2->6: 133, 4->3: 1, 4->5: 4, 6->2: 1, 6->4: 24
accepted directly from s0    : 0
Gym endings cumulative       : terminated=5587, truncated=192

[Episode 5900/10000 | last 100]
success rate                : 0.0% (cumulative 0.0%)
failure rate                : 0.0% (cumulative 0.4%)
completed cycles / episode  : 0.000
synthetic task reward       : 0.000
shaping reward              : 0.000
learning reward             : 0.000
episode length              : 119.2
abstract changes / episode  : 37.6
same abstract-state steps   : 68.5%
same-state shaping / episode: 0.000
changed-state shaping / ep. : 0.000
terminal shaping / episode  : 0.000
DFA transitions / episode   : 0.00
DFA transitions in window   : none
epsilon (next episode)       : 0.09438
replay buffer                : 300000 samples [1: 99.6%, 2: 0.3%, 3: 0.0%, 4: 0.0%, 5: 0.0%, 6: 0.1%, 7: 0.0%, 8: 0.0%, 9: 0.0%, 10: 0.0%, 11: 0.0%, 12: 0.0%]
DFA state visits in window   : 1: 12024, 2: 0, 3: 0, 4: 0, 5: 0, 6: 0, 7: 0, 8: 0, 9: 0, 10: 0, 11: 0, 12: 0
DFA state visits cumulative  : 1: 1131500, 2: 8545, 3: 22, 4: 675, 5: 150, 6: 2601, 7: 0, 8: 0, 9: 0, 10: 0, 11: 0, 12: 0
DFA state entries in window  : 1: 100, 2: 0, 3: 0, 4: 0, 5: 0, 6: 0, 7: 0, 8: 0, 9: 0, 10: 0, 11: 0, 12: 0
DFA state entries cumulative : 1: 5900, 2: 213, 3: 22, 4: 25, 5: 4, 6: 133, 7: 0, 8: 0, 9: 0, 10: 0, 11: 0, 12: 0
transitions cumulative       : 1->2: 212, 2->3: 21, 2->4: 1, 2->6: 133, 4->3: 1, 4->5: 4, 6->2: 1, 6->4: 24
accepted directly from s0    : 0
Gym endings cumulative       : terminated=5687, truncated=192

[Episode 6000/10000 | last 100]
success rate                : 0.0% (cumulative 0.0%)
failure rate                : 0.0% (cumulative 0.4%)
completed cycles / episode  : 0.000
synthetic task reward       : 0.000
shaping reward              : 0.000
learning reward             : 0.000
episode length              : 109.6
abstract changes / episode  : 41.9
same abstract-state steps   : 61.8%
same-state shaping / episode: 0.000
changed-state shaping / ep. : 0.000
terminal shaping / episode  : 0.000
DFA transitions / episode   : 0.02
DFA transitions in window   : 1->2: 1, 2->6: 1
epsilon (next episode)       : 0.09067
replay buffer                : 300000 samples [1: 99.6%, 2: 0.3%, 3: 0.0%, 4: 0.0%, 5: 0.0%, 6: 0.1%, 7: 0.0%, 8: 0.0%, 9: 0.0%, 10: 0.0%, 11: 0.0%, 12: 0.0%]
DFA state visits in window   : 1: 11045, 2: 7, 3: 0, 4: 0, 5: 0, 6: 11, 7: 0, 8: 0, 9: 0, 10: 0, 11: 0, 12: 0
DFA state visits cumulative  : 1: 1142545, 2: 8552, 3: 22, 4: 675, 5: 150, 6: 2612, 7: 0, 8: 0, 9: 0, 10: 0, 11: 0, 12: 0
DFA state entries in window  : 1: 100, 2: 1, 3: 0, 4: 0, 5: 0, 6: 1, 7: 0, 8: 0, 9: 0, 10: 0, 11: 0, 12: 0
DFA state entries cumulative : 1: 6000, 2: 214, 3: 22, 4: 25, 5: 4, 6: 134, 7: 0, 8: 0, 9: 0, 10: 0, 11: 0, 12: 0
transitions cumulative       : 1->2: 213, 2->3: 21, 2->4: 1, 2->6: 134, 4->3: 1, 4->5: 4, 6->2: 1, 6->4: 24
accepted directly from s0    : 0
Gym endings cumulative       : terminated=5787, truncated=192

Starting autonomous greedy evaluation at episode 6000 (1000 fixed-seed episodes)...
[Greedy evaluation at episode 6000 | 1000 fixed-seed episodes]
success=0.0%, failure=0.0%, task reward=0.000, length=121.9
DFA transitions: 1->2: 3, 2->6: 2

[Episode 6100/10000 | last 100]
success rate                : 0.0% (cumulative 0.0%)
failure rate                : 0.0% (cumulative 0.4%)
completed cycles / episode  : 0.000
synthetic task reward       : 0.000
shaping reward              : 0.000
learning reward             : 0.000
episode length              : 313.8
abstract changes / episode  : 49.4
same abstract-state steps   : 84.3%
same-state shaping / episode: 0.000
changed-state shaping / ep. : 0.000
terminal shaping / episode  : 0.000
DFA transitions / episode   : 0.02
DFA transitions in window   : 1->2: 1, 2->6: 1
epsilon (next episode)       : 0.08712
replay buffer                : 300000 samples [1: 99.6%, 2: 0.3%, 3: 0.0%, 4: 0.0%, 5: 0.0%, 6: 0.1%, 7: 0.0%, 8: 0.0%, 9: 0.0%, 10: 0.0%, 11: 0.0%, 12: 0.0%]
DFA state visits in window   : 1: 31458, 2: 6, 3: 0, 4: 0, 5: 0, 6: 11, 7: 0, 8: 0, 9: 0, 10: 0, 11: 0, 12: 0
DFA state visits cumulative  : 1: 1174003, 2: 8558, 3: 22, 4: 675, 5: 150, 6: 2623, 7: 0, 8: 0, 9: 0, 10: 0, 11: 0, 12: 0
DFA state entries in window  : 1: 100, 2: 1, 3: 0, 4: 0, 5: 0, 6: 1, 7: 0, 8: 0, 9: 0, 10: 0, 11: 0, 12: 0
DFA state entries cumulative : 1: 6100, 2: 215, 3: 22, 4: 25, 5: 4, 6: 135, 7: 0, 8: 0, 9: 0, 10: 0, 11: 0, 12: 0
transitions cumulative       : 1->2: 214, 2->3: 21, 2->4: 1, 2->6: 135, 4->3: 1, 4->5: 4, 6->2: 1, 6->4: 24
accepted directly from s0    : 0
Gym endings cumulative       : terminated=5882, truncated=197

[Episode 6200/10000 | last 100]
success rate                : 0.0% (cumulative 0.0%)
failure rate                : 0.0% (cumulative 0.4%)
completed cycles / episode  : 0.000
synthetic task reward       : 0.000
shaping reward              : 0.000
learning reward             : 0.000
episode length              : 600.9
abstract changes / episode  : 45.4
same abstract-state steps   : 92.4%
same-state shaping / episode: 0.000
changed-state shaping / ep. : 0.000
terminal shaping / episode  : 0.000
DFA transitions / episode   : 0.02
DFA transitions in window   : 1->2: 1, 2->6: 1
epsilon (next episode)       : 0.08370
replay buffer                : 300000 samples [1: 99.7%, 2: 0.2%, 3: 0.0%, 4: 0.0%, 5: 0.0%, 6: 0.1%, 7: 0.0%, 8: 0.0%, 9: 0.0%, 10: 0.0%, 11: 0.0%, 12: 0.0%]
DFA state visits in window   : 1: 60140, 2: 37, 3: 0, 4: 0, 5: 0, 6: 16, 7: 0, 8: 0, 9: 0, 10: 0, 11: 0, 12: 0
DFA state visits cumulative  : 1: 1234143, 2: 8595, 3: 22, 4: 675, 5: 150, 6: 2639, 7: 0, 8: 0, 9: 0, 10: 0, 11: 0, 12: 0
DFA state entries in window  : 1: 100, 2: 1, 3: 0, 4: 0, 5: 0, 6: 1, 7: 0, 8: 0, 9: 0, 10: 0, 11: 0, 12: 0
DFA state entries cumulative : 1: 6200, 2: 216, 3: 22, 4: 25, 5: 4, 6: 136, 7: 0, 8: 0, 9: 0, 10: 0, 11: 0, 12: 0
transitions cumulative       : 1->2: 215, 2->3: 21, 2->4: 1, 2->6: 136, 4->3: 1, 4->5: 4, 6->2: 1, 6->4: 24
accepted directly from s0    : 0
Gym endings cumulative       : terminated=5945, truncated=234

[Episode 6300/10000 | last 100]
success rate                : 0.0% (cumulative 0.0%)
failure rate                : 0.0% (cumulative 0.3%)
completed cycles / episode  : 0.000
synthetic task reward       : 0.000
shaping reward              : 0.000
learning reward             : 0.000
episode length              : 269.6
abstract changes / episode  : 51.5
same abstract-state steps   : 80.9%
same-state shaping / episode: 0.000
changed-state shaping / ep. : 0.000
terminal shaping / episode  : 0.000
DFA transitions / episode   : 0.00
DFA transitions in window   : none
epsilon (next episode)       : 0.08042
replay buffer                : 300000 samples [1: 99.7%, 2: 0.2%, 3: 0.0%, 4: 0.0%, 5: 0.0%, 6: 0.1%, 7: 0.0%, 8: 0.0%, 9: 0.0%, 10: 0.0%, 11: 0.0%, 12: 0.0%]
DFA state visits in window   : 1: 27058, 2: 0, 3: 0, 4: 0, 5: 0, 6: 0, 7: 0, 8: 0, 9: 0, 10: 0, 11: 0, 12: 0
DFA state visits cumulative  : 1: 1261201, 2: 8595, 3: 22, 4: 675, 5: 150, 6: 2639, 7: 0, 8: 0, 9: 0, 10: 0, 11: 0, 12: 0
DFA state entries in window  : 1: 100, 2: 0, 3: 0, 4: 0, 5: 0, 6: 0, 7: 0, 8: 0, 9: 0, 10: 0, 11: 0, 12: 0
DFA state entries cumulative : 1: 6300, 2: 216, 3: 22, 4: 25, 5: 4, 6: 136, 7: 0, 8: 0, 9: 0, 10: 0, 11: 0, 12: 0
transitions cumulative       : 1->2: 215, 2->3: 21, 2->4: 1, 2->6: 136, 4->3: 1, 4->5: 4, 6->2: 1, 6->4: 24
accepted directly from s0    : 0
Gym endings cumulative       : terminated=6034, truncated=245

[Episode 6400/10000 | last 100]
success rate                : 0.0% (cumulative 0.0%)
failure rate                : 0.0% (cumulative 0.3%)
completed cycles / episode  : 0.000
synthetic task reward       : 0.000
shaping reward              : 0.000
learning reward             : 0.000
episode length              : 233.9
abstract changes / episode  : 36.8
same abstract-state steps   : 84.3%
same-state shaping / episode: 0.000
changed-state shaping / ep. : 0.000
terminal shaping / episode  : 0.000
DFA transitions / episode   : 0.00
DFA transitions in window   : none
epsilon (next episode)       : 0.07727
replay buffer                : 300000 samples [1: 99.8%, 2: 0.2%, 3: 0.0%, 4: 0.0%, 5: 0.0%, 6: 0.1%, 7: 0.0%, 8: 0.0%, 9: 0.0%, 10: 0.0%, 11: 0.0%, 12: 0.0%]
DFA state visits in window   : 1: 23493, 2: 0, 3: 0, 4: 0, 5: 0, 6: 0, 7: 0, 8: 0, 9: 0, 10: 0, 11: 0, 12: 0
DFA state visits cumulative  : 1: 1284694, 2: 8595, 3: 22, 4: 675, 5: 150, 6: 2639, 7: 0, 8: 0, 9: 0, 10: 0, 11: 0, 12: 0
DFA state entries in window  : 1: 100, 2: 0, 3: 0, 4: 0, 5: 0, 6: 0, 7: 0, 8: 0, 9: 0, 10: 0, 11: 0, 12: 0
DFA state entries cumulative : 1: 6400, 2: 216, 3: 22, 4: 25, 5: 4, 6: 136, 7: 0, 8: 0, 9: 0, 10: 0, 11: 0, 12: 0
transitions cumulative       : 1->2: 215, 2->3: 21, 2->4: 1, 2->6: 136, 4->3: 1, 4->5: 4, 6->2: 1, 6->4: 24
accepted directly from s0    : 0
Gym endings cumulative       : terminated=6134, truncated=245

[Episode 6500/10000 | last 100]
success rate                : 0.0% (cumulative 0.0%)
failure rate                : 0.0% (cumulative 0.3%)
completed cycles / episode  : 0.000
synthetic task reward       : 0.000
shaping reward              : 0.000
learning reward             : 0.000
episode length              : 404.3
abstract changes / episode  : 53.8
same abstract-state steps   : 86.7%
same-state shaping / episode: 0.000
changed-state shaping / ep. : 0.000
terminal shaping / episode  : 0.000
DFA transitions / episode   : 0.01
DFA transitions in window   : 1->2: 1
epsilon (next episode)       : 0.07423
replay buffer                : 300000 samples [1: 99.8%, 2: 0.1%, 3: 0.0%, 4: 0.0%, 5: 0.0%, 6: 0.0%, 7: 0.0%, 8: 0.0%, 9: 0.0%, 10: 0.0%, 11: 0.0%, 12: 0.0%]
DFA state visits in window   : 1: 40492, 2: 40, 3: 0, 4: 0, 5: 0, 6: 0, 7: 0, 8: 0, 9: 0, 10: 0, 11: 0, 12: 0
DFA state visits cumulative  : 1: 1325186, 2: 8635, 3: 22, 4: 675, 5: 150, 6: 2639, 7: 0, 8: 0, 9: 0, 10: 0, 11: 0, 12: 0
DFA state entries in window  : 1: 100, 2: 1, 3: 0, 4: 0, 5: 0, 6: 0, 7: 0, 8: 0, 9: 0, 10: 0, 11: 0, 12: 0
DFA state entries cumulative : 1: 6500, 2: 217, 3: 22, 4: 25, 5: 4, 6: 136, 7: 0, 8: 0, 9: 0, 10: 0, 11: 0, 12: 0
transitions cumulative       : 1->2: 216, 2->3: 21, 2->4: 1, 2->6: 136, 4->3: 1, 4->5: 4, 6->2: 1, 6->4: 24
accepted directly from s0    : 0
Gym endings cumulative       : terminated=6232, truncated=247

Starting autonomous greedy evaluation at episode 6500 (1000 fixed-seed episodes)...
[Greedy evaluation at episode 6500 | 1000 fixed-seed episodes]
success=0.0%, failure=0.0%, task reward=0.000, length=179.8
DFA transitions: 1->2: 1

[Episode 6600/10000 | last 100]
success rate                : 0.0% (cumulative 0.0%)
failure rate                : 0.0% (cumulative 0.3%)
completed cycles / episode  : 0.000
synthetic task reward       : 0.000
shaping reward              : 0.000
learning reward             : 0.000
episode length              : 215.7
abstract changes / episode  : 39.2
same abstract-state steps   : 81.8%
same-state shaping / episode: 0.000
changed-state shaping / ep. : 0.000
terminal shaping / episode  : 0.000
DFA transitions / episode   : 0.01
DFA transitions in window   : 1->2: 1
epsilon (next episode)       : 0.07132
replay buffer                : 300000 samples [1: 99.9%, 2: 0.1%, 3: 0.0%, 4: 0.0%, 5: 0.0%, 6: 0.0%, 7: 0.0%, 8: 0.0%, 9: 0.0%, 10: 0.0%, 11: 0.0%, 12: 0.0%]
DFA state visits in window   : 1: 21657, 2: 16, 3: 0, 4: 0, 5: 0, 6: 0, 7: 0, 8: 0, 9: 0, 10: 0, 11: 0, 12: 0
DFA state visits cumulative  : 1: 1346843, 2: 8651, 3: 22, 4: 675, 5: 150, 6: 2639, 7: 0, 8: 0, 9: 0, 10: 0, 11: 0, 12: 0
DFA state entries in window  : 1: 100, 2: 1, 3: 0, 4: 0, 5: 0, 6: 0, 7: 0, 8: 0, 9: 0, 10: 0, 11: 0, 12: 0
DFA state entries cumulative : 1: 6600, 2: 218, 3: 22, 4: 25, 5: 4, 6: 136, 7: 0, 8: 0, 9: 0, 10: 0, 11: 0, 12: 0
transitions cumulative       : 1->2: 217, 2->3: 21, 2->4: 1, 2->6: 136, 4->3: 1, 4->5: 4, 6->2: 1, 6->4: 24
accepted directly from s0    : 0
Gym endings cumulative       : terminated=6332, truncated=247

[Episode 6700/10000 | last 100]
success rate                : 0.0% (cumulative 0.0%)
failure rate                : 0.0% (cumulative 0.3%)
completed cycles / episode  : 0.000
synthetic task reward       : 0.000
shaping reward              : 0.000
learning reward             : 0.000
episode length              : 288.7
abstract changes / episode  : 46.7
same abstract-state steps   : 83.8%
same-state shaping / episode: 0.000
changed-state shaping / ep. : 0.000
terminal shaping / episode  : 0.000
DFA transitions / episode   : 0.00
DFA transitions in window   : none
epsilon (next episode)       : 0.06853
replay buffer                : 300000 samples [1: 99.9%, 2: 0.1%, 3: 0.0%, 4: 0.0%, 5: 0.0%, 6: 0.0%, 7: 0.0%, 8: 0.0%, 9: 0.0%, 10: 0.0%, 11: 0.0%, 12: 0.0%]
DFA state visits in window   : 1: 28967, 2: 0, 3: 0, 4: 0, 5: 0, 6: 0, 7: 0, 8: 0, 9: 0, 10: 0, 11: 0, 12: 0
DFA state visits cumulative  : 1: 1375810, 2: 8651, 3: 22, 4: 675, 5: 150, 6: 2639, 7: 0, 8: 0, 9: 0, 10: 0, 11: 0, 12: 0
DFA state entries in window  : 1: 100, 2: 0, 3: 0, 4: 0, 5: 0, 6: 0, 7: 0, 8: 0, 9: 0, 10: 0, 11: 0, 12: 0
DFA state entries cumulative : 1: 6700, 2: 218, 3: 22, 4: 25, 5: 4, 6: 136, 7: 0, 8: 0, 9: 0, 10: 0, 11: 0, 12: 0
transitions cumulative       : 1->2: 217, 2->3: 21, 2->4: 1, 2->6: 136, 4->3: 1, 4->5: 4, 6->2: 1, 6->4: 24
accepted directly from s0    : 0
Gym endings cumulative       : terminated=6427, truncated=252

[Episode 6800/10000 | last 100]
success rate                : 0.0% (cumulative 0.0%)
failure rate                : 0.0% (cumulative 0.3%)
completed cycles / episode  : 0.000
synthetic task reward       : 0.000
shaping reward              : 0.000
learning reward             : 0.000
episode length              : 200.9
abstract changes / episode  : 48.3
same abstract-state steps   : 76.0%
same-state shaping / episode: 0.000
changed-state shaping / ep. : 0.000
terminal shaping / episode  : 0.000
DFA transitions / episode   : 0.04
DFA transitions in window   : 1->2: 4
epsilon (next episode)       : 0.06584
replay buffer                : 300000 samples [1: 99.9%, 2: 0.1%, 3: 0.0%, 4: 0.0%, 5: 0.0%, 6: 0.0%, 7: 0.0%, 8: 0.0%, 9: 0.0%, 10: 0.0%, 11: 0.0%, 12: 0.0%]
DFA state visits in window   : 1: 20166, 2: 29, 3: 0, 4: 0, 5: 0, 6: 0, 7: 0, 8: 0, 9: 0, 10: 0, 11: 0, 12: 0
DFA state visits cumulative  : 1: 1395976, 2: 8680, 3: 22, 4: 675, 5: 150, 6: 2639, 7: 0, 8: 0, 9: 0, 10: 0, 11: 0, 12: 0
DFA state entries in window  : 1: 100, 2: 4, 3: 0, 4: 0, 5: 0, 6: 0, 7: 0, 8: 0, 9: 0, 10: 0, 11: 0, 12: 0
DFA state entries cumulative : 1: 6800, 2: 222, 3: 22, 4: 25, 5: 4, 6: 136, 7: 0, 8: 0, 9: 0, 10: 0, 11: 0, 12: 0
transitions cumulative       : 1->2: 221, 2->3: 21, 2->4: 1, 2->6: 136, 4->3: 1, 4->5: 4, 6->2: 1, 6->4: 24
accepted directly from s0    : 0
Gym endings cumulative       : terminated=6527, truncated=252

[Episode 6900/10000 | last 100]
success rate                : 0.0% (cumulative 0.0%)
failure rate                : 1.0% (cumulative 0.3%)
completed cycles / episode  : 0.000
synthetic task reward       : 0.000
shaping reward              : 0.000
learning reward             : 0.000
episode length              : 219.9
abstract changes / episode  : 54.2
same abstract-state steps   : 75.3%
same-state shaping / episode: 0.000
changed-state shaping / ep. : 0.000
terminal shaping / episode  : 0.000
DFA transitions / episode   : 0.02
DFA transitions in window   : 1->2: 1, 2->3: 1
epsilon (next episode)       : 0.06326
replay buffer                : 300000 samples [1: 99.9%, 2: 0.1%, 3: 0.0%, 4: 0.0%, 5: 0.0%, 6: 0.0%, 7: 0.0%, 8: 0.0%, 9: 0.0%, 10: 0.0%, 11: 0.0%, 12: 0.0%]
DFA state visits in window   : 1: 21998, 2: 90, 3: 1, 4: 0, 5: 0, 6: 0, 7: 0, 8: 0, 9: 0, 10: 0, 11: 0, 12: 0
DFA state visits cumulative  : 1: 1417974, 2: 8770, 3: 23, 4: 675, 5: 150, 6: 2639, 7: 0, 8: 0, 9: 0, 10: 0, 11: 0, 12: 0
DFA state entries in window  : 1: 100, 2: 1, 3: 1, 4: 0, 5: 0, 6: 0, 7: 0, 8: 0, 9: 0, 10: 0, 11: 0, 12: 0
DFA state entries cumulative : 1: 6900, 2: 223, 3: 23, 4: 25, 5: 4, 6: 136, 7: 0, 8: 0, 9: 0, 10: 0, 11: 0, 12: 0
transitions cumulative       : 1->2: 222, 2->3: 22, 2->4: 1, 2->6: 136, 4->3: 1, 4->5: 4, 6->2: 1, 6->4: 24
accepted directly from s0    : 0
Gym endings cumulative       : terminated=6626, truncated=252

[Episode 7000/10000 | last 100]
success rate                : 0.0% (cumulative 0.0%)
failure rate                : 0.0% (cumulative 0.3%)
completed cycles / episode  : 0.000
synthetic task reward       : 0.000
shaping reward              : 0.000
learning reward             : 0.000
episode length              : 99.6
abstract changes / episode  : 49.6
same abstract-state steps   : 50.2%
same-state shaping / episode: 0.000
changed-state shaping / ep. : 0.000
terminal shaping / episode  : 0.000
DFA transitions / episode   : 0.00
DFA transitions in window   : none
epsilon (next episode)       : 0.06078
replay buffer                : 300000 samples [1: 99.9%, 2: 0.1%, 3: 0.0%, 4: 0.0%, 5: 0.0%, 6: 0.0%, 7: 0.0%, 8: 0.0%, 9: 0.0%, 10: 0.0%, 11: 0.0%, 12: 0.0%]
DFA state visits in window   : 1: 10062, 2: 0, 3: 0, 4: 0, 5: 0, 6: 0, 7: 0, 8: 0, 9: 0, 10: 0, 11: 0, 12: 0
DFA state visits cumulative  : 1: 1428036, 2: 8770, 3: 23, 4: 675, 5: 150, 6: 2639, 7: 0, 8: 0, 9: 0, 10: 0, 11: 0, 12: 0
DFA state entries in window  : 1: 100, 2: 0, 3: 0, 4: 0, 5: 0, 6: 0, 7: 0, 8: 0, 9: 0, 10: 0, 11: 0, 12: 0
DFA state entries cumulative : 1: 7000, 2: 223, 3: 23, 4: 25, 5: 4, 6: 136, 7: 0, 8: 0, 9: 0, 10: 0, 11: 0, 12: 0
transitions cumulative       : 1->2: 222, 2->3: 22, 2->4: 1, 2->6: 136, 4->3: 1, 4->5: 4, 6->2: 1, 6->4: 24
accepted directly from s0    : 0
Gym endings cumulative       : terminated=6726, truncated=252

Starting autonomous greedy evaluation at episode 7000 (1000 fixed-seed episodes)...
[Greedy evaluation at episode 7000 | 1000 fixed-seed episodes]
success=0.0%, failure=0.0%, task reward=0.000, length=99.3
DFA transitions: none

[Episode 7100/10000 | last 100]
success rate                : 0.0% (cumulative 0.0%)
failure rate                : 0.0% (cumulative 0.3%)
completed cycles / episode  : 0.000
synthetic task reward       : 0.000
shaping reward              : 0.000
learning reward             : 0.000
episode length              : 150.7
abstract changes / episode  : 55.9
same abstract-state steps   : 62.9%
same-state shaping / episode: 0.000
changed-state shaping / ep. : 0.000
terminal shaping / episode  : 0.000
DFA transitions / episode   : 0.01
DFA transitions in window   : 1->2: 1
epsilon (next episode)       : 0.05839
replay buffer                : 300000 samples [1: 99.9%, 2: 0.1%, 3: 0.0%, 4: 0.0%, 5: 0.0%, 6: 0.0%, 7: 0.0%, 8: 0.0%, 9: 0.0%, 10: 0.0%, 11: 0.0%, 12: 0.0%]
DFA state visits in window   : 1: 15139, 2: 32, 3: 0, 4: 0, 5: 0, 6: 0, 7: 0, 8: 0, 9: 0, 10: 0, 11: 0, 12: 0
DFA state visits cumulative  : 1: 1443175, 2: 8802, 3: 23, 4: 675, 5: 150, 6: 2639, 7: 0, 8: 0, 9: 0, 10: 0, 11: 0, 12: 0
DFA state entries in window  : 1: 100, 2: 1, 3: 0, 4: 0, 5: 0, 6: 0, 7: 0, 8: 0, 9: 0, 10: 0, 11: 0, 12: 0
DFA state entries cumulative : 1: 7100, 2: 224, 3: 23, 4: 25, 5: 4, 6: 136, 7: 0, 8: 0, 9: 0, 10: 0, 11: 0, 12: 0
transitions cumulative       : 1->2: 223, 2->3: 22, 2->4: 1, 2->6: 136, 4->3: 1, 4->5: 4, 6->2: 1, 6->4: 24
accepted directly from s0    : 0
Gym endings cumulative       : terminated=6825, truncated=253

[Episode 7200/10000 | last 100]
success rate                : 0.0% (cumulative 0.0%)
failure rate                : 8.0% (cumulative 0.4%)
completed cycles / episode  : 0.000
synthetic task reward       : 0.000
shaping reward              : 0.000
learning reward             : 0.000
episode length              : 285.8
abstract changes / episode  : 61.7
same abstract-state steps   : 78.4%
same-state shaping / episode: 0.000
changed-state shaping / ep. : 0.000
terminal shaping / episode  : 0.000
DFA transitions / episode   : 0.24
DFA transitions in window   : 1->2: 12, 2->3: 8, 2->4: 2, 2->6: 1, 6->4: 1
epsilon (next episode)       : 0.05610
replay buffer                : 300000 samples [1: 99.7%, 2: 0.2%, 3: 0.0%, 4: 0.0%, 5: 0.0%, 6: 0.0%, 7: 0.0%, 8: 0.0%, 9: 0.0%, 10: 0.0%, 11: 0.0%, 12: 0.0%]
DFA state visits in window   : 1: 28081, 2: 511, 3: 8, 4: 75, 5: 0, 6: 1, 7: 0, 8: 0, 9: 0, 10: 0, 11: 0, 12: 0
DFA state visits cumulative  : 1: 1471256, 2: 9313, 3: 31, 4: 750, 5: 150, 6: 2640, 7: 0, 8: 0, 9: 0, 10: 0, 11: 0, 12: 0
DFA state entries in window  : 1: 100, 2: 12, 3: 8, 4: 3, 5: 0, 6: 1, 7: 0, 8: 0, 9: 0, 10: 0, 11: 0, 12: 0
DFA state entries cumulative : 1: 7200, 2: 236, 3: 31, 4: 28, 5: 4, 6: 137, 7: 0, 8: 0, 9: 0, 10: 0, 11: 0, 12: 0
transitions cumulative       : 1->2: 235, 2->3: 30, 2->4: 3, 2->6: 137, 4->3: 1, 4->5: 4, 6->2: 1, 6->4: 25
accepted directly from s0    : 0
Gym endings cumulative       : terminated=6916, truncated=254

[Episode 7300/10000 | last 100]
success rate                : 0.0% (cumulative 0.0%)
failure rate                : 0.0% (cumulative 0.4%)
completed cycles / episode  : 0.000
synthetic task reward       : 0.000
shaping reward              : 0.000
learning reward             : 0.000
episode length              : 233.0
abstract changes / episode  : 43.9
same abstract-state steps   : 81.2%
same-state shaping / episode: 0.000
changed-state shaping / ep. : 0.000
terminal shaping / episode  : 0.000
DFA transitions / episode   : 0.19
DFA transitions in window   : 1->2: 19
epsilon (next episode)       : 0.05390
replay buffer                : 300000 samples [1: 99.5%, 2: 0.5%, 3: 0.0%, 4: 0.0%, 5: 0.0%, 6: 0.0%, 7: 0.0%, 8: 0.0%, 9: 0.0%, 10: 0.0%, 11: 0.0%, 12: 0.0%]
DFA state visits in window   : 1: 22595, 2: 807, 3: 0, 4: 0, 5: 0, 6: 0, 7: 0, 8: 0, 9: 0, 10: 0, 11: 0, 12: 0
DFA state visits cumulative  : 1: 1493851, 2: 10120, 3: 31, 4: 750, 5: 150, 6: 2640, 7: 0, 8: 0, 9: 0, 10: 0, 11: 0, 12: 0
DFA state entries in window  : 1: 100, 2: 19, 3: 0, 4: 0, 5: 0, 6: 0, 7: 0, 8: 0, 9: 0, 10: 0, 11: 0, 12: 0
DFA state entries cumulative : 1: 7300, 2: 255, 3: 31, 4: 28, 5: 4, 6: 137, 7: 0, 8: 0, 9: 0, 10: 0, 11: 0, 12: 0
transitions cumulative       : 1->2: 254, 2->3: 30, 2->4: 3, 2->6: 137, 4->3: 1, 4->5: 4, 6->2: 1, 6->4: 25
accepted directly from s0    : 0
Gym endings cumulative       : terminated=7016, truncated=254

[Episode 7400/10000 | last 100]
success rate                : 0.0% (cumulative 0.0%)
failure rate                : 0.0% (cumulative 0.4%)
completed cycles / episode  : 0.000
synthetic task reward       : 0.000
shaping reward              : 0.000
learning reward             : 0.000
episode length              : 276.0
abstract changes / episode  : 59.9
same abstract-state steps   : 78.3%
same-state shaping / episode: 0.000
changed-state shaping / ep. : 0.000
terminal shaping / episode  : 0.000
DFA transitions / episode   : 0.08
DFA transitions in window   : 1->2: 8
epsilon (next episode)       : 0.05179
replay buffer                : 300000 samples [1: 99.4%, 2: 0.6%, 3: 0.0%, 4: 0.0%, 5: 0.0%, 6: 0.0%, 7: 0.0%, 8: 0.0%, 9: 0.0%, 10: 0.0%, 11: 0.0%, 12: 0.0%]
DFA state visits in window   : 1: 27536, 2: 165, 3: 0, 4: 0, 5: 0, 6: 0, 7: 0, 8: 0, 9: 0, 10: 0, 11: 0, 12: 0
DFA state visits cumulative  : 1: 1521387, 2: 10285, 3: 31, 4: 750, 5: 150, 6: 2640, 7: 0, 8: 0, 9: 0, 10: 0, 11: 0, 12: 0
DFA state entries in window  : 1: 100, 2: 8, 3: 0, 4: 0, 5: 0, 6: 0, 7: 0, 8: 0, 9: 0, 10: 0, 11: 0, 12: 0
DFA state entries cumulative : 1: 7400, 2: 263, 3: 31, 4: 28, 5: 4, 6: 137, 7: 0, 8: 0, 9: 0, 10: 0, 11: 0, 12: 0
transitions cumulative       : 1->2: 262, 2->3: 30, 2->4: 3, 2->6: 137, 4->3: 1, 4->5: 4, 6->2: 1, 6->4: 25
accepted directly from s0    : 0
Gym endings cumulative       : terminated=7116, truncated=254

[Episode 7500/10000 | last 100]
success rate                : 0.0% (cumulative 0.0%)
failure rate                : 0.0% (cumulative 0.4%)
completed cycles / episode  : 0.000
synthetic task reward       : 0.000
shaping reward              : 0.000
learning reward             : 0.000
episode length              : 313.0
abstract changes / episode  : 64.7
same abstract-state steps   : 79.3%
same-state shaping / episode: 0.000
changed-state shaping / ep. : 0.000
terminal shaping / episode  : 0.000
DFA transitions / episode   : 0.00
DFA transitions in window   : none
epsilon (next episode)       : 0.04976
replay buffer                : 300000 samples [1: 99.4%, 2: 0.6%, 3: 0.0%, 4: 0.0%, 5: 0.0%, 6: 0.0%, 7: 0.0%, 8: 0.0%, 9: 0.0%, 10: 0.0%, 11: 0.0%, 12: 0.0%]
DFA state visits in window   : 1: 31396, 2: 0, 3: 0, 4: 0, 5: 0, 6: 0, 7: 0, 8: 0, 9: 0, 10: 0, 11: 0, 12: 0
DFA state visits cumulative  : 1: 1552783, 2: 10285, 3: 31, 4: 750, 5: 150, 6: 2640, 7: 0, 8: 0, 9: 0, 10: 0, 11: 0, 12: 0
DFA state entries in window  : 1: 100, 2: 0, 3: 0, 4: 0, 5: 0, 6: 0, 7: 0, 8: 0, 9: 0, 10: 0, 11: 0, 12: 0
DFA state entries cumulative : 1: 7500, 2: 263, 3: 31, 4: 28, 5: 4, 6: 137, 7: 0, 8: 0, 9: 0, 10: 0, 11: 0, 12: 0
transitions cumulative       : 1->2: 262, 2->3: 30, 2->4: 3, 2->6: 137, 4->3: 1, 4->5: 4, 6->2: 1, 6->4: 25
accepted directly from s0    : 0
Gym endings cumulative       : terminated=7216, truncated=254

Starting autonomous greedy evaluation at episode 7500 (1000 fixed-seed episodes)...
[Greedy evaluation at episode 7500 | 1000 fixed-seed episodes]
success=0.0%, failure=0.0%, task reward=0.000, length=134.8
DFA transitions: none

[Episode 7600/10000 | last 100]
success rate                : 0.0% (cumulative 0.0%)
failure rate                : 0.0% (cumulative 0.4%)
completed cycles / episode  : 0.000
synthetic task reward       : 0.000
shaping reward              : 0.000
learning reward             : 0.000
episode length              : 134.3
abstract changes / episode  : 48.6
same abstract-state steps   : 63.8%
same-state shaping / episode: 0.000
changed-state shaping / ep. : 0.000
terminal shaping / episode  : 0.000
DFA transitions / episode   : 0.00
DFA transitions in window   : none
epsilon (next episode)       : 0.04781
replay buffer                : 300000 samples [1: 99.4%, 2: 0.6%, 3: 0.0%, 4: 0.0%, 5: 0.0%, 6: 0.0%, 7: 0.0%, 8: 0.0%, 9: 0.0%, 10: 0.0%, 11: 0.0%, 12: 0.0%]
DFA state visits in window   : 1: 13533, 2: 0, 3: 0, 4: 0, 5: 0, 6: 0, 7: 0, 8: 0, 9: 0, 10: 0, 11: 0, 12: 0
DFA state visits cumulative  : 1: 1566316, 2: 10285, 3: 31, 4: 750, 5: 150, 6: 2640, 7: 0, 8: 0, 9: 0, 10: 0, 11: 0, 12: 0
DFA state entries in window  : 1: 100, 2: 0, 3: 0, 4: 0, 5: 0, 6: 0, 7: 0, 8: 0, 9: 0, 10: 0, 11: 0, 12: 0
DFA state entries cumulative : 1: 7600, 2: 263, 3: 31, 4: 28, 5: 4, 6: 137, 7: 0, 8: 0, 9: 0, 10: 0, 11: 0, 12: 0
transitions cumulative       : 1->2: 262, 2->3: 30, 2->4: 3, 2->6: 137, 4->3: 1, 4->5: 4, 6->2: 1, 6->4: 25
accepted directly from s0    : 0
Gym endings cumulative       : terminated=7315, truncated=255

[Episode 7700/10000 | last 100]
success rate                : 0.0% (cumulative 0.0%)
failure rate                : 8.0% (cumulative 0.5%)
completed cycles / episode  : 0.000
synthetic task reward       : 0.000
shaping reward              : 0.000
learning reward             : 0.000
episode length              : 147.2
abstract changes / episode  : 46.2
same abstract-state steps   : 68.6%
same-state shaping / episode: 0.000
changed-state shaping / ep. : 0.000
terminal shaping / episode  : 0.000
DFA transitions / episode   : 0.20
DFA transitions in window   : 1->2: 9, 2->3: 8, 2->6: 1, 4->5: 1, 6->4: 1
epsilon (next episode)       : 0.04593
replay buffer                : 300000 samples [1: 99.3%, 2: 0.7%, 3: 0.0%, 4: 0.0%, 5: 0.0%, 6: 0.0%, 7: 0.0%, 8: 0.0%, 9: 0.0%, 10: 0.0%, 11: 0.0%, 12: 0.0%]
DFA state visits in window   : 1: 14321, 2: 415, 3: 8, 4: 40, 5: 16, 6: 16, 7: 0, 8: 0, 9: 0, 10: 0, 11: 0, 12: 0
DFA state visits cumulative  : 1: 1580637, 2: 10700, 3: 39, 4: 790, 5: 166, 6: 2656, 7: 0, 8: 0, 9: 0, 10: 0, 11: 0, 12: 0
DFA state entries in window  : 1: 100, 2: 9, 3: 8, 4: 1, 5: 1, 6: 1, 7: 0, 8: 0, 9: 0, 10: 0, 11: 0, 12: 0
DFA state entries cumulative : 1: 7700, 2: 272, 3: 39, 4: 29, 5: 5, 6: 138, 7: 0, 8: 0, 9: 0, 10: 0, 11: 0, 12: 0
transitions cumulative       : 1->2: 271, 2->3: 38, 2->4: 3, 2->6: 138, 4->3: 1, 4->5: 5, 6->2: 1, 6->4: 26
accepted directly from s0    : 0
Gym endings cumulative       : terminated=7407, truncated=255

[Episode 7800/10000 | last 100]
success rate                : 0.0% (cumulative 0.0%)
failure rate                : 0.0% (cumulative 0.5%)
completed cycles / episode  : 0.000
synthetic task reward       : 0.000
shaping reward              : 0.000
learning reward             : 0.000
episode length              : 150.2
abstract changes / episode  : 40.2
same abstract-state steps   : 73.2%
same-state shaping / episode: 0.000
changed-state shaping / ep. : 0.000
terminal shaping / episode  : 0.000
DFA transitions / episode   : 0.01
DFA transitions in window   : 1->2: 1
epsilon (next episode)       : 0.04413
replay buffer                : 300000 samples [1: 99.3%, 2: 0.7%, 3: 0.0%, 4: 0.0%, 5: 0.0%, 6: 0.0%, 7: 0.0%, 8: 0.0%, 9: 0.0%, 10: 0.0%, 11: 0.0%, 12: 0.0%]
DFA state visits in window   : 1: 15103, 2: 21, 3: 0, 4: 0, 5: 0, 6: 0, 7: 0, 8: 0, 9: 0, 10: 0, 11: 0, 12: 0
DFA state visits cumulative  : 1: 1595740, 2: 10721, 3: 39, 4: 790, 5: 166, 6: 2656, 7: 0, 8: 0, 9: 0, 10: 0, 11: 0, 12: 0
DFA state entries in window  : 1: 100, 2: 1, 3: 0, 4: 0, 5: 0, 6: 0, 7: 0, 8: 0, 9: 0, 10: 0, 11: 0, 12: 0
DFA state entries cumulative : 1: 7800, 2: 273, 3: 39, 4: 29, 5: 5, 6: 138, 7: 0, 8: 0, 9: 0, 10: 0, 11: 0, 12: 0
transitions cumulative       : 1->2: 272, 2->3: 38, 2->4: 3, 2->6: 138, 4->3: 1, 4->5: 5, 6->2: 1, 6->4: 26
accepted directly from s0    : 0
Gym endings cumulative       : terminated=7507, truncated=255

[Episode 7900/10000 | last 100]
success rate                : 0.0% (cumulative 0.0%)
failure rate                : 0.0% (cumulative 0.5%)
completed cycles / episode  : 0.000
synthetic task reward       : 0.000
shaping reward              : 0.000
learning reward             : 0.000
episode length              : 239.0
abstract changes / episode  : 46.6
same abstract-state steps   : 80.5%
same-state shaping / episode: 0.000
changed-state shaping / ep. : 0.000
terminal shaping / episode  : 0.000
DFA transitions / episode   : 0.00
DFA transitions in window   : none
epsilon (next episode)       : 0.04240
replay buffer                : 300000 samples [1: 99.3%, 2: 0.7%, 3: 0.0%, 4: 0.0%, 5: 0.0%, 6: 0.0%, 7: 0.0%, 8: 0.0%, 9: 0.0%, 10: 0.0%, 11: 0.0%, 12: 0.0%]
DFA state visits in window   : 1: 24002, 2: 0, 3: 0, 4: 0, 5: 0, 6: 0, 7: 0, 8: 0, 9: 0, 10: 0, 11: 0, 12: 0
DFA state visits cumulative  : 1: 1619742, 2: 10721, 3: 39, 4: 790, 5: 166, 6: 2656, 7: 0, 8: 0, 9: 0, 10: 0, 11: 0, 12: 0
DFA state entries in window  : 1: 100, 2: 0, 3: 0, 4: 0, 5: 0, 6: 0, 7: 0, 8: 0, 9: 0, 10: 0, 11: 0, 12: 0
DFA state entries cumulative : 1: 7900, 2: 273, 3: 39, 4: 29, 5: 5, 6: 138, 7: 0, 8: 0, 9: 0, 10: 0, 11: 0, 12: 0
transitions cumulative       : 1->2: 272, 2->3: 38, 2->4: 3, 2->6: 138, 4->3: 1, 4->5: 5, 6->2: 1, 6->4: 26
accepted directly from s0    : 0
Gym endings cumulative       : terminated=7607, truncated=255

[Episode 8000/10000 | last 100]
success rate                : 0.0% (cumulative 0.0%)
failure rate                : 0.0% (cumulative 0.5%)
completed cycles / episode  : 0.000
synthetic task reward       : 0.000
shaping reward              : 0.000
learning reward             : 0.000
episode length              : 200.4
abstract changes / episode  : 41.4
same abstract-state steps   : 79.4%
same-state shaping / episode: 0.000
changed-state shaping / ep. : 0.000
terminal shaping / episode  : 0.000
DFA transitions / episode   : 0.00
DFA transitions in window   : none
epsilon (next episode)       : 0.04074
replay buffer                : 300000 samples [1: 99.3%, 2: 0.7%, 3: 0.0%, 4: 0.0%, 5: 0.0%, 6: 0.0%, 7: 0.0%, 8: 0.0%, 9: 0.0%, 10: 0.0%, 11: 0.0%, 12: 0.0%]
DFA state visits in window   : 1: 20140, 2: 0, 3: 0, 4: 0, 5: 0, 6: 0, 7: 0, 8: 0, 9: 0, 10: 0, 11: 0, 12: 0
DFA state visits cumulative  : 1: 1639882, 2: 10721, 3: 39, 4: 790, 5: 166, 6: 2656, 7: 0, 8: 0, 9: 0, 10: 0, 11: 0, 12: 0
DFA state entries in window  : 1: 100, 2: 0, 3: 0, 4: 0, 5: 0, 6: 0, 7: 0, 8: 0, 9: 0, 10: 0, 11: 0, 12: 0
DFA state entries cumulative : 1: 8000, 2: 273, 3: 39, 4: 29, 5: 5, 6: 138, 7: 0, 8: 0, 9: 0, 10: 0, 11: 0, 12: 0
transitions cumulative       : 1->2: 272, 2->3: 38, 2->4: 3, 2->6: 138, 4->3: 1, 4->5: 5, 6->2: 1, 6->4: 26
accepted directly from s0    : 0
Gym endings cumulative       : terminated=7707, truncated=255

Starting autonomous greedy evaluation at episode 8000 (1000 fixed-seed episodes)...
[Greedy evaluation at episode 8000 | 1000 fixed-seed episodes]
success=0.0%, failure=0.0%, task reward=0.000, length=220.4
DFA transitions: none

[Episode 8100/10000 | last 100]
success rate                : 0.0% (cumulative 0.0%)
failure rate                : 0.0% (cumulative 0.5%)
completed cycles / episode  : 0.000
synthetic task reward       : 0.000
shaping reward              : 0.000
learning reward             : 0.000
episode length              : 143.1
abstract changes / episode  : 33.3
same abstract-state steps   : 76.7%
same-state shaping / episode: 0.000
changed-state shaping / ep. : 0.000
terminal shaping / episode  : 0.000
DFA transitions / episode   : 0.00
DFA transitions in window   : none
epsilon (next episode)       : 0.03914
replay buffer                : 300000 samples [1: 99.3%, 2: 0.7%, 3: 0.0%, 4: 0.0%, 5: 0.0%, 6: 0.0%, 7: 0.0%, 8: 0.0%, 9: 0.0%, 10: 0.0%, 11: 0.0%, 12: 0.0%]
DFA state visits in window   : 1: 14410, 2: 0, 3: 0, 4: 0, 5: 0, 6: 0, 7: 0, 8: 0, 9: 0, 10: 0, 11: 0, 12: 0
DFA state visits cumulative  : 1: 1654292, 2: 10721, 3: 39, 4: 790, 5: 166, 6: 2656, 7: 0, 8: 0, 9: 0, 10: 0, 11: 0, 12: 0
DFA state entries in window  : 1: 100, 2: 0, 3: 0, 4: 0, 5: 0, 6: 0, 7: 0, 8: 0, 9: 0, 10: 0, 11: 0, 12: 0
DFA state entries cumulative : 1: 8100, 2: 273, 3: 39, 4: 29, 5: 5, 6: 138, 7: 0, 8: 0, 9: 0, 10: 0, 11: 0, 12: 0
transitions cumulative       : 1->2: 272, 2->3: 38, 2->4: 3, 2->6: 138, 4->3: 1, 4->5: 5, 6->2: 1, 6->4: 26
accepted directly from s0    : 0
Gym endings cumulative       : terminated=7807, truncated=255

[Episode 8200/10000 | last 100]
success rate                : 0.0% (cumulative 0.0%)
failure rate                : 0.0% (cumulative 0.5%)
completed cycles / episode  : 0.000
synthetic task reward       : 0.000
shaping reward              : 0.000
learning reward             : 0.000
episode length              : 153.5
abstract changes / episode  : 38.2
same abstract-state steps   : 75.1%
same-state shaping / episode: 0.000
changed-state shaping / ep. : 0.000
terminal shaping / episode  : 0.000
DFA transitions / episode   : 0.00
DFA transitions in window   : none
epsilon (next episode)       : 0.03760
replay buffer                : 300000 samples [1: 99.3%, 2: 0.7%, 3: 0.0%, 4: 0.0%, 5: 0.0%, 6: 0.0%, 7: 0.0%, 8: 0.0%, 9: 0.0%, 10: 0.0%, 11: 0.0%, 12: 0.0%]
DFA state visits in window   : 1: 15447, 2: 0, 3: 0, 4: 0, 5: 0, 6: 0, 7: 0, 8: 0, 9: 0, 10: 0, 11: 0, 12: 0
DFA state visits cumulative  : 1: 1669739, 2: 10721, 3: 39, 4: 790, 5: 166, 6: 2656, 7: 0, 8: 0, 9: 0, 10: 0, 11: 0, 12: 0
DFA state entries in window  : 1: 100, 2: 0, 3: 0, 4: 0, 5: 0, 6: 0, 7: 0, 8: 0, 9: 0, 10: 0, 11: 0, 12: 0
DFA state entries cumulative : 1: 8200, 2: 273, 3: 39, 4: 29, 5: 5, 6: 138, 7: 0, 8: 0, 9: 0, 10: 0, 11: 0, 12: 0
transitions cumulative       : 1->2: 272, 2->3: 38, 2->4: 3, 2->6: 138, 4->3: 1, 4->5: 5, 6->2: 1, 6->4: 26
accepted directly from s0    : 0
Gym endings cumulative       : terminated=7907, truncated=255

[Episode 8300/10000 | last 100]
success rate                : 0.0% (cumulative 0.0%)
failure rate                : 0.0% (cumulative 0.5%)
completed cycles / episode  : 0.000
synthetic task reward       : 0.000
shaping reward              : 0.000
learning reward             : 0.000
episode length              : 119.7
abstract changes / episode  : 29.8
same abstract-state steps   : 75.1%
same-state shaping / episode: 0.000
changed-state shaping / ep. : 0.000
terminal shaping / episode  : 0.000
DFA transitions / episode   : 0.00
DFA transitions in window   : none
epsilon (next episode)       : 0.03613
replay buffer                : 300000 samples [1: 99.3%, 2: 0.7%, 3: 0.0%, 4: 0.0%, 5: 0.0%, 6: 0.0%, 7: 0.0%, 8: 0.0%, 9: 0.0%, 10: 0.0%, 11: 0.0%, 12: 0.0%]
DFA state visits in window   : 1: 12065, 2: 0, 3: 0, 4: 0, 5: 0, 6: 0, 7: 0, 8: 0, 9: 0, 10: 0, 11: 0, 12: 0
DFA state visits cumulative  : 1: 1681804, 2: 10721, 3: 39, 4: 790, 5: 166, 6: 2656, 7: 0, 8: 0, 9: 0, 10: 0, 11: 0, 12: 0
DFA state entries in window  : 1: 100, 2: 0, 3: 0, 4: 0, 5: 0, 6: 0, 7: 0, 8: 0, 9: 0, 10: 0, 11: 0, 12: 0
DFA state entries cumulative : 1: 8300, 2: 273, 3: 39, 4: 29, 5: 5, 6: 138, 7: 0, 8: 0, 9: 0, 10: 0, 11: 0, 12: 0
transitions cumulative       : 1->2: 272, 2->3: 38, 2->4: 3, 2->6: 138, 4->3: 1, 4->5: 5, 6->2: 1, 6->4: 26
accepted directly from s0    : 0
Gym endings cumulative       : terminated=8007, truncated=255

[Episode 8400/10000 | last 100]
success rate                : 0.0% (cumulative 0.0%)
failure rate                : 0.0% (cumulative 0.5%)
completed cycles / episode  : 0.000
synthetic task reward       : 0.000
shaping reward              : 0.000
learning reward             : 0.000
episode length              : 173.6
abstract changes / episode  : 42.0
same abstract-state steps   : 75.8%
same-state shaping / episode: 0.000
changed-state shaping / ep. : 0.000
terminal shaping / episode  : 0.000
DFA transitions / episode   : 0.00
DFA transitions in window   : none
epsilon (next episode)       : 0.03471
replay buffer                : 300000 samples [1: 99.3%, 2: 0.7%, 3: 0.0%, 4: 0.0%, 5: 0.0%, 6: 0.0%, 7: 0.0%, 8: 0.0%, 9: 0.0%, 10: 0.0%, 11: 0.0%, 12: 0.0%]
DFA state visits in window   : 1: 17459, 2: 0, 3: 0, 4: 0, 5: 0, 6: 0, 7: 0, 8: 0, 9: 0, 10: 0, 11: 0, 12: 0
DFA state visits cumulative  : 1: 1699263, 2: 10721, 3: 39, 4: 790, 5: 166, 6: 2656, 7: 0, 8: 0, 9: 0, 10: 0, 11: 0, 12: 0
DFA state entries in window  : 1: 100, 2: 0, 3: 0, 4: 0, 5: 0, 6: 0, 7: 0, 8: 0, 9: 0, 10: 0, 11: 0, 12: 0
DFA state entries cumulative : 1: 8400, 2: 273, 3: 39, 4: 29, 5: 5, 6: 138, 7: 0, 8: 0, 9: 0, 10: 0, 11: 0, 12: 0
transitions cumulative       : 1->2: 272, 2->3: 38, 2->4: 3, 2->6: 138, 4->3: 1, 4->5: 5, 6->2: 1, 6->4: 26
accepted directly from s0    : 0
Gym endings cumulative       : terminated=8107, truncated=255

[Episode 8500/10000 | last 100]
success rate                : 0.0% (cumulative 0.0%)
failure rate                : 1.0% (cumulative 0.5%)
completed cycles / episode  : 0.000
synthetic task reward       : 0.000
shaping reward              : 0.000
learning reward             : 0.000
episode length              : 249.8
abstract changes / episode  : 40.4
same abstract-state steps   : 83.8%
same-state shaping / episode: 0.000
changed-state shaping / ep. : 0.000
terminal shaping / episode  : 0.000
DFA transitions / episode   : 0.03
DFA transitions in window   : 1->2: 2, 2->3: 1
epsilon (next episode)       : 0.03335
replay buffer                : 300000 samples [1: 99.3%, 2: 0.7%, 3: 0.0%, 4: 0.0%, 5: 0.0%, 6: 0.0%, 7: 0.0%, 8: 0.0%, 9: 0.0%, 10: 0.0%, 11: 0.0%, 12: 0.0%]
DFA state visits in window   : 1: 24910, 2: 174, 3: 1, 4: 0, 5: 0, 6: 0, 7: 0, 8: 0, 9: 0, 10: 0, 11: 0, 12: 0
DFA state visits cumulative  : 1: 1724173, 2: 10895, 3: 40, 4: 790, 5: 166, 6: 2656, 7: 0, 8: 0, 9: 0, 10: 0, 11: 0, 12: 0
DFA state entries in window  : 1: 100, 2: 2, 3: 1, 4: 0, 5: 0, 6: 0, 7: 0, 8: 0, 9: 0, 10: 0, 11: 0, 12: 0
DFA state entries cumulative : 1: 8500, 2: 275, 3: 40, 4: 29, 5: 5, 6: 138, 7: 0, 8: 0, 9: 0, 10: 0, 11: 0, 12: 0
transitions cumulative       : 1->2: 274, 2->3: 39, 2->4: 3, 2->6: 138, 4->3: 1, 4->5: 5, 6->2: 1, 6->4: 26
accepted directly from s0    : 0
Gym endings cumulative       : terminated=8206, truncated=255

Starting autonomous greedy evaluation at episode 8500 (1000 fixed-seed episodes)...
[Greedy evaluation at episode 8500 | 1000 fixed-seed episodes]
success=0.0%, failure=0.2%, task reward=0.000, length=222.8
DFA transitions: 1->2: 2, 2->3: 2

[Episode 8600/10000 | last 100]
success rate                : 0.0% (cumulative 0.0%)
failure rate                : 0.0% (cumulative 0.5%)
completed cycles / episode  : 0.000
synthetic task reward       : 0.000
shaping reward              : 0.000
learning reward             : 0.000
episode length              : 275.6
abstract changes / episode  : 51.2
same abstract-state steps   : 81.4%
same-state shaping / episode: 0.000
changed-state shaping / ep. : 0.000
terminal shaping / episode  : 0.000
DFA transitions / episode   : 0.00
DFA transitions in window   : none
epsilon (next episode)       : 0.03204
replay buffer                : 300000 samples [1: 99.3%, 2: 0.6%, 3: 0.0%, 4: 0.0%, 5: 0.0%, 6: 0.0%, 7: 0.0%, 8: 0.0%, 9: 0.0%, 10: 0.0%, 11: 0.0%, 12: 0.0%]
DFA state visits in window   : 1: 27665, 2: 0, 3: 0, 4: 0, 5: 0, 6: 0, 7: 0, 8: 0, 9: 0, 10: 0, 11: 0, 12: 0
DFA state visits cumulative  : 1: 1751838, 2: 10895, 3: 40, 4: 790, 5: 166, 6: 2656, 7: 0, 8: 0, 9: 0, 10: 0, 11: 0, 12: 0
DFA state entries in window  : 1: 100, 2: 0, 3: 0, 4: 0, 5: 0, 6: 0, 7: 0, 8: 0, 9: 0, 10: 0, 11: 0, 12: 0
DFA state entries cumulative : 1: 8600, 2: 275, 3: 40, 4: 29, 5: 5, 6: 138, 7: 0, 8: 0, 9: 0, 10: 0, 11: 0, 12: 0
transitions cumulative       : 1->2: 274, 2->3: 39, 2->4: 3, 2->6: 138, 4->3: 1, 4->5: 5, 6->2: 1, 6->4: 26
accepted directly from s0    : 0
Gym endings cumulative       : terminated=8306, truncated=255

[Episode 8700/10000 | last 100]
success rate                : 0.0% (cumulative 0.0%)
failure rate                : 0.0% (cumulative 0.5%)
completed cycles / episode  : 0.000
synthetic task reward       : 0.000
shaping reward              : 0.000
learning reward             : 0.000
episode length              : 394.9
abstract changes / episode  : 71.0
same abstract-state steps   : 82.0%
same-state shaping / episode: 0.000
changed-state shaping / ep. : 0.000
terminal shaping / episode  : 0.000
DFA transitions / episode   : 0.00
DFA transitions in window   : none
epsilon (next episode)       : 0.03079
replay buffer                : 300000 samples [1: 99.7%, 2: 0.3%, 3: 0.0%, 4: 0.0%, 5: 0.0%, 6: 0.0%, 7: 0.0%, 8: 0.0%, 9: 0.0%, 10: 0.0%, 11: 0.0%, 12: 0.0%]
DFA state visits in window   : 1: 39595, 2: 0, 3: 0, 4: 0, 5: 0, 6: 0, 7: 0, 8: 0, 9: 0, 10: 0, 11: 0, 12: 0
DFA state visits cumulative  : 1: 1791433, 2: 10895, 3: 40, 4: 790, 5: 166, 6: 2656, 7: 0, 8: 0, 9: 0, 10: 0, 11: 0, 12: 0
DFA state entries in window  : 1: 100, 2: 0, 3: 0, 4: 0, 5: 0, 6: 0, 7: 0, 8: 0, 9: 0, 10: 0, 11: 0, 12: 0
DFA state entries cumulative : 1: 8700, 2: 275, 3: 40, 4: 29, 5: 5, 6: 138, 7: 0, 8: 0, 9: 0, 10: 0, 11: 0, 12: 0
transitions cumulative       : 1->2: 274, 2->3: 39, 2->4: 3, 2->6: 138, 4->3: 1, 4->5: 5, 6->2: 1, 6->4: 26
accepted directly from s0    : 0
Gym endings cumulative       : terminated=8392, truncated=269

[Episode 8800/10000 | last 100]
success rate                : 0.0% (cumulative 0.0%)
failure rate                : 0.0% (cumulative 0.5%)
completed cycles / episode  : 0.000
synthetic task reward       : 0.000
shaping reward              : 0.000
learning reward             : 0.000
episode length              : 281.4
abstract changes / episode  : 78.5
same abstract-state steps   : 72.1%
same-state shaping / episode: 0.000
changed-state shaping / ep. : 0.000
terminal shaping / episode  : 0.000
DFA transitions / episode   : 0.02
DFA transitions in window   : 1->2: 1, 2->6: 1
epsilon (next episode)       : 0.02958
replay buffer                : 300000 samples [1: 99.8%, 2: 0.2%, 3: 0.0%, 4: 0.0%, 5: 0.0%, 6: 0.0%, 7: 0.0%, 8: 0.0%, 9: 0.0%, 10: 0.0%, 11: 0.0%, 12: 0.0%]
DFA state visits in window   : 1: 28233, 2: 9, 3: 0, 4: 0, 5: 0, 6: 2, 7: 0, 8: 0, 9: 0, 10: 0, 11: 0, 12: 0
DFA state visits cumulative  : 1: 1819666, 2: 10904, 3: 40, 4: 790, 5: 166, 6: 2658, 7: 0, 8: 0, 9: 0, 10: 0, 11: 0, 12: 0
DFA state entries in window  : 1: 100, 2: 1, 3: 0, 4: 0, 5: 0, 6: 1, 7: 0, 8: 0, 9: 0, 10: 0, 11: 0, 12: 0
DFA state entries cumulative : 1: 8800, 2: 276, 3: 40, 4: 29, 5: 5, 6: 139, 7: 0, 8: 0, 9: 0, 10: 0, 11: 0, 12: 0
transitions cumulative       : 1->2: 275, 2->3: 39, 2->4: 3, 2->6: 139, 4->3: 1, 4->5: 5, 6->2: 1, 6->4: 26
accepted directly from s0    : 0
Gym endings cumulative       : terminated=8490, truncated=271

[Episode 8900/10000 | last 100]
success rate                : 0.0% (cumulative 0.0%)
failure rate                : 0.0% (cumulative 0.4%)
completed cycles / episode  : 0.000
synthetic task reward       : 0.000
shaping reward              : 0.000
learning reward             : 0.000
episode length              : 240.8
abstract changes / episode  : 69.8
same abstract-state steps   : 71.0%
same-state shaping / episode: 0.000
changed-state shaping / ep. : 0.000
terminal shaping / episode  : 0.000
DFA transitions / episode   : 0.00
DFA transitions in window   : none
epsilon (next episode)       : 0.02842
replay buffer                : 300000 samples [1: 99.8%, 2: 0.2%, 3: 0.0%, 4: 0.0%, 5: 0.0%, 6: 0.0%, 7: 0.0%, 8: 0.0%, 9: 0.0%, 10: 0.0%, 11: 0.0%, 12: 0.0%]
DFA state visits in window   : 1: 24176, 2: 0, 3: 0, 4: 0, 5: 0, 6: 0, 7: 0, 8: 0, 9: 0, 10: 0, 11: 0, 12: 0
DFA state visits cumulative  : 1: 1843842, 2: 10904, 3: 40, 4: 790, 5: 166, 6: 2658, 7: 0, 8: 0, 9: 0, 10: 0, 11: 0, 12: 0
DFA state entries in window  : 1: 100, 2: 0, 3: 0, 4: 0, 5: 0, 6: 0, 7: 0, 8: 0, 9: 0, 10: 0, 11: 0, 12: 0
DFA state entries cumulative : 1: 8900, 2: 276, 3: 40, 4: 29, 5: 5, 6: 139, 7: 0, 8: 0, 9: 0, 10: 0, 11: 0, 12: 0
transitions cumulative       : 1->2: 275, 2->3: 39, 2->4: 3, 2->6: 139, 4->3: 1, 4->5: 5, 6->2: 1, 6->4: 26
accepted directly from s0    : 0
Gym endings cumulative       : terminated=8589, truncated=272

[Episode 9000/10000 | last 100]
success rate                : 0.0% (cumulative 0.0%)
failure rate                : 1.0% (cumulative 0.5%)
completed cycles / episode  : 0.000
synthetic task reward       : 0.000
shaping reward              : 0.000
learning reward             : 0.000
episode length              : 230.9
abstract changes / episode  : 59.7
same abstract-state steps   : 74.1%
same-state shaping / episode: 0.000
changed-state shaping / ep. : 0.000
terminal shaping / episode  : 0.000
DFA transitions / episode   : 0.09
DFA transitions in window   : 1->2: 4, 2->6: 2, 4->3: 1, 6->2: 1, 6->4: 1
epsilon (next episode)       : 0.02730
replay buffer                : 300000 samples [1: 99.5%, 2: 0.4%, 3: 0.0%, 4: 0.1%, 5: 0.0%, 6: 0.1%, 7: 0.0%, 8: 0.0%, 9: 0.0%, 10: 0.0%, 11: 0.0%, 12: 0.0%]
DFA state visits in window   : 1: 22411, 2: 489, 3: 1, 4: 111, 5: 0, 6: 181, 7: 0, 8: 0, 9: 0, 10: 0, 11: 0, 12: 0
DFA state visits cumulative  : 1: 1866253, 2: 11393, 3: 41, 4: 901, 5: 166, 6: 2839, 7: 0, 8: 0, 9: 0, 10: 0, 11: 0, 12: 0
DFA state entries in window  : 1: 100, 2: 5, 3: 1, 4: 1, 5: 0, 6: 2, 7: 0, 8: 0, 9: 0, 10: 0, 11: 0, 12: 0
DFA state entries cumulative : 1: 9000, 2: 281, 3: 41, 4: 30, 5: 5, 6: 141, 7: 0, 8: 0, 9: 0, 10: 0, 11: 0, 12: 0
transitions cumulative       : 1->2: 279, 2->3: 39, 2->4: 3, 2->6: 141, 4->3: 2, 4->5: 5, 6->2: 2, 6->4: 27
accepted directly from s0    : 0
Gym endings cumulative       : terminated=8688, truncated=272

Starting autonomous greedy evaluation at episode 9000 (1000 fixed-seed episodes)...
[Greedy evaluation at episode 9000 | 1000 fixed-seed episodes]
success=0.0%, failure=0.0%, task reward=0.000, length=194.3
DFA transitions: 1->2: 86

[Episode 9100/10000 | last 100]
success rate                : 0.0% (cumulative 0.0%)
failure rate                : 0.0% (cumulative 0.5%)
completed cycles / episode  : 0.000
synthetic task reward       : 0.000
shaping reward              : 0.000
learning reward             : 0.000
episode length              : 154.3
abstract changes / episode  : 40.3
same abstract-state steps   : 73.9%
same-state shaping / episode: 0.000
changed-state shaping / ep. : 0.000
terminal shaping / episode  : 0.000
DFA transitions / episode   : 0.09
DFA transitions in window   : 1->2: 7, 2->6: 2
epsilon (next episode)       : 0.02623
replay buffer                : 300000 samples [1: 99.5%, 2: 0.3%, 3: 0.0%, 4: 0.0%, 5: 0.0%, 6: 0.1%, 7: 0.0%, 8: 0.0%, 9: 0.0%, 10: 0.0%, 11: 0.0%, 12: 0.0%]
DFA state visits in window   : 1: 15082, 2: 359, 3: 0, 4: 0, 5: 0, 6: 92, 7: 0, 8: 0, 9: 0, 10: 0, 11: 0, 12: 0
DFA state visits cumulative  : 1: 1881335, 2: 11752, 3: 41, 4: 901, 5: 166, 6: 2931, 7: 0, 8: 0, 9: 0, 10: 0, 11: 0, 12: 0
DFA state entries in window  : 1: 100, 2: 7, 3: 0, 4: 0, 5: 0, 6: 2, 7: 0, 8: 0, 9: 0, 10: 0, 11: 0, 12: 0
DFA state entries cumulative : 1: 9100, 2: 288, 3: 41, 4: 30, 5: 5, 6: 143, 7: 0, 8: 0, 9: 0, 10: 0, 11: 0, 12: 0
transitions cumulative       : 1->2: 286, 2->3: 39, 2->4: 3, 2->6: 143, 4->3: 2, 4->5: 5, 6->2: 2, 6->4: 27
accepted directly from s0    : 0
Gym endings cumulative       : terminated=8788, truncated=272

[Episode 9200/10000 | last 100]
success rate                : 0.0% (cumulative 0.0%)
failure rate                : 0.0% (cumulative 0.4%)
completed cycles / episode  : 0.000
synthetic task reward       : 0.000
shaping reward              : 0.000
learning reward             : 0.000
episode length              : 131.5
abstract changes / episode  : 40.1
same abstract-state steps   : 69.5%
same-state shaping / episode: 0.000
changed-state shaping / ep. : 0.000
terminal shaping / episode  : 0.000
DFA transitions / episode   : 0.22
DFA transitions in window   : 1->2: 11, 2->6: 11
epsilon (next episode)       : 0.02520
replay buffer                : 300000 samples [1: 99.3%, 2: 0.5%, 3: 0.0%, 4: 0.0%, 5: 0.0%, 6: 0.2%, 7: 0.0%, 8: 0.0%, 9: 0.0%, 10: 0.0%, 11: 0.0%, 12: 0.0%]
DFA state visits in window   : 1: 12687, 2: 356, 3: 0, 4: 0, 5: 0, 6: 211, 7: 0, 8: 0, 9: 0, 10: 0, 11: 0, 12: 0
DFA state visits cumulative  : 1: 1894022, 2: 12108, 3: 41, 4: 901, 5: 166, 6: 3142, 7: 0, 8: 0, 9: 0, 10: 0, 11: 0, 12: 0
DFA state entries in window  : 1: 100, 2: 11, 3: 0, 4: 0, 5: 0, 6: 11, 7: 0, 8: 0, 9: 0, 10: 0, 11: 0, 12: 0
DFA state entries cumulative : 1: 9200, 2: 299, 3: 41, 4: 30, 5: 5, 6: 154, 7: 0, 8: 0, 9: 0, 10: 0, 11: 0, 12: 0
transitions cumulative       : 1->2: 297, 2->3: 39, 2->4: 3, 2->6: 154, 4->3: 2, 4->5: 5, 6->2: 2, 6->4: 27
accepted directly from s0    : 0
Gym endings cumulative       : terminated=8888, truncated=272

[Episode 9300/10000 | last 100]
success rate                : 0.0% (cumulative 0.0%)
failure rate                : 0.0% (cumulative 0.4%)
completed cycles / episode  : 0.000
synthetic task reward       : 0.000
shaping reward              : 0.000
learning reward             : 0.000
episode length              : 120.5
abstract changes / episode  : 49.0
same abstract-state steps   : 59.3%
same-state shaping / episode: 0.000
changed-state shaping / ep. : 0.000
terminal shaping / episode  : 0.000
DFA transitions / episode   : 0.20
DFA transitions in window   : 1->2: 10, 2->6: 10
epsilon (next episode)       : 0.02422
replay buffer                : 300000 samples [1: 99.2%, 2: 0.5%, 3: 0.0%, 4: 0.0%, 5: 0.0%, 6: 0.2%, 7: 0.0%, 8: 0.0%, 9: 0.0%, 10: 0.0%, 11: 0.0%, 12: 0.0%]
DFA state visits in window   : 1: 11716, 2: 239, 3: 0, 4: 0, 5: 0, 6: 193, 7: 0, 8: 0, 9: 0, 10: 0, 11: 0, 12: 0
DFA state visits cumulative  : 1: 1905738, 2: 12347, 3: 41, 4: 901, 5: 166, 6: 3335, 7: 0, 8: 0, 9: 0, 10: 0, 11: 0, 12: 0
DFA state entries in window  : 1: 100, 2: 10, 3: 0, 4: 0, 5: 0, 6: 10, 7: 0, 8: 0, 9: 0, 10: 0, 11: 0, 12: 0
DFA state entries cumulative : 1: 9300, 2: 309, 3: 41, 4: 30, 5: 5, 6: 164, 7: 0, 8: 0, 9: 0, 10: 0, 11: 0, 12: 0
transitions cumulative       : 1->2: 307, 2->3: 39, 2->4: 3, 2->6: 164, 4->3: 2, 4->5: 5, 6->2: 2, 6->4: 27
accepted directly from s0    : 0
Gym endings cumulative       : terminated=8988, truncated=272

[Episode 9400/10000 | last 100]
success rate                : 0.0% (cumulative 0.0%)
failure rate                : 0.0% (cumulative 0.4%)
completed cycles / episode  : 0.000
synthetic task reward       : 0.000
shaping reward              : 0.000
learning reward             : 0.000
episode length              : 89.7
abstract changes / episode  : 46.3
same abstract-state steps   : 48.4%
same-state shaping / episode: 0.000
changed-state shaping / ep. : 0.000
terminal shaping / episode  : 0.000
DFA transitions / episode   : 0.06
DFA transitions in window   : 1->2: 3, 2->6: 3
epsilon (next episode)       : 0.02327
replay buffer                : 300000 samples [1: 99.2%, 2: 0.6%, 3: 0.0%, 4: 0.0%, 5: 0.0%, 6: 0.2%, 7: 0.0%, 8: 0.0%, 9: 0.0%, 10: 0.0%, 11: 0.0%, 12: 0.0%]
DFA state visits in window   : 1: 8985, 2: 41, 3: 0, 4: 0, 5: 0, 6: 43, 7: 0, 8: 0, 9: 0, 10: 0, 11: 0, 12: 0
DFA state visits cumulative  : 1: 1914723, 2: 12388, 3: 41, 4: 901, 5: 166, 6: 3378, 7: 0, 8: 0, 9: 0, 10: 0, 11: 0, 12: 0
DFA state entries in window  : 1: 100, 2: 3, 3: 0, 4: 0, 5: 0, 6: 3, 7: 0, 8: 0, 9: 0, 10: 0, 11: 0, 12: 0
DFA state entries cumulative : 1: 9400, 2: 312, 3: 41, 4: 30, 5: 5, 6: 167, 7: 0, 8: 0, 9: 0, 10: 0, 11: 0, 12: 0
transitions cumulative       : 1->2: 310, 2->3: 39, 2->4: 3, 2->6: 167, 4->3: 2, 4->5: 5, 6->2: 2, 6->4: 27
accepted directly from s0    : 0
Gym endings cumulative       : terminated=9088, truncated=272

[Episode 9500/10000 | last 100]
success rate                : 0.0% (cumulative 0.0%)
failure rate                : 0.0% (cumulative 0.4%)
completed cycles / episode  : 0.000
synthetic task reward       : 0.000
shaping reward              : 0.000
learning reward             : 0.000
episode length              : 110.0
abstract changes / episode  : 46.1
same abstract-state steps   : 58.1%
same-state shaping / episode: 0.000
changed-state shaping / ep. : 0.000
terminal shaping / episode  : 0.000
DFA transitions / episode   : 0.16
DFA transitions in window   : 1->2: 8, 2->6: 8
epsilon (next episode)       : 0.02235
replay buffer                : 300000 samples [1: 99.1%, 2: 0.6%, 3: 0.0%, 4: 0.0%, 5: 0.0%, 6: 0.3%, 7: 0.0%, 8: 0.0%, 9: 0.0%, 10: 0.0%, 11: 0.0%, 12: 0.0%]
DFA state visits in window   : 1: 10891, 2: 94, 3: 0, 4: 0, 5: 0, 6: 119, 7: 0, 8: 0, 9: 0, 10: 0, 11: 0, 12: 0
DFA state visits cumulative  : 1: 1925614, 2: 12482, 3: 41, 4: 901, 5: 166, 6: 3497, 7: 0, 8: 0, 9: 0, 10: 0, 11: 0, 12: 0
DFA state entries in window  : 1: 100, 2: 8, 3: 0, 4: 0, 5: 0, 6: 8, 7: 0, 8: 0, 9: 0, 10: 0, 11: 0, 12: 0
DFA state entries cumulative : 1: 9500, 2: 320, 3: 41, 4: 30, 5: 5, 6: 175, 7: 0, 8: 0, 9: 0, 10: 0, 11: 0, 12: 0
transitions cumulative       : 1->2: 318, 2->3: 39, 2->4: 3, 2->6: 175, 4->3: 2, 4->5: 5, 6->2: 2, 6->4: 27
accepted directly from s0    : 0
Gym endings cumulative       : terminated=9188, truncated=272

Starting autonomous greedy evaluation at episode 9500 (1000 fixed-seed episodes)...
[Greedy evaluation at episode 9500 | 1000 fixed-seed episodes]
success=0.0%, failure=0.0%, task reward=0.000, length=116.0
DFA transitions: 1->2: 91, 2->6: 91

[Episode 9600/10000 | last 100]
success rate                : 0.0% (cumulative 0.0%)
failure rate                : 0.0% (cumulative 0.4%)
completed cycles / episode  : 0.000
synthetic task reward       : 0.000
shaping reward              : 0.000
learning reward             : 0.000
episode length              : 118.2
abstract changes / episode  : 46.3
same abstract-state steps   : 60.9%
same-state shaping / episode: 0.000
changed-state shaping / ep. : 0.000
terminal shaping / episode  : 0.000
DFA transitions / episode   : 0.18
DFA transitions in window   : 1->2: 9, 2->6: 9
epsilon (next episode)       : 0.02148
replay buffer                : 300000 samples [1: 99.0%, 2: 0.6%, 3: 0.0%, 4: 0.0%, 5: 0.0%, 6: 0.3%, 7: 0.0%, 8: 0.0%, 9: 0.0%, 10: 0.0%, 11: 0.0%, 12: 0.0%]
DFA state visits in window   : 1: 11681, 2: 97, 3: 0, 4: 0, 5: 0, 6: 146, 7: 0, 8: 0, 9: 0, 10: 0, 11: 0, 12: 0
DFA state visits cumulative  : 1: 1937295, 2: 12579, 3: 41, 4: 901, 5: 166, 6: 3643, 7: 0, 8: 0, 9: 0, 10: 0, 11: 0, 12: 0
DFA state entries in window  : 1: 100, 2: 9, 3: 0, 4: 0, 5: 0, 6: 9, 7: 0, 8: 0, 9: 0, 10: 0, 11: 0, 12: 0
DFA state entries cumulative : 1: 9600, 2: 329, 3: 41, 4: 30, 5: 5, 6: 184, 7: 0, 8: 0, 9: 0, 10: 0, 11: 0, 12: 0
transitions cumulative       : 1->2: 327, 2->3: 39, 2->4: 3, 2->6: 184, 4->3: 2, 4->5: 5, 6->2: 2, 6->4: 27
accepted directly from s0    : 0
Gym endings cumulative       : terminated=9288, truncated=272

[Episode 9700/10000 | last 100]
success rate                : 0.0% (cumulative 0.0%)
failure rate                : 0.0% (cumulative 0.4%)
completed cycles / episode  : 0.000
synthetic task reward       : 0.000
shaping reward              : 0.000
learning reward             : 0.000
episode length              : 148.4
abstract changes / episode  : 44.7
same abstract-state steps   : 69.9%
same-state shaping / episode: 0.000
changed-state shaping / ep. : 0.000
terminal shaping / episode  : 0.000
DFA transitions / episode   : 0.16
DFA transitions in window   : 1->2: 8, 2->6: 8
epsilon (next episode)       : 0.02063
replay buffer                : 300000 samples [1: 99.0%, 2: 0.6%, 3: 0.0%, 4: 0.0%, 5: 0.0%, 6: 0.3%, 7: 0.0%, 8: 0.0%, 9: 0.0%, 10: 0.0%, 11: 0.0%, 12: 0.0%]
DFA state visits in window   : 1: 14761, 2: 77, 3: 0, 4: 0, 5: 0, 6: 100, 7: 0, 8: 0, 9: 0, 10: 0, 11: 0, 12: 0
DFA state visits cumulative  : 1: 1952056, 2: 12656, 3: 41, 4: 901, 5: 166, 6: 3743, 7: 0, 8: 0, 9: 0, 10: 0, 11: 0, 12: 0
DFA state entries in window  : 1: 100, 2: 8, 3: 0, 4: 0, 5: 0, 6: 8, 7: 0, 8: 0, 9: 0, 10: 0, 11: 0, 12: 0
DFA state entries cumulative : 1: 9700, 2: 337, 3: 41, 4: 30, 5: 5, 6: 192, 7: 0, 8: 0, 9: 0, 10: 0, 11: 0, 12: 0
transitions cumulative       : 1->2: 335, 2->3: 39, 2->4: 3, 2->6: 192, 4->3: 2, 4->5: 5, 6->2: 2, 6->4: 27
accepted directly from s0    : 0
Gym endings cumulative       : terminated=9388, truncated=272

[Episode 9800/10000 | last 100]
success rate                : 0.0% (cumulative 0.0%)
failure rate                : 0.0% (cumulative 0.4%)
completed cycles / episode  : 0.000
synthetic task reward       : 0.000
shaping reward              : 0.000
learning reward             : 0.000
episode length              : 289.8
abstract changes / episode  : 47.4
same abstract-state steps   : 83.7%
same-state shaping / episode: 0.000
changed-state shaping / ep. : 0.000
terminal shaping / episode  : 0.000
DFA transitions / episode   : 0.02
DFA transitions in window   : 1->2: 1, 2->6: 1
epsilon (next episode)       : 0.01983
replay buffer                : 300000 samples [1: 99.0%, 2: 0.6%, 3: 0.0%, 4: 0.0%, 5: 0.0%, 6: 0.3%, 7: 0.0%, 8: 0.0%, 9: 0.0%, 10: 0.0%, 11: 0.0%, 12: 0.0%]
DFA state visits in window   : 1: 29071, 2: 4, 3: 0, 4: 0, 5: 0, 6: 5, 7: 0, 8: 0, 9: 0, 10: 0, 11: 0, 12: 0
DFA state visits cumulative  : 1: 1981127, 2: 12660, 3: 41, 4: 901, 5: 166, 6: 3748, 7: 0, 8: 0, 9: 0, 10: 0, 11: 0, 12: 0
DFA state entries in window  : 1: 100, 2: 1, 3: 0, 4: 0, 5: 0, 6: 1, 7: 0, 8: 0, 9: 0, 10: 0, 11: 0, 12: 0
DFA state entries cumulative : 1: 9800, 2: 338, 3: 41, 4: 30, 5: 5, 6: 193, 7: 0, 8: 0, 9: 0, 10: 0, 11: 0, 12: 0
transitions cumulative       : 1->2: 336, 2->3: 39, 2->4: 3, 2->6: 193, 4->3: 2, 4->5: 5, 6->2: 2, 6->4: 27
accepted directly from s0    : 0
Gym endings cumulative       : terminated=9488, truncated=272

[Episode 9900/10000 | last 100]
success rate                : 0.0% (cumulative 0.0%)
failure rate                : 0.0% (cumulative 0.4%)
completed cycles / episode  : 0.000
synthetic task reward       : 0.000
shaping reward              : 0.000
learning reward             : 0.000
episode length              : 244.7
abstract changes / episode  : 42.3
same abstract-state steps   : 82.7%
same-state shaping / episode: 0.000
changed-state shaping / ep. : 0.000
terminal shaping / episode  : 0.000
DFA transitions / episode   : 0.00
DFA transitions in window   : none
epsilon (next episode)       : 0.01905
replay buffer                : 300000 samples [1: 99.0%, 2: 0.6%, 3: 0.0%, 4: 0.0%, 5: 0.0%, 6: 0.3%, 7: 0.0%, 8: 0.0%, 9: 0.0%, 10: 0.0%, 11: 0.0%, 12: 0.0%]
DFA state visits in window   : 1: 24565, 2: 0, 3: 0, 4: 0, 5: 0, 6: 0, 7: 0, 8: 0, 9: 0, 10: 0, 11: 0, 12: 0
DFA state visits cumulative  : 1: 2005692, 2: 12660, 3: 41, 4: 901, 5: 166, 6: 3748, 7: 0, 8: 0, 9: 0, 10: 0, 11: 0, 12: 0
DFA state entries in window  : 1: 100, 2: 0, 3: 0, 4: 0, 5: 0, 6: 0, 7: 0, 8: 0, 9: 0, 10: 0, 11: 0, 12: 0
DFA state entries cumulative : 1: 9900, 2: 338, 3: 41, 4: 30, 5: 5, 6: 193, 7: 0, 8: 0, 9: 0, 10: 0, 11: 0, 12: 0
transitions cumulative       : 1->2: 336, 2->3: 39, 2->4: 3, 2->6: 193, 4->3: 2, 4->5: 5, 6->2: 2, 6->4: 27
accepted directly from s0    : 0
Gym endings cumulative       : terminated=9588, truncated=272

[Episode 10000/10000 | last 100]
success rate                : 0.0% (cumulative 0.0%)
failure rate                : 0.0% (cumulative 0.4%)
completed cycles / episode  : 0.000
synthetic task reward       : 0.000
shaping reward              : 0.000
learning reward             : 0.000
episode length              : 85.4
abstract changes / episode  : 48.6
same abstract-state steps   : 43.1%
same-state shaping / episode: 0.000
changed-state shaping / ep. : 0.000
terminal shaping / episode  : 0.000
DFA transitions / episode   : 0.00
DFA transitions in window   : none
epsilon (next episode)       : 0.01830
replay buffer                : 300000 samples [1: 99.0%, 2: 0.6%, 3: 0.0%, 4: 0.0%, 5: 0.0%, 6: 0.3%, 7: 0.0%, 8: 0.0%, 9: 0.0%, 10: 0.0%, 11: 0.0%, 12: 0.0%]
DFA state visits in window   : 1: 8643, 2: 0, 3: 0, 4: 0, 5: 0, 6: 0, 7: 0, 8: 0, 9: 0, 10: 0, 11: 0, 12: 0
DFA state visits cumulative  : 1: 2014335, 2: 12660, 3: 41, 4: 901, 5: 166, 6: 3748, 7: 0, 8: 0, 9: 0, 10: 0, 11: 0, 12: 0
DFA state entries in window  : 1: 100, 2: 0, 3: 0, 4: 0, 5: 0, 6: 0, 7: 0, 8: 0, 9: 0, 10: 0, 11: 0, 12: 0
DFA state entries cumulative : 1: 10000, 2: 338, 3: 41, 4: 30, 5: 5, 6: 193, 7: 0, 8: 0, 9: 0, 10: 0, 11: 0, 12: 0
transitions cumulative       : 1->2: 336, 2->3: 39, 2->4: 3, 2->6: 193, 4->3: 2, 4->5: 5, 6->2: 2, 6->4: 27
accepted directly from s0    : 0
Gym endings cumulative       : terminated=9688, truncated=272

Starting autonomous greedy evaluation at episode 10000 (1000 fixed-seed episodes)...
[Greedy evaluation at episode 10000 | 1000 fixed-seed episodes]
success=0.0%, failure=0.0%, task reward=0.000, length=96.7
DFA transitions: none
Last policy saved after episode 10000. Best greedy evaluation: episode 5500, mean task reward=0.000
