
=== NEW RUN ===
episodes=12000, shaping=True, goal_reward=10000.0, gamma=0.99
gamma_shaping=1.0, shaping_formula=gamma_shaping*Phi(next)-Phi(state)
ground_unbiased_learner=False
eval_interval=500, eval_episodes=1000, eval_seed=100000
inter_level_shaping=False, inter_level_formula=gamma*Phi(next)-Phi(state)
task_type=ltlf, task=F(wp1 & X(F(wp2 & X(F(wp3 & X(F(g1)))))))
regions={wp1: {'center': [-0.75, 1.0625], 'radius': 0.1}, wp2: {'center': [0, 0.6875], 'radius': 0.1}, wp3: {'center': [0, 1.0625], 'radius': 0.1}, g1: {'center': [0.75, 1.0625], 'radius': 0.1}}
dfa_states=[1, 2, 3, 4, 5], pre_trace=1, accepting=[5], failure=[]

[Episode 1/12000 | last 1]
success rate                : 0.0% (cumulative 0.0%)
failure rate                : 0.0% (cumulative 0.0%)
completed cycles / episode  : 0.000
synthetic task reward       : 0.000
shaping reward              : -889.703
learning reward             : -889.703
episode length              : 103.0
abstract changes / episode  : 50.0
same abstract-state steps   : 51.5%
same-state shaping / episode: 0.000
changed-state shaping / ep. : -889.703
terminal shaping / episode  : 0.000
DFA transitions / episode   : 0.00
DFA transitions in window   : none
epsilon (next episode)       : 0.99980
replay buffer                : 103 samples [1: 100.0%, 2: 0.0%, 3: 0.0%, 4: 0.0%, 5: 0.0%]
DFA state visits in window   : 1: 104, 2: 0, 3: 0, 4: 0, 5: 0
DFA state visits cumulative  : 1: 104, 2: 0, 3: 0, 4: 0, 5: 0
DFA state entries in window  : 1: 1, 2: 0, 3: 0, 4: 0, 5: 0
DFA state entries cumulative : 1: 1, 2: 0, 3: 0, 4: 0, 5: 0
transitions cumulative       : none
accepted directly from s0    : 0
Gym endings cumulative       : terminated=1, truncated=0

[Episode 100/12000 | last 100]
success rate                : 0.0% (cumulative 0.0%)
failure rate                : 0.0% (cumulative 0.0%)
completed cycles / episode  : 0.000
synthetic task reward       : 0.000
shaping reward              : -892.305
learning reward             : -892.305
episode length              : 90.2
abstract changes / episode  : 48.6
same abstract-state steps   : 46.1%
same-state shaping / episode: 0.000
changed-state shaping / ep. : -892.305
terminal shaping / episode  : -6.326
DFA transitions / episode   : 0.00
DFA transitions in window   : none
epsilon (next episode)       : 0.98020
replay buffer                : 9023 samples [1: 100.0%, 2: 0.0%, 3: 0.0%, 4: 0.0%, 5: 0.0%]
DFA state visits in window   : 1: 9123, 2: 0, 3: 0, 4: 0, 5: 0
DFA state visits cumulative  : 1: 9123, 2: 0, 3: 0, 4: 0, 5: 0
DFA state entries in window  : 1: 100, 2: 0, 3: 0, 4: 0, 5: 0
DFA state entries cumulative : 1: 100, 2: 0, 3: 0, 4: 0, 5: 0
transitions cumulative       : none
accepted directly from s0    : 0
Gym endings cumulative       : terminated=100, truncated=0

[Episode 200/12000 | last 100]
success rate                : 0.0% (cumulative 0.0%)
failure rate                : 0.0% (cumulative 0.0%)
completed cycles / episode  : 0.000
synthetic task reward       : 0.000
shaping reward              : -838.295
learning reward             : -838.295
episode length              : 94.7
abstract changes / episode  : 49.2
same abstract-state steps   : 48.0%
same-state shaping / episode: 0.000
changed-state shaping / ep. : -838.295
terminal shaping / episode  : -5.852
DFA transitions / episode   : 0.04
DFA transitions in window   : 1->2: 4
epsilon (next episode)       : 0.96079
replay buffer                : 18494 samples [1: 99.5%, 2: 0.5%, 3: 0.0%, 4: 0.0%, 5: 0.0%]
DFA state visits in window   : 1: 9478, 2: 93, 3: 0, 4: 0, 5: 0
DFA state visits cumulative  : 1: 18601, 2: 93, 3: 0, 4: 0, 5: 0
DFA state entries in window  : 1: 100, 2: 4, 3: 0, 4: 0, 5: 0
DFA state entries cumulative : 1: 200, 2: 4, 3: 0, 4: 0, 5: 0
transitions cumulative       : 1->2: 4
accepted directly from s0    : 0
Gym endings cumulative       : terminated=200, truncated=0

[Episode 300/12000 | last 100]
success rate                : 0.0% (cumulative 0.0%)
failure rate                : 0.0% (cumulative 0.0%)
completed cycles / episode  : 0.000
synthetic task reward       : 0.000
shaping reward              : -847.459
learning reward             : -847.459
episode length              : 96.0
abstract changes / episode  : 49.6
same abstract-state steps   : 48.3%
same-state shaping / episode: 0.000
changed-state shaping / ep. : -847.459
terminal shaping / episode  : -5.751
DFA transitions / episode   : 0.06
DFA transitions in window   : 1->2: 6
epsilon (next episode)       : 0.94176
replay buffer                : 28090 samples [1: 99.2%, 2: 0.8%, 3: 0.0%, 4: 0.0%, 5: 0.0%]
DFA state visits in window   : 1: 9557, 2: 139, 3: 0, 4: 0, 5: 0
DFA state visits cumulative  : 1: 28158, 2: 232, 3: 0, 4: 0, 5: 0
DFA state entries in window  : 1: 100, 2: 6, 3: 0, 4: 0, 5: 0
DFA state entries cumulative : 1: 300, 2: 10, 3: 0, 4: 0, 5: 0
transitions cumulative       : 1->2: 10
accepted directly from s0    : 0
Gym endings cumulative       : terminated=300, truncated=0

[Episode 400/12000 | last 100]
success rate                : 0.0% (cumulative 0.0%)
failure rate                : 0.0% (cumulative 0.0%)
completed cycles / episode  : 0.000
synthetic task reward       : 0.000
shaping reward              : -889.561
learning reward             : -889.561
episode length              : 97.5
abstract changes / episode  : 49.3
same abstract-state steps   : 49.5%
same-state shaping / episode: 0.000
changed-state shaping / ep. : -889.561
terminal shaping / episode  : -7.710
DFA transitions / episode   : 0.00
DFA transitions in window   : none
epsilon (next episode)       : 0.92311
replay buffer                : 37836 samples [1: 99.4%, 2: 0.6%, 3: 0.0%, 4: 0.0%, 5: 0.0%]
DFA state visits in window   : 1: 9846, 2: 0, 3: 0, 4: 0, 5: 0
DFA state visits cumulative  : 1: 38004, 2: 232, 3: 0, 4: 0, 5: 0
DFA state entries in window  : 1: 100, 2: 0, 3: 0, 4: 0, 5: 0
DFA state entries cumulative : 1: 400, 2: 10, 3: 0, 4: 0, 5: 0
transitions cumulative       : 1->2: 10
accepted directly from s0    : 0
Gym endings cumulative       : terminated=400, truncated=0

[Episode 500/12000 | last 100]
success rate                : 0.0% (cumulative 0.0%)
failure rate                : 0.0% (cumulative 0.0%)
completed cycles / episode  : 0.000
synthetic task reward       : 0.000
shaping reward              : -884.638
learning reward             : -884.638
episode length              : 98.0
abstract changes / episode  : 50.2
same abstract-state steps   : 48.8%
same-state shaping / episode: 0.000
changed-state shaping / ep. : -884.638
terminal shaping / episode  : -7.832
DFA transitions / episode   : 0.00
DFA transitions in window   : none
epsilon (next episode)       : 0.90483
replay buffer                : 47634 samples [1: 99.5%, 2: 0.5%, 3: 0.0%, 4: 0.0%, 5: 0.0%]
DFA state visits in window   : 1: 9898, 2: 0, 3: 0, 4: 0, 5: 0
DFA state visits cumulative  : 1: 47902, 2: 232, 3: 0, 4: 0, 5: 0
DFA state entries in window  : 1: 100, 2: 0, 3: 0, 4: 0, 5: 0
DFA state entries cumulative : 1: 500, 2: 10, 3: 0, 4: 0, 5: 0
transitions cumulative       : 1->2: 10
accepted directly from s0    : 0
Gym endings cumulative       : terminated=500, truncated=0

Starting autonomous greedy evaluation at episode 500 (1000 fixed-seed episodes)...
[Greedy evaluation at episode 500 | 1000 fixed-seed episodes]
success=0.0%, failure=0.0%, task reward=0.000, length=109.9
DFA transitions: 1->2: 8
Best policy updated from autonomous greedy evaluation at episode 500.

[Episode 600/12000 | last 100]
success rate                : 0.0% (cumulative 0.0%)
failure rate                : 0.0% (cumulative 0.0%)
completed cycles / episode  : 0.000
synthetic task reward       : 0.000
shaping reward              : -821.926
learning reward             : -821.926
episode length              : 96.0
abstract changes / episode  : 49.2
same abstract-state steps   : 48.8%
same-state shaping / episode: 0.000
changed-state shaping / ep. : -821.926
terminal shaping / episode  : -8.473
DFA transitions / episode   : 0.03
DFA transitions in window   : 1->2: 3
epsilon (next episode)       : 0.88691
replay buffer                : 57234 samples [1: 99.5%, 2: 0.5%, 3: 0.0%, 4: 0.0%, 5: 0.0%]
DFA state visits in window   : 1: 9645, 2: 55, 3: 0, 4: 0, 5: 0
DFA state visits cumulative  : 1: 57547, 2: 287, 3: 0, 4: 0, 5: 0
DFA state entries in window  : 1: 100, 2: 3, 3: 0, 4: 0, 5: 0
DFA state entries cumulative : 1: 600, 2: 13, 3: 0, 4: 0, 5: 0
transitions cumulative       : 1->2: 13
accepted directly from s0    : 0
Gym endings cumulative       : terminated=600, truncated=0

[Episode 700/12000 | last 100]
success rate                : 0.0% (cumulative 0.0%)
failure rate                : 0.0% (cumulative 0.0%)
completed cycles / episode  : 0.000
synthetic task reward       : 0.000
shaping reward              : -811.613
learning reward             : -811.613
episode length              : 99.5
abstract changes / episode  : 49.8
same abstract-state steps   : 49.9%
same-state shaping / episode: 0.000
changed-state shaping / ep. : -811.613
terminal shaping / episode  : -6.479
DFA transitions / episode   : 0.01
DFA transitions in window   : 1->2: 1
epsilon (next episode)       : 0.86935
replay buffer                : 67186 samples [1: 99.6%, 2: 0.4%, 3: 0.0%, 4: 0.0%, 5: 0.0%]
DFA state visits in window   : 1: 10029, 2: 23, 3: 0, 4: 0, 5: 0
DFA state visits cumulative  : 1: 67576, 2: 310, 3: 0, 4: 0, 5: 0
DFA state entries in window  : 1: 100, 2: 1, 3: 0, 4: 0, 5: 0
DFA state entries cumulative : 1: 700, 2: 14, 3: 0, 4: 0, 5: 0
transitions cumulative       : 1->2: 14
accepted directly from s0    : 0
Gym endings cumulative       : terminated=700, truncated=0

[Episode 800/12000 | last 100]
success rate                : 0.0% (cumulative 0.0%)
failure rate                : 0.0% (cumulative 0.0%)
completed cycles / episode  : 0.000
synthetic task reward       : 0.000
shaping reward              : -872.584
learning reward             : -872.584
episode length              : 109.6
abstract changes / episode  : 50.6
same abstract-state steps   : 53.8%
same-state shaping / episode: 0.000
changed-state shaping / ep. : -872.584
terminal shaping / episode  : -5.948
DFA transitions / episode   : 0.02
DFA transitions in window   : 1->2: 2
epsilon (next episode)       : 0.85213
replay buffer                : 78142 samples [1: 99.5%, 2: 0.5%, 3: 0.0%, 4: 0.0%, 5: 0.0%]
DFA state visits in window   : 1: 10993, 2: 63, 3: 0, 4: 0, 5: 0
DFA state visits cumulative  : 1: 78569, 2: 373, 3: 0, 4: 0, 5: 0
DFA state entries in window  : 1: 100, 2: 2, 3: 0, 4: 0, 5: 0
DFA state entries cumulative : 1: 800, 2: 16, 3: 0, 4: 0, 5: 0
transitions cumulative       : 1->2: 16
accepted directly from s0    : 0
Gym endings cumulative       : terminated=799, truncated=1

[Episode 900/12000 | last 100]
success rate                : 0.0% (cumulative 0.0%)
failure rate                : 0.0% (cumulative 0.0%)
completed cycles / episode  : 0.000
synthetic task reward       : 0.000
shaping reward              : -861.746
learning reward             : -861.746
episode length              : 103.8
abstract changes / episode  : 51.1
same abstract-state steps   : 50.8%
same-state shaping / episode: 0.000
changed-state shaping / ep. : -861.746
terminal shaping / episode  : -6.872
DFA transitions / episode   : 0.02
DFA transitions in window   : 1->2: 2
epsilon (next episode)       : 0.83526
replay buffer                : 88520 samples [1: 99.5%, 2: 0.5%, 3: 0.0%, 4: 0.0%, 5: 0.0%]
DFA state visits in window   : 1: 10416, 2: 62, 3: 0, 4: 0, 5: 0
DFA state visits cumulative  : 1: 88985, 2: 435, 3: 0, 4: 0, 5: 0
DFA state entries in window  : 1: 100, 2: 2, 3: 0, 4: 0, 5: 0
DFA state entries cumulative : 1: 900, 2: 18, 3: 0, 4: 0, 5: 0
transitions cumulative       : 1->2: 18
accepted directly from s0    : 0
Gym endings cumulative       : terminated=899, truncated=1

[Episode 1000/12000 | last 100]
success rate                : 0.0% (cumulative 0.0%)
failure rate                : 0.0% (cumulative 0.0%)
completed cycles / episode  : 0.000
synthetic task reward       : 0.000
shaping reward              : -805.036
learning reward             : -805.036
episode length              : 97.1
abstract changes / episode  : 49.5
same abstract-state steps   : 49.0%
same-state shaping / episode: 0.000
changed-state shaping / ep. : -805.036
terminal shaping / episode  : -8.675
DFA transitions / episode   : 0.01
DFA transitions in window   : 1->2: 1
epsilon (next episode)       : 0.81871
replay buffer                : 98227 samples [1: 99.5%, 2: 0.5%, 3: 0.0%, 4: 0.0%, 5: 0.0%]
DFA state visits in window   : 1: 9775, 2: 32, 3: 0, 4: 0, 5: 0
DFA state visits cumulative  : 1: 98760, 2: 467, 3: 0, 4: 0, 5: 0
DFA state entries in window  : 1: 100, 2: 1, 3: 0, 4: 0, 5: 0
DFA state entries cumulative : 1: 1000, 2: 19, 3: 0, 4: 0, 5: 0
transitions cumulative       : 1->2: 19
accepted directly from s0    : 0
Gym endings cumulative       : terminated=999, truncated=1

Starting autonomous greedy evaluation at episode 1000 (1000 fixed-seed episodes)...
[Greedy evaluation at episode 1000 | 1000 fixed-seed episodes]
success=0.0%, failure=0.0%, task reward=0.000, length=161.4
DFA transitions: 1->2: 12

[Episode 1100/12000 | last 100]
success rate                : 0.0% (cumulative 0.0%)
failure rate                : 0.0% (cumulative 0.0%)
completed cycles / episode  : 0.000
synthetic task reward       : 0.000
shaping reward              : -804.582
learning reward             : -804.582
episode length              : 98.2
abstract changes / episode  : 50.0
same abstract-state steps   : 49.1%
same-state shaping / episode: 0.000
changed-state shaping / ep. : -804.582
terminal shaping / episode  : -7.934
DFA transitions / episode   : 0.04
DFA transitions in window   : 1->2: 4
epsilon (next episode)       : 0.80250
replay buffer                : 108043 samples [1: 99.5%, 2: 0.5%, 3: 0.0%, 4: 0.0%, 5: 0.0%]
DFA state visits in window   : 1: 9829, 2: 87, 3: 0, 4: 0, 5: 0
DFA state visits cumulative  : 1: 108589, 2: 554, 3: 0, 4: 0, 5: 0
DFA state entries in window  : 1: 100, 2: 4, 3: 0, 4: 0, 5: 0
DFA state entries cumulative : 1: 1100, 2: 23, 3: 0, 4: 0, 5: 0
transitions cumulative       : 1->2: 23
accepted directly from s0    : 0
Gym endings cumulative       : terminated=1099, truncated=1

[Episode 1200/12000 | last 100]
success rate                : 0.0% (cumulative 0.0%)
failure rate                : 0.0% (cumulative 0.0%)
completed cycles / episode  : 0.000
synthetic task reward       : 0.000
shaping reward              : -843.869
learning reward             : -843.869
episode length              : 101.2
abstract changes / episode  : 50.4
same abstract-state steps   : 50.2%
same-state shaping / episode: 0.000
changed-state shaping / ep. : -843.869
terminal shaping / episode  : -9.607
DFA transitions / episode   : 0.01
DFA transitions in window   : 1->2: 1
epsilon (next episode)       : 0.78661
replay buffer                : 118167 samples [1: 99.5%, 2: 0.5%, 3: 0.0%, 4: 0.0%, 5: 0.0%]
DFA state visits in window   : 1: 10199, 2: 25, 3: 0, 4: 0, 5: 0
DFA state visits cumulative  : 1: 118788, 2: 579, 3: 0, 4: 0, 5: 0
DFA state entries in window  : 1: 100, 2: 1, 3: 0, 4: 0, 5: 0
DFA state entries cumulative : 1: 1200, 2: 24, 3: 0, 4: 0, 5: 0
transitions cumulative       : 1->2: 24
accepted directly from s0    : 0
Gym endings cumulative       : terminated=1199, truncated=1

[Episode 1300/12000 | last 100]
success rate                : 0.0% (cumulative 0.0%)
failure rate                : 0.0% (cumulative 0.0%)
completed cycles / episode  : 0.000
synthetic task reward       : 0.000
shaping reward              : -810.582
learning reward             : -810.582
episode length              : 106.5
abstract changes / episode  : 50.3
same abstract-state steps   : 52.8%
same-state shaping / episode: 0.000
changed-state shaping / ep. : -810.582
terminal shaping / episode  : -7.585
DFA transitions / episode   : 0.02
DFA transitions in window   : 1->2: 2
epsilon (next episode)       : 0.77103
replay buffer                : 128819 samples [1: 99.5%, 2: 0.5%, 3: 0.0%, 4: 0.0%, 5: 0.0%]
DFA state visits in window   : 1: 10704, 2: 48, 3: 0, 4: 0, 5: 0
DFA state visits cumulative  : 1: 129492, 2: 627, 3: 0, 4: 0, 5: 0
DFA state entries in window  : 1: 100, 2: 2, 3: 0, 4: 0, 5: 0
DFA state entries cumulative : 1: 1300, 2: 26, 3: 0, 4: 0, 5: 0
transitions cumulative       : 1->2: 26
accepted directly from s0    : 0
Gym endings cumulative       : terminated=1299, truncated=1

[Episode 1400/12000 | last 100]
success rate                : 0.0% (cumulative 0.0%)
failure rate                : 0.0% (cumulative 0.0%)
completed cycles / episode  : 0.000
synthetic task reward       : 0.000
shaping reward              : -848.632
learning reward             : -848.632
episode length              : 113.4
abstract changes / episode  : 50.5
same abstract-state steps   : 55.4%
same-state shaping / episode: 0.000
changed-state shaping / ep. : -848.632
terminal shaping / episode  : -10.132
DFA transitions / episode   : 0.00
DFA transitions in window   : none
epsilon (next episode)       : 0.75576
replay buffer                : 140155 samples [1: 99.6%, 2: 0.4%, 3: 0.0%, 4: 0.0%, 5: 0.0%]
DFA state visits in window   : 1: 11436, 2: 0, 3: 0, 4: 0, 5: 0
DFA state visits cumulative  : 1: 140928, 2: 627, 3: 0, 4: 0, 5: 0
DFA state entries in window  : 1: 100, 2: 0, 3: 0, 4: 0, 5: 0
DFA state entries cumulative : 1: 1400, 2: 26, 3: 0, 4: 0, 5: 0
transitions cumulative       : 1->2: 26
accepted directly from s0    : 0
Gym endings cumulative       : terminated=1398, truncated=2

[Episode 1500/12000 | last 100]
success rate                : 0.0% (cumulative 0.0%)
failure rate                : 0.0% (cumulative 0.0%)
completed cycles / episode  : 0.000
synthetic task reward       : 0.000
shaping reward              : -817.204
learning reward             : -817.204
episode length              : 114.8
abstract changes / episode  : 50.4
same abstract-state steps   : 56.1%
same-state shaping / episode: 0.000
changed-state shaping / ep. : -817.204
terminal shaping / episode  : -10.659
DFA transitions / episode   : 0.01
DFA transitions in window   : 1->2: 1
epsilon (next episode)       : 0.74080
replay buffer                : 151631 samples [1: 99.6%, 2: 0.4%, 3: 0.0%, 4: 0.0%, 5: 0.0%]
DFA state visits in window   : 1: 11546, 2: 30, 3: 0, 4: 0, 5: 0
DFA state visits cumulative  : 1: 152474, 2: 657, 3: 0, 4: 0, 5: 0
DFA state entries in window  : 1: 100, 2: 1, 3: 0, 4: 0, 5: 0
DFA state entries cumulative : 1: 1500, 2: 27, 3: 0, 4: 0, 5: 0
transitions cumulative       : 1->2: 27
accepted directly from s0    : 0
Gym endings cumulative       : terminated=1497, truncated=3

Starting autonomous greedy evaluation at episode 1500 (1000 fixed-seed episodes)...
[Greedy evaluation at episode 1500 | 1000 fixed-seed episodes]
success=0.0%, failure=0.0%, task reward=0.000, length=152.3
DFA transitions: 1->2: 900

[Episode 1600/12000 | last 100]
success rate                : 0.0% (cumulative 0.0%)
failure rate                : 0.0% (cumulative 0.0%)
completed cycles / episode  : 0.000
synthetic task reward       : 0.000
shaping reward              : -839.060
learning reward             : -839.060
episode length              : 110.1
abstract changes / episode  : 51.6
same abstract-state steps   : 53.2%
same-state shaping / episode: 0.000
changed-state shaping / ep. : -839.060
terminal shaping / episode  : -7.386
DFA transitions / episode   : 0.02
DFA transitions in window   : 1->2: 2
epsilon (next episode)       : 0.72613
replay buffer                : 162642 samples [1: 99.6%, 2: 0.4%, 3: 0.0%, 4: 0.0%, 5: 0.0%]
DFA state visits in window   : 1: 11052, 2: 59, 3: 0, 4: 0, 5: 0
DFA state visits cumulative  : 1: 163526, 2: 716, 3: 0, 4: 0, 5: 0
DFA state entries in window  : 1: 100, 2: 2, 3: 0, 4: 0, 5: 0
DFA state entries cumulative : 1: 1600, 2: 29, 3: 0, 4: 0, 5: 0
transitions cumulative       : 1->2: 29
accepted directly from s0    : 0
Gym endings cumulative       : terminated=1597, truncated=3

[Episode 1700/12000 | last 100]
success rate                : 0.0% (cumulative 0.0%)
failure rate                : 0.0% (cumulative 0.0%)
completed cycles / episode  : 0.000
synthetic task reward       : 0.000
shaping reward              : -781.736
learning reward             : -781.736
episode length              : 111.0
abstract changes / episode  : 51.6
same abstract-state steps   : 53.5%
same-state shaping / episode: 0.000
changed-state shaping / ep. : -781.736
terminal shaping / episode  : -9.252
DFA transitions / episode   : 0.00
DFA transitions in window   : none
epsilon (next episode)       : 0.71175
replay buffer                : 173742 samples [1: 99.6%, 2: 0.4%, 3: 0.0%, 4: 0.0%, 5: 0.0%]
DFA state visits in window   : 1: 11200, 2: 0, 3: 0, 4: 0, 5: 0
DFA state visits cumulative  : 1: 174726, 2: 716, 3: 0, 4: 0, 5: 0
DFA state entries in window  : 1: 100, 2: 0, 3: 0, 4: 0, 5: 0
DFA state entries cumulative : 1: 1700, 2: 29, 3: 0, 4: 0, 5: 0
transitions cumulative       : 1->2: 29
accepted directly from s0    : 0
Gym endings cumulative       : terminated=1697, truncated=3

[Episode 1800/12000 | last 100]
success rate                : 0.0% (cumulative 0.0%)
failure rate                : 0.0% (cumulative 0.0%)
completed cycles / episode  : 0.000
synthetic task reward       : 0.000
shaping reward              : -717.901
learning reward             : -717.901
episode length              : 109.2
abstract changes / episode  : 50.6
same abstract-state steps   : 53.7%
same-state shaping / episode: 0.000
changed-state shaping / ep. : -717.901
terminal shaping / episode  : -2.602
DFA transitions / episode   : 0.05
DFA transitions in window   : 1->2: 5
epsilon (next episode)       : 0.69765
replay buffer                : 184663 samples [1: 99.6%, 2: 0.4%, 3: 0.0%, 4: 0.0%, 5: 0.0%]
DFA state visits in window   : 1: 10900, 2: 121, 3: 0, 4: 0, 5: 0
DFA state visits cumulative  : 1: 185626, 2: 837, 3: 0, 4: 0, 5: 0
DFA state entries in window  : 1: 100, 2: 5, 3: 0, 4: 0, 5: 0
DFA state entries cumulative : 1: 1800, 2: 34, 3: 0, 4: 0, 5: 0
transitions cumulative       : 1->2: 34
accepted directly from s0    : 0
Gym endings cumulative       : terminated=1797, truncated=3

[Episode 1900/12000 | last 100]
success rate                : 0.0% (cumulative 0.0%)
failure rate                : 0.0% (cumulative 0.0%)
completed cycles / episode  : 0.000
synthetic task reward       : 0.000
shaping reward              : -752.564
learning reward             : -752.564
episode length              : 108.8
abstract changes / episode  : 51.1
same abstract-state steps   : 53.0%
same-state shaping / episode: 0.000
changed-state shaping / ep. : -752.564
terminal shaping / episode  : -6.087
DFA transitions / episode   : 0.03
DFA transitions in window   : 1->2: 3
epsilon (next episode)       : 0.68384
replay buffer                : 195540 samples [1: 99.5%, 2: 0.5%, 3: 0.0%, 4: 0.0%, 5: 0.0%]
DFA state visits in window   : 1: 10894, 2: 83, 3: 0, 4: 0, 5: 0
DFA state visits cumulative  : 1: 196520, 2: 920, 3: 0, 4: 0, 5: 0
DFA state entries in window  : 1: 100, 2: 3, 3: 0, 4: 0, 5: 0
DFA state entries cumulative : 1: 1900, 2: 37, 3: 0, 4: 0, 5: 0
transitions cumulative       : 1->2: 37
accepted directly from s0    : 0
Gym endings cumulative       : terminated=1897, truncated=3

[Episode 2000/12000 | last 100]
success rate                : 0.0% (cumulative 0.0%)
failure rate                : 0.0% (cumulative 0.0%)
completed cycles / episode  : 0.000
synthetic task reward       : 0.000
shaping reward              : -754.047
learning reward             : -754.047
episode length              : 118.8
abstract changes / episode  : 50.8
same abstract-state steps   : 57.3%
same-state shaping / episode: 0.000
changed-state shaping / ep. : -754.047
terminal shaping / episode  : -6.680
DFA transitions / episode   : 0.04
DFA transitions in window   : 1->2: 4
epsilon (next episode)       : 0.67029
replay buffer                : 207419 samples [1: 99.5%, 2: 0.5%, 3: 0.0%, 4: 0.0%, 5: 0.0%]
DFA state visits in window   : 1: 11895, 2: 84, 3: 0, 4: 0, 5: 0
DFA state visits cumulative  : 1: 208415, 2: 1004, 3: 0, 4: 0, 5: 0
DFA state entries in window  : 1: 100, 2: 4, 3: 0, 4: 0, 5: 0
DFA state entries cumulative : 1: 2000, 2: 41, 3: 0, 4: 0, 5: 0
transitions cumulative       : 1->2: 41
accepted directly from s0    : 0
Gym endings cumulative       : terminated=1996, truncated=4

Starting autonomous greedy evaluation at episode 2000 (1000 fixed-seed episodes)...
[Greedy evaluation at episode 2000 | 1000 fixed-seed episodes]
success=0.0%, failure=0.0%, task reward=0.000, length=114.8
DFA transitions: 1->2: 416

[Episode 2100/12000 | last 100]
success rate                : 0.0% (cumulative 0.0%)
failure rate                : 0.0% (cumulative 0.0%)
completed cycles / episode  : 0.000
synthetic task reward       : 0.000
shaping reward              : -608.428
learning reward             : -608.428
episode length              : 112.8
abstract changes / episode  : 49.9
same abstract-state steps   : 55.8%
same-state shaping / episode: 0.000
changed-state shaping / ep. : -608.428
terminal shaping / episode  : -15.115
DFA transitions / episode   : 0.07
DFA transitions in window   : 1->2: 7
epsilon (next episode)       : 0.65702
replay buffer                : 218699 samples [1: 99.5%, 2: 0.5%, 3: 0.0%, 4: 0.0%, 5: 0.0%]
DFA state visits in window   : 1: 11223, 2: 157, 3: 0, 4: 0, 5: 0
DFA state visits cumulative  : 1: 219638, 2: 1161, 3: 0, 4: 0, 5: 0
DFA state entries in window  : 1: 100, 2: 7, 3: 0, 4: 0, 5: 0
DFA state entries cumulative : 1: 2100, 2: 48, 3: 0, 4: 0, 5: 0
transitions cumulative       : 1->2: 48
accepted directly from s0    : 0
Gym endings cumulative       : terminated=2096, truncated=4

[Episode 2200/12000 | last 100]
success rate                : 0.0% (cumulative 0.0%)
failure rate                : 0.0% (cumulative 0.0%)
completed cycles / episode  : 0.000
synthetic task reward       : 0.000
shaping reward              : -642.613
learning reward             : -642.613
episode length              : 115.5
abstract changes / episode  : 51.1
same abstract-state steps   : 55.8%
same-state shaping / episode: 0.000
changed-state shaping / ep. : -642.613
terminal shaping / episode  : -17.146
DFA transitions / episode   : 0.06
DFA transitions in window   : 1->2: 6
epsilon (next episode)       : 0.64401
replay buffer                : 230252 samples [1: 99.5%, 2: 0.5%, 3: 0.0%, 4: 0.0%, 5: 0.0%]
DFA state visits in window   : 1: 11530, 2: 123, 3: 0, 4: 0, 5: 0
DFA state visits cumulative  : 1: 231168, 2: 1284, 3: 0, 4: 0, 5: 0
DFA state entries in window  : 1: 100, 2: 6, 3: 0, 4: 0, 5: 0
DFA state entries cumulative : 1: 2200, 2: 54, 3: 0, 4: 0, 5: 0
transitions cumulative       : 1->2: 54
accepted directly from s0    : 0
Gym endings cumulative       : terminated=2196, truncated=4

[Episode 2300/12000 | last 100]
success rate                : 0.0% (cumulative 0.0%)
failure rate                : 0.0% (cumulative 0.0%)
completed cycles / episode  : 0.000
synthetic task reward       : 0.000
shaping reward              : -633.577
learning reward             : -633.577
episode length              : 115.3
abstract changes / episode  : 49.2
same abstract-state steps   : 57.3%
same-state shaping / episode: 0.000
changed-state shaping / ep. : -633.577
terminal shaping / episode  : -16.213
DFA transitions / episode   : 0.06
DFA transitions in window   : 1->2: 6
epsilon (next episode)       : 0.63125
replay buffer                : 241778 samples [1: 99.4%, 2: 0.6%, 3: 0.0%, 4: 0.0%, 5: 0.0%]
DFA state visits in window   : 1: 11460, 2: 166, 3: 0, 4: 0, 5: 0
DFA state visits cumulative  : 1: 242628, 2: 1450, 3: 0, 4: 0, 5: 0
DFA state entries in window  : 1: 100, 2: 6, 3: 0, 4: 0, 5: 0
DFA state entries cumulative : 1: 2300, 2: 60, 3: 0, 4: 0, 5: 0
transitions cumulative       : 1->2: 60
accepted directly from s0    : 0
Gym endings cumulative       : terminated=2296, truncated=4

[Episode 2400/12000 | last 100]
success rate                : 0.0% (cumulative 0.0%)
failure rate                : 0.0% (cumulative 0.0%)
completed cycles / episode  : 0.000
synthetic task reward       : 0.000
shaping reward              : -868.399
learning reward             : -868.399
episode length              : 125.2
abstract changes / episode  : 53.9
same abstract-state steps   : 57.0%
same-state shaping / episode: 0.000
changed-state shaping / ep. : -868.399
terminal shaping / episode  : -5.847
DFA transitions / episode   : 0.01
DFA transitions in window   : 1->2: 1
epsilon (next episode)       : 0.61875
replay buffer                : 254298 samples [1: 99.4%, 2: 0.6%, 3: 0.0%, 4: 0.0%, 5: 0.0%]
DFA state visits in window   : 1: 12601, 2: 19, 3: 0, 4: 0, 5: 0
DFA state visits cumulative  : 1: 255229, 2: 1469, 3: 0, 4: 0, 5: 0
DFA state entries in window  : 1: 100, 2: 1, 3: 0, 4: 0, 5: 0
DFA state entries cumulative : 1: 2400, 2: 61, 3: 0, 4: 0, 5: 0
transitions cumulative       : 1->2: 61
accepted directly from s0    : 0
Gym endings cumulative       : terminated=2396, truncated=4

[Episode 2500/12000 | last 100]
success rate                : 0.0% (cumulative 0.0%)
failure rate                : 0.0% (cumulative 0.0%)
completed cycles / episode  : 0.000
synthetic task reward       : 0.000
shaping reward              : -863.818
learning reward             : -863.818
episode length              : 130.8
abstract changes / episode  : 54.3
same abstract-state steps   : 58.5%
same-state shaping / episode: 0.000
changed-state shaping / ep. : -863.818
terminal shaping / episode  : -4.822
DFA transitions / episode   : 0.00
DFA transitions in window   : none
epsilon (next episode)       : 0.60650
replay buffer                : 267383 samples [1: 99.5%, 2: 0.5%, 3: 0.0%, 4: 0.0%, 5: 0.0%]
DFA state visits in window   : 1: 13185, 2: 0, 3: 0, 4: 0, 5: 0
DFA state visits cumulative  : 1: 268414, 2: 1469, 3: 0, 4: 0, 5: 0
DFA state entries in window  : 1: 100, 2: 0, 3: 0, 4: 0, 5: 0
DFA state entries cumulative : 1: 2500, 2: 61, 3: 0, 4: 0, 5: 0
transitions cumulative       : 1->2: 61
accepted directly from s0    : 0
Gym endings cumulative       : terminated=2496, truncated=4

Starting autonomous greedy evaluation at episode 2500 (1000 fixed-seed episodes)...
[Greedy evaluation at episode 2500 | 1000 fixed-seed episodes]
success=0.0%, failure=0.0%, task reward=0.000, length=947.7
DFA transitions: 1->2: 44

[Episode 2600/12000 | last 100]
success rate                : 0.0% (cumulative 0.0%)
failure rate                : 0.0% (cumulative 0.0%)
completed cycles / episode  : 0.000
synthetic task reward       : 0.000
shaping reward              : -871.109
learning reward             : -871.109
episode length              : 122.1
abstract changes / episode  : 53.1
same abstract-state steps   : 56.5%
same-state shaping / episode: 0.000
changed-state shaping / ep. : -871.109
terminal shaping / episode  : -5.793
DFA transitions / episode   : 0.00
DFA transitions in window   : none
epsilon (next episode)       : 0.59449
replay buffer                : 279589 samples [1: 99.5%, 2: 0.5%, 3: 0.0%, 4: 0.0%, 5: 0.0%]
DFA state visits in window   : 1: 12306, 2: 0, 3: 0, 4: 0, 5: 0
DFA state visits cumulative  : 1: 280720, 2: 1469, 3: 0, 4: 0, 5: 0
DFA state entries in window  : 1: 100, 2: 0, 3: 0, 4: 0, 5: 0
DFA state entries cumulative : 1: 2600, 2: 61, 3: 0, 4: 0, 5: 0
transitions cumulative       : 1->2: 61
accepted directly from s0    : 0
Gym endings cumulative       : terminated=2596, truncated=4

[Episode 2700/12000 | last 100]
success rate                : 0.0% (cumulative 0.0%)
failure rate                : 0.0% (cumulative 0.0%)
completed cycles / episode  : 0.000
synthetic task reward       : 0.000
shaping reward              : -905.078
learning reward             : -905.078
episode length              : 119.9
abstract changes / episode  : 51.9
same abstract-state steps   : 56.7%
same-state shaping / episode: 0.000
changed-state shaping / ep. : -905.078
terminal shaping / episode  : -2.634
DFA transitions / episode   : 0.00
DFA transitions in window   : none
epsilon (next episode)       : 0.58272
replay buffer                : 291581 samples [1: 99.5%, 2: 0.5%, 3: 0.0%, 4: 0.0%, 5: 0.0%]
DFA state visits in window   : 1: 12092, 2: 0, 3: 0, 4: 0, 5: 0
DFA state visits cumulative  : 1: 292812, 2: 1469, 3: 0, 4: 0, 5: 0
DFA state entries in window  : 1: 100, 2: 0, 3: 0, 4: 0, 5: 0
DFA state entries cumulative : 1: 2700, 2: 61, 3: 0, 4: 0, 5: 0
transitions cumulative       : 1->2: 61
accepted directly from s0    : 0
Gym endings cumulative       : terminated=2696, truncated=4

[Episode 2800/12000 | last 100]
success rate                : 0.0% (cumulative 0.0%)
failure rate                : 0.0% (cumulative 0.0%)
completed cycles / episode  : 0.000
synthetic task reward       : 0.000
shaping reward              : -898.300
learning reward             : -898.300
episode length              : 121.1
abstract changes / episode  : 51.4
same abstract-state steps   : 57.6%
same-state shaping / episode: 0.000
changed-state shaping / ep. : -898.300
terminal shaping / episode  : -2.119
DFA transitions / episode   : 0.00
DFA transitions in window   : none
epsilon (next episode)       : 0.57118
replay buffer                : 300000 samples [1: 99.5%, 2: 0.5%, 3: 0.0%, 4: 0.0%, 5: 0.0%]
DFA state visits in window   : 1: 12210, 2: 0, 3: 0, 4: 0, 5: 0
DFA state visits cumulative  : 1: 305022, 2: 1469, 3: 0, 4: 0, 5: 0
DFA state entries in window  : 1: 100, 2: 0, 3: 0, 4: 0, 5: 0
DFA state entries cumulative : 1: 2800, 2: 61, 3: 0, 4: 0, 5: 0
transitions cumulative       : 1->2: 61
accepted directly from s0    : 0
Gym endings cumulative       : terminated=2796, truncated=4

[Episode 2900/12000 | last 100]
success rate                : 0.0% (cumulative 0.0%)
failure rate                : 0.0% (cumulative 0.0%)
completed cycles / episode  : 0.000
synthetic task reward       : 0.000
shaping reward              : -892.044
learning reward             : -892.044
episode length              : 142.3
abstract changes / episode  : 54.0
same abstract-state steps   : 62.1%
same-state shaping / episode: 0.000
changed-state shaping / ep. : -892.044
terminal shaping / episode  : -6.781
DFA transitions / episode   : 0.00
DFA transitions in window   : none
epsilon (next episode)       : 0.55987
replay buffer                : 300000 samples [1: 99.6%, 2: 0.4%, 3: 0.0%, 4: 0.0%, 5: 0.0%]
DFA state visits in window   : 1: 14334, 2: 0, 3: 0, 4: 0, 5: 0
DFA state visits cumulative  : 1: 319356, 2: 1469, 3: 0, 4: 0, 5: 0
DFA state entries in window  : 1: 100, 2: 0, 3: 0, 4: 0, 5: 0
DFA state entries cumulative : 1: 2900, 2: 61, 3: 0, 4: 0, 5: 0
transitions cumulative       : 1->2: 61
accepted directly from s0    : 0
Gym endings cumulative       : terminated=2896, truncated=4

[Episode 3000/12000 | last 100]
success rate                : 0.0% (cumulative 0.0%)
failure rate                : 0.0% (cumulative 0.0%)
completed cycles / episode  : 0.000
synthetic task reward       : 0.000
shaping reward              : -894.425
learning reward             : -894.425
episode length              : 119.3
abstract changes / episode  : 50.8
same abstract-state steps   : 57.4%
same-state shaping / episode: 0.000
changed-state shaping / ep. : -894.425
terminal shaping / episode  : -3.695
DFA transitions / episode   : 0.00
DFA transitions in window   : none
epsilon (next episode)       : 0.54878
replay buffer                : 300000 samples [1: 99.6%, 2: 0.4%, 3: 0.0%, 4: 0.0%, 5: 0.0%]
DFA state visits in window   : 1: 12035, 2: 0, 3: 0, 4: 0, 5: 0
DFA state visits cumulative  : 1: 331391, 2: 1469, 3: 0, 4: 0, 5: 0
DFA state entries in window  : 1: 100, 2: 0, 3: 0, 4: 0, 5: 0
DFA state entries cumulative : 1: 3000, 2: 61, 3: 0, 4: 0, 5: 0
transitions cumulative       : 1->2: 61
accepted directly from s0    : 0
Gym endings cumulative       : terminated=2995, truncated=5

Starting autonomous greedy evaluation at episode 3000 (1000 fixed-seed episodes)...
[Greedy evaluation at episode 3000 | 1000 fixed-seed episodes]
success=0.0%, failure=0.0%, task reward=0.000, length=799.2
DFA transitions: none

[Episode 3100/12000 | last 100]
success rate                : 0.0% (cumulative 0.0%)
failure rate                : 0.0% (cumulative 0.0%)
completed cycles / episode  : 0.000
synthetic task reward       : 0.000
shaping reward              : -914.414
learning reward             : -914.414
episode length              : 152.1
abstract changes / episode  : 53.2
same abstract-state steps   : 65.0%
same-state shaping / episode: 0.000
changed-state shaping / ep. : -914.414
terminal shaping / episode  : -4.163
DFA transitions / episode   : 0.00
DFA transitions in window   : none
epsilon (next episode)       : 0.53791
replay buffer                : 300000 samples [1: 99.6%, 2: 0.4%, 3: 0.0%, 4: 0.0%, 5: 0.0%]
DFA state visits in window   : 1: 15314, 2: 0, 3: 0, 4: 0, 5: 0
DFA state visits cumulative  : 1: 346705, 2: 1469, 3: 0, 4: 0, 5: 0
DFA state entries in window  : 1: 100, 2: 0, 3: 0, 4: 0, 5: 0
DFA state entries cumulative : 1: 3100, 2: 61, 3: 0, 4: 0, 5: 0
transitions cumulative       : 1->2: 61
accepted directly from s0    : 0
Gym endings cumulative       : terminated=3093, truncated=7

[Episode 3200/12000 | last 100]
success rate                : 0.0% (cumulative 0.0%)
failure rate                : 0.0% (cumulative 0.0%)
completed cycles / episode  : 0.000
synthetic task reward       : 0.000
shaping reward              : -916.890
learning reward             : -916.890
episode length              : 137.7
abstract changes / episode  : 52.2
same abstract-state steps   : 62.1%
same-state shaping / episode: 0.000
changed-state shaping / ep. : -916.890
terminal shaping / episode  : -3.122
DFA transitions / episode   : 0.00
DFA transitions in window   : none
epsilon (next episode)       : 0.52726
replay buffer                : 300000 samples [1: 99.6%, 2: 0.4%, 3: 0.0%, 4: 0.0%, 5: 0.0%]
DFA state visits in window   : 1: 13871, 2: 0, 3: 0, 4: 0, 5: 0
DFA state visits cumulative  : 1: 360576, 2: 1469, 3: 0, 4: 0, 5: 0
DFA state entries in window  : 1: 100, 2: 0, 3: 0, 4: 0, 5: 0
DFA state entries cumulative : 1: 3200, 2: 61, 3: 0, 4: 0, 5: 0
transitions cumulative       : 1->2: 61
accepted directly from s0    : 0
Gym endings cumulative       : terminated=3192, truncated=8

[Episode 3300/12000 | last 100]
success rate                : 0.0% (cumulative 0.0%)
failure rate                : 0.0% (cumulative 0.0%)
completed cycles / episode  : 0.000
synthetic task reward       : 0.000
shaping reward              : -894.137
learning reward             : -894.137
episode length              : 196.2
abstract changes / episode  : 58.2
same abstract-state steps   : 70.3%
same-state shaping / episode: 0.000
changed-state shaping / ep. : -894.137
terminal shaping / episode  : -2.081
DFA transitions / episode   : 0.00
DFA transitions in window   : none
epsilon (next episode)       : 0.51682
replay buffer                : 300000 samples [1: 99.6%, 2: 0.4%, 3: 0.0%, 4: 0.0%, 5: 0.0%]
DFA state visits in window   : 1: 19724, 2: 0, 3: 0, 4: 0, 5: 0
DFA state visits cumulative  : 1: 380300, 2: 1469, 3: 0, 4: 0, 5: 0
DFA state entries in window  : 1: 100, 2: 0, 3: 0, 4: 0, 5: 0
DFA state entries cumulative : 1: 3300, 2: 61, 3: 0, 4: 0, 5: 0
transitions cumulative       : 1->2: 61
accepted directly from s0    : 0
Gym endings cumulative       : terminated=3286, truncated=14

[Episode 3400/12000 | last 100]
success rate                : 0.0% (cumulative 0.0%)
failure rate                : 0.0% (cumulative 0.0%)
completed cycles / episode  : 0.000
synthetic task reward       : 0.000
shaping reward              : -820.019
learning reward             : -820.019
episode length              : 194.3
abstract changes / episode  : 57.6
same abstract-state steps   : 70.3%
same-state shaping / episode: 0.000
changed-state shaping / ep. : -820.019
terminal shaping / episode  : -2.108
DFA transitions / episode   : 0.02
DFA transitions in window   : 1->2: 2
epsilon (next episode)       : 0.50658
replay buffer                : 300000 samples [1: 99.7%, 2: 0.3%, 3: 0.0%, 4: 0.0%, 5: 0.0%]
DFA state visits in window   : 1: 19441, 2: 90, 3: 0, 4: 0, 5: 0
DFA state visits cumulative  : 1: 399741, 2: 1559, 3: 0, 4: 0, 5: 0
DFA state entries in window  : 1: 100, 2: 2, 3: 0, 4: 0, 5: 0
DFA state entries cumulative : 1: 3400, 2: 63, 3: 0, 4: 0, 5: 0
transitions cumulative       : 1->2: 63
accepted directly from s0    : 0
Gym endings cumulative       : terminated=3383, truncated=17

[Episode 3500/12000 | last 100]
success rate                : 0.0% (cumulative 0.0%)
failure rate                : 0.0% (cumulative 0.0%)
completed cycles / episode  : 0.000
synthetic task reward       : 0.000
shaping reward              : -601.013
learning reward             : -601.013
episode length              : 193.6
abstract changes / episode  : 57.2
same abstract-state steps   : 70.4%
same-state shaping / episode: 0.000
changed-state shaping / ep. : -601.013
terminal shaping / episode  : -12.449
DFA transitions / episode   : 0.05
DFA transitions in window   : 1->2: 5
epsilon (next episode)       : 0.49655
replay buffer                : 300000 samples [1: 99.6%, 2: 0.4%, 3: 0.0%, 4: 0.0%, 5: 0.0%]
DFA state visits in window   : 1: 19199, 2: 259, 3: 0, 4: 0, 5: 0
DFA state visits cumulative  : 1: 418940, 2: 1818, 3: 0, 4: 0, 5: 0
DFA state entries in window  : 1: 100, 2: 5, 3: 0, 4: 0, 5: 0
DFA state entries cumulative : 1: 3500, 2: 68, 3: 0, 4: 0, 5: 0
transitions cumulative       : 1->2: 68
accepted directly from s0    : 0
Gym endings cumulative       : terminated=3480, truncated=20

Starting autonomous greedy evaluation at episode 3500 (1000 fixed-seed episodes)...
[Greedy evaluation at episode 3500 | 1000 fixed-seed episodes]
success=0.0%, failure=0.0%, task reward=0.000, length=219.4
DFA transitions: 1->2: 579

[Episode 3600/12000 | last 100]
success rate                : 0.0% (cumulative 0.0%)
failure rate                : 0.0% (cumulative 0.0%)
completed cycles / episode  : 0.000
synthetic task reward       : 0.000
shaping reward              : -658.443
learning reward             : -658.443
episode length              : 208.4
abstract changes / episode  : 57.6
same abstract-state steps   : 72.3%
same-state shaping / episode: 0.000
changed-state shaping / ep. : -658.443
terminal shaping / episode  : -5.109
DFA transitions / episode   : 0.01
DFA transitions in window   : 1->2: 1
epsilon (next episode)       : 0.48672
replay buffer                : 300000 samples [1: 99.6%, 2: 0.4%, 3: 0.0%, 4: 0.0%, 5: 0.0%]
DFA state visits in window   : 1: 20913, 2: 23, 3: 0, 4: 0, 5: 0
DFA state visits cumulative  : 1: 439853, 2: 1841, 3: 0, 4: 0, 5: 0
DFA state entries in window  : 1: 100, 2: 1, 3: 0, 4: 0, 5: 0
DFA state entries cumulative : 1: 3600, 2: 69, 3: 0, 4: 0, 5: 0
transitions cumulative       : 1->2: 69
accepted directly from s0    : 0
Gym endings cumulative       : terminated=3578, truncated=22

[Episode 3700/12000 | last 100]
success rate                : 0.0% (cumulative 0.0%)
failure rate                : 0.0% (cumulative 0.0%)
completed cycles / episode  : 0.000
synthetic task reward       : 0.000
shaping reward              : -321.273
learning reward             : -321.273
episode length              : 183.2
abstract changes / episode  : 54.4
same abstract-state steps   : 70.3%
same-state shaping / episode: 0.000
changed-state shaping / ep. : -321.273
terminal shaping / episode  : -7.590
DFA transitions / episode   : 0.10
DFA transitions in window   : 1->2: 10
epsilon (next episode)       : 0.47708
replay buffer                : 300000 samples [1: 99.6%, 2: 0.4%, 3: 0.0%, 4: 0.0%, 5: 0.0%]
DFA state visits in window   : 1: 18240, 2: 181, 3: 0, 4: 0, 5: 0
DFA state visits cumulative  : 1: 458093, 2: 2022, 3: 0, 4: 0, 5: 0
DFA state entries in window  : 1: 100, 2: 10, 3: 0, 4: 0, 5: 0
DFA state entries cumulative : 1: 3700, 2: 79, 3: 0, 4: 0, 5: 0
transitions cumulative       : 1->2: 79
accepted directly from s0    : 0
Gym endings cumulative       : terminated=3677, truncated=23

[Episode 3800/12000 | last 100]
success rate                : 0.0% (cumulative 0.0%)
failure rate                : 0.0% (cumulative 0.0%)
completed cycles / episode  : 0.000
synthetic task reward       : 0.000
shaping reward              : -200.620
learning reward             : -200.620
episode length              : 173.5
abstract changes / episode  : 54.9
same abstract-state steps   : 68.4%
same-state shaping / episode: 0.000
changed-state shaping / ep. : -200.620
terminal shaping / episode  : -10.062
DFA transitions / episode   : 0.16
DFA transitions in window   : 1->2: 16
epsilon (next episode)       : 0.46763
replay buffer                : 300000 samples [1: 99.4%, 2: 0.6%, 3: 0.0%, 4: 0.0%, 5: 0.0%]
DFA state visits in window   : 1: 16948, 2: 502, 3: 0, 4: 0, 5: 0
DFA state visits cumulative  : 1: 475041, 2: 2524, 3: 0, 4: 0, 5: 0
DFA state entries in window  : 1: 100, 2: 16, 3: 0, 4: 0, 5: 0
DFA state entries cumulative : 1: 3800, 2: 95, 3: 0, 4: 0, 5: 0
transitions cumulative       : 1->2: 95
accepted directly from s0    : 0
Gym endings cumulative       : terminated=3777, truncated=23

[Episode 3900/12000 | last 100]
success rate                : 0.0% (cumulative 0.0%)
failure rate                : 0.0% (cumulative 0.0%)
completed cycles / episode  : 0.000
synthetic task reward       : 0.000
shaping reward              : -613.233
learning reward             : -613.233
episode length              : 193.0
abstract changes / episode  : 59.8
same abstract-state steps   : 69.0%
same-state shaping / episode: 0.000
changed-state shaping / ep. : -613.233
terminal shaping / episode  : 0.625
DFA transitions / episode   : 0.02
DFA transitions in window   : 1->2: 2
epsilon (next episode)       : 0.45837
replay buffer                : 300000 samples [1: 99.4%, 2: 0.6%, 3: 0.0%, 4: 0.0%, 5: 0.0%]
DFA state visits in window   : 1: 19221, 2: 175, 3: 0, 4: 0, 5: 0
DFA state visits cumulative  : 1: 494262, 2: 2699, 3: 0, 4: 0, 5: 0
DFA state entries in window  : 1: 100, 2: 2, 3: 0, 4: 0, 5: 0
DFA state entries cumulative : 1: 3900, 2: 97, 3: 0, 4: 0, 5: 0
transitions cumulative       : 1->2: 97
accepted directly from s0    : 0
Gym endings cumulative       : terminated=3877, truncated=23

[Episode 4000/12000 | last 100]
success rate                : 0.0% (cumulative 0.0%)
failure rate                : 0.0% (cumulative 0.0%)
completed cycles / episode  : 0.000
synthetic task reward       : 0.000
shaping reward              : -644.155
learning reward             : -644.155
episode length              : 236.2
abstract changes / episode  : 72.7
same abstract-state steps   : 69.2%
same-state shaping / episode: 0.000
changed-state shaping / ep. : -644.155
terminal shaping / episode  : 0.082
DFA transitions / episode   : 0.06
DFA transitions in window   : 1->2: 6
epsilon (next episode)       : 0.44929
replay buffer                : 300000 samples [1: 99.4%, 2: 0.6%, 3: 0.0%, 4: 0.0%, 5: 0.0%]
DFA state visits in window   : 1: 23476, 2: 249, 3: 0, 4: 0, 5: 0
DFA state visits cumulative  : 1: 517738, 2: 2948, 3: 0, 4: 0, 5: 0
DFA state entries in window  : 1: 100, 2: 6, 3: 0, 4: 0, 5: 0
DFA state entries cumulative : 1: 4000, 2: 103, 3: 0, 4: 0, 5: 0
transitions cumulative       : 1->2: 103
accepted directly from s0    : 0
Gym endings cumulative       : terminated=3974, truncated=26

Starting autonomous greedy evaluation at episode 4000 (1000 fixed-seed episodes)...
[Greedy evaluation at episode 4000 | 1000 fixed-seed episodes]
success=0.0%, failure=0.0%, task reward=0.000, length=953.7
DFA transitions: 1->2: 11

[Episode 4100/12000 | last 100]
success rate                : 0.0% (cumulative 0.0%)
failure rate                : 0.0% (cumulative 0.0%)
completed cycles / episode  : 0.000
synthetic task reward       : 0.000
shaping reward              : -789.541
learning reward             : -789.541
episode length              : 269.1
abstract changes / episode  : 75.6
same abstract-state steps   : 71.9%
same-state shaping / episode: 0.000
changed-state shaping / ep. : -789.541
terminal shaping / episode  : -3.785
DFA transitions / episode   : 0.03
DFA transitions in window   : 1->2: 3
epsilon (next episode)       : 0.44040
replay buffer                : 300000 samples [1: 99.5%, 2: 0.5%, 3: 0.0%, 4: 0.0%, 5: 0.0%]
DFA state visits in window   : 1: 26817, 2: 197, 3: 0, 4: 0, 5: 0
DFA state visits cumulative  : 1: 544555, 2: 3145, 3: 0, 4: 0, 5: 0
DFA state entries in window  : 1: 100, 2: 3, 3: 0, 4: 0, 5: 0
DFA state entries cumulative : 1: 4100, 2: 106, 3: 0, 4: 0, 5: 0
transitions cumulative       : 1->2: 106
accepted directly from s0    : 0
Gym endings cumulative       : terminated=4066, truncated=34

[Episode 4200/12000 | last 100]
success rate                : 0.0% (cumulative 0.0%)
failure rate                : 0.0% (cumulative 0.0%)
completed cycles / episode  : 0.000
synthetic task reward       : 0.000
shaping reward              : -460.784
learning reward             : -460.784
episode length              : 217.5
abstract changes / episode  : 68.7
same abstract-state steps   : 68.4%
same-state shaping / episode: 0.000
changed-state shaping / ep. : -460.784
terminal shaping / episode  : -6.072
DFA transitions / episode   : 0.15
DFA transitions in window   : 1->2: 15
epsilon (next episode)       : 0.43167
replay buffer                : 300000 samples [1: 99.1%, 2: 0.9%, 3: 0.0%, 4: 0.0%, 5: 0.0%]
DFA state visits in window   : 1: 20898, 2: 948, 3: 0, 4: 0, 5: 0
DFA state visits cumulative  : 1: 565453, 2: 4093, 3: 0, 4: 0, 5: 0
DFA state entries in window  : 1: 100, 2: 15, 3: 0, 4: 0, 5: 0
DFA state entries cumulative : 1: 4200, 2: 121, 3: 0, 4: 0, 5: 0
transitions cumulative       : 1->2: 121
accepted directly from s0    : 0
Gym endings cumulative       : terminated=4164, truncated=36

[Episode 4300/12000 | last 100]
success rate                : 0.0% (cumulative 0.0%)
failure rate                : 0.0% (cumulative 0.0%)
completed cycles / episode  : 0.000
synthetic task reward       : 0.000
shaping reward              : -661.661
learning reward             : -661.661
episode length              : 333.1
abstract changes / episode  : 89.9
same abstract-state steps   : 73.0%
same-state shaping / episode: 0.000
changed-state shaping / ep. : -661.661
terminal shaping / episode  : -2.660
DFA transitions / episode   : 0.07
DFA transitions in window   : 1->2: 7
epsilon (next episode)       : 0.42313
replay buffer                : 300000 samples [1: 99.0%, 2: 1.0%, 3: 0.0%, 4: 0.0%, 5: 0.0%]
DFA state visits in window   : 1: 32895, 2: 514, 3: 0, 4: 0, 5: 0
DFA state visits cumulative  : 1: 598348, 2: 4607, 3: 0, 4: 0, 5: 0
DFA state entries in window  : 1: 100, 2: 7, 3: 0, 4: 0, 5: 0
DFA state entries cumulative : 1: 4300, 2: 128, 3: 0, 4: 0, 5: 0
transitions cumulative       : 1->2: 128
accepted directly from s0    : 0
Gym endings cumulative       : terminated=4256, truncated=44

[Episode 4400/12000 | last 100]
success rate                : 0.0% (cumulative 0.0%)
failure rate                : 0.0% (cumulative 0.0%)
completed cycles / episode  : 0.000
synthetic task reward       : 0.000
shaping reward              : -595.781
learning reward             : -595.781
episode length              : 337.9
abstract changes / episode  : 91.3
same abstract-state steps   : 73.0%
same-state shaping / episode: 0.000
changed-state shaping / ep. : -595.781
terminal shaping / episode  : -2.114
DFA transitions / episode   : 0.05
DFA transitions in window   : 1->2: 5
epsilon (next episode)       : 0.41475
replay buffer                : 300000 samples [1: 98.9%, 2: 1.1%, 3: 0.0%, 4: 0.0%, 5: 0.0%]
DFA state visits in window   : 1: 33580, 2: 306, 3: 0, 4: 0, 5: 0
DFA state visits cumulative  : 1: 631928, 2: 4913, 3: 0, 4: 0, 5: 0
DFA state entries in window  : 1: 100, 2: 5, 3: 0, 4: 0, 5: 0
DFA state entries cumulative : 1: 4400, 2: 133, 3: 0, 4: 0, 5: 0
transitions cumulative       : 1->2: 133
accepted directly from s0    : 0
Gym endings cumulative       : terminated=4348, truncated=52

[Episode 4500/12000 | last 100]
success rate                : 0.0% (cumulative 0.0%)
failure rate                : 0.0% (cumulative 0.0%)
completed cycles / episode  : 0.000
synthetic task reward       : 0.000
shaping reward              : -616.042
learning reward             : -616.042
episode length              : 354.2
abstract changes / episode  : 97.2
same abstract-state steps   : 72.6%
same-state shaping / episode: 0.000
changed-state shaping / ep. : -616.042
terminal shaping / episode  : -0.520
DFA transitions / episode   : 0.06
DFA transitions in window   : 1->2: 6
epsilon (next episode)       : 0.40653
replay buffer                : 300000 samples [1: 98.7%, 2: 1.3%, 3: 0.0%, 4: 0.0%, 5: 0.0%]
DFA state visits in window   : 1: 34954, 2: 570, 3: 0, 4: 0, 5: 0
DFA state visits cumulative  : 1: 666882, 2: 5483, 3: 0, 4: 0, 5: 0
DFA state entries in window  : 1: 100, 2: 6, 3: 0, 4: 0, 5: 0
DFA state entries cumulative : 1: 4500, 2: 139, 3: 0, 4: 0, 5: 0
transitions cumulative       : 1->2: 139
accepted directly from s0    : 0
Gym endings cumulative       : terminated=4438, truncated=62

Starting autonomous greedy evaluation at episode 4500 (1000 fixed-seed episodes)...
[Greedy evaluation at episode 4500 | 1000 fixed-seed episodes]
success=0.0%, failure=0.0%, task reward=0.000, length=629.3
DFA transitions: 1->2: 595, 2->3: 11

[Episode 4600/12000 | last 100]
success rate                : 0.0% (cumulative 0.0%)
failure rate                : 0.0% (cumulative 0.0%)
completed cycles / episode  : 0.000
synthetic task reward       : 0.000
shaping reward              : -502.944
learning reward             : -502.944
episode length              : 285.4
abstract changes / episode  : 86.5
same abstract-state steps   : 69.7%
same-state shaping / episode: 0.000
changed-state shaping / ep. : -502.944
terminal shaping / episode  : -4.311
DFA transitions / episode   : 0.20
DFA transitions in window   : 1->2: 20
epsilon (next episode)       : 0.39848
replay buffer                : 300000 samples [1: 98.1%, 2: 1.9%, 3: 0.0%, 4: 0.0%, 5: 0.0%]
DFA state visits in window   : 1: 26851, 2: 1785, 3: 0, 4: 0, 5: 0
DFA state visits cumulative  : 1: 693733, 2: 7268, 3: 0, 4: 0, 5: 0
DFA state entries in window  : 1: 100, 2: 20, 3: 0, 4: 0, 5: 0
DFA state entries cumulative : 1: 4600, 2: 159, 3: 0, 4: 0, 5: 0
transitions cumulative       : 1->2: 159
accepted directly from s0    : 0
Gym endings cumulative       : terminated=4536, truncated=64

[Episode 4700/12000 | last 100]
success rate                : 0.0% (cumulative 0.0%)
failure rate                : 0.0% (cumulative 0.0%)
completed cycles / episode  : 0.000
synthetic task reward       : 0.000
shaping reward              : -472.400
learning reward             : -472.400
episode length              : 282.3
abstract changes / episode  : 84.0
same abstract-state steps   : 70.3%
same-state shaping / episode: 0.000
changed-state shaping / ep. : -472.400
terminal shaping / episode  : -2.784
DFA transitions / episode   : 0.20
DFA transitions in window   : 1->2: 19, 2->3: 1
epsilon (next episode)       : 0.39059
replay buffer                : 300000 samples [1: 97.4%, 2: 2.6%, 3: 0.0%, 4: 0.0%, 5: 0.0%]
DFA state visits in window   : 1: 25792, 2: 2500, 3: 41, 4: 0, 5: 0
DFA state visits cumulative  : 1: 719525, 2: 9768, 3: 41, 4: 0, 5: 0
DFA state entries in window  : 1: 100, 2: 19, 3: 1, 4: 0, 5: 0
DFA state entries cumulative : 1: 4700, 2: 178, 3: 1, 4: 0, 5: 0
transitions cumulative       : 1->2: 178, 2->3: 1
accepted directly from s0    : 0
Gym endings cumulative       : terminated=4634, truncated=66

[Episode 4800/12000 | last 100]
success rate                : 0.0% (cumulative 0.0%)
failure rate                : 0.0% (cumulative 0.0%)
completed cycles / episode  : 0.000
synthetic task reward       : 0.000
shaping reward              : -309.973
learning reward             : -309.973
episode length              : 260.9
abstract changes / episode  : 80.2
same abstract-state steps   : 69.3%
same-state shaping / episode: 0.000
changed-state shaping / ep. : -309.973
terminal shaping / episode  : -4.173
DFA transitions / episode   : 0.28
DFA transitions in window   : 1->2: 26, 2->3: 2
epsilon (next episode)       : 0.38286
replay buffer                : 300000 samples [1: 96.0%, 2: 3.9%, 3: 0.1%, 4: 0.0%, 5: 0.0%]
DFA state visits in window   : 1: 22046, 2: 4000, 3: 144, 4: 0, 5: 0
DFA state visits cumulative  : 1: 741571, 2: 13768, 3: 185, 4: 0, 5: 0
DFA state entries in window  : 1: 100, 2: 26, 3: 2, 4: 0, 5: 0
DFA state entries cumulative : 1: 4800, 2: 204, 3: 3, 4: 0, 5: 0
transitions cumulative       : 1->2: 204, 2->3: 3
accepted directly from s0    : 0
Gym endings cumulative       : terminated=4732, truncated=68

[Episode 4900/12000 | last 100]
success rate                : 0.0% (cumulative 0.0%)
failure rate                : 0.0% (cumulative 0.0%)
completed cycles / episode  : 0.000
synthetic task reward       : 0.000
shaping reward              : -428.680
learning reward             : -428.680
episode length              : 295.9
abstract changes / episode  : 88.3
same abstract-state steps   : 70.2%
same-state shaping / episode: 0.000
changed-state shaping / ep. : -428.680
terminal shaping / episode  : -3.451
DFA transitions / episode   : 0.24
DFA transitions in window   : 1->2: 21, 2->3: 3
epsilon (next episode)       : 0.37527
replay buffer                : 300000 samples [1: 94.8%, 2: 5.1%, 3: 0.1%, 4: 0.0%, 5: 0.0%]
DFA state visits in window   : 1: 25247, 2: 4314, 3: 131, 4: 0, 5: 0
DFA state visits cumulative  : 1: 766818, 2: 18082, 3: 316, 4: 0, 5: 0
DFA state entries in window  : 1: 100, 2: 21, 3: 3, 4: 0, 5: 0
DFA state entries cumulative : 1: 4900, 2: 225, 3: 6, 4: 0, 5: 0
transitions cumulative       : 1->2: 225, 2->3: 6
accepted directly from s0    : 0
Gym endings cumulative       : terminated=4829, truncated=71

[Episode 5000/12000 | last 100]
success rate                : 0.0% (cumulative 0.0%)
failure rate                : 0.0% (cumulative 0.0%)
completed cycles / episode  : 0.000
synthetic task reward       : 0.000
shaping reward              : -401.641
learning reward             : -401.641
episode length              : 341.4
abstract changes / episode  : 99.1
same abstract-state steps   : 71.0%
same-state shaping / episode: 0.000
changed-state shaping / ep. : -401.641
terminal shaping / episode  : -2.722
DFA transitions / episode   : 0.23
DFA transitions in window   : 1->2: 21, 2->3: 2
epsilon (next episode)       : 0.36784
replay buffer                : 300000 samples [1: 93.5%, 2: 6.4%, 3: 0.2%, 4: 0.0%, 5: 0.0%]
DFA state visits in window   : 1: 29902, 2: 4093, 3: 248, 4: 0, 5: 0
DFA state visits cumulative  : 1: 796720, 2: 22175, 3: 564, 4: 0, 5: 0
DFA state entries in window  : 1: 100, 2: 21, 3: 2, 4: 0, 5: 0
DFA state entries cumulative : 1: 5000, 2: 246, 3: 8, 4: 0, 5: 0
transitions cumulative       : 1->2: 246, 2->3: 8
accepted directly from s0    : 0
Gym endings cumulative       : terminated=4924, truncated=76

Starting autonomous greedy evaluation at episode 5000 (1000 fixed-seed episodes)...
[Greedy evaluation at episode 5000 | 1000 fixed-seed episodes]
success=0.0%, failure=0.0%, task reward=0.000, length=522.5
DFA transitions: 1->2: 976, 2->3: 99

[Episode 5100/12000 | last 100]
success rate                : 0.0% (cumulative 0.0%)
failure rate                : 0.0% (cumulative 0.0%)
completed cycles / episode  : 0.000
synthetic task reward       : 0.000
shaping reward              : -309.192
learning reward             : -309.192
episode length              : 300.2
abstract changes / episode  : 88.3
same abstract-state steps   : 70.6%
same-state shaping / episode: 0.000
changed-state shaping / ep. : -309.192
terminal shaping / episode  : -4.754
DFA transitions / episode   : 0.27
DFA transitions in window   : 1->2: 24, 2->3: 3
epsilon (next episode)       : 0.36056
replay buffer                : 300000 samples [1: 91.5%, 2: 8.2%, 3: 0.2%, 4: 0.0%, 5: 0.0%]
DFA state visits in window   : 1: 24162, 2: 5786, 3: 169, 4: 0, 5: 0
DFA state visits cumulative  : 1: 820882, 2: 27961, 3: 733, 4: 0, 5: 0
DFA state entries in window  : 1: 100, 2: 24, 3: 3, 4: 0, 5: 0
DFA state entries cumulative : 1: 5100, 2: 270, 3: 11, 4: 0, 5: 0
transitions cumulative       : 1->2: 270, 2->3: 11
accepted directly from s0    : 0
Gym endings cumulative       : terminated=5022, truncated=78

[Episode 5200/12000 | last 100]
success rate                : 0.0% (cumulative 0.0%)
failure rate                : 0.0% (cumulative 0.0%)
completed cycles / episode  : 0.000
synthetic task reward       : 0.000
shaping reward              : -315.844
learning reward             : -315.844
episode length              : 319.8
abstract changes / episode  : 94.6
same abstract-state steps   : 70.4%
same-state shaping / episode: 0.000
changed-state shaping / ep. : -315.844
terminal shaping / episode  : -1.830
DFA transitions / episode   : 0.29
DFA transitions in window   : 1->2: 23, 2->3: 5, 3->4: 1
epsilon (next episode)       : 0.35342
replay buffer                : 300000 samples [1: 90.0%, 2: 9.4%, 3: 0.6%, 4: 0.0%, 5: 0.0%]
DFA state visits in window   : 1: 26253, 2: 4704, 3: 1092, 4: 30, 5: 0
DFA state visits cumulative  : 1: 847135, 2: 32665, 3: 1825, 4: 30, 5: 0
DFA state entries in window  : 1: 100, 2: 23, 3: 5, 4: 1, 5: 0
DFA state entries cumulative : 1: 5200, 2: 293, 3: 16, 4: 1, 5: 0
transitions cumulative       : 1->2: 293, 2->3: 16, 3->4: 1
accepted directly from s0    : 0
Gym endings cumulative       : terminated=5119, truncated=81

[Episode 5300/12000 | last 100]
success rate                : 0.0% (cumulative 0.0%)
failure rate                : 0.0% (cumulative 0.0%)
completed cycles / episode  : 0.000
synthetic task reward       : 0.000
shaping reward              : -206.883
learning reward             : -206.883
episode length              : 363.0
abstract changes / episode  : 103.9
same abstract-state steps   : 71.4%
same-state shaping / episode: 0.000
changed-state shaping / ep. : -206.883
terminal shaping / episode  : -0.637
DFA transitions / episode   : 0.43
DFA transitions in window   : 1->2: 32, 2->3: 11
epsilon (next episode)       : 0.34642
replay buffer                : 300000 samples [1: 87.5%, 2: 11.0%, 3: 1.5%, 4: 0.0%, 5: 0.0%]
DFA state visits in window   : 1: 28389, 2: 5213, 3: 2801, 4: 0, 5: 0
DFA state visits cumulative  : 1: 875524, 2: 37878, 3: 4626, 4: 30, 5: 0
DFA state entries in window  : 1: 100, 2: 32, 3: 11, 4: 0, 5: 0
DFA state entries cumulative : 1: 5300, 2: 325, 3: 27, 4: 1, 5: 0
transitions cumulative       : 1->2: 325, 2->3: 27, 3->4: 1
accepted directly from s0    : 0
Gym endings cumulative       : terminated=5214, truncated=86

[Episode 5400/12000 | last 100]
success rate                : 0.0% (cumulative 0.0%)
failure rate                : 0.0% (cumulative 0.0%)
completed cycles / episode  : 0.000
synthetic task reward       : 0.000
shaping reward              : -137.754
learning reward             : -137.754
episode length              : 409.6
abstract changes / episode  : 113.3
same abstract-state steps   : 72.3%
same-state shaping / episode: 0.000
changed-state shaping / ep. : -137.754
terminal shaping / episode  : -1.677
DFA transitions / episode   : 0.50
DFA transitions in window   : 1->2: 32, 2->3: 15, 3->4: 3
epsilon (next episode)       : 0.33956
replay buffer                : 300000 samples [1: 83.6%, 2: 13.1%, 3: 3.0%, 4: 0.3%, 5: 0.0%]
DFA state visits in window   : 1: 29197, 2: 6540, 3: 4382, 4: 943, 5: 0
DFA state visits cumulative  : 1: 904721, 2: 44418, 3: 9008, 4: 973, 5: 0
DFA state entries in window  : 1: 100, 2: 32, 3: 15, 4: 3, 5: 0
DFA state entries cumulative : 1: 5400, 2: 357, 3: 42, 4: 4, 5: 0
transitions cumulative       : 1->2: 357, 2->3: 42, 3->4: 4
accepted directly from s0    : 0
Gym endings cumulative       : terminated=5300, truncated=100

[Episode 5500/12000 | last 100]
success rate                : 1.0% (cumulative 0.0%)
failure rate                : 0.0% (cumulative 0.0%)
completed cycles / episode  : 0.000
synthetic task reward       : 100.000
shaping reward              : 47.654
learning reward             : 147.654
episode length              : 485.0
abstract changes / episode  : 122.7
same abstract-state steps   : 74.7%
same-state shaping / episode: 0.000
changed-state shaping / ep. : 47.654
terminal shaping / episode  : -0.822
DFA transitions / episode   : 0.63
DFA transitions in window   : 1->2: 38, 2->3: 18, 3->4: 6, 4->5: 1
epsilon (next episode)       : 0.33283
replay buffer                : 300000 samples [1: 79.3%, 2: 15.8%, 3: 4.3%, 4: 0.6%, 5: 0.0%]
DFA state visits in window   : 1: 33015, 2: 10892, 3: 3890, 4: 804, 5: 1
DFA state visits cumulative  : 1: 937736, 2: 55310, 3: 12898, 4: 1777, 5: 1
DFA state entries in window  : 1: 100, 2: 38, 3: 18, 4: 6, 5: 1
DFA state entries cumulative : 1: 5500, 2: 395, 3: 60, 4: 10, 5: 1
transitions cumulative       : 1->2: 395, 2->3: 60, 3->4: 10, 4->5: 1
accepted directly from s0    : 0
Gym endings cumulative       : terminated=5381, truncated=118

Starting autonomous greedy evaluation at episode 5500 (1000 fixed-seed episodes)...
[Greedy evaluation at episode 5500 | 1000 fixed-seed episodes]
success=0.0%, failure=0.0%, task reward=0.000, length=838.5
DFA transitions: 1->2: 867, 2->3: 785, 3->4: 497

[Episode 5600/12000 | last 100]
success rate                : 0.0% (cumulative 0.0%)
failure rate                : 0.0% (cumulative 0.0%)
completed cycles / episode  : 0.000
synthetic task reward       : 0.000
shaping reward              : 1.401
learning reward             : 1.401
episode length              : 461.7
abstract changes / episode  : 122.4
same abstract-state steps   : 73.5%
same-state shaping / episode: 0.000
changed-state shaping / ep. : 1.401
terminal shaping / episode  : -4.239
DFA transitions / episode   : 0.60
DFA transitions in window   : 1->2: 37, 2->3: 16, 3->4: 7
epsilon (next episode)       : 0.32624
replay buffer                : 300000 samples [1: 76.2%, 2: 17.5%, 3: 5.3%, 4: 1.0%, 5: 0.0%]
DFA state visits in window   : 1: 31492, 2: 10263, 3: 3333, 4: 1184, 5: 0
DFA state visits cumulative  : 1: 969228, 2: 65573, 3: 16231, 4: 2961, 5: 1
DFA state entries in window  : 1: 100, 2: 37, 3: 16, 4: 7, 5: 0
DFA state entries cumulative : 1: 5600, 2: 432, 3: 76, 4: 17, 5: 1
transitions cumulative       : 1->2: 432, 2->3: 76, 3->4: 17, 4->5: 1
accepted directly from s0    : 0
Gym endings cumulative       : terminated=5470, truncated=129

[Episode 5700/12000 | last 100]
success rate                : 5.0% (cumulative 0.1%)
failure rate                : 0.0% (cumulative 0.0%)
completed cycles / episode  : 0.000
synthetic task reward       : 500.000
shaping reward              : 585.557
learning reward             : 1085.557
episode length              : 520.3
abstract changes / episode  : 135.8
same abstract-state steps   : 73.9%
same-state shaping / episode: 0.000
changed-state shaping / ep. : 585.557
terminal shaping / episode  : 3.943
DFA transitions / episode   : 1.05
DFA transitions in window   : 1->2: 52, 2->3: 34, 3->4: 14, 4->5: 5
epsilon (next episode)       : 0.31978
replay buffer                : 300000 samples [1: 71.0%, 2: 19.5%, 3: 7.8%, 4: 1.8%, 5: 0.0%]
DFA state visits in window   : 1: 28992, 2: 12914, 3: 7708, 4: 2513, 5: 5
DFA state visits cumulative  : 1: 998220, 2: 78487, 3: 23939, 4: 5474, 5: 6
DFA state entries in window  : 1: 100, 2: 52, 3: 34, 4: 14, 5: 5
DFA state entries cumulative : 1: 5700, 2: 484, 3: 110, 4: 31, 5: 6
transitions cumulative       : 1->2: 484, 2->3: 110, 3->4: 31, 4->5: 6
accepted directly from s0    : 0
Gym endings cumulative       : terminated=5549, truncated=145

[Episode 5800/12000 | last 100]
success rate                : 6.0% (cumulative 0.2%)
failure rate                : 0.0% (cumulative 0.0%)
completed cycles / episode  : 0.000
synthetic task reward       : 600.000
shaping reward              : 715.221
learning reward             : 1315.221
episode length              : 484.5
abstract changes / episode  : 128.2
same abstract-state steps   : 73.5%
same-state shaping / episode: 0.000
changed-state shaping / ep. : 715.221
terminal shaping / episode  : 5.453
DFA transitions / episode   : 1.16
DFA transitions in window   : 1->2: 48, 2->3: 37, 3->4: 25, 4->5: 6
epsilon (next episode)       : 0.31345
replay buffer                : 300000 samples [1: 65.6%, 2: 20.5%, 3: 10.5%, 4: 3.4%, 5: 0.0%]
DFA state visits in window   : 1: 23807, 2: 11492, 3: 8379, 4: 4866, 5: 6
DFA state visits cumulative  : 1: 1022027, 2: 89979, 3: 32318, 4: 10340, 5: 12
DFA state entries in window  : 1: 100, 2: 48, 3: 37, 4: 25, 5: 6
DFA state entries cumulative : 1: 5800, 2: 532, 3: 147, 4: 56, 5: 12
transitions cumulative       : 1->2: 532, 2->3: 147, 3->4: 56, 4->5: 12
accepted directly from s0    : 0
Gym endings cumulative       : terminated=5625, truncated=163

[Episode 5900/12000 | last 100]
success rate                : 13.0% (cumulative 0.4%)
failure rate                : 0.0% (cumulative 0.0%)
completed cycles / episode  : 0.000
synthetic task reward       : 1300.000
shaping reward              : 685.533
learning reward             : 1985.533
episode length              : 473.7
abstract changes / episode  : 129.0
same abstract-state steps   : 72.8%
same-state shaping / episode: 0.000
changed-state shaping / ep. : 685.533
terminal shaping / episode  : 7.516
DFA transitions / episode   : 1.18
DFA transitions in window   : 1->2: 51, 2->3: 35, 3->4: 19, 4->5: 13
epsilon (next episode)       : 0.30724
replay buffer                : 300000 samples [1: 61.6%, 2: 21.9%, 3: 12.2%, 4: 4.3%, 5: 0.0%]
DFA state visits in window   : 1: 26235, 2: 11159, 3: 7413, 4: 2653, 5: 13
DFA state visits cumulative  : 1: 1048262, 2: 101138, 3: 39731, 4: 12993, 5: 25
DFA state entries in window  : 1: 100, 2: 51, 3: 35, 4: 19, 5: 13
DFA state entries cumulative : 1: 5900, 2: 583, 3: 182, 4: 75, 5: 25
transitions cumulative       : 1->2: 583, 2->3: 182, 3->4: 75, 4->5: 25
accepted directly from s0    : 0
Gym endings cumulative       : terminated=5701, truncated=174

[Episode 6000/12000 | last 100]
success rate                : 6.0% (cumulative 0.5%)
failure rate                : 0.0% (cumulative 0.0%)
completed cycles / episode  : 0.000
synthetic task reward       : 600.000
shaping reward              : 395.896
learning reward             : 995.896
episode length              : 493.9
abstract changes / episode  : 142.4
same abstract-state steps   : 71.2%
same-state shaping / episode: 0.000
changed-state shaping / ep. : 395.896
terminal shaping / episode  : 6.773
DFA transitions / episode   : 1.03
DFA transitions in window   : 1->2: 54, 2->3: 32, 3->4: 11, 4->5: 6
epsilon (next episode)       : 0.30116
replay buffer                : 300000 samples [1: 59.2%, 2: 23.3%, 3: 12.8%, 4: 4.7%, 5: 0.0%]
DFA state visits in window   : 1: 29044, 2: 11809, 3: 6879, 4: 1749, 5: 6
DFA state visits cumulative  : 1: 1077306, 2: 112947, 3: 46610, 4: 14742, 5: 31
DFA state entries in window  : 1: 100, 2: 54, 3: 32, 4: 11, 5: 6
DFA state entries cumulative : 1: 6000, 2: 637, 3: 214, 4: 86, 5: 31
transitions cumulative       : 1->2: 637, 2->3: 214, 3->4: 86, 4->5: 31
accepted directly from s0    : 0
Gym endings cumulative       : terminated=5787, truncated=182

Starting autonomous greedy evaluation at episode 6000 (1000 fixed-seed episodes)...
[Greedy evaluation at episode 6000 | 1000 fixed-seed episodes]
success=12.1%, failure=0.0%, task reward=1210.000, length=966.9
DFA transitions: 1->2: 950, 2->3: 875, 3->4: 847, 4->5: 121
Best policy updated from autonomous greedy evaluation at episode 6000.

[Episode 6100/12000 | last 100]
success rate                : 5.0% (cumulative 0.6%)
failure rate                : 0.0% (cumulative 0.0%)
completed cycles / episode  : 0.000
synthetic task reward       : 500.000
shaping reward              : 370.372
learning reward             : 870.372
episode length              : 446.2
abstract changes / episode  : 129.7
same abstract-state steps   : 70.9%
same-state shaping / episode: 0.000
changed-state shaping / ep. : 370.372
terminal shaping / episode  : 3.347
DFA transitions / episode   : 0.84
DFA transitions in window   : 1->2: 47, 2->3: 23, 3->4: 9, 4->5: 5
epsilon (next episode)       : 0.29519
replay buffer                : 300000 samples [1: 57.4%, 2: 24.9%, 3: 13.0%, 4: 4.7%, 5: 0.0%]
DFA state visits in window   : 1: 26190, 2: 13202, 3: 4532, 4: 790, 5: 5
DFA state visits cumulative  : 1: 1103496, 2: 126149, 3: 51142, 4: 15532, 5: 36
DFA state entries in window  : 1: 100, 2: 47, 3: 23, 4: 9, 5: 5
DFA state entries cumulative : 1: 6100, 2: 684, 3: 237, 4: 95, 5: 36
transitions cumulative       : 1->2: 684, 2->3: 237, 3->4: 95, 4->5: 36
accepted directly from s0    : 0
Gym endings cumulative       : terminated=5868, truncated=196

[Episode 6200/12000 | last 100]
success rate                : 5.0% (cumulative 0.7%)
failure rate                : 0.0% (cumulative 0.0%)
completed cycles / episode  : 0.000
synthetic task reward       : 500.000
shaping reward              : 229.551
learning reward             : 729.551
episode length              : 392.7
abstract changes / episode  : 119.5
same abstract-state steps   : 69.6%
same-state shaping / episode: 0.000
changed-state shaping / ep. : 229.551
terminal shaping / episode  : 4.498
DFA transitions / episode   : 0.88
DFA transitions in window   : 1->2: 42, 2->3: 29, 3->4: 12, 4->5: 5
epsilon (next episode)       : 0.28935
replay buffer                : 300000 samples [1: 56.0%, 2: 24.4%, 3: 14.8%, 4: 4.9%, 5: 0.0%]
DFA state visits in window   : 1: 21114, 2: 8326, 3: 8097, 4: 1824, 5: 5
DFA state visits cumulative  : 1: 1124610, 2: 134475, 3: 59239, 4: 17356, 5: 41
DFA state entries in window  : 1: 100, 2: 42, 3: 29, 4: 12, 5: 5
DFA state entries cumulative : 1: 6200, 2: 726, 3: 266, 4: 107, 5: 41
transitions cumulative       : 1->2: 726, 2->3: 266, 3->4: 107, 4->5: 41
accepted directly from s0    : 0
Gym endings cumulative       : terminated=5956, truncated=203

[Episode 6300/12000 | last 100]
success rate                : 9.0% (cumulative 0.8%)
failure rate                : 0.0% (cumulative 0.0%)
completed cycles / episode  : 0.000
synthetic task reward       : 900.000
shaping reward              : 565.939
learning reward             : 1465.939
episode length              : 434.1
abstract changes / episode  : 128.7
same abstract-state steps   : 70.4%
same-state shaping / episode: 0.000
changed-state shaping / ep. : 565.939
terminal shaping / episode  : 10.083
DFA transitions / episode   : 1.09
DFA transitions in window   : 1->2: 48, 2->3: 32, 3->4: 20, 4->5: 9
epsilon (next episode)       : 0.28362
replay buffer                : 300000 samples [1: 54.6%, 2: 23.3%, 3: 16.8%, 4: 5.4%, 5: 0.0%]
DFA state visits in window   : 1: 23846, 2: 7597, 3: 9690, 4: 2368, 5: 9
DFA state visits cumulative  : 1: 1148456, 2: 142072, 3: 68929, 4: 19724, 5: 50
DFA state entries in window  : 1: 100, 2: 48, 3: 32, 4: 20, 5: 9
DFA state entries cumulative : 1: 6300, 2: 774, 3: 298, 4: 127, 5: 50
transitions cumulative       : 1->2: 774, 2->3: 298, 3->4: 127, 4->5: 50
accepted directly from s0    : 0
Gym endings cumulative       : terminated=6037, truncated=213

[Episode 6400/12000 | last 100]
success rate                : 8.0% (cumulative 0.9%)
failure rate                : 0.0% (cumulative 0.0%)
completed cycles / episode  : 0.000
synthetic task reward       : 800.000
shaping reward              : 634.463
learning reward             : 1434.463
episode length              : 437.4
abstract changes / episode  : 131.8
same abstract-state steps   : 69.9%
same-state shaping / episode: 0.000
changed-state shaping / ep. : 634.463
terminal shaping / episode  : 7.450
DFA transitions / episode   : 1.19
DFA transitions in window   : 1->2: 58, 2->3: 35, 3->4: 18, 4->5: 8
epsilon (next episode)       : 0.27800
replay buffer                : 300000 samples [1: 54.2%, 2: 23.3%, 3: 17.6%, 4: 4.9%, 5: 0.0%]
DFA state visits in window   : 1: 20450, 2: 10822, 3: 10519, 4: 2043, 5: 8
DFA state visits cumulative  : 1: 1168906, 2: 152894, 3: 79448, 4: 21767, 5: 58
DFA state entries in window  : 1: 100, 2: 58, 3: 35, 4: 18, 5: 8
DFA state entries cumulative : 1: 6400, 2: 832, 3: 333, 4: 145, 5: 58
transitions cumulative       : 1->2: 832, 2->3: 333, 3->4: 145, 4->5: 58
accepted directly from s0    : 0
Gym endings cumulative       : terminated=6117, truncated=225

[Episode 6500/12000 | last 100]
success rate                : 4.0% (cumulative 1.0%)
failure rate                : 0.0% (cumulative 0.0%)
completed cycles / episode  : 0.000
synthetic task reward       : 400.000
shaping reward              : 505.510
learning reward             : 905.510
episode length              : 491.2
abstract changes / episode  : 141.8
same abstract-state steps   : 71.1%
same-state shaping / episode: 0.000
changed-state shaping / ep. : 505.510
terminal shaping / episode  : 4.635
DFA transitions / episode   : 1.06
DFA transitions in window   : 1->2: 53, 2->3: 37, 3->4: 12, 4->5: 4
epsilon (next episode)       : 0.27250
replay buffer                : 300000 samples [1: 54.0%, 2: 23.4%, 3: 18.5%, 4: 4.1%, 5: 0.0%]
DFA state visits in window   : 1: 24941, 2: 11207, 3: 11097, 4: 1970, 5: 4
DFA state visits cumulative  : 1: 1193847, 2: 164101, 3: 90545, 4: 23737, 5: 62
DFA state entries in window  : 1: 100, 2: 53, 3: 37, 4: 12, 5: 4
DFA state entries cumulative : 1: 6500, 2: 885, 3: 370, 4: 157, 5: 62
transitions cumulative       : 1->2: 885, 2->3: 370, 3->4: 157, 4->5: 62
accepted directly from s0    : 0
Gym endings cumulative       : terminated=6195, truncated=243

Starting autonomous greedy evaluation at episode 6500 (1000 fixed-seed episodes)...
[Greedy evaluation at episode 6500 | 1000 fixed-seed episodes]
success=71.6%, failure=0.0%, task reward=7160.000, length=768.8
DFA transitions: 1->2: 999, 2->3: 998, 3->4: 995, 4->5: 716
Best policy updated from autonomous greedy evaluation at episode 6500.

[Episode 6600/12000 | last 100]
success rate                : 10.0% (cumulative 1.1%)
failure rate                : 0.0% (cumulative 0.0%)
completed cycles / episode  : 0.000
synthetic task reward       : 1000.000
shaping reward              : 794.545
learning reward             : 1794.545
episode length              : 498.4
abstract changes / episode  : 146.5
same abstract-state steps   : 70.6%
same-state shaping / episode: 0.000
changed-state shaping / ep. : 794.545
terminal shaping / episode  : 9.973
DFA transitions / episode   : 1.25
DFA transitions in window   : 1->2: 55, 2->3: 40, 3->4: 20, 4->5: 10
epsilon (next episode)       : 0.26710
replay buffer                : 300000 samples [1: 52.6%, 2: 23.5%, 3: 19.5%, 4: 4.4%, 5: 0.0%]
DFA state visits in window   : 1: 25042, 2: 12381, 3: 9677, 4: 2834, 5: 10
DFA state visits cumulative  : 1: 1218889, 2: 176482, 3: 100222, 4: 26571, 5: 72
DFA state entries in window  : 1: 100, 2: 55, 3: 40, 4: 20, 5: 10
DFA state entries cumulative : 1: 6600, 2: 940, 3: 410, 4: 177, 5: 72
transitions cumulative       : 1->2: 940, 2->3: 410, 3->4: 177, 4->5: 72
accepted directly from s0    : 0
Gym endings cumulative       : terminated=6269, truncated=259

[Episode 6700/12000 | last 100]
success rate                : 9.0% (cumulative 1.2%)
failure rate                : 0.0% (cumulative 0.0%)
completed cycles / episode  : 0.000
synthetic task reward       : 900.000
shaping reward              : 548.906
learning reward             : 1448.906
episode length              : 422.1
abstract changes / episode  : 123.6
same abstract-state steps   : 70.7%
same-state shaping / episode: 0.000
changed-state shaping / ep. : 548.906
terminal shaping / episode  : 8.728
DFA transitions / episode   : 0.92
DFA transitions in window   : 1->2: 42, 2->3: 28, 3->4: 13, 4->5: 9
epsilon (next episode)       : 0.26181
replay buffer                : 300000 samples [1: 53.1%, 2: 22.5%, 3: 19.7%, 4: 4.6%, 5: 0.0%]
DFA state visits in window   : 1: 25568, 2: 7597, 3: 6971, 4: 2165, 5: 9
DFA state visits cumulative  : 1: 1244457, 2: 184079, 3: 107193, 4: 28736, 5: 81
DFA state entries in window  : 1: 100, 2: 42, 3: 28, 4: 13, 5: 9
DFA state entries cumulative : 1: 6700, 2: 982, 3: 438, 4: 190, 5: 81
transitions cumulative       : 1->2: 982, 2->3: 438, 3->4: 190, 4->5: 81
accepted directly from s0    : 0
Gym endings cumulative       : terminated=6350, truncated=269

[Episode 6800/12000 | last 100]
success rate                : 10.0% (cumulative 1.3%)
failure rate                : 0.0% (cumulative 0.0%)
completed cycles / episode  : 0.000
synthetic task reward       : 1000.000
shaping reward              : 583.915
learning reward             : 1583.915
episode length              : 432.1
abstract changes / episode  : 123.9
same abstract-state steps   : 71.3%
same-state shaping / episode: 0.000
changed-state shaping / ep. : 583.915
terminal shaping / episode  : 7.116
DFA transitions / episode   : 1.13
DFA transitions in window   : 1->2: 50, 2->3: 36, 3->4: 17, 4->5: 10
epsilon (next episode)       : 0.25663
replay buffer                : 300000 samples [1: 53.6%, 2: 20.9%, 3: 20.6%, 4: 4.8%, 5: 0.0%]
DFA state visits in window   : 1: 26290, 2: 7077, 3: 7973, 4: 1960, 5: 10
DFA state visits cumulative  : 1: 1270747, 2: 191156, 3: 115166, 4: 30696, 5: 91
DFA state entries in window  : 1: 100, 2: 50, 3: 36, 4: 17, 5: 10
DFA state entries cumulative : 1: 6800, 2: 1032, 3: 474, 4: 207, 5: 91
transitions cumulative       : 1->2: 1032, 2->3: 474, 3->4: 207, 4->5: 91
accepted directly from s0    : 0
Gym endings cumulative       : terminated=6434, truncated=275

[Episode 6900/12000 | last 100]
success rate                : 12.0% (cumulative 1.5%)
failure rate                : 0.0% (cumulative 0.0%)
completed cycles / episode  : 0.000
synthetic task reward       : 1200.000
shaping reward              : 608.933
learning reward             : 1808.933
episode length              : 459.0
abstract changes / episode  : 120.5
same abstract-state steps   : 73.7%
same-state shaping / episode: 0.000
changed-state shaping / ep. : 608.933
terminal shaping / episode  : 8.341
DFA transitions / episode   : 1.04
DFA transitions in window   : 1->2: 41, 2->3: 31, 3->4: 20, 4->5: 12
epsilon (next episode)       : 0.25154
replay buffer                : 300000 samples [1: 55.6%, 2: 19.8%, 3: 19.6%, 4: 5.0%, 5: 0.0%]
DFA state visits in window   : 1: 30435, 2: 6526, 3: 6557, 4: 2474, 5: 12
DFA state visits cumulative  : 1: 1301182, 2: 197682, 3: 121723, 4: 33170, 5: 103
DFA state entries in window  : 1: 100, 2: 41, 3: 31, 4: 20, 5: 12
DFA state entries cumulative : 1: 6900, 2: 1073, 3: 505, 4: 227, 5: 103
transitions cumulative       : 1->2: 1073, 2->3: 505, 3->4: 227, 4->5: 103
accepted directly from s0    : 0
Gym endings cumulative       : terminated=6518, truncated=279

[Episode 7000/12000 | last 100]
success rate                : 20.0% (cumulative 1.8%)
failure rate                : 0.0% (cumulative 0.0%)
completed cycles / episode  : 0.000
synthetic task reward       : 2000.000
shaping reward              : 1338.596
learning reward             : 3338.596
episode length              : 518.3
abstract changes / episode  : 145.6
same abstract-state steps   : 71.9%
same-state shaping / episode: 0.000
changed-state shaping / ep. : 1338.596
terminal shaping / episode  : 20.596
DFA transitions / episode   : 1.72
DFA transitions in window   : 1->2: 70, 2->3: 53, 3->4: 29, 4->5: 20
epsilon (next episode)       : 0.24656
replay buffer                : 300000 samples [1: 54.4%, 2: 20.5%, 3: 20.1%, 4: 5.1%, 5: 0.0%]
DFA state visits in window   : 1: 23283, 2: 11862, 3: 13893, 4: 2874, 5: 20
DFA state visits cumulative  : 1: 1324465, 2: 209544, 3: 135616, 4: 36044, 5: 123
DFA state entries in window  : 1: 100, 2: 70, 3: 53, 4: 29, 5: 20
DFA state entries cumulative : 1: 7000, 2: 1143, 3: 558, 4: 256, 5: 123
transitions cumulative       : 1->2: 1143, 2->3: 558, 3->4: 256, 4->5: 123
accepted directly from s0    : 0
Gym endings cumulative       : terminated=6584, truncated=293

Starting autonomous greedy evaluation at episode 7000 (1000 fixed-seed episodes)...
[Greedy evaluation at episode 7000 | 1000 fixed-seed episodes]
success=0.1%, failure=0.0%, task reward=10.000, length=489.9
DFA transitions: 1->2: 417, 2->3: 130, 3->4: 110, 4->5: 1

[Episode 7100/12000 | last 100]
success rate                : 20.0% (cumulative 2.0%)
failure rate                : 0.0% (cumulative 0.0%)
completed cycles / episode  : 0.000
synthetic task reward       : 2000.000
shaping reward              : 1432.971
learning reward             : 3432.971
episode length              : 545.2
abstract changes / episode  : 158.8
same abstract-state steps   : 70.9%
same-state shaping / episode: 0.000
changed-state shaping / ep. : 1432.971
terminal shaping / episode  : 19.917
DFA transitions / episode   : 1.97
DFA transitions in window   : 1->2: 74, 2->3: 69, 3->4: 34, 4->5: 20
epsilon (next episode)       : 0.24168
replay buffer                : 300000 samples [1: 52.4%, 2: 20.4%, 3: 21.9%, 4: 5.4%, 5: 0.0%]
DFA state visits in window   : 1: 21718, 2: 11738, 3: 17589, 4: 3556, 5: 20
DFA state visits cumulative  : 1: 1346183, 2: 221282, 3: 153205, 4: 39600, 5: 143
DFA state entries in window  : 1: 100, 2: 74, 3: 69, 4: 34, 5: 20
DFA state entries cumulative : 1: 7100, 2: 1217, 3: 627, 4: 290, 5: 143
transitions cumulative       : 1->2: 1217, 2->3: 627, 3->4: 290, 4->5: 143
accepted directly from s0    : 0
Gym endings cumulative       : terminated=6655, truncated=302

[Episode 7200/12000 | last 100]
success rate                : 23.0% (cumulative 2.3%)
failure rate                : 0.0% (cumulative 0.0%)
completed cycles / episode  : 0.000
synthetic task reward       : 2300.000
shaping reward              : 1381.611
learning reward             : 3681.611
episode length              : 450.6
abstract changes / episode  : 135.4
same abstract-state steps   : 70.0%
same-state shaping / episode: 0.000
changed-state shaping / ep. : 1381.611
terminal shaping / episode  : 20.824
DFA transitions / episode   : 1.66
DFA transitions in window   : 1->2: 59, 2->3: 52, 3->4: 32, 4->5: 23
epsilon (next episode)       : 0.23689
replay buffer                : 300000 samples [1: 52.7%, 2: 18.9%, 3: 22.9%, 4: 5.6%, 5: 0.0%]
DFA state visits in window   : 1: 21430, 2: 7898, 3: 13056, 4: 2751, 5: 23
DFA state visits cumulative  : 1: 1367613, 2: 229180, 3: 166261, 4: 42351, 5: 166
DFA state entries in window  : 1: 100, 2: 59, 3: 52, 4: 32, 5: 23
DFA state entries cumulative : 1: 7200, 2: 1276, 3: 679, 4: 322, 5: 166
transitions cumulative       : 1->2: 1276, 2->3: 679, 3->4: 322, 4->5: 166
accepted directly from s0    : 0
Gym endings cumulative       : terminated=6726, truncated=308

[Episode 7300/12000 | last 100]
success rate                : 23.0% (cumulative 2.6%)
failure rate                : 0.0% (cumulative 0.0%)
completed cycles / episode  : 0.000
synthetic task reward       : 2300.000
shaping reward              : 1627.251
learning reward             : 3927.251
episode length              : 492.2
abstract changes / episode  : 141.3
same abstract-state steps   : 71.3%
same-state shaping / episode: 0.000
changed-state shaping / ep. : 1627.251
terminal shaping / episode  : 19.396
DFA transitions / episode   : 1.96
DFA transitions in window   : 1->2: 71, 2->3: 60, 3->4: 42, 4->5: 23
epsilon (next episode)       : 0.23220
replay buffer                : 300000 samples [1: 50.4%, 2: 18.9%, 3: 24.5%, 4: 6.2%, 5: 0.0%]
DFA state visits in window   : 1: 22165, 2: 9732, 3: 12886, 4: 4515, 5: 23
DFA state visits cumulative  : 1: 1389778, 2: 238912, 3: 179147, 4: 46866, 5: 189
DFA state entries in window  : 1: 100, 2: 71, 3: 60, 4: 42, 5: 23
DFA state entries cumulative : 1: 7300, 2: 1347, 3: 739, 4: 364, 5: 189
transitions cumulative       : 1->2: 1347, 2->3: 739, 3->4: 364, 4->5: 189
accepted directly from s0    : 0
Gym endings cumulative       : terminated=6797, truncated=314

[Episode 7400/12000 | last 100]
success rate                : 14.0% (cumulative 2.7%)
failure rate                : 0.0% (cumulative 0.0%)
completed cycles / episode  : 0.000
synthetic task reward       : 1400.000
shaping reward              : 992.555
learning reward             : 2392.555
episode length              : 500.6
abstract changes / episode  : 146.5
same abstract-state steps   : 70.7%
same-state shaping / episode: 0.000
changed-state shaping / ep. : 992.555
terminal shaping / episode  : 6.292
DFA transitions / episode   : 1.57
DFA transitions in window   : 1->2: 63, 2->3: 48, 3->4: 32, 4->5: 14
epsilon (next episode)       : 0.22760
replay buffer                : 300000 samples [1: 50.2%, 2: 18.7%, 3: 24.7%, 4: 6.5%, 5: 0.0%]
DFA state visits in window   : 1: 29695, 2: 7977, 3: 9403, 4: 3071, 5: 14
DFA state visits cumulative  : 1: 1419473, 2: 246889, 3: 188550, 4: 49937, 5: 203
DFA state entries in window  : 1: 100, 2: 63, 3: 48, 4: 32, 5: 14
DFA state entries cumulative : 1: 7400, 2: 1410, 3: 787, 4: 396, 5: 203
transitions cumulative       : 1->2: 1410, 2->3: 787, 3->4: 396, 4->5: 203
accepted directly from s0    : 0
Gym endings cumulative       : terminated=6876, truncated=321

[Episode 7500/12000 | last 100]
success rate                : 22.0% (cumulative 3.0%)
failure rate                : 0.0% (cumulative 0.0%)
completed cycles / episode  : 0.000
synthetic task reward       : 2200.000
shaping reward              : 1675.237
learning reward             : 3875.237
episode length              : 564.0
abstract changes / episode  : 160.4
same abstract-state steps   : 71.6%
same-state shaping / episode: 0.000
changed-state shaping / ep. : 1675.237
terminal shaping / episode  : 19.303
DFA transitions / episode   : 2.02
DFA transitions in window   : 1->2: 80, 2->3: 63, 3->4: 37, 4->5: 22
epsilon (next episode)       : 0.22310
replay buffer                : 300000 samples [1: 45.4%, 2: 21.0%, 3: 27.1%, 4: 6.5%, 5: 0.0%]
DFA state visits in window   : 1: 22023, 2: 15412, 3: 15856, 4: 3191, 5: 22
DFA state visits cumulative  : 1: 1441496, 2: 262301, 3: 204406, 4: 53128, 5: 225
DFA state entries in window  : 1: 100, 2: 80, 3: 63, 4: 37, 5: 22
DFA state entries cumulative : 1: 7500, 2: 1490, 3: 850, 4: 433, 5: 225
transitions cumulative       : 1->2: 1490, 2->3: 850, 3->4: 433, 4->5: 225
accepted directly from s0    : 0
Gym endings cumulative       : terminated=6945, truncated=330

Starting autonomous greedy evaluation at episode 7500 (1000 fixed-seed episodes)...
[Greedy evaluation at episode 7500 | 1000 fixed-seed episodes]
success=52.2%, failure=0.0%, task reward=5220.000, length=715.1
DFA transitions: 1->2: 925, 2->3: 811, 3->4: 798, 4->5: 522

[Episode 7600/12000 | last 100]
success rate                : 20.0% (cumulative 3.2%)
failure rate                : 0.0% (cumulative 0.0%)
completed cycles / episode  : 0.000
synthetic task reward       : 2000.000
shaping reward              : 1163.839
learning reward             : 3163.839
episode length              : 419.2
abstract changes / episode  : 120.9
same abstract-state steps   : 71.2%
same-state shaping / episode: 0.000
changed-state shaping / ep. : 1163.839
terminal shaping / episode  : 19.967
DFA transitions / episode   : 1.35
DFA transitions in window   : 1->2: 54, 2->3: 35, 3->4: 26, 4->5: 20
epsilon (next episode)       : 0.21868
replay buffer                : 300000 samples [1: 46.2%, 2: 21.9%, 3: 25.3%, 4: 6.6%, 5: 0.0%]
DFA state visits in window   : 1: 21116, 2: 12225, 3: 6238, 4: 2417, 5: 20
DFA state visits cumulative  : 1: 1462612, 2: 274526, 3: 210644, 4: 55545, 5: 245
DFA state entries in window  : 1: 100, 2: 54, 3: 35, 4: 26, 5: 20
DFA state entries cumulative : 1: 7600, 2: 1544, 3: 885, 4: 459, 5: 245
transitions cumulative       : 1->2: 1544, 2->3: 885, 3->4: 459, 4->5: 245
accepted directly from s0    : 0
Gym endings cumulative       : terminated=7023, truncated=332

[Episode 7700/12000 | last 100]
success rate                : 27.0% (cumulative 3.5%)
failure rate                : 0.0% (cumulative 0.0%)
completed cycles / episode  : 0.000
synthetic task reward       : 2700.000
shaping reward              : 1545.182
learning reward             : 4245.182
episode length              : 398.8
abstract changes / episode  : 112.5
same abstract-state steps   : 71.8%
same-state shaping / episode: 0.000
changed-state shaping / ep. : 1545.182
terminal shaping / episode  : 26.445
DFA transitions / episode   : 1.71
DFA transitions in window   : 1->2: 60, 2->3: 50, 3->4: 34, 4->5: 27
epsilon (next episode)       : 0.21435
replay buffer                : 300000 samples [1: 46.3%, 2: 22.8%, 3: 24.5%, 4: 6.4%, 5: 0.0%]
DFA state visits in window   : 1: 17181, 2: 10476, 3: 9895, 4: 2401, 5: 27
DFA state visits cumulative  : 1: 1479793, 2: 285002, 3: 220539, 4: 57946, 5: 272
DFA state entries in window  : 1: 100, 2: 60, 3: 50, 4: 34, 5: 27
DFA state entries cumulative : 1: 7700, 2: 1604, 3: 935, 4: 493, 5: 272
transitions cumulative       : 1->2: 1604, 2->3: 935, 3->4: 493, 4->5: 272
accepted directly from s0    : 0
Gym endings cumulative       : terminated=7090, truncated=338

[Episode 7800/12000 | last 100]
success rate                : 21.0% (cumulative 3.8%)
failure rate                : 0.0% (cumulative 0.0%)
completed cycles / episode  : 0.000
synthetic task reward       : 2100.000
shaping reward              : 1011.233
learning reward             : 3111.233
episode length              : 429.8
abstract changes / episode  : 126.0
same abstract-state steps   : 70.7%
same-state shaping / episode: 0.000
changed-state shaping / ep. : 1011.233
terminal shaping / episode  : 17.022
DFA transitions / episode   : 1.37
DFA transitions in window   : 1->2: 52, 2->3: 36, 3->4: 28, 4->5: 21
epsilon (next episode)       : 0.21010
replay buffer                : 300000 samples [1: 48.5%, 2: 23.2%, 3: 22.0%, 4: 6.3%, 5: 0.0%]
DFA state visits in window   : 1: 24350, 2: 10689, 3: 5751, 4: 2268, 5: 21
DFA state visits cumulative  : 1: 1504143, 2: 295691, 3: 226290, 4: 60214, 5: 293
DFA state entries in window  : 1: 100, 2: 52, 3: 36, 4: 28, 5: 21
DFA state entries cumulative : 1: 7800, 2: 1656, 3: 971, 4: 521, 5: 293
transitions cumulative       : 1->2: 1656, 2->3: 971, 3->4: 521, 4->5: 293
accepted directly from s0    : 0
Gym endings cumulative       : terminated=7165, truncated=342

[Episode 7900/12000 | last 100]
success rate                : 31.0% (cumulative 4.1%)
failure rate                : 0.0% (cumulative 0.0%)
completed cycles / episode  : 0.000
synthetic task reward       : 3100.000
shaping reward              : 1680.702
learning reward             : 4780.702
episode length              : 492.1
abstract changes / episode  : 136.2
same abstract-state steps   : 72.3%
same-state shaping / episode: 0.000
changed-state shaping / ep. : 1680.702
terminal shaping / episode  : 28.077
DFA transitions / episode   : 2.00
DFA transitions in window   : 1->2: 66, 2->3: 59, 3->4: 44, 4->5: 31
epsilon (next episode)       : 0.20594
replay buffer                : 300000 samples [1: 48.7%, 2: 25.2%, 3: 20.1%, 4: 6.0%, 5: 0.0%]
DFA state visits in window   : 1: 22513, 2: 15082, 3: 8420, 4: 3259, 5: 31
DFA state visits cumulative  : 1: 1526656, 2: 310773, 3: 234710, 4: 63473, 5: 324
DFA state entries in window  : 1: 100, 2: 66, 3: 59, 4: 44, 5: 31
DFA state entries cumulative : 1: 7900, 2: 1722, 3: 1030, 4: 565, 5: 324
transitions cumulative       : 1->2: 1722, 2->3: 1030, 3->4: 565, 4->5: 324
accepted directly from s0    : 0
Gym endings cumulative       : terminated=7229, truncated=347

[Episode 8000/12000 | last 100]
success rate                : 17.0% (cumulative 4.3%)
failure rate                : 0.0% (cumulative 0.0%)
completed cycles / episode  : 0.000
synthetic task reward       : 1700.000
shaping reward              : 1163.348
learning reward             : 2863.348
episode length              : 510.2
abstract changes / episode  : 147.0
same abstract-state steps   : 71.2%
same-state shaping / episode: 0.000
changed-state shaping / ep. : 1163.348
terminal shaping / episode  : 11.818
DFA transitions / episode   : 1.52
DFA transitions in window   : 1->2: 64, 2->3: 44, 3->4: 27, 4->5: 17
epsilon (next episode)       : 0.20186
replay buffer                : 300000 samples [1: 46.8%, 2: 27.0%, 3: 20.5%, 4: 5.7%, 5: 0.0%]
DFA state visits in window   : 1: 22856, 2: 14288, 3: 11543, 4: 2417, 5: 17
DFA state visits cumulative  : 1: 1549512, 2: 325061, 3: 246253, 4: 65890, 5: 341
DFA state entries in window  : 1: 100, 2: 64, 3: 44, 4: 27, 5: 17
DFA state entries cumulative : 1: 8000, 2: 1786, 3: 1074, 4: 592, 5: 341
transitions cumulative       : 1->2: 1786, 2->3: 1074, 3->4: 592, 4->5: 341
accepted directly from s0    : 0
Gym endings cumulative       : terminated=7304, truncated=355

Starting autonomous greedy evaluation at episode 8000 (1000 fixed-seed episodes)...
[Greedy evaluation at episode 8000 | 1000 fixed-seed episodes]
success=28.8%, failure=0.0%, task reward=2880.000, length=467.8
DFA transitions: 1->2: 624, 2->3: 351, 3->4: 348, 4->5: 288

[Episode 8100/12000 | last 100]
success rate                : 26.0% (cumulative 4.5%)
failure rate                : 0.0% (cumulative 0.0%)
completed cycles / episode  : 0.000
synthetic task reward       : 2600.000
shaping reward              : 1191.715
learning reward             : 3791.715
episode length              : 458.2
abstract changes / episode  : 137.9
same abstract-state steps   : 69.9%
same-state shaping / episode: 0.000
changed-state shaping / ep. : 1191.715
terminal shaping / episode  : 24.529
DFA transitions / episode   : 1.62
DFA transitions in window   : 1->2: 62, 2->3: 43, 3->4: 31, 4->5: 26
epsilon (next episode)       : 0.19787
replay buffer                : 300000 samples [1: 47.5%, 2: 27.5%, 3: 19.4%, 4: 5.5%, 5: 0.0%]
DFA state visits in window   : 1: 22533, 2: 12140, 3: 8728, 4: 2491, 5: 26
DFA state visits cumulative  : 1: 1572045, 2: 337201, 3: 254981, 4: 68381, 5: 367
DFA state entries in window  : 1: 100, 2: 62, 3: 43, 4: 31, 5: 26
DFA state entries cumulative : 1: 8100, 2: 1848, 3: 1117, 4: 623, 5: 367
transitions cumulative       : 1->2: 1848, 2->3: 1117, 3->4: 623, 4->5: 367
accepted directly from s0    : 0
Gym endings cumulative       : terminated=7376, truncated=357

[Episode 8200/12000 | last 100]
success rate                : 29.0% (cumulative 4.8%)
failure rate                : 0.0% (cumulative 0.0%)
completed cycles / episode  : 0.000
synthetic task reward       : 2900.000
shaping reward              : 1574.417
learning reward             : 4474.417
episode length              : 514.7
abstract changes / episode  : 154.4
same abstract-state steps   : 70.0%
same-state shaping / episode: 0.000
changed-state shaping / ep. : 1574.417
terminal shaping / episode  : 27.445
DFA transitions / episode   : 1.92
DFA transitions in window   : 1->2: 68, 2->3: 55, 3->4: 40, 4->5: 29
epsilon (next episode)       : 0.19395
replay buffer                : 300000 samples [1: 47.8%, 2: 26.6%, 3: 19.8%, 4: 5.8%, 5: 0.0%]
DFA state visits in window   : 1: 24920, 2: 10842, 3: 12147, 4: 3633, 5: 29
DFA state visits cumulative  : 1: 1596965, 2: 348043, 3: 267128, 4: 72014, 5: 396
DFA state entries in window  : 1: 100, 2: 68, 3: 55, 4: 40, 5: 29
DFA state entries cumulative : 1: 8200, 2: 1916, 3: 1172, 4: 663, 5: 396
transitions cumulative       : 1->2: 1916, 2->3: 1172, 3->4: 663, 4->5: 396
accepted directly from s0    : 0
Gym endings cumulative       : terminated=7443, truncated=361

[Episode 8300/12000 | last 100]
success rate                : 42.0% (cumulative 5.3%)
failure rate                : 0.0% (cumulative 0.0%)
completed cycles / episode  : 0.000
synthetic task reward       : 4200.000
shaping reward              : 2283.646
learning reward             : 6483.646
episode length              : 505.1
abstract changes / episode  : 131.2
same abstract-state steps   : 74.0%
same-state shaping / episode: 0.000
changed-state shaping / ep. : 2283.646
terminal shaping / episode  : 39.782
DFA transitions / episode   : 2.38
DFA transitions in window   : 1->2: 75, 2->3: 66, 3->4: 55, 4->5: 42
epsilon (next episode)       : 0.19011
replay buffer                : 300000 samples [1: 48.0%, 2: 25.3%, 3: 20.2%, 4: 6.5%, 5: 0.0%]
DFA state visits in window   : 1: 23061, 2: 10713, 3: 11759, 4: 5031, 5: 42
DFA state visits cumulative  : 1: 1620026, 2: 358756, 3: 278887, 4: 77045, 5: 438
DFA state entries in window  : 1: 100, 2: 75, 3: 66, 4: 55, 5: 42
DFA state entries cumulative : 1: 8300, 2: 1991, 3: 1238, 4: 718, 5: 438
transitions cumulative       : 1->2: 1991, 2->3: 1238, 3->4: 718, 4->5: 438
accepted directly from s0    : 0
Gym endings cumulative       : terminated=7496, truncated=366

[Episode 8400/12000 | last 100]
success rate                : 38.0% (cumulative 5.7%)
failure rate                : 0.0% (cumulative 0.0%)
completed cycles / episode  : 0.000
synthetic task reward       : 3800.000
shaping reward              : 2253.542
learning reward             : 6053.542
episode length              : 512.8
abstract changes / episode  : 143.6
same abstract-state steps   : 72.0%
same-state shaping / episode: 0.000
changed-state shaping / ep. : 2253.542
terminal shaping / episode  : 32.882
DFA transitions / episode   : 2.49
DFA transitions in window   : 1->2: 81, 2->3: 74, 3->4: 56, 4->5: 38
epsilon (next episode)       : 0.18634
replay buffer                : 300000 samples [1: 45.0%, 2: 25.2%, 3: 22.3%, 4: 7.5%, 5: 0.0%]
DFA state visits in window   : 1: 19092, 2: 12431, 3: 14140, 4: 5678, 5: 38
DFA state visits cumulative  : 1: 1639118, 2: 371187, 3: 293027, 4: 82723, 5: 476
DFA state entries in window  : 1: 100, 2: 81, 3: 74, 4: 56, 5: 38
DFA state entries cumulative : 1: 8400, 2: 2072, 3: 1312, 4: 774, 5: 476
transitions cumulative       : 1->2: 2072, 2->3: 1312, 3->4: 774, 4->5: 476
accepted directly from s0    : 0
Gym endings cumulative       : terminated=7555, truncated=369

[Episode 8500/12000 | last 100]
success rate                : 43.0% (cumulative 6.1%)
failure rate                : 0.0% (cumulative 0.0%)
completed cycles / episode  : 0.000
synthetic task reward       : 4300.000
shaping reward              : 2163.187
learning reward             : 6463.187
episode length              : 480.4
abstract changes / episode  : 133.1
same abstract-state steps   : 72.3%
same-state shaping / episode: 0.000
changed-state shaping / ep. : 2163.187
terminal shaping / episode  : 41.925
DFA transitions / episode   : 2.36
DFA transitions in window   : 1->2: 76, 2->3: 65, 3->4: 52, 4->5: 43
epsilon (next episode)       : 0.18265
replay buffer                : 300000 samples [1: 43.9%, 2: 24.2%, 3: 23.6%, 4: 8.2%, 5: 0.0%]
DFA state visits in window   : 1: 18621, 2: 11894, 3: 12318, 4: 5265, 5: 43
DFA state visits cumulative  : 1: 1657739, 2: 383081, 3: 305345, 4: 87988, 5: 519
DFA state entries in window  : 1: 100, 2: 76, 3: 65, 4: 52, 5: 43
DFA state entries cumulative : 1: 8500, 2: 2148, 3: 1377, 4: 826, 5: 519
transitions cumulative       : 1->2: 2148, 2->3: 1377, 3->4: 826, 4->5: 519
accepted directly from s0    : 0
Gym endings cumulative       : terminated=7612, truncated=369

Starting autonomous greedy evaluation at episode 8500 (1000 fixed-seed episodes)...
[Greedy evaluation at episode 8500 | 1000 fixed-seed episodes]
success=92.5%, failure=0.0%, task reward=9250.000, length=499.0
DFA transitions: 1->2: 1000, 2->3: 1000, 3->4: 938, 4->5: 925
Best policy updated from autonomous greedy evaluation at episode 8500.

[Episode 8600/12000 | last 100]
success rate                : 33.0% (cumulative 6.4%)
failure rate                : 0.0% (cumulative 0.0%)
completed cycles / episode  : 0.000
synthetic task reward       : 3300.000
shaping reward              : 1599.564
learning reward             : 4899.564
episode length              : 479.6
abstract changes / episode  : 138.9
same abstract-state steps   : 71.0%
same-state shaping / episode: 0.000
changed-state shaping / ep. : 1599.564
terminal shaping / episode  : 34.132
DFA transitions / episode   : 1.93
DFA transitions in window   : 1->2: 70, 2->3: 54, 3->4: 36, 4->5: 33
epsilon (next episode)       : 0.17904
replay buffer                : 300000 samples [1: 43.6%, 2: 23.5%, 3: 24.4%, 4: 8.4%, 5: 0.0%]
DFA state visits in window   : 1: 20852, 2: 10948, 3: 13270, 4: 2953, 5: 33
DFA state visits cumulative  : 1: 1678591, 2: 394029, 3: 318615, 4: 90941, 5: 552
DFA state entries in window  : 1: 100, 2: 70, 3: 54, 4: 36, 5: 33
DFA state entries cumulative : 1: 8600, 2: 2218, 3: 1431, 4: 862, 5: 552
transitions cumulative       : 1->2: 2218, 2->3: 1431, 3->4: 862, 4->5: 552
accepted directly from s0    : 0
Gym endings cumulative       : terminated=7676, truncated=372

[Episode 8700/12000 | last 100]
success rate                : 32.0% (cumulative 6.7%)
failure rate                : 0.0% (cumulative 0.0%)
completed cycles / episode  : 0.000
synthetic task reward       : 3200.000
shaping reward              : 1754.164
learning reward             : 4954.164
episode length              : 383.0
abstract changes / episode  : 104.9
same abstract-state steps   : 72.6%
same-state shaping / episode: 0.000
changed-state shaping / ep. : 1754.164
terminal shaping / episode  : 31.594
DFA transitions / episode   : 1.92
DFA transitions in window   : 1->2: 68, 2->3: 50, 3->4: 42, 4->5: 32
epsilon (next episode)       : 0.17549
replay buffer                : 300000 samples [1: 42.7%, 2: 23.7%, 3: 24.4%, 4: 9.2%, 5: 0.0%]
DFA state visits in window   : 1: 16989, 2: 10129, 3: 6663, 4: 4590, 5: 32
DFA state visits cumulative  : 1: 1695580, 2: 404158, 3: 325278, 4: 95531, 5: 584
DFA state entries in window  : 1: 100, 2: 68, 3: 50, 4: 42, 5: 32
DFA state entries cumulative : 1: 8700, 2: 2286, 3: 1481, 4: 904, 5: 584
transitions cumulative       : 1->2: 2286, 2->3: 1481, 3->4: 904, 4->5: 584
accepted directly from s0    : 0
Gym endings cumulative       : terminated=7742, truncated=374

[Episode 8800/12000 | last 100]
success rate                : 54.0% (cumulative 7.2%)
failure rate                : 0.0% (cumulative 0.0%)
completed cycles / episode  : 0.000
synthetic task reward       : 5400.000
shaping reward              : 2550.485
learning reward             : 7950.485
episode length              : 499.7
abstract changes / episode  : 129.2
same abstract-state steps   : 74.2%
same-state shaping / episode: 0.000
changed-state shaping / ep. : 2550.485
terminal shaping / episode  : 54.624
DFA transitions / episode   : 2.66
DFA transitions in window   : 1->2: 78, 2->3: 72, 3->4: 62, 4->5: 54
epsilon (next episode)       : 0.17201
replay buffer                : 300000 samples [1: 42.0%, 2: 23.0%, 3: 25.0%, 4: 10.0%, 5: 0.0%]
DFA state visits in window   : 1: 20609, 2: 10381, 3: 13295, 4: 5732, 5: 54
DFA state visits cumulative  : 1: 1716189, 2: 414539, 3: 338573, 4: 101263, 5: 638
DFA state entries in window  : 1: 100, 2: 78, 3: 72, 4: 62, 5: 54
DFA state entries cumulative : 1: 8800, 2: 2364, 3: 1553, 4: 966, 5: 638
transitions cumulative       : 1->2: 2364, 2->3: 1553, 3->4: 966, 4->5: 638
accepted directly from s0    : 0
Gym endings cumulative       : terminated=7782, truncated=380

[Episode 8900/12000 | last 100]
success rate                : 53.0% (cumulative 7.8%)
failure rate                : 0.0% (cumulative 0.0%)
completed cycles / episode  : 0.000
synthetic task reward       : 5300.000
shaping reward              : 2560.497
learning reward             : 7860.497
episode length              : 487.8
abstract changes / episode  : 134.1
same abstract-state steps   : 72.5%
same-state shaping / episode: 0.000
changed-state shaping / ep. : 2560.497
terminal shaping / episode  : 51.754
DFA transitions / episode   : 2.74
DFA transitions in window   : 1->2: 81, 2->3: 77, 3->4: 63, 4->5: 53
epsilon (next episode)       : 0.16861
replay buffer                : 300000 samples [1: 40.7%, 2: 23.4%, 3: 25.4%, 4: 10.5%, 5: 0.0%]
DFA state visits in window   : 1: 18883, 2: 10839, 3: 12981, 4: 6126, 5: 53
DFA state visits cumulative  : 1: 1735072, 2: 425378, 3: 351554, 4: 107389, 5: 691
DFA state entries in window  : 1: 100, 2: 81, 3: 77, 4: 63, 5: 53
DFA state entries cumulative : 1: 8900, 2: 2445, 3: 1630, 4: 1029, 5: 691
transitions cumulative       : 1->2: 2445, 2->3: 1630, 3->4: 1029, 4->5: 691
accepted directly from s0    : 0
Gym endings cumulative       : terminated=7828, truncated=381

[Episode 9000/12000 | last 100]
success rate                : 31.0% (cumulative 8.0%)
failure rate                : 0.0% (cumulative 0.0%)
completed cycles / episode  : 0.000
synthetic task reward       : 3100.000
shaping reward              : 2015.927
learning reward             : 5115.927
episode length              : 489.5
abstract changes / episode  : 125.3
same abstract-state steps   : 74.4%
same-state shaping / episode: 0.000
changed-state shaping / ep. : 2015.927
terminal shaping / episode  : 29.869
DFA transitions / episode   : 2.23
DFA transitions in window   : 1->2: 79, 2->3: 65, 3->4: 48, 4->5: 31
epsilon (next episode)       : 0.16527
replay buffer                : 300000 samples [1: 41.2%, 2: 23.7%, 3: 25.1%, 4: 10.0%, 5: 0.0%]
DFA state visits in window   : 1: 20104, 2: 12625, 3: 12246, 4: 4044, 5: 31
DFA state visits cumulative  : 1: 1755176, 2: 438003, 3: 363800, 4: 111433, 5: 722
DFA state entries in window  : 1: 100, 2: 79, 3: 65, 4: 48, 5: 31
DFA state entries cumulative : 1: 9000, 2: 2524, 3: 1695, 4: 1077, 5: 722
transitions cumulative       : 1->2: 2524, 2->3: 1695, 3->4: 1077, 4->5: 722
accepted directly from s0    : 0
Gym endings cumulative       : terminated=7886, truncated=392

Starting autonomous greedy evaluation at episode 9000 (1000 fixed-seed episodes)...
[Greedy evaluation at episode 9000 | 1000 fixed-seed episodes]
success=21.7%, failure=0.0%, task reward=2170.000, length=388.9
DFA transitions: 1->2: 419, 2->3: 411, 3->4: 401, 4->5: 217

[Episode 9100/12000 | last 100]
success rate                : 38.0% (cumulative 8.4%)
failure rate                : 0.0% (cumulative 0.0%)
completed cycles / episode  : 0.000
synthetic task reward       : 3800.000
shaping reward              : 2178.737
learning reward             : 5978.737
episode length              : 475.0
abstract changes / episode  : 129.2
same abstract-state steps   : 72.8%
same-state shaping / episode: 0.000
changed-state shaping / ep. : 2178.737
terminal shaping / episode  : 33.072
DFA transitions / episode   : 2.41
DFA transitions in window   : 1->2: 78, 2->3: 68, 3->4: 57, 4->5: 38
epsilon (next episode)       : 0.16200
replay buffer                : 300000 samples [1: 41.1%, 2: 23.3%, 3: 25.8%, 4: 9.9%, 5: 0.0%]
DFA state visits in window   : 1: 19297, 2: 10512, 3: 13196, 4: 4559, 5: 38
DFA state visits cumulative  : 1: 1774473, 2: 448515, 3: 376996, 4: 115992, 5: 760
DFA state entries in window  : 1: 100, 2: 78, 3: 68, 4: 57, 5: 38
DFA state entries cumulative : 1: 9100, 2: 2602, 3: 1763, 4: 1134, 5: 760
transitions cumulative       : 1->2: 2602, 2->3: 1763, 3->4: 1134, 4->5: 760
accepted directly from s0    : 0
Gym endings cumulative       : terminated=7945, truncated=395

[Episode 9200/12000 | last 100]
success rate                : 36.0% (cumulative 8.7%)
failure rate                : 0.0% (cumulative 0.0%)
completed cycles / episode  : 0.000
synthetic task reward       : 3600.000
shaping reward              : 1820.125
learning reward             : 5420.125
episode length              : 450.8
abstract changes / episode  : 123.2
same abstract-state steps   : 72.7%
same-state shaping / episode: 0.000
changed-state shaping / ep. : 1820.125
terminal shaping / episode  : 32.775
DFA transitions / episode   : 2.10
DFA transitions in window   : 1->2: 74, 2->3: 54, 3->4: 46, 4->5: 36
epsilon (next episode)       : 0.15879
replay buffer                : 300000 samples [1: 42.7%, 2: 23.4%, 3: 23.5%, 4: 10.3%, 5: 0.0%]
DFA state visits in window   : 1: 22699, 2: 11421, 3: 6531, 4: 4489, 5: 36
DFA state visits cumulative  : 1: 1797172, 2: 459936, 3: 383527, 4: 120481, 5: 796
DFA state entries in window  : 1: 100, 2: 74, 3: 54, 4: 46, 5: 36
DFA state entries cumulative : 1: 9200, 2: 2676, 3: 1817, 4: 1180, 5: 796
transitions cumulative       : 1->2: 2676, 2->3: 1817, 3->4: 1180, 4->5: 796
accepted directly from s0    : 0
Gym endings cumulative       : terminated=8006, truncated=398

[Episode 9300/12000 | last 100]
success rate                : 23.0% (cumulative 8.8%)
failure rate                : 0.0% (cumulative 0.0%)
completed cycles / episode  : 0.000
synthetic task reward       : 2300.000
shaping reward              : 1330.575
learning reward             : 3630.575
episode length              : 454.3
abstract changes / episode  : 121.4
same abstract-state steps   : 73.3%
same-state shaping / episode: 0.000
changed-state shaping / ep. : 1330.575
terminal shaping / episode  : 18.256
DFA transitions / episode   : 1.66
DFA transitions in window   : 1->2: 67, 2->3: 44, 3->4: 32, 4->5: 23
epsilon (next episode)       : 0.15564
replay buffer                : 300000 samples [1: 44.5%, 2: 23.4%, 3: 22.3%, 4: 9.8%, 5: 0.0%]
DFA state visits in window   : 1: 26400, 2: 10400, 3: 5815, 4: 2888, 5: 23
DFA state visits cumulative  : 1: 1823572, 2: 470336, 3: 389342, 4: 123369, 5: 819
DFA state entries in window  : 1: 100, 2: 67, 3: 44, 4: 32, 5: 23
DFA state entries cumulative : 1: 9300, 2: 2743, 3: 1861, 4: 1212, 5: 819
transitions cumulative       : 1->2: 2743, 2->3: 1861, 3->4: 1212, 4->5: 819
accepted directly from s0    : 0
Gym endings cumulative       : terminated=8080, truncated=401

[Episode 9400/12000 | last 100]
success rate                : 11.0% (cumulative 8.8%)
failure rate                : 0.0% (cumulative 0.0%)
completed cycles / episode  : 0.000
synthetic task reward       : 1100.000
shaping reward              : 813.764
learning reward             : 1913.764
episode length              : 437.2
abstract changes / episode  : 110.9
same abstract-state steps   : 74.6%
same-state shaping / episode: 0.000
changed-state shaping / ep. : 813.764
terminal shaping / episode  : 12.272
DFA transitions / episode   : 1.14
DFA transitions in window   : 1->2: 52, 2->3: 31, 3->4: 20, 4->5: 11
epsilon (next episode)       : 0.15256
replay buffer                : 300000 samples [1: 46.9%, 2: 24.2%, 3: 20.0%, 4: 8.9%, 5: 0.0%]
DFA state visits in window   : 1: 25775, 2: 11937, 3: 4109, 4: 1987, 5: 11
DFA state visits cumulative  : 1: 1849347, 2: 482273, 3: 393451, 4: 125356, 5: 830
DFA state entries in window  : 1: 100, 2: 52, 3: 31, 4: 20, 5: 11
DFA state entries cumulative : 1: 9400, 2: 2795, 3: 1892, 4: 1232, 5: 830
transitions cumulative       : 1->2: 2795, 2->3: 1892, 3->4: 1232, 4->5: 830
accepted directly from s0    : 0
Gym endings cumulative       : terminated=8160, truncated=410

[Episode 9500/12000 | last 100]
success rate                : 3.0% (cumulative 8.8%)
failure rate                : 0.0% (cumulative 0.0%)
completed cycles / episode  : 0.000
synthetic task reward       : 300.000
shaping reward              : 447.717
learning reward             : 747.717
episode length              : 365.6
abstract changes / episode  : 90.7
same abstract-state steps   : 75.2%
same-state shaping / episode: 0.000
changed-state shaping / ep. : 447.717
terminal shaping / episode  : 1.278
DFA transitions / episode   : 0.79
DFA transitions in window   : 1->2: 37, 2->3: 21, 3->4: 18, 4->5: 3
epsilon (next episode)       : 0.14954
replay buffer                : 300000 samples [1: 50.3%, 2: 22.4%, 3: 17.8%, 4: 9.4%, 5: 0.0%]
DFA state visits in window   : 1: 23945, 2: 3567, 3: 2633, 4: 6511, 5: 3
DFA state visits cumulative  : 1: 1873292, 2: 485840, 3: 396084, 4: 131867, 5: 833
DFA state entries in window  : 1: 100, 2: 37, 3: 21, 4: 18, 5: 3
DFA state entries cumulative : 1: 9500, 2: 2832, 3: 1913, 4: 1250, 5: 833
transitions cumulative       : 1->2: 2832, 2->3: 1913, 3->4: 1250, 4->5: 833
accepted directly from s0    : 0
Gym endings cumulative       : terminated=8247, truncated=420

Starting autonomous greedy evaluation at episode 9500 (1000 fixed-seed episodes)...
[Greedy evaluation at episode 9500 | 1000 fixed-seed episodes]
success=0.1%, failure=0.0%, task reward=10.000, length=218.6
DFA transitions: 1->2: 42, 2->3: 19, 3->4: 14, 4->5: 1

[Episode 9600/12000 | last 100]
success rate                : 28.0% (cumulative 9.0%)
failure rate                : 0.0% (cumulative 0.0%)
completed cycles / episode  : 0.000
synthetic task reward       : 2800.000
shaping reward              : 1415.944
learning reward             : 4215.944
episode length              : 404.4
abstract changes / episode  : 101.6
same abstract-state steps   : 74.9%
same-state shaping / episode: 0.000
changed-state shaping / ep. : 1415.944
terminal shaping / episode  : 19.947
DFA transitions / episode   : 1.82
DFA transitions in window   : 1->2: 73, 2->3: 48, 3->4: 33, 4->5: 28
epsilon (next episode)       : 0.14658
replay buffer                : 300000 samples [1: 51.4%, 2: 22.9%, 3: 16.5%, 4: 9.1%, 5: 0.0%]
DFA state visits in window   : 1: 19125, 2: 10589, 3: 7127, 4: 3674, 5: 28
DFA state visits cumulative  : 1: 1892417, 2: 496429, 3: 403211, 4: 135541, 5: 861
DFA state entries in window  : 1: 100, 2: 73, 3: 48, 4: 33, 5: 28
DFA state entries cumulative : 1: 9600, 2: 2905, 3: 1961, 4: 1283, 5: 861
transitions cumulative       : 1->2: 2905, 2->3: 1961, 3->4: 1283, 4->5: 861
accepted directly from s0    : 0
Gym endings cumulative       : terminated=8318, truncated=421

[Episode 9700/12000 | last 100]
success rate                : 23.0% (cumulative 9.1%)
failure rate                : 0.0% (cumulative 0.0%)
completed cycles / episode  : 0.000
synthetic task reward       : 2300.000
shaping reward              : 1364.429
learning reward             : 3664.429
episode length              : 447.0
abstract changes / episode  : 114.0
same abstract-state steps   : 74.5%
same-state shaping / episode: 0.000
changed-state shaping / ep. : 1364.429
terminal shaping / episode  : 16.454
DFA transitions / episode   : 1.74
DFA transitions in window   : 1->2: 76, 2->3: 47, 3->4: 28, 4->5: 23
epsilon (next episode)       : 0.14368
replay buffer                : 300000 samples [1: 50.7%, 2: 25.2%, 3: 15.2%, 4: 8.8%, 5: 0.0%]
DFA state visits in window   : 1: 16448, 2: 17959, 3: 7588, 4: 2785, 5: 23
DFA state visits cumulative  : 1: 1908865, 2: 514388, 3: 410799, 4: 138326, 5: 884
DFA state entries in window  : 1: 100, 2: 76, 3: 47, 4: 28, 5: 23
DFA state entries cumulative : 1: 9700, 2: 2981, 3: 2008, 4: 1311, 5: 884
transitions cumulative       : 1->2: 2981, 2->3: 2008, 3->4: 1311, 4->5: 884
accepted directly from s0    : 0
Gym endings cumulative       : terminated=8388, truncated=428

[Episode 9800/12000 | last 100]
success rate                : 38.0% (cumulative 9.4%)
failure rate                : 0.0% (cumulative 0.0%)
completed cycles / episode  : 0.000
synthetic task reward       : 3800.000
shaping reward              : 2131.660
learning reward             : 5931.660
episode length              : 537.7
abstract changes / episode  : 132.0
same abstract-state steps   : 75.4%
same-state shaping / episode: 0.000
changed-state shaping / ep. : 2131.660
terminal shaping / episode  : 33.463
DFA transitions / episode   : 2.46
DFA transitions in window   : 1->2: 89, 2->3: 75, 3->4: 44, 4->5: 38
epsilon (next episode)       : 0.14083
replay buffer                : 300000 samples [1: 49.4%, 2: 26.4%, 3: 15.7%, 4: 8.5%, 5: 0.0%]
DFA state visits in window   : 1: 18547, 2: 16160, 3: 14606, 4: 4516, 5: 38
DFA state visits cumulative  : 1: 1927412, 2: 530548, 3: 425405, 4: 142842, 5: 922
DFA state entries in window  : 1: 100, 2: 89, 3: 75, 4: 44, 5: 38
DFA state entries cumulative : 1: 9800, 2: 3070, 3: 2083, 4: 1355, 5: 922
transitions cumulative       : 1->2: 3070, 2->3: 2083, 3->4: 1355, 4->5: 922
accepted directly from s0    : 0
Gym endings cumulative       : terminated=8445, truncated=433

[Episode 9900/12000 | last 100]
success rate                : 25.0% (cumulative 9.6%)
failure rate                : 0.0% (cumulative 0.0%)
completed cycles / episode  : 0.000
synthetic task reward       : 2500.000
shaping reward              : 1308.947
learning reward             : 3808.947
episode length              : 528.8
abstract changes / episode  : 108.9
same abstract-state steps   : 79.4%
same-state shaping / episode: 0.000
changed-state shaping / ep. : 1308.947
terminal shaping / episode  : 23.932
DFA transitions / episode   : 1.51
DFA transitions in window   : 1->2: 57, 2->3: 40, 3->4: 29, 4->5: 25
epsilon (next episode)       : 0.13804
replay buffer                : 300000 samples [1: 51.5%, 2: 25.6%, 3: 15.2%, 4: 7.7%, 5: 0.0%]
DFA state visits in window   : 1: 33030, 2: 11096, 3: 6717, 4: 2111, 5: 25
DFA state visits cumulative  : 1: 1960442, 2: 541644, 3: 432122, 4: 144953, 5: 947
DFA state entries in window  : 1: 100, 2: 57, 3: 40, 4: 29, 5: 25
DFA state entries cumulative : 1: 9900, 2: 3127, 3: 2123, 4: 1384, 5: 947
transitions cumulative       : 1->2: 3127, 2->3: 2123, 3->4: 1384, 4->5: 947
accepted directly from s0    : 0
Gym endings cumulative       : terminated=8502, truncated=451

[Episode 10000/12000 | last 100]
success rate                : 22.0% (cumulative 9.7%)
failure rate                : 0.0% (cumulative 0.0%)
completed cycles / episode  : 0.000
synthetic task reward       : 2200.000
shaping reward              : 1180.581
learning reward             : 3380.581
episode length              : 392.3
abstract changes / episode  : 99.5
same abstract-state steps   : 74.6%
same-state shaping / episode: 0.000
changed-state shaping / ep. : 1180.581
terminal shaping / episode  : 17.471
DFA transitions / episode   : 1.43
DFA transitions in window   : 1->2: 58, 2->3: 35, 3->4: 28, 4->5: 22
epsilon (next episode)       : 0.13531
replay buffer                : 300000 samples [1: 50.0%, 2: 26.6%, 3: 15.7%, 4: 7.7%, 5: 0.0%]
DFA state visits in window   : 1: 20617, 2: 11027, 3: 5399, 4: 2261, 5: 22
DFA state visits cumulative  : 1: 1981059, 2: 552671, 3: 437521, 4: 147214, 5: 969
DFA state entries in window  : 1: 100, 2: 58, 3: 35, 4: 28, 5: 22
DFA state entries cumulative : 1: 10000, 2: 3185, 3: 2158, 4: 1412, 5: 969
transitions cumulative       : 1->2: 3185, 2->3: 2158, 3->4: 1412, 4->5: 969
accepted directly from s0    : 0
Gym endings cumulative       : terminated=8576, truncated=455

Starting autonomous greedy evaluation at episode 10000 (1000 fixed-seed episodes)...
[Greedy evaluation at episode 10000 | 1000 fixed-seed episodes]
success=12.7%, failure=0.0%, task reward=1270.000, length=453.0
DFA transitions: 1->2: 492, 2->3: 378, 3->4: 190, 4->5: 127

[Episode 10100/12000 | last 100]
success rate                : 34.0% (cumulative 9.9%)
failure rate                : 0.0% (cumulative 0.0%)
completed cycles / episode  : 0.000
synthetic task reward       : 3400.000
shaping reward              : 1667.879
learning reward             : 5067.879
episode length              : 426.7
abstract changes / episode  : 101.7
same abstract-state steps   : 76.2%
same-state shaping / episode: 0.000
changed-state shaping / ep. : 1667.879
terminal shaping / episode  : 30.417
DFA transitions / episode   : 1.92
DFA transitions in window   : 1->2: 64, 2->3: 49, 3->4: 45, 4->5: 34
epsilon (next episode)       : 0.13263
replay buffer                : 300000 samples [1: 48.9%, 2: 26.3%, 3: 16.4%, 4: 8.4%, 5: 0.0%]
DFA state visits in window   : 1: 23127, 2: 9574, 3: 5997, 4: 4042, 5: 34
DFA state visits cumulative  : 1: 2004186, 2: 562245, 3: 443518, 4: 151256, 5: 1003
DFA state entries in window  : 1: 100, 2: 64, 3: 49, 4: 45, 5: 34
DFA state entries cumulative : 1: 10100, 2: 3249, 3: 2207, 4: 1457, 5: 1003
transitions cumulative       : 1->2: 3249, 2->3: 2207, 3->4: 1457, 4->5: 1003
accepted directly from s0    : 0
Gym endings cumulative       : terminated=8640, truncated=457

[Episode 10200/12000 | last 100]
success rate                : 16.0% (cumulative 10.0%)
failure rate                : 0.0% (cumulative 0.0%)
completed cycles / episode  : 0.000
synthetic task reward       : 1600.000
shaping reward              : 1529.100
learning reward             : 3129.100
episode length              : 389.0
abstract changes / episode  : 94.5
same abstract-state steps   : 75.7%
same-state shaping / episode: 0.000
changed-state shaping / ep. : 1529.100
terminal shaping / episode  : 11.225
DFA transitions / episode   : 1.65
DFA transitions in window   : 1->2: 62, 2->3: 48, 3->4: 39, 4->5: 16
epsilon (next episode)       : 0.13000
replay buffer                : 300000 samples [1: 46.6%, 2: 28.9%, 3: 17.2%, 4: 7.4%, 5: 0.0%]
DFA state visits in window   : 1: 16688, 2: 12646, 3: 5789, 4: 3862, 5: 16
DFA state visits cumulative  : 1: 2020874, 2: 574891, 3: 449307, 4: 155118, 5: 1019
DFA state entries in window  : 1: 100, 2: 62, 3: 48, 4: 39, 5: 16
DFA state entries cumulative : 1: 10200, 2: 3311, 3: 2255, 4: 1496, 5: 1019
transitions cumulative       : 1->2: 3311, 2->3: 2255, 3->4: 1496, 4->5: 1019
accepted directly from s0    : 0
Gym endings cumulative       : terminated=8720, truncated=461

[Episode 10300/12000 | last 100]
success rate                : 37.0% (cumulative 10.3%)
failure rate                : 0.0% (cumulative 0.0%)
completed cycles / episode  : 0.000
synthetic task reward       : 3700.000
shaping reward              : 1679.570
learning reward             : 5379.570
episode length              : 382.9
abstract changes / episode  : 94.0
same abstract-state steps   : 75.4%
same-state shaping / episode: 0.000
changed-state shaping / ep. : 1679.570
terminal shaping / episode  : 31.056
DFA transitions / episode   : 1.97
DFA transitions in window   : 1->2: 69, 2->3: 49, 3->4: 42, 4->5: 37
epsilon (next episode)       : 0.12743
replay buffer                : 300000 samples [1: 46.7%, 2: 29.5%, 3: 16.6%, 4: 7.2%, 5: 0.0%]
DFA state visits in window   : 1: 15362, 2: 14071, 3: 5425, 4: 3493, 5: 37
DFA state visits cumulative  : 1: 2036236, 2: 588962, 3: 454732, 4: 158611, 5: 1056
DFA state entries in window  : 1: 100, 2: 69, 3: 49, 4: 42, 5: 37
DFA state entries cumulative : 1: 10300, 2: 3380, 3: 2304, 4: 1538, 5: 1056
transitions cumulative       : 1->2: 3380, 2->3: 2304, 3->4: 1538, 4->5: 1056
accepted directly from s0    : 0
Gym endings cumulative       : terminated=8779, truncated=465

[Episode 10400/12000 | last 100]
success rate                : 30.0% (cumulative 10.4%)
failure rate                : 0.0% (cumulative 0.0%)
completed cycles / episode  : 0.000
synthetic task reward       : 3000.000
shaping reward              : 1339.754
learning reward             : 4339.754
episode length              : 360.9
abstract changes / episode  : 100.6
same abstract-state steps   : 72.1%
same-state shaping / episode: 0.000
changed-state shaping / ep. : 1339.754
terminal shaping / episode  : 22.502
DFA transitions / episode   : 1.83
DFA transitions in window   : 1->2: 69, 2->3: 50, 3->4: 34, 4->5: 30
epsilon (next episode)       : 0.12490
replay buffer                : 300000 samples [1: 47.6%, 2: 27.8%, 3: 16.8%, 4: 7.9%, 5: 0.0%]
DFA state visits in window   : 1: 16785, 2: 9631, 3: 6408, 4: 3341, 5: 30
DFA state visits cumulative  : 1: 2053021, 2: 598593, 3: 461140, 4: 161952, 5: 1086
DFA state entries in window  : 1: 100, 2: 69, 3: 50, 4: 34, 5: 30
DFA state entries cumulative : 1: 10400, 2: 3449, 3: 2354, 4: 1572, 5: 1086
transitions cumulative       : 1->2: 3449, 2->3: 2354, 3->4: 1572, 4->5: 1086
accepted directly from s0    : 0
Gym endings cumulative       : terminated=8849, truncated=465

[Episode 10500/12000 | last 100]
success rate                : 46.0% (cumulative 10.8%)
failure rate                : 0.0% (cumulative 0.0%)
completed cycles / episode  : 0.000
synthetic task reward       : 4600.000
shaping reward              : 2081.231
learning reward             : 6681.231
episode length              : 409.7
abstract changes / episode  : 97.5
same abstract-state steps   : 76.2%
same-state shaping / episode: 0.000
changed-state shaping / ep. : 2081.231
terminal shaping / episode  : 40.873
DFA transitions / episode   : 2.31
DFA transitions in window   : 1->2: 73, 2->3: 59, 3->4: 53, 4->5: 46
epsilon (next episode)       : 0.12243
replay buffer                : 300000 samples [1: 48.9%, 2: 27.5%, 3: 15.1%, 4: 8.5%, 5: 0.0%]
DFA state visits in window   : 1: 17029, 2: 11765, 3: 7134, 4: 5093, 5: 46
DFA state visits cumulative  : 1: 2070050, 2: 610358, 3: 468274, 4: 167045, 5: 1132
DFA state entries in window  : 1: 100, 2: 73, 3: 59, 4: 53, 5: 46
DFA state entries cumulative : 1: 10500, 2: 3522, 3: 2413, 4: 1625, 5: 1132
transitions cumulative       : 1->2: 3522, 2->3: 2413, 3->4: 1625, 4->5: 1132
accepted directly from s0    : 0
Gym endings cumulative       : terminated=8902, truncated=466

Starting autonomous greedy evaluation at episode 10500 (1000 fixed-seed episodes)...
[Greedy evaluation at episode 10500 | 1000 fixed-seed episodes]
success=22.9%, failure=0.0%, task reward=2290.000, length=400.8
DFA transitions: 1->2: 775, 2->3: 643, 3->4: 272, 4->5: 229

[Episode 10600/12000 | last 100]
success rate                : 59.0% (cumulative 11.2%)
failure rate                : 0.0% (cumulative 0.0%)
completed cycles / episode  : 0.000
synthetic task reward       : 5900.000
shaping reward              : 2568.644
learning reward             : 8468.644
episode length              : 440.7
abstract changes / episode  : 103.1
same abstract-state steps   : 76.6%
same-state shaping / episode: 0.000
changed-state shaping / ep. : 2568.644
terminal shaping / episode  : 53.715
DFA transitions / episode   : 2.77
DFA transitions in window   : 1->2: 79, 2->3: 73, 3->4: 66, 4->5: 59
epsilon (next episode)       : 0.12001
replay buffer                : 300000 samples [1: 46.1%, 2: 28.3%, 3: 15.8%, 4: 9.7%, 5: 0.0%]
DFA state visits in window   : 1: 17354, 2: 11294, 3: 8893, 4: 6570, 5: 59
DFA state visits cumulative  : 1: 2087404, 2: 621652, 3: 477167, 4: 173615, 5: 1191
DFA state entries in window  : 1: 100, 2: 79, 3: 73, 4: 66, 5: 59
DFA state entries cumulative : 1: 10600, 2: 3601, 3: 2486, 4: 1691, 5: 1191
transitions cumulative       : 1->2: 3601, 2->3: 2486, 3->4: 1691, 4->5: 1191
accepted directly from s0    : 0
Gym endings cumulative       : terminated=8943, truncated=466

[Episode 10700/12000 | last 100]
success rate                : 64.0% (cumulative 11.7%)
failure rate                : 0.0% (cumulative 0.0%)
completed cycles / episode  : 0.000
synthetic task reward       : 6400.000
shaping reward              : 2711.765
learning reward             : 9111.765
episode length              : 489.4
abstract changes / episode  : 105.9
same abstract-state steps   : 78.4%
same-state shaping / episode: 0.000
changed-state shaping / ep. : 2711.765
terminal shaping / episode  : 60.718
DFA transitions / episode   : 2.95
DFA transitions in window   : 1->2: 85, 2->3: 77, 3->4: 69, 4->5: 64
epsilon (next episode)       : 0.11763
replay buffer                : 300000 samples [1: 44.5%, 2: 28.7%, 3: 15.6%, 4: 11.1%, 5: 0.0%]
DFA state visits in window   : 1: 21827, 2: 14640, 3: 6248, 4: 6265, 5: 64
DFA state visits cumulative  : 1: 2109231, 2: 636292, 3: 483415, 4: 179880, 5: 1255
DFA state entries in window  : 1: 100, 2: 85, 3: 77, 4: 69, 5: 64
DFA state entries cumulative : 1: 10700, 2: 3686, 3: 2563, 4: 1760, 5: 1255
transitions cumulative       : 1->2: 3686, 2->3: 2563, 3->4: 1760, 4->5: 1255
accepted directly from s0    : 0
Gym endings cumulative       : terminated=8975, truncated=470

[Episode 10800/12000 | last 100]
success rate                : 72.0% (cumulative 12.3%)
failure rate                : 0.0% (cumulative 0.0%)
completed cycles / episode  : 0.000
synthetic task reward       : 7200.000
shaping reward              : 3063.147
learning reward             : 10263.147
episode length              : 458.4
abstract changes / episode  : 105.7
same abstract-state steps   : 76.9%
same-state shaping / episode: 0.000
changed-state shaping / ep. : 3063.147
terminal shaping / episode  : 69.874
DFA transitions / episode   : 3.19
DFA transitions in window   : 1->2: 87, 2->3: 82, 3->4: 78, 4->5: 72
epsilon (next episode)       : 0.11530
replay buffer                : 300000 samples [1: 41.9%, 2: 29.9%, 3: 16.0%, 4: 12.1%, 5: 0.0%]
DFA state visits in window   : 1: 18339, 2: 14125, 3: 6360, 4: 7043, 5: 72
DFA state visits cumulative  : 1: 2127570, 2: 650417, 3: 489775, 4: 186923, 5: 1327
DFA state entries in window  : 1: 100, 2: 87, 3: 82, 4: 78, 5: 72
DFA state entries cumulative : 1: 10800, 2: 3773, 3: 2645, 4: 1838, 5: 1327
transitions cumulative       : 1->2: 3773, 2->3: 2645, 3->4: 1838, 4->5: 1327
accepted directly from s0    : 0
Gym endings cumulative       : terminated=9001, truncated=472

[Episode 10900/12000 | last 100]
success rate                : 71.0% (cumulative 12.8%)
failure rate                : 0.0% (cumulative 0.0%)
completed cycles / episode  : 0.000
synthetic task reward       : 7100.000
shaping reward              : 3110.713
learning reward             : 10210.713
episode length              : 453.4
abstract changes / episode  : 97.6
same abstract-state steps   : 78.5%
same-state shaping / episode: 0.000
changed-state shaping / ep. : 3110.713
terminal shaping / episode  : 69.999
DFA transitions / episode   : 3.14
DFA transitions in window   : 1->2: 84, 2->3: 81, 3->4: 78, 4->5: 71
epsilon (next episode)       : 0.11302
replay buffer                : 300000 samples [1: 41.8%, 2: 29.9%, 3: 15.3%, 4: 13.0%, 5: 0.0%]
DFA state visits in window   : 1: 18301, 2: 14250, 3: 5632, 4: 7188, 5: 71
DFA state visits cumulative  : 1: 2145871, 2: 664667, 3: 495407, 4: 194111, 5: 1398
DFA state entries in window  : 1: 100, 2: 84, 3: 81, 4: 78, 5: 71
DFA state entries cumulative : 1: 10900, 2: 3857, 3: 2726, 4: 1916, 5: 1398
transitions cumulative       : 1->2: 3857, 2->3: 2726, 3->4: 1916, 4->5: 1398
accepted directly from s0    : 0
Gym endings cumulative       : terminated=9029, truncated=473

[Episode 11000/12000 | last 100]
success rate                : 65.0% (cumulative 13.3%)
failure rate                : 0.0% (cumulative 0.0%)
completed cycles / episode  : 0.000
synthetic task reward       : 6500.000
shaping reward              : 2688.263
learning reward             : 9188.263
episode length              : 460.7
abstract changes / episode  : 111.8
same abstract-state steps   : 75.7%
same-state shaping / episode: 0.000
changed-state shaping / ep. : 2688.263
terminal shaping / episode  : 61.006
DFA transitions / episode   : 2.89
DFA transitions in window   : 1->2: 79, 2->3: 74, 3->4: 71, 4->5: 65
epsilon (next episode)       : 0.11078
replay buffer                : 300000 samples [1: 42.5%, 2: 28.7%, 3: 15.0%, 4: 13.8%, 5: 0.0%]
DFA state visits in window   : 1: 21738, 2: 12111, 3: 5680, 4: 6573, 5: 65
DFA state visits cumulative  : 1: 2167609, 2: 676778, 3: 501087, 4: 200684, 5: 1463
DFA state entries in window  : 1: 100, 2: 79, 3: 74, 4: 71, 5: 65
DFA state entries cumulative : 1: 11000, 2: 3936, 3: 2800, 4: 1987, 5: 1463
transitions cumulative       : 1->2: 3936, 2->3: 2800, 3->4: 1987, 4->5: 1463
accepted directly from s0    : 0
Gym endings cumulative       : terminated=9062, truncated=475

Starting autonomous greedy evaluation at episode 11000 (1000 fixed-seed episodes)...
[Greedy evaluation at episode 11000 | 1000 fixed-seed episodes]
success=15.9%, failure=0.0%, task reward=1590.000, length=517.6
DFA transitions: 1->2: 984, 2->3: 694, 3->4: 207, 4->5: 159

[Episode 11100/12000 | last 100]
success rate                : 64.0% (cumulative 13.8%)
failure rate                : 0.0% (cumulative 0.0%)
completed cycles / episode  : 0.000
synthetic task reward       : 6400.000
shaping reward              : 2878.730
learning reward             : 9278.730
episode length              : 439.3
abstract changes / episode  : 106.2
same abstract-state steps   : 75.8%
same-state shaping / episode: 0.000
changed-state shaping / ep. : 2878.730
terminal shaping / episode  : 62.047
DFA transitions / episode   : 3.03
DFA transitions in window   : 1->2: 85, 2->3: 79, 3->4: 75, 4->5: 64
epsilon (next episode)       : 0.10858
replay buffer                : 300000 samples [1: 41.5%, 2: 29.0%, 3: 14.8%, 4: 14.7%, 5: 0.0%]
DFA state visits in window   : 1: 17024, 2: 13257, 3: 6499, 4: 7184, 5: 64
DFA state visits cumulative  : 1: 2184633, 2: 690035, 3: 507586, 4: 207868, 5: 1527
DFA state entries in window  : 1: 100, 2: 85, 3: 79, 4: 75, 5: 64
DFA state entries cumulative : 1: 11100, 2: 4021, 3: 2879, 4: 2062, 5: 1527
transitions cumulative       : 1->2: 4021, 2->3: 2879, 3->4: 2062, 4->5: 1527
accepted directly from s0    : 0
Gym endings cumulative       : terminated=9097, truncated=476

[Episode 11200/12000 | last 100]
success rate                : 55.0% (cumulative 14.1%)
failure rate                : 0.0% (cumulative 0.0%)
completed cycles / episode  : 0.000
synthetic task reward       : 5500.000
shaping reward              : 2235.549
learning reward             : 7735.549
episode length              : 412.8
abstract changes / episode  : 99.6
same abstract-state steps   : 75.9%
same-state shaping / episode: 0.000
changed-state shaping / ep. : 2235.549
terminal shaping / episode  : 51.916
DFA transitions / episode   : 2.49
DFA transitions in window   : 1->2: 79, 2->3: 58, 3->4: 57, 4->5: 55
epsilon (next episode)       : 0.10643
replay buffer                : 300000 samples [1: 43.0%, 2: 29.3%, 3: 13.3%, 4: 14.4%, 5: 0.0%]
DFA state visits in window   : 1: 20265, 2: 11751, 3: 4390, 4: 4920, 5: 55
DFA state visits cumulative  : 1: 2204898, 2: 701786, 3: 511976, 4: 212788, 5: 1582
DFA state entries in window  : 1: 100, 2: 79, 3: 58, 4: 57, 5: 55
DFA state entries cumulative : 1: 11200, 2: 4100, 3: 2937, 4: 2119, 5: 1582
transitions cumulative       : 1->2: 4100, 2->3: 2937, 3->4: 2119, 4->5: 1582
accepted directly from s0    : 0
Gym endings cumulative       : terminated=9142, truncated=476

[Episode 11300/12000 | last 100]
success rate                : 53.0% (cumulative 14.5%)
failure rate                : 0.0% (cumulative 0.0%)
completed cycles / episode  : 0.000
synthetic task reward       : 5300.000
shaping reward              : 2462.872
learning reward             : 7762.872
episode length              : 445.8
abstract changes / episode  : 109.8
same abstract-state steps   : 75.4%
same-state shaping / episode: 0.000
changed-state shaping / ep. : 2462.872
terminal shaping / episode  : 46.607
DFA transitions / episode   : 2.67
DFA transitions in window   : 1->2: 92, 2->3: 65, 3->4: 57, 4->5: 53
epsilon (next episode)       : 0.10433
replay buffer                : 300000 samples [1: 43.3%, 2: 30.1%, 3: 12.8%, 4: 13.8%, 5: 0.0%]
DFA state visits in window   : 1: 18411, 2: 15271, 3: 6272, 4: 4672, 5: 53
DFA state visits cumulative  : 1: 2223309, 2: 717057, 3: 518248, 4: 217460, 5: 1635
DFA state entries in window  : 1: 100, 2: 92, 3: 65, 4: 57, 5: 53
DFA state entries cumulative : 1: 11300, 2: 4192, 3: 3002, 4: 2176, 5: 1635
transitions cumulative       : 1->2: 4192, 2->3: 3002, 3->4: 2176, 4->5: 1635
accepted directly from s0    : 0
Gym endings cumulative       : terminated=9188, truncated=477

[Episode 11400/12000 | last 100]
success rate                : 59.0% (cumulative 14.9%)
failure rate                : 0.0% (cumulative 0.0%)
completed cycles / episode  : 0.000
synthetic task reward       : 5900.000
shaping reward              : 2589.135
learning reward             : 8489.135
episode length              : 404.3
abstract changes / episode  : 104.8
same abstract-state steps   : 74.1%
same-state shaping / episode: 0.000
changed-state shaping / ep. : 2589.135
terminal shaping / episode  : 52.665
DFA transitions / episode   : 2.81
DFA transitions in window   : 1->2: 81, 2->3: 71, 3->4: 70, 4->5: 59
epsilon (next episode)       : 0.10226
replay buffer                : 300000 samples [1: 42.8%, 2: 29.8%, 3: 13.4%, 4: 14.0%, 5: 0.0%]
DFA state visits in window   : 1: 17132, 2: 11400, 3: 6141, 4: 5800, 5: 59
DFA state visits cumulative  : 1: 2240441, 2: 728457, 3: 524389, 4: 223260, 5: 1694
DFA state entries in window  : 1: 100, 2: 81, 3: 71, 4: 70, 5: 59
DFA state entries cumulative : 1: 11400, 2: 4273, 3: 3073, 4: 2246, 5: 1694
transitions cumulative       : 1->2: 4273, 2->3: 3073, 3->4: 2246, 4->5: 1694
accepted directly from s0    : 0
Gym endings cumulative       : terminated=9229, truncated=477

[Episode 11500/12000 | last 100]
success rate                : 71.0% (cumulative 15.3%)
failure rate                : 0.0% (cumulative 0.0%)
completed cycles / episode  : 0.000
synthetic task reward       : 7100.000
shaping reward              : 3006.796
learning reward             : 10106.796
episode length              : 451.7
abstract changes / episode  : 106.5
same abstract-state steps   : 76.4%
same-state shaping / episode: 0.000
changed-state shaping / ep. : 3006.796
terminal shaping / episode  : 67.373
DFA transitions / episode   : 3.16
DFA transitions in window   : 1->2: 89, 2->3: 81, 3->4: 75, 4->5: 71
epsilon (next episode)       : 0.10024
replay buffer                : 300000 samples [1: 42.8%, 2: 30.1%, 3: 13.4%, 4: 13.7%, 5: 0.0%]
DFA state visits in window   : 1: 18384, 2: 14370, 3: 6548, 4: 5899, 5: 71
DFA state visits cumulative  : 1: 2258825, 2: 742827, 3: 530937, 4: 229159, 5: 1765
DFA state entries in window  : 1: 100, 2: 89, 3: 81, 4: 75, 5: 71
DFA state entries cumulative : 1: 11500, 2: 4362, 3: 3154, 4: 2321, 5: 1765
transitions cumulative       : 1->2: 4362, 2->3: 3154, 3->4: 2321, 4->5: 1765
accepted directly from s0    : 0
Gym endings cumulative       : terminated=9257, truncated=478

Starting autonomous greedy evaluation at episode 11500 (1000 fixed-seed episodes)...
[Greedy evaluation at episode 11500 | 1000 fixed-seed episodes]
success=31.9%, failure=0.0%, task reward=3190.000, length=326.1
DFA transitions: 1->2: 335, 2->3: 326, 3->4: 321, 4->5: 319

[Episode 11600/12000 | last 100]
success rate                : 73.0% (cumulative 15.8%)
failure rate                : 0.0% (cumulative 0.0%)
completed cycles / episode  : 0.000
synthetic task reward       : 7300.000
shaping reward              : 3168.222
learning reward             : 10468.222
episode length              : 481.0
abstract changes / episode  : 116.3
same abstract-state steps   : 75.8%
same-state shaping / episode: 0.000
changed-state shaping / ep. : 3168.222
terminal shaping / episode  : 72.165
DFA transitions / episode   : 3.31
DFA transitions in window   : 1->2: 90, 2->3: 86, 3->4: 82, 4->5: 73
epsilon (next episode)       : 0.09825
replay buffer                : 300000 samples [1: 42.5%, 2: 29.8%, 3: 14.1%, 4: 13.5%, 5: 0.0%]
DFA state visits in window   : 1: 19183, 2: 14053, 3: 7997, 4: 6894, 5: 73
DFA state visits cumulative  : 1: 2278008, 2: 756880, 3: 538934, 4: 236053, 5: 1838
DFA state entries in window  : 1: 100, 2: 90, 3: 86, 4: 82, 5: 73
DFA state entries cumulative : 1: 11600, 2: 4452, 3: 3240, 4: 2403, 5: 1838
transitions cumulative       : 1->2: 4452, 2->3: 3240, 3->4: 2403, 4->5: 1838
accepted directly from s0    : 0
Gym endings cumulative       : terminated=9282, truncated=480

[Episode 11700/12000 | last 100]
success rate                : 62.0% (cumulative 16.2%)
failure rate                : 0.0% (cumulative 0.0%)
completed cycles / episode  : 0.000
synthetic task reward       : 6200.000
shaping reward              : 2830.948
learning reward             : 9030.948
episode length              : 437.0
abstract changes / episode  : 113.2
same abstract-state steps   : 74.1%
same-state shaping / episode: 0.000
changed-state shaping / ep. : 2830.948
terminal shaping / episode  : 57.011
DFA transitions / episode   : 2.95
DFA transitions in window   : 1->2: 84, 2->3: 75, 3->4: 74, 4->5: 62
epsilon (next episode)       : 0.09631
replay buffer                : 300000 samples [1: 40.8%, 2: 30.8%, 3: 14.8%, 4: 13.6%, 5: 0.0%]
DFA state visits in window   : 1: 14780, 2: 14473, 3: 7984, 4: 6499, 5: 62
DFA state visits cumulative  : 1: 2292788, 2: 771353, 3: 546918, 4: 242552, 5: 1900
DFA state entries in window  : 1: 100, 2: 84, 3: 75, 4: 74, 5: 62
DFA state entries cumulative : 1: 11700, 2: 4536, 3: 3315, 4: 2477, 5: 1900
transitions cumulative       : 1->2: 4536, 2->3: 3315, 3->4: 2477, 4->5: 1900
accepted directly from s0    : 0
Gym endings cumulative       : terminated=9317, truncated=483

[Episode 11800/12000 | last 100]
success rate                : 53.0% (cumulative 16.6%)
failure rate                : 0.0% (cumulative 0.0%)
completed cycles / episode  : 0.000
synthetic task reward       : 5300.000
shaping reward              : 2354.705
learning reward             : 7654.705
episode length              : 406.3
abstract changes / episode  : 98.9
same abstract-state steps   : 75.6%
same-state shaping / episode: 0.000
changed-state shaping / ep. : 2354.705
terminal shaping / episode  : 49.946
DFA transitions / episode   : 2.49
DFA transitions in window   : 1->2: 73, 2->3: 63, 3->4: 60, 4->5: 53
epsilon (next episode)       : 0.09440
replay buffer                : 300000 samples [1: 42.1%, 2: 29.8%, 3: 15.1%, 4: 13.0%, 5: 0.0%]
DFA state visits in window   : 1: 19963, 2: 9256, 3: 6412, 4: 5043, 5: 53
DFA state visits cumulative  : 1: 2312751, 2: 780609, 3: 553330, 4: 247595, 5: 1953
DFA state entries in window  : 1: 100, 2: 73, 3: 63, 4: 60, 5: 53
DFA state entries cumulative : 1: 11800, 2: 4609, 3: 3378, 4: 2537, 5: 1953
transitions cumulative       : 1->2: 4609, 2->3: 3378, 3->4: 2537, 4->5: 1953
accepted directly from s0    : 0
Gym endings cumulative       : terminated=9362, truncated=485

[Episode 11900/12000 | last 100]
success rate                : 49.0% (cumulative 16.8%)
failure rate                : 0.0% (cumulative 0.0%)
completed cycles / episode  : 0.000
synthetic task reward       : 4900.000
shaping reward              : 2438.179
learning reward             : 7338.179
episode length              : 531.4
abstract changes / episode  : 134.7
same abstract-state steps   : 74.6%
same-state shaping / episode: 0.000
changed-state shaping / ep. : 2438.179
terminal shaping / episode  : 38.653
DFA transitions / episode   : 2.66
DFA transitions in window   : 1->2: 81, 2->3: 71, 3->4: 65, 4->5: 49
epsilon (next episode)       : 0.09253
replay buffer                : 300000 samples [1: 41.9%, 2: 29.1%, 3: 15.8%, 4: 13.2%, 5: 0.0%]
DFA state visits in window   : 1: 25108, 2: 14401, 3: 7461, 4: 6220, 5: 49
DFA state visits cumulative  : 1: 2337859, 2: 795010, 3: 560791, 4: 253815, 5: 2002
DFA state entries in window  : 1: 100, 2: 81, 3: 71, 4: 65, 5: 49
DFA state entries cumulative : 1: 11900, 2: 4690, 3: 3449, 4: 2602, 5: 2002
transitions cumulative       : 1->2: 4690, 2->3: 3449, 3->4: 2602, 4->5: 2002
accepted directly from s0    : 0
Gym endings cumulative       : terminated=9406, truncated=492

[Episode 12000/12000 | last 100]
success rate                : 37.0% (cumulative 17.0%)
failure rate                : 0.0% (cumulative 0.0%)
completed cycles / episode  : 0.000
synthetic task reward       : 3700.000
shaping reward              : 1873.729
learning reward             : 5573.729
episode length              : 427.0
abstract changes / episode  : 110.8
same abstract-state steps   : 74.0%
same-state shaping / episode: 0.000
changed-state shaping / ep. : 1873.729
terminal shaping / episode  : 30.395
DFA transitions / episode   : 2.15
DFA transitions in window   : 1->2: 69, 2->3: 57, 3->4: 52, 4->5: 37
epsilon (next episode)       : 0.09070
replay buffer                : 300000 samples [1: 42.0%, 2: 29.6%, 3: 15.3%, 4: 13.1%, 5: 0.0%]
DFA state visits in window   : 1: 17069, 2: 15225, 3: 5580, 4: 4886, 5: 37
DFA state visits cumulative  : 1: 2354928, 2: 810235, 3: 566371, 4: 258701, 5: 2039
DFA state entries in window  : 1: 100, 2: 69, 3: 57, 4: 52, 5: 37
DFA state entries cumulative : 1: 12000, 2: 4759, 3: 3506, 4: 2654, 5: 2039
transitions cumulative       : 1->2: 4759, 2->3: 3506, 3->4: 2654, 4->5: 2039
accepted directly from s0    : 0
Gym endings cumulative       : terminated=9467, truncated=494

Starting autonomous greedy evaluation at episode 12000 (1000 fixed-seed episodes)...
[Greedy evaluation at episode 12000 | 1000 fixed-seed episodes]
success=44.3%, failure=0.0%, task reward=4430.000, length=280.0
DFA transitions: 1->2: 444, 2->3: 444, 3->4: 443, 4->5: 443
Last policy saved after episode 12000. Best greedy evaluation: episode 8500, mean task reward=9250.000
