
=== NEW RUN ===
episodes=12000, shaping=True, goal_reward=10000.0, gamma=0.99
gamma_shaping=1.0, shaping_formula=gamma_shaping*Phi(next)-Phi(state)
ground_unbiased_learner=False
eval_interval=500, eval_episodes=1000, eval_seed=100000
inter_level_shaping=False, inter_level_formula=gamma*Phi(next)-Phi(state)
task_type=ltlf, task=F(wp1 & X(F(wp2 & X(F(wp3 & X(F(g1)))))))
regions={wp1: {'center': [-0.75, 1.0625], 'radius': 0.1}, wp2: {'center': [0, 0.6875], 'radius': 0.1}, wp3: {'center': [0, 1.0625], 'radius': 0.1}, g1: {'center': [0.75, 1.0625], 'radius': 0.1}}
dfa_states=[1, 2, 3, 4, 5], pre_trace=1, accepting=[5], failure=[]

[Episode 1/12000 | last 1]
success rate                : 0.0% (cumulative 0.0%)
failure rate                : 0.0% (cumulative 0.0%)
completed cycles / episode  : 0.000
synthetic task reward       : 0.000
shaping reward              : -950.203
learning reward             : -950.203
episode length              : 89.0
abstract changes / episode  : 45.0
same abstract-state steps   : 49.4%
same-state shaping / episode: 0.000
changed-state shaping / ep. : -950.203
terminal shaping / episode  : 0.000
DFA transitions / episode   : 0.00
DFA transitions in window   : none
epsilon (next episode)       : 0.99980
replay buffer                : 89 samples [1: 100.0%, 2: 0.0%, 3: 0.0%, 4: 0.0%, 5: 0.0%]
DFA state visits in window   : 1: 90, 2: 0, 3: 0, 4: 0, 5: 0
DFA state visits cumulative  : 1: 90, 2: 0, 3: 0, 4: 0, 5: 0
DFA state entries in window  : 1: 1, 2: 0, 3: 0, 4: 0, 5: 0
DFA state entries cumulative : 1: 1, 2: 0, 3: 0, 4: 0, 5: 0
transitions cumulative       : none
accepted directly from s0    : 0
Gym endings cumulative       : terminated=1, truncated=0

[Episode 100/12000 | last 100]
success rate                : 0.0% (cumulative 0.0%)
failure rate                : 0.0% (cumulative 0.0%)
completed cycles / episode  : 0.000
synthetic task reward       : 0.000
shaping reward              : -925.413
learning reward             : -925.413
episode length              : 93.5
abstract changes / episode  : 49.7
same abstract-state steps   : 46.8%
same-state shaping / episode: 0.000
changed-state shaping / ep. : -925.413
terminal shaping / episode  : -4.653
DFA transitions / episode   : 0.00
DFA transitions in window   : none
epsilon (next episode)       : 0.98020
replay buffer                : 9355 samples [1: 100.0%, 2: 0.0%, 3: 0.0%, 4: 0.0%, 5: 0.0%]
DFA state visits in window   : 1: 9455, 2: 0, 3: 0, 4: 0, 5: 0
DFA state visits cumulative  : 1: 9455, 2: 0, 3: 0, 4: 0, 5: 0
DFA state entries in window  : 1: 100, 2: 0, 3: 0, 4: 0, 5: 0
DFA state entries cumulative : 1: 100, 2: 0, 3: 0, 4: 0, 5: 0
transitions cumulative       : none
accepted directly from s0    : 0
Gym endings cumulative       : terminated=100, truncated=0

[Episode 200/12000 | last 100]
success rate                : 0.0% (cumulative 0.0%)
failure rate                : 0.0% (cumulative 0.0%)
completed cycles / episode  : 0.000
synthetic task reward       : 0.000
shaping reward              : -815.993
learning reward             : -815.993
episode length              : 94.4
abstract changes / episode  : 49.1
same abstract-state steps   : 48.0%
same-state shaping / episode: 0.000
changed-state shaping / ep. : -815.993
terminal shaping / episode  : -4.679
DFA transitions / episode   : 0.07
DFA transitions in window   : 1->2: 7
epsilon (next episode)       : 0.96079
replay buffer                : 18798 samples [1: 99.1%, 2: 0.9%, 3: 0.0%, 4: 0.0%, 5: 0.0%]
DFA state visits in window   : 1: 9373, 2: 170, 3: 0, 4: 0, 5: 0
DFA state visits cumulative  : 1: 18828, 2: 170, 3: 0, 4: 0, 5: 0
DFA state entries in window  : 1: 100, 2: 7, 3: 0, 4: 0, 5: 0
DFA state entries cumulative : 1: 200, 2: 7, 3: 0, 4: 0, 5: 0
transitions cumulative       : 1->2: 7
accepted directly from s0    : 0
Gym endings cumulative       : terminated=200, truncated=0

[Episode 300/12000 | last 100]
success rate                : 0.0% (cumulative 0.0%)
failure rate                : 0.0% (cumulative 0.0%)
completed cycles / episode  : 0.000
synthetic task reward       : 0.000
shaping reward              : -817.597
learning reward             : -817.597
episode length              : 97.4
abstract changes / episode  : 49.7
same abstract-state steps   : 49.0%
same-state shaping / episode: 0.000
changed-state shaping / ep. : -817.597
terminal shaping / episode  : -9.493
DFA transitions / episode   : 0.05
DFA transitions in window   : 1->2: 5
epsilon (next episode)       : 0.94176
replay buffer                : 28537 samples [1: 99.0%, 2: 1.0%, 3: 0.0%, 4: 0.0%, 5: 0.0%]
DFA state visits in window   : 1: 9699, 2: 140, 3: 0, 4: 0, 5: 0
DFA state visits cumulative  : 1: 28527, 2: 310, 3: 0, 4: 0, 5: 0
DFA state entries in window  : 1: 100, 2: 5, 3: 0, 4: 0, 5: 0
DFA state entries cumulative : 1: 300, 2: 12, 3: 0, 4: 0, 5: 0
transitions cumulative       : 1->2: 12
accepted directly from s0    : 0
Gym endings cumulative       : terminated=300, truncated=0

[Episode 400/12000 | last 100]
success rate                : 0.0% (cumulative 0.0%)
failure rate                : 0.0% (cumulative 0.0%)
completed cycles / episode  : 0.000
synthetic task reward       : 0.000
shaping reward              : -816.386
learning reward             : -816.386
episode length              : 95.5
abstract changes / episode  : 48.9
same abstract-state steps   : 48.8%
same-state shaping / episode: 0.000
changed-state shaping / ep. : -816.386
terminal shaping / episode  : -6.950
DFA transitions / episode   : 0.04
DFA transitions in window   : 1->2: 4
epsilon (next episode)       : 0.92311
replay buffer                : 38085 samples [1: 99.0%, 2: 1.0%, 3: 0.0%, 4: 0.0%, 5: 0.0%]
DFA state visits in window   : 1: 9560, 2: 88, 3: 0, 4: 0, 5: 0
DFA state visits cumulative  : 1: 38087, 2: 398, 3: 0, 4: 0, 5: 0
DFA state entries in window  : 1: 100, 2: 4, 3: 0, 4: 0, 5: 0
DFA state entries cumulative : 1: 400, 2: 16, 3: 0, 4: 0, 5: 0
transitions cumulative       : 1->2: 16
accepted directly from s0    : 0
Gym endings cumulative       : terminated=400, truncated=0

[Episode 500/12000 | last 100]
success rate                : 0.0% (cumulative 0.0%)
failure rate                : 0.0% (cumulative 0.0%)
completed cycles / episode  : 0.000
synthetic task reward       : 0.000
shaping reward              : -839.455
learning reward             : -839.455
episode length              : 93.7
abstract changes / episode  : 48.9
same abstract-state steps   : 47.9%
same-state shaping / episode: 0.000
changed-state shaping / ep. : -839.455
terminal shaping / episode  : -8.569
DFA transitions / episode   : 0.02
DFA transitions in window   : 1->2: 2
epsilon (next episode)       : 0.90483
replay buffer                : 47458 samples [1: 99.1%, 2: 0.9%, 3: 0.0%, 4: 0.0%, 5: 0.0%]
DFA state visits in window   : 1: 9408, 2: 65, 3: 0, 4: 0, 5: 0
DFA state visits cumulative  : 1: 47495, 2: 463, 3: 0, 4: 0, 5: 0
DFA state entries in window  : 1: 100, 2: 2, 3: 0, 4: 0, 5: 0
DFA state entries cumulative : 1: 500, 2: 18, 3: 0, 4: 0, 5: 0
transitions cumulative       : 1->2: 18
accepted directly from s0    : 0
Gym endings cumulative       : terminated=500, truncated=0

Starting autonomous greedy evaluation at episode 500 (1000 fixed-seed episodes)...
[Greedy evaluation at episode 500 | 1000 fixed-seed episodes]
success=0.0%, failure=0.0%, task reward=0.000, length=148.9
DFA transitions: none
Best policy updated from autonomous greedy evaluation at episode 500.

[Episode 600/12000 | last 100]
success rate                : 0.0% (cumulative 0.0%)
failure rate                : 0.0% (cumulative 0.0%)
completed cycles / episode  : 0.000
synthetic task reward       : 0.000
shaping reward              : -868.704
learning reward             : -868.704
episode length              : 100.5
abstract changes / episode  : 49.9
same abstract-state steps   : 50.4%
same-state shaping / episode: 0.000
changed-state shaping / ep. : -868.704
terminal shaping / episode  : -7.871
DFA transitions / episode   : 0.03
DFA transitions in window   : 1->2: 3
epsilon (next episode)       : 0.88691
replay buffer                : 57509 samples [1: 99.1%, 2: 0.9%, 3: 0.0%, 4: 0.0%, 5: 0.0%]
DFA state visits in window   : 1: 10074, 2: 77, 3: 0, 4: 0, 5: 0
DFA state visits cumulative  : 1: 57569, 2: 540, 3: 0, 4: 0, 5: 0
DFA state entries in window  : 1: 100, 2: 3, 3: 0, 4: 0, 5: 0
DFA state entries cumulative : 1: 600, 2: 21, 3: 0, 4: 0, 5: 0
transitions cumulative       : 1->2: 21
accepted directly from s0    : 0
Gym endings cumulative       : terminated=600, truncated=0

[Episode 700/12000 | last 100]
success rate                : 0.0% (cumulative 0.0%)
failure rate                : 0.0% (cumulative 0.0%)
completed cycles / episode  : 0.000
synthetic task reward       : 0.000
shaping reward              : -824.948
learning reward             : -824.948
episode length              : 96.4
abstract changes / episode  : 49.1
same abstract-state steps   : 49.1%
same-state shaping / episode: 0.000
changed-state shaping / ep. : -824.948
terminal shaping / episode  : -9.992
DFA transitions / episode   : 0.02
DFA transitions in window   : 1->2: 2
epsilon (next episode)       : 0.86935
replay buffer                : 67147 samples [1: 99.2%, 2: 0.8%, 3: 0.0%, 4: 0.0%, 5: 0.0%]
DFA state visits in window   : 1: 9696, 2: 42, 3: 0, 4: 0, 5: 0
DFA state visits cumulative  : 1: 67265, 2: 582, 3: 0, 4: 0, 5: 0
DFA state entries in window  : 1: 100, 2: 2, 3: 0, 4: 0, 5: 0
DFA state entries cumulative : 1: 700, 2: 23, 3: 0, 4: 0, 5: 0
transitions cumulative       : 1->2: 23
accepted directly from s0    : 0
Gym endings cumulative       : terminated=700, truncated=0

[Episode 800/12000 | last 100]
success rate                : 0.0% (cumulative 0.0%)
failure rate                : 0.0% (cumulative 0.0%)
completed cycles / episode  : 0.000
synthetic task reward       : 0.000
shaping reward              : -794.269
learning reward             : -794.269
episode length              : 95.9
abstract changes / episode  : 49.5
same abstract-state steps   : 48.4%
same-state shaping / episode: 0.000
changed-state shaping / ep. : -794.269
terminal shaping / episode  : -7.492
DFA transitions / episode   : 0.03
DFA transitions in window   : 1->2: 3
epsilon (next episode)       : 0.85213
replay buffer                : 76737 samples [1: 99.2%, 2: 0.8%, 3: 0.0%, 4: 0.0%, 5: 0.0%]
DFA state visits in window   : 1: 9637, 2: 53, 3: 0, 4: 0, 5: 0
DFA state visits cumulative  : 1: 76902, 2: 635, 3: 0, 4: 0, 5: 0
DFA state entries in window  : 1: 100, 2: 3, 3: 0, 4: 0, 5: 0
DFA state entries cumulative : 1: 800, 2: 26, 3: 0, 4: 0, 5: 0
transitions cumulative       : 1->2: 26
accepted directly from s0    : 0
Gym endings cumulative       : terminated=800, truncated=0

[Episode 900/12000 | last 100]
success rate                : 0.0% (cumulative 0.0%)
failure rate                : 0.0% (cumulative 0.0%)
completed cycles / episode  : 0.000
synthetic task reward       : 0.000
shaping reward              : -795.040
learning reward             : -795.040
episode length              : 100.4
abstract changes / episode  : 50.4
same abstract-state steps   : 49.8%
same-state shaping / episode: 0.000
changed-state shaping / ep. : -795.040
terminal shaping / episode  : -4.865
DFA transitions / episode   : 0.04
DFA transitions in window   : 1->2: 4
epsilon (next episode)       : 0.83526
replay buffer                : 86776 samples [1: 99.2%, 2: 0.8%, 3: 0.0%, 4: 0.0%, 5: 0.0%]
DFA state visits in window   : 1: 10033, 2: 106, 3: 0, 4: 0, 5: 0
DFA state visits cumulative  : 1: 86935, 2: 741, 3: 0, 4: 0, 5: 0
DFA state entries in window  : 1: 100, 2: 4, 3: 0, 4: 0, 5: 0
DFA state entries cumulative : 1: 900, 2: 30, 3: 0, 4: 0, 5: 0
transitions cumulative       : 1->2: 30
accepted directly from s0    : 0
Gym endings cumulative       : terminated=900, truncated=0

[Episode 1000/12000 | last 100]
success rate                : 0.0% (cumulative 0.0%)
failure rate                : 0.0% (cumulative 0.0%)
completed cycles / episode  : 0.000
synthetic task reward       : 0.000
shaping reward              : -789.854
learning reward             : -789.854
episode length              : 101.7
abstract changes / episode  : 49.8
same abstract-state steps   : 51.0%
same-state shaping / episode: 0.000
changed-state shaping / ep. : -789.854
terminal shaping / episode  : -7.592
DFA transitions / episode   : 0.03
DFA transitions in window   : 1->2: 3
epsilon (next episode)       : 0.81871
replay buffer                : 96942 samples [1: 99.2%, 2: 0.8%, 3: 0.0%, 4: 0.0%, 5: 0.0%]
DFA state visits in window   : 1: 10202, 2: 64, 3: 0, 4: 0, 5: 0
DFA state visits cumulative  : 1: 97137, 2: 805, 3: 0, 4: 0, 5: 0
DFA state entries in window  : 1: 100, 2: 3, 3: 0, 4: 0, 5: 0
DFA state entries cumulative : 1: 1000, 2: 33, 3: 0, 4: 0, 5: 0
transitions cumulative       : 1->2: 33
accepted directly from s0    : 0
Gym endings cumulative       : terminated=1000, truncated=0

Starting autonomous greedy evaluation at episode 1000 (1000 fixed-seed episodes)...
[Greedy evaluation at episode 1000 | 1000 fixed-seed episodes]
success=0.0%, failure=0.0%, task reward=0.000, length=111.6
DFA transitions: none
Best policy updated from autonomous greedy evaluation at episode 1000.

[Episode 1100/12000 | last 100]
success rate                : 0.0% (cumulative 0.0%)
failure rate                : 0.0% (cumulative 0.0%)
completed cycles / episode  : 0.000
synthetic task reward       : 0.000
shaping reward              : -766.641
learning reward             : -766.641
episode length              : 102.8
abstract changes / episode  : 48.7
same abstract-state steps   : 52.6%
same-state shaping / episode: 0.000
changed-state shaping / ep. : -766.641
terminal shaping / episode  : -8.437
DFA transitions / episode   : 0.04
DFA transitions in window   : 1->2: 4
epsilon (next episode)       : 0.80250
replay buffer                : 107217 samples [1: 99.2%, 2: 0.8%, 3: 0.0%, 4: 0.0%, 5: 0.0%]
DFA state visits in window   : 1: 10259, 2: 116, 3: 0, 4: 0, 5: 0
DFA state visits cumulative  : 1: 107396, 2: 921, 3: 0, 4: 0, 5: 0
DFA state entries in window  : 1: 100, 2: 4, 3: 0, 4: 0, 5: 0
DFA state entries cumulative : 1: 1100, 2: 37, 3: 0, 4: 0, 5: 0
transitions cumulative       : 1->2: 37
accepted directly from s0    : 0
Gym endings cumulative       : terminated=1100, truncated=0

[Episode 1200/12000 | last 100]
success rate                : 0.0% (cumulative 0.0%)
failure rate                : 0.0% (cumulative 0.0%)
completed cycles / episode  : 0.000
synthetic task reward       : 0.000
shaping reward              : -773.637
learning reward             : -773.637
episode length              : 110.8
abstract changes / episode  : 49.9
same abstract-state steps   : 54.9%
same-state shaping / episode: 0.000
changed-state shaping / ep. : -773.637
terminal shaping / episode  : -10.532
DFA transitions / episode   : 0.01
DFA transitions in window   : 1->2: 1
epsilon (next episode)       : 0.78661
replay buffer                : 118297 samples [1: 99.2%, 2: 0.8%, 3: 0.0%, 4: 0.0%, 5: 0.0%]
DFA state visits in window   : 1: 11137, 2: 43, 3: 0, 4: 0, 5: 0
DFA state visits cumulative  : 1: 118533, 2: 964, 3: 0, 4: 0, 5: 0
DFA state entries in window  : 1: 100, 2: 1, 3: 0, 4: 0, 5: 0
DFA state entries cumulative : 1: 1200, 2: 38, 3: 0, 4: 0, 5: 0
transitions cumulative       : 1->2: 38
accepted directly from s0    : 0
Gym endings cumulative       : terminated=1200, truncated=0

[Episode 1300/12000 | last 100]
success rate                : 0.0% (cumulative 0.0%)
failure rate                : 0.0% (cumulative 0.0%)
completed cycles / episode  : 0.000
synthetic task reward       : 0.000
shaping reward              : -758.560
learning reward             : -758.560
episode length              : 111.0
abstract changes / episode  : 49.9
same abstract-state steps   : 55.1%
same-state shaping / episode: 0.000
changed-state shaping / ep. : -758.560
terminal shaping / episode  : -7.130
DFA transitions / episode   : 0.03
DFA transitions in window   : 1->2: 3
epsilon (next episode)       : 0.77103
replay buffer                : 129395 samples [1: 99.2%, 2: 0.8%, 3: 0.0%, 4: 0.0%, 5: 0.0%]
DFA state visits in window   : 1: 11105, 2: 93, 3: 0, 4: 0, 5: 0
DFA state visits cumulative  : 1: 129638, 2: 1057, 3: 0, 4: 0, 5: 0
DFA state entries in window  : 1: 100, 2: 3, 3: 0, 4: 0, 5: 0
DFA state entries cumulative : 1: 1300, 2: 41, 3: 0, 4: 0, 5: 0
transitions cumulative       : 1->2: 41
accepted directly from s0    : 0
Gym endings cumulative       : terminated=1300, truncated=0

[Episode 1400/12000 | last 100]
success rate                : 0.0% (cumulative 0.0%)
failure rate                : 0.0% (cumulative 0.0%)
completed cycles / episode  : 0.000
synthetic task reward       : 0.000
shaping reward              : -803.724
learning reward             : -803.724
episode length              : 128.0
abstract changes / episode  : 52.3
same abstract-state steps   : 59.1%
same-state shaping / episode: 0.000
changed-state shaping / ep. : -803.724
terminal shaping / episode  : -7.412
DFA transitions / episode   : 0.04
DFA transitions in window   : 1->2: 4
epsilon (next episode)       : 0.75576
replay buffer                : 142198 samples [1: 99.2%, 2: 0.8%, 3: 0.0%, 4: 0.0%, 5: 0.0%]
DFA state visits in window   : 1: 12765, 2: 138, 3: 0, 4: 0, 5: 0
DFA state visits cumulative  : 1: 142403, 2: 1195, 3: 0, 4: 0, 5: 0
DFA state entries in window  : 1: 100, 2: 4, 3: 0, 4: 0, 5: 0
DFA state entries cumulative : 1: 1400, 2: 45, 3: 0, 4: 0, 5: 0
transitions cumulative       : 1->2: 45
accepted directly from s0    : 0
Gym endings cumulative       : terminated=1399, truncated=1

[Episode 1500/12000 | last 100]
success rate                : 0.0% (cumulative 0.0%)
failure rate                : 0.0% (cumulative 0.0%)
completed cycles / episode  : 0.000
synthetic task reward       : 0.000
shaping reward              : -835.148
learning reward             : -835.148
episode length              : 124.5
abstract changes / episode  : 51.9
same abstract-state steps   : 58.3%
same-state shaping / episode: 0.000
changed-state shaping / ep. : -835.148
terminal shaping / episode  : -8.976
DFA transitions / episode   : 0.04
DFA transitions in window   : 1->2: 4
epsilon (next episode)       : 0.74080
replay buffer                : 154644 samples [1: 99.1%, 2: 0.9%, 3: 0.0%, 4: 0.0%, 5: 0.0%]
DFA state visits in window   : 1: 12359, 2: 187, 3: 0, 4: 0, 5: 0
DFA state visits cumulative  : 1: 154762, 2: 1382, 3: 0, 4: 0, 5: 0
DFA state entries in window  : 1: 100, 2: 4, 3: 0, 4: 0, 5: 0
DFA state entries cumulative : 1: 1500, 2: 49, 3: 0, 4: 0, 5: 0
transitions cumulative       : 1->2: 49
accepted directly from s0    : 0
Gym endings cumulative       : terminated=1499, truncated=1

Starting autonomous greedy evaluation at episode 1500 (1000 fixed-seed episodes)...
[Greedy evaluation at episode 1500 | 1000 fixed-seed episodes]
success=0.0%, failure=0.0%, task reward=0.000, length=677.7
DFA transitions: 1->2: 6, 2->3: 5

[Episode 1600/12000 | last 100]
success rate                : 0.0% (cumulative 0.0%)
failure rate                : 0.0% (cumulative 0.0%)
completed cycles / episode  : 0.000
synthetic task reward       : 0.000
shaping reward              : -913.298
learning reward             : -913.298
episode length              : 126.3
abstract changes / episode  : 51.9
same abstract-state steps   : 58.9%
same-state shaping / episode: 0.000
changed-state shaping / ep. : -913.298
terminal shaping / episode  : -4.673
DFA transitions / episode   : 0.00
DFA transitions in window   : none
epsilon (next episode)       : 0.72613
replay buffer                : 167275 samples [1: 99.2%, 2: 0.8%, 3: 0.0%, 4: 0.0%, 5: 0.0%]
DFA state visits in window   : 1: 12731, 2: 0, 3: 0, 4: 0, 5: 0
DFA state visits cumulative  : 1: 167493, 2: 1382, 3: 0, 4: 0, 5: 0
DFA state entries in window  : 1: 100, 2: 0, 3: 0, 4: 0, 5: 0
DFA state entries cumulative : 1: 1600, 2: 49, 3: 0, 4: 0, 5: 0
transitions cumulative       : 1->2: 49
accepted directly from s0    : 0
Gym endings cumulative       : terminated=1599, truncated=1

[Episode 1700/12000 | last 100]
success rate                : 0.0% (cumulative 0.0%)
failure rate                : 0.0% (cumulative 0.0%)
completed cycles / episode  : 0.000
synthetic task reward       : 0.000
shaping reward              : -955.519
learning reward             : -955.519
episode length              : 134.7
abstract changes / episode  : 53.7
same abstract-state steps   : 60.1%
same-state shaping / episode: 0.000
changed-state shaping / ep. : -955.519
terminal shaping / episode  : -5.219
DFA transitions / episode   : 0.00
DFA transitions in window   : none
epsilon (next episode)       : 0.71175
replay buffer                : 180748 samples [1: 99.3%, 2: 0.7%, 3: 0.0%, 4: 0.0%, 5: 0.0%]
DFA state visits in window   : 1: 13573, 2: 0, 3: 0, 4: 0, 5: 0
DFA state visits cumulative  : 1: 181066, 2: 1382, 3: 0, 4: 0, 5: 0
DFA state entries in window  : 1: 100, 2: 0, 3: 0, 4: 0, 5: 0
DFA state entries cumulative : 1: 1700, 2: 49, 3: 0, 4: 0, 5: 0
transitions cumulative       : 1->2: 49
accepted directly from s0    : 0
Gym endings cumulative       : terminated=1699, truncated=1

[Episode 1800/12000 | last 100]
success rate                : 0.0% (cumulative 0.0%)
failure rate                : 0.0% (cumulative 0.0%)
completed cycles / episode  : 0.000
synthetic task reward       : 0.000
shaping reward              : -952.043
learning reward             : -952.043
episode length              : 145.7
abstract changes / episode  : 53.3
same abstract-state steps   : 63.4%
same-state shaping / episode: 0.000
changed-state shaping / ep. : -952.043
terminal shaping / episode  : -3.102
DFA transitions / episode   : 0.00
DFA transitions in window   : none
epsilon (next episode)       : 0.69765
replay buffer                : 195318 samples [1: 99.3%, 2: 0.7%, 3: 0.0%, 4: 0.0%, 5: 0.0%]
DFA state visits in window   : 1: 14670, 2: 0, 3: 0, 4: 0, 5: 0
DFA state visits cumulative  : 1: 195736, 2: 1382, 3: 0, 4: 0, 5: 0
DFA state entries in window  : 1: 100, 2: 0, 3: 0, 4: 0, 5: 0
DFA state entries cumulative : 1: 1800, 2: 49, 3: 0, 4: 0, 5: 0
transitions cumulative       : 1->2: 49
accepted directly from s0    : 0
Gym endings cumulative       : terminated=1799, truncated=1

[Episode 1900/12000 | last 100]
success rate                : 0.0% (cumulative 0.0%)
failure rate                : 0.0% (cumulative 0.0%)
completed cycles / episode  : 0.000
synthetic task reward       : 0.000
shaping reward              : -953.852
learning reward             : -953.852
episode length              : 127.5
abstract changes / episode  : 50.4
same abstract-state steps   : 60.5%
same-state shaping / episode: 0.000
changed-state shaping / ep. : -953.852
terminal shaping / episode  : -5.159
DFA transitions / episode   : 0.00
DFA transitions in window   : none
epsilon (next episode)       : 0.68384
replay buffer                : 208069 samples [1: 99.4%, 2: 0.6%, 3: 0.0%, 4: 0.0%, 5: 0.0%]
DFA state visits in window   : 1: 12851, 2: 0, 3: 0, 4: 0, 5: 0
DFA state visits cumulative  : 1: 208587, 2: 1382, 3: 0, 4: 0, 5: 0
DFA state entries in window  : 1: 100, 2: 0, 3: 0, 4: 0, 5: 0
DFA state entries cumulative : 1: 1900, 2: 49, 3: 0, 4: 0, 5: 0
transitions cumulative       : 1->2: 49
accepted directly from s0    : 0
Gym endings cumulative       : terminated=1899, truncated=1

[Episode 2000/12000 | last 100]
success rate                : 0.0% (cumulative 0.0%)
failure rate                : 0.0% (cumulative 0.0%)
completed cycles / episode  : 0.000
synthetic task reward       : 0.000
shaping reward              : -941.584
learning reward             : -941.584
episode length              : 137.5
abstract changes / episode  : 53.3
same abstract-state steps   : 61.2%
same-state shaping / episode: 0.000
changed-state shaping / ep. : -941.584
terminal shaping / episode  : -4.195
DFA transitions / episode   : 0.00
DFA transitions in window   : none
epsilon (next episode)       : 0.67029
replay buffer                : 221819 samples [1: 99.4%, 2: 0.6%, 3: 0.0%, 4: 0.0%, 5: 0.0%]
DFA state visits in window   : 1: 13850, 2: 0, 3: 0, 4: 0, 5: 0
DFA state visits cumulative  : 1: 222437, 2: 1382, 3: 0, 4: 0, 5: 0
DFA state entries in window  : 1: 100, 2: 0, 3: 0, 4: 0, 5: 0
DFA state entries cumulative : 1: 2000, 2: 49, 3: 0, 4: 0, 5: 0
transitions cumulative       : 1->2: 49
accepted directly from s0    : 0
Gym endings cumulative       : terminated=1999, truncated=1

Starting autonomous greedy evaluation at episode 2000 (1000 fixed-seed episodes)...
[Greedy evaluation at episode 2000 | 1000 fixed-seed episodes]
success=0.0%, failure=0.0%, task reward=0.000, length=156.7
DFA transitions: none

[Episode 2100/12000 | last 100]
success rate                : 0.0% (cumulative 0.0%)
failure rate                : 0.0% (cumulative 0.0%)
completed cycles / episode  : 0.000
synthetic task reward       : 0.000
shaping reward              : -933.085
learning reward             : -933.085
episode length              : 147.6
abstract changes / episode  : 53.0
same abstract-state steps   : 64.1%
same-state shaping / episode: 0.000
changed-state shaping / ep. : -933.085
terminal shaping / episode  : -4.813
DFA transitions / episode   : 0.02
DFA transitions in window   : 1->2: 2
epsilon (next episode)       : 0.65702
replay buffer                : 236576 samples [1: 99.4%, 2: 0.6%, 3: 0.0%, 4: 0.0%, 5: 0.0%]
DFA state visits in window   : 1: 14743, 2: 114, 3: 0, 4: 0, 5: 0
DFA state visits cumulative  : 1: 237180, 2: 1496, 3: 0, 4: 0, 5: 0
DFA state entries in window  : 1: 100, 2: 2, 3: 0, 4: 0, 5: 0
DFA state entries cumulative : 1: 2100, 2: 51, 3: 0, 4: 0, 5: 0
transitions cumulative       : 1->2: 51
accepted directly from s0    : 0
Gym endings cumulative       : terminated=2099, truncated=1

[Episode 2200/12000 | last 100]
success rate                : 0.0% (cumulative 0.0%)
failure rate                : 0.0% (cumulative 0.0%)
completed cycles / episode  : 0.000
synthetic task reward       : 0.000
shaping reward              : -896.970
learning reward             : -896.970
episode length              : 146.4
abstract changes / episode  : 54.2
same abstract-state steps   : 63.0%
same-state shaping / episode: 0.000
changed-state shaping / ep. : -896.970
terminal shaping / episode  : -5.784
DFA transitions / episode   : 0.01
DFA transitions in window   : 1->2: 1
epsilon (next episode)       : 0.64401
replay buffer                : 251217 samples [1: 99.4%, 2: 0.6%, 3: 0.0%, 4: 0.0%, 5: 0.0%]
DFA state visits in window   : 1: 14700, 2: 41, 3: 0, 4: 0, 5: 0
DFA state visits cumulative  : 1: 251880, 2: 1537, 3: 0, 4: 0, 5: 0
DFA state entries in window  : 1: 100, 2: 1, 3: 0, 4: 0, 5: 0
DFA state entries cumulative : 1: 2200, 2: 52, 3: 0, 4: 0, 5: 0
transitions cumulative       : 1->2: 52
accepted directly from s0    : 0
Gym endings cumulative       : terminated=2199, truncated=1

[Episode 2300/12000 | last 100]
success rate                : 0.0% (cumulative 0.0%)
failure rate                : 0.0% (cumulative 0.0%)
completed cycles / episode  : 0.000
synthetic task reward       : 0.000
shaping reward              : -756.775
learning reward             : -756.775
episode length              : 171.3
abstract changes / episode  : 53.9
same abstract-state steps   : 68.5%
same-state shaping / episode: 0.000
changed-state shaping / ep. : -756.775
terminal shaping / episode  : -4.851
DFA transitions / episode   : 0.07
DFA transitions in window   : 1->2: 7
epsilon (next episode)       : 0.63125
replay buffer                : 268343 samples [1: 99.3%, 2: 0.7%, 3: 0.0%, 4: 0.0%, 5: 0.0%]
DFA state visits in window   : 1: 16820, 2: 406, 3: 0, 4: 0, 5: 0
DFA state visits cumulative  : 1: 268700, 2: 1943, 3: 0, 4: 0, 5: 0
DFA state entries in window  : 1: 100, 2: 7, 3: 0, 4: 0, 5: 0
DFA state entries cumulative : 1: 2300, 2: 59, 3: 0, 4: 0, 5: 0
transitions cumulative       : 1->2: 59
accepted directly from s0    : 0
Gym endings cumulative       : terminated=2299, truncated=1

[Episode 2400/12000 | last 100]
success rate                : 0.0% (cumulative 0.0%)
failure rate                : 0.0% (cumulative 0.0%)
completed cycles / episode  : 0.000
synthetic task reward       : 0.000
shaping reward              : -772.336
learning reward             : -772.336
episode length              : 182.9
abstract changes / episode  : 55.9
same abstract-state steps   : 69.4%
same-state shaping / episode: 0.000
changed-state shaping / ep. : -772.336
terminal shaping / episode  : -3.086
DFA transitions / episode   : 0.04
DFA transitions in window   : 1->2: 4
epsilon (next episode)       : 0.61875
replay buffer                : 286633 samples [1: 99.3%, 2: 0.7%, 3: 0.0%, 4: 0.0%, 5: 0.0%]
DFA state visits in window   : 1: 18192, 2: 198, 3: 0, 4: 0, 5: 0
DFA state visits cumulative  : 1: 286892, 2: 2141, 3: 0, 4: 0, 5: 0
DFA state entries in window  : 1: 100, 2: 4, 3: 0, 4: 0, 5: 0
DFA state entries cumulative : 1: 2400, 2: 63, 3: 0, 4: 0, 5: 0
transitions cumulative       : 1->2: 63
accepted directly from s0    : 0
Gym endings cumulative       : terminated=2399, truncated=1

[Episode 2500/12000 | last 100]
success rate                : 0.0% (cumulative 0.0%)
failure rate                : 0.0% (cumulative 0.0%)
completed cycles / episode  : 0.000
synthetic task reward       : 0.000
shaping reward              : -904.438
learning reward             : -904.438
episode length              : 178.6
abstract changes / episode  : 56.2
same abstract-state steps   : 68.6%
same-state shaping / episode: 0.000
changed-state shaping / ep. : -904.438
terminal shaping / episode  : -4.795
DFA transitions / episode   : 0.02
DFA transitions in window   : 1->2: 2
epsilon (next episode)       : 0.60650
replay buffer                : 300000 samples [1: 99.3%, 2: 0.7%, 3: 0.0%, 4: 0.0%, 5: 0.0%]
DFA state visits in window   : 1: 17891, 2: 70, 3: 0, 4: 0, 5: 0
DFA state visits cumulative  : 1: 304783, 2: 2211, 3: 0, 4: 0, 5: 0
DFA state entries in window  : 1: 100, 2: 2, 3: 0, 4: 0, 5: 0
DFA state entries cumulative : 1: 2500, 2: 65, 3: 0, 4: 0, 5: 0
transitions cumulative       : 1->2: 65
accepted directly from s0    : 0
Gym endings cumulative       : terminated=2499, truncated=1

Starting autonomous greedy evaluation at episode 2500 (1000 fixed-seed episodes)...
[Greedy evaluation at episode 2500 | 1000 fixed-seed episodes]
success=0.0%, failure=0.0%, task reward=0.000, length=821.0
DFA transitions: 1->2: 54, 2->3: 8, 3->4: 5

[Episode 2600/12000 | last 100]
success rate                : 0.0% (cumulative 0.0%)
failure rate                : 0.0% (cumulative 0.0%)
completed cycles / episode  : 0.000
synthetic task reward       : 0.000
shaping reward              : -898.091
learning reward             : -898.091
episode length              : 162.0
abstract changes / episode  : 56.3
same abstract-state steps   : 65.3%
same-state shaping / episode: 0.000
changed-state shaping / ep. : -898.091
terminal shaping / episode  : -3.071
DFA transitions / episode   : 0.01
DFA transitions in window   : 1->2: 1
epsilon (next episode)       : 0.59449
replay buffer                : 300000 samples [1: 99.3%, 2: 0.7%, 3: 0.0%, 4: 0.0%, 5: 0.0%]
DFA state visits in window   : 1: 16205, 2: 97, 3: 0, 4: 0, 5: 0
DFA state visits cumulative  : 1: 320988, 2: 2308, 3: 0, 4: 0, 5: 0
DFA state entries in window  : 1: 100, 2: 1, 3: 0, 4: 0, 5: 0
DFA state entries cumulative : 1: 2600, 2: 66, 3: 0, 4: 0, 5: 0
transitions cumulative       : 1->2: 66
accepted directly from s0    : 0
Gym endings cumulative       : terminated=2599, truncated=1

[Episode 2700/12000 | last 100]
success rate                : 0.0% (cumulative 0.0%)
failure rate                : 0.0% (cumulative 0.0%)
completed cycles / episode  : 0.000
synthetic task reward       : 0.000
shaping reward              : -881.069
learning reward             : -881.069
episode length              : 138.5
abstract changes / episode  : 54.5
same abstract-state steps   : 60.6%
same-state shaping / episode: 0.000
changed-state shaping / ep. : -881.069
terminal shaping / episode  : -1.572
DFA transitions / episode   : 0.00
DFA transitions in window   : none
epsilon (next episode)       : 0.58272
replay buffer                : 300000 samples [1: 99.4%, 2: 0.6%, 3: 0.0%, 4: 0.0%, 5: 0.0%]
DFA state visits in window   : 1: 13951, 2: 0, 3: 0, 4: 0, 5: 0
DFA state visits cumulative  : 1: 334939, 2: 2308, 3: 0, 4: 0, 5: 0
DFA state entries in window  : 1: 100, 2: 0, 3: 0, 4: 0, 5: 0
DFA state entries cumulative : 1: 2700, 2: 66, 3: 0, 4: 0, 5: 0
transitions cumulative       : 1->2: 66
accepted directly from s0    : 0
Gym endings cumulative       : terminated=2699, truncated=1

[Episode 2800/12000 | last 100]
success rate                : 0.0% (cumulative 0.0%)
failure rate                : 0.0% (cumulative 0.0%)
completed cycles / episode  : 0.000
synthetic task reward       : 0.000
shaping reward              : -907.958
learning reward             : -907.958
episode length              : 140.2
abstract changes / episode  : 54.1
same abstract-state steps   : 61.4%
same-state shaping / episode: 0.000
changed-state shaping / ep. : -907.958
terminal shaping / episode  : -2.597
DFA transitions / episode   : 0.00
DFA transitions in window   : none
epsilon (next episode)       : 0.57118
replay buffer                : 300000 samples [1: 99.4%, 2: 0.6%, 3: 0.0%, 4: 0.0%, 5: 0.0%]
DFA state visits in window   : 1: 14115, 2: 0, 3: 0, 4: 0, 5: 0
DFA state visits cumulative  : 1: 349054, 2: 2308, 3: 0, 4: 0, 5: 0
DFA state entries in window  : 1: 100, 2: 0, 3: 0, 4: 0, 5: 0
DFA state entries cumulative : 1: 2800, 2: 66, 3: 0, 4: 0, 5: 0
transitions cumulative       : 1->2: 66
accepted directly from s0    : 0
Gym endings cumulative       : terminated=2799, truncated=1

[Episode 2900/12000 | last 100]
success rate                : 0.0% (cumulative 0.0%)
failure rate                : 0.0% (cumulative 0.0%)
completed cycles / episode  : 0.000
synthetic task reward       : 0.000
shaping reward              : -889.369
learning reward             : -889.369
episode length              : 176.0
abstract changes / episode  : 59.0
same abstract-state steps   : 66.5%
same-state shaping / episode: 0.000
changed-state shaping / ep. : -889.369
terminal shaping / episode  : -4.158
DFA transitions / episode   : 0.00
DFA transitions in window   : none
epsilon (next episode)       : 0.55987
replay buffer                : 300000 samples [1: 99.4%, 2: 0.6%, 3: 0.0%, 4: 0.0%, 5: 0.0%]
DFA state visits in window   : 1: 17704, 2: 0, 3: 0, 4: 0, 5: 0
DFA state visits cumulative  : 1: 366758, 2: 2308, 3: 0, 4: 0, 5: 0
DFA state entries in window  : 1: 100, 2: 0, 3: 0, 4: 0, 5: 0
DFA state entries cumulative : 1: 2900, 2: 66, 3: 0, 4: 0, 5: 0
transitions cumulative       : 1->2: 66
accepted directly from s0    : 0
Gym endings cumulative       : terminated=2896, truncated=4

[Episode 3000/12000 | last 100]
success rate                : 0.0% (cumulative 0.0%)
failure rate                : 0.0% (cumulative 0.0%)
completed cycles / episode  : 0.000
synthetic task reward       : 0.000
shaping reward              : -898.791
learning reward             : -898.791
episode length              : 211.2
abstract changes / episode  : 57.5
same abstract-state steps   : 72.8%
same-state shaping / episode: 0.000
changed-state shaping / ep. : -898.791
terminal shaping / episode  : -2.612
DFA transitions / episode   : 0.01
DFA transitions in window   : 1->2: 1
epsilon (next episode)       : 0.54878
replay buffer                : 300000 samples [1: 99.5%, 2: 0.5%, 3: 0.0%, 4: 0.0%, 5: 0.0%]
DFA state visits in window   : 1: 21172, 2: 43, 3: 0, 4: 0, 5: 0
DFA state visits cumulative  : 1: 387930, 2: 2351, 3: 0, 4: 0, 5: 0
DFA state entries in window  : 1: 100, 2: 1, 3: 0, 4: 0, 5: 0
DFA state entries cumulative : 1: 3000, 2: 67, 3: 0, 4: 0, 5: 0
transitions cumulative       : 1->2: 67
accepted directly from s0    : 0
Gym endings cumulative       : terminated=2987, truncated=13

Starting autonomous greedy evaluation at episode 3000 (1000 fixed-seed episodes)...
[Greedy evaluation at episode 3000 | 1000 fixed-seed episodes]
success=0.0%, failure=0.0%, task reward=0.000, length=600.8
DFA transitions: none

[Episode 3100/12000 | last 100]
success rate                : 0.0% (cumulative 0.0%)
failure rate                : 0.0% (cumulative 0.0%)
completed cycles / episode  : 0.000
synthetic task reward       : 0.000
shaping reward              : -914.444
learning reward             : -914.444
episode length              : 199.9
abstract changes / episode  : 53.4
same abstract-state steps   : 73.3%
same-state shaping / episode: 0.000
changed-state shaping / ep. : -914.444
terminal shaping / episode  : -2.066
DFA transitions / episode   : 0.00
DFA transitions in window   : none
epsilon (next episode)       : 0.53791
replay buffer                : 300000 samples [1: 99.5%, 2: 0.5%, 3: 0.0%, 4: 0.0%, 5: 0.0%]
DFA state visits in window   : 1: 20087, 2: 0, 3: 0, 4: 0, 5: 0
DFA state visits cumulative  : 1: 408017, 2: 2351, 3: 0, 4: 0, 5: 0
DFA state entries in window  : 1: 100, 2: 0, 3: 0, 4: 0, 5: 0
DFA state entries cumulative : 1: 3100, 2: 67, 3: 0, 4: 0, 5: 0
transitions cumulative       : 1->2: 67
accepted directly from s0    : 0
Gym endings cumulative       : terminated=3078, truncated=22

[Episode 3200/12000 | last 100]
success rate                : 0.0% (cumulative 0.0%)
failure rate                : 0.0% (cumulative 0.0%)
completed cycles / episode  : 0.000
synthetic task reward       : 0.000
shaping reward              : -900.832
learning reward             : -900.832
episode length              : 215.5
abstract changes / episode  : 52.8
same abstract-state steps   : 75.5%
same-state shaping / episode: 0.000
changed-state shaping / ep. : -900.832
terminal shaping / episode  : -3.127
DFA transitions / episode   : 0.00
DFA transitions in window   : none
epsilon (next episode)       : 0.52726
replay buffer                : 300000 samples [1: 99.6%, 2: 0.4%, 3: 0.0%, 4: 0.0%, 5: 0.0%]
DFA state visits in window   : 1: 21652, 2: 0, 3: 0, 4: 0, 5: 0
DFA state visits cumulative  : 1: 429669, 2: 2351, 3: 0, 4: 0, 5: 0
DFA state entries in window  : 1: 100, 2: 0, 3: 0, 4: 0, 5: 0
DFA state entries cumulative : 1: 3200, 2: 67, 3: 0, 4: 0, 5: 0
transitions cumulative       : 1->2: 67
accepted directly from s0    : 0
Gym endings cumulative       : terminated=3167, truncated=33

[Episode 3300/12000 | last 100]
success rate                : 0.0% (cumulative 0.0%)
failure rate                : 0.0% (cumulative 0.0%)
completed cycles / episode  : 0.000
synthetic task reward       : 0.000
shaping reward              : -900.907
learning reward             : -900.907
episode length              : 235.8
abstract changes / episode  : 55.8
same abstract-state steps   : 76.4%
same-state shaping / episode: 0.000
changed-state shaping / ep. : -900.907
terminal shaping / episode  : -4.706
DFA transitions / episode   : 0.00
DFA transitions in window   : none
epsilon (next episode)       : 0.51682
replay buffer                : 300000 samples [1: 99.7%, 2: 0.3%, 3: 0.0%, 4: 0.0%, 5: 0.0%]
DFA state visits in window   : 1: 23681, 2: 0, 3: 0, 4: 0, 5: 0
DFA state visits cumulative  : 1: 453350, 2: 2351, 3: 0, 4: 0, 5: 0
DFA state entries in window  : 1: 100, 2: 0, 3: 0, 4: 0, 5: 0
DFA state entries cumulative : 1: 3300, 2: 67, 3: 0, 4: 0, 5: 0
transitions cumulative       : 1->2: 67
accepted directly from s0    : 0
Gym endings cumulative       : terminated=3255, truncated=45

[Episode 3400/12000 | last 100]
success rate                : 0.0% (cumulative 0.0%)
failure rate                : 0.0% (cumulative 0.0%)
completed cycles / episode  : 0.000
synthetic task reward       : 0.000
shaping reward              : -897.487
learning reward             : -897.487
episode length              : 219.2
abstract changes / episode  : 55.7
same abstract-state steps   : 74.6%
same-state shaping / episode: 0.000
changed-state shaping / ep. : -897.487
terminal shaping / episode  : -2.724
DFA transitions / episode   : 0.00
DFA transitions in window   : none
epsilon (next episode)       : 0.50658
replay buffer                : 300000 samples [1: 99.7%, 2: 0.3%, 3: 0.0%, 4: 0.0%, 5: 0.0%]
DFA state visits in window   : 1: 22021, 2: 0, 3: 0, 4: 0, 5: 0
DFA state visits cumulative  : 1: 475371, 2: 2351, 3: 0, 4: 0, 5: 0
DFA state entries in window  : 1: 100, 2: 0, 3: 0, 4: 0, 5: 0
DFA state entries cumulative : 1: 3400, 2: 67, 3: 0, 4: 0, 5: 0
transitions cumulative       : 1->2: 67
accepted directly from s0    : 0
Gym endings cumulative       : terminated=3346, truncated=54

[Episode 3500/12000 | last 100]
success rate                : 0.0% (cumulative 0.0%)
failure rate                : 0.0% (cumulative 0.0%)
completed cycles / episode  : 0.000
synthetic task reward       : 0.000
shaping reward              : -906.484
learning reward             : -906.484
episode length              : 177.6
abstract changes / episode  : 57.0
same abstract-state steps   : 67.9%
same-state shaping / episode: 0.000
changed-state shaping / ep. : -906.484
terminal shaping / episode  : -3.160
DFA transitions / episode   : 0.02
DFA transitions in window   : 1->2: 2
epsilon (next episode)       : 0.49655
replay buffer                : 300000 samples [1: 99.7%, 2: 0.3%, 3: 0.0%, 4: 0.0%, 5: 0.0%]
DFA state visits in window   : 1: 17775, 2: 81, 3: 0, 4: 0, 5: 0
DFA state visits cumulative  : 1: 493146, 2: 2432, 3: 0, 4: 0, 5: 0
DFA state entries in window  : 1: 100, 2: 2, 3: 0, 4: 0, 5: 0
DFA state entries cumulative : 1: 3500, 2: 69, 3: 0, 4: 0, 5: 0
transitions cumulative       : 1->2: 69
accepted directly from s0    : 0
Gym endings cumulative       : terminated=3446, truncated=54

Starting autonomous greedy evaluation at episode 3500 (1000 fixed-seed episodes)...
[Greedy evaluation at episode 3500 | 1000 fixed-seed episodes]
success=0.0%, failure=0.0%, task reward=0.000, length=123.4
DFA transitions: 1->2: 5

[Episode 3600/12000 | last 100]
success rate                : 0.0% (cumulative 0.0%)
failure rate                : 0.0% (cumulative 0.0%)
completed cycles / episode  : 0.000
synthetic task reward       : 0.000
shaping reward              : -951.195
learning reward             : -951.195
episode length              : 175.5
abstract changes / episode  : 54.4
same abstract-state steps   : 69.0%
same-state shaping / episode: 0.000
changed-state shaping / ep. : -951.195
terminal shaping / episode  : -4.148
DFA transitions / episode   : 0.02
DFA transitions in window   : 1->2: 1, 2->3: 1
epsilon (next episode)       : 0.48672
replay buffer                : 300000 samples [1: 99.6%, 2: 0.4%, 3: 0.0%, 4: 0.0%, 5: 0.0%]
DFA state visits in window   : 1: 17482, 2: 114, 3: 58, 4: 0, 5: 0
DFA state visits cumulative  : 1: 510628, 2: 2546, 3: 58, 4: 0, 5: 0
DFA state entries in window  : 1: 100, 2: 1, 3: 1, 4: 0, 5: 0
DFA state entries cumulative : 1: 3600, 2: 70, 3: 1, 4: 0, 5: 0
transitions cumulative       : 1->2: 70, 2->3: 1
accepted directly from s0    : 0
Gym endings cumulative       : terminated=3545, truncated=55

[Episode 3700/12000 | last 100]
success rate                : 0.0% (cumulative 0.0%)
failure rate                : 0.0% (cumulative 0.0%)
completed cycles / episode  : 0.000
synthetic task reward       : 0.000
shaping reward              : -683.964
learning reward             : -683.964
episode length              : 240.9
abstract changes / episode  : 63.8
same abstract-state steps   : 73.5%
same-state shaping / episode: 0.000
changed-state shaping / ep. : -683.964
terminal shaping / episode  : -0.894
DFA transitions / episode   : 0.04
DFA transitions in window   : 1->2: 4
epsilon (next episode)       : 0.47708
replay buffer                : 300000 samples [1: 99.5%, 2: 0.5%, 3: 0.0%, 4: 0.0%, 5: 0.0%]
DFA state visits in window   : 1: 23897, 2: 290, 3: 0, 4: 0, 5: 0
DFA state visits cumulative  : 1: 534525, 2: 2836, 3: 58, 4: 0, 5: 0
DFA state entries in window  : 1: 100, 2: 4, 3: 0, 4: 0, 5: 0
DFA state entries cumulative : 1: 3700, 2: 74, 3: 1, 4: 0, 5: 0
transitions cumulative       : 1->2: 74, 2->3: 1
accepted directly from s0    : 0
Gym endings cumulative       : terminated=3644, truncated=56

[Episode 3800/12000 | last 100]
success rate                : 0.0% (cumulative 0.0%)
failure rate                : 0.0% (cumulative 0.0%)
completed cycles / episode  : 0.000
synthetic task reward       : 0.000
shaping reward              : -685.641
learning reward             : -685.641
episode length              : 201.9
abstract changes / episode  : 60.7
same abstract-state steps   : 69.9%
same-state shaping / episode: 0.000
changed-state shaping / ep. : -685.641
terminal shaping / episode  : -3.800
DFA transitions / episode   : 0.02
DFA transitions in window   : 1->2: 2
epsilon (next episode)       : 0.46763
replay buffer                : 300000 samples [1: 99.4%, 2: 0.6%, 3: 0.0%, 4: 0.0%, 5: 0.0%]
DFA state visits in window   : 1: 19806, 2: 488, 3: 0, 4: 0, 5: 0
DFA state visits cumulative  : 1: 554331, 2: 3324, 3: 58, 4: 0, 5: 0
DFA state entries in window  : 1: 100, 2: 2, 3: 0, 4: 0, 5: 0
DFA state entries cumulative : 1: 3800, 2: 76, 3: 1, 4: 0, 5: 0
transitions cumulative       : 1->2: 76, 2->3: 1
accepted directly from s0    : 0
Gym endings cumulative       : terminated=3744, truncated=56

[Episode 3900/12000 | last 100]
success rate                : 0.0% (cumulative 0.0%)
failure rate                : 0.0% (cumulative 0.0%)
completed cycles / episode  : 0.000
synthetic task reward       : 0.000
shaping reward              : -743.668
learning reward             : -743.668
episode length              : 228.6
abstract changes / episode  : 62.9
same abstract-state steps   : 72.5%
same-state shaping / episode: 0.000
changed-state shaping / ep. : -743.668
terminal shaping / episode  : -2.016
DFA transitions / episode   : 0.01
DFA transitions in window   : 1->2: 1
epsilon (next episode)       : 0.45837
replay buffer                : 300000 samples [1: 99.6%, 2: 0.4%, 3: 0.0%, 4: 0.0%, 5: 0.0%]
DFA state visits in window   : 1: 22931, 2: 31, 3: 0, 4: 0, 5: 0
DFA state visits cumulative  : 1: 577262, 2: 3355, 3: 58, 4: 0, 5: 0
DFA state entries in window  : 1: 100, 2: 1, 3: 0, 4: 0, 5: 0
DFA state entries cumulative : 1: 3900, 2: 77, 3: 1, 4: 0, 5: 0
transitions cumulative       : 1->2: 77, 2->3: 1
accepted directly from s0    : 0
Gym endings cumulative       : terminated=3841, truncated=59

[Episode 4000/12000 | last 100]
success rate                : 0.0% (cumulative 0.0%)
failure rate                : 0.0% (cumulative 0.0%)
completed cycles / episode  : 0.000
synthetic task reward       : 0.000
shaping reward              : -788.927
learning reward             : -788.927
episode length              : 203.1
abstract changes / episode  : 61.2
same abstract-state steps   : 69.9%
same-state shaping / episode: 0.000
changed-state shaping / ep. : -788.927
terminal shaping / episode  : -3.228
DFA transitions / episode   : 0.09
DFA transitions in window   : 1->2: 9
epsilon (next episode)       : 0.44929
replay buffer                : 300000 samples [1: 99.5%, 2: 0.5%, 3: 0.0%, 4: 0.0%, 5: 0.0%]
DFA state visits in window   : 1: 19974, 2: 437, 3: 0, 4: 0, 5: 0
DFA state visits cumulative  : 1: 597236, 2: 3792, 3: 58, 4: 0, 5: 0
DFA state entries in window  : 1: 100, 2: 9, 3: 0, 4: 0, 5: 0
DFA state entries cumulative : 1: 4000, 2: 86, 3: 1, 4: 0, 5: 0
transitions cumulative       : 1->2: 86, 2->3: 1
accepted directly from s0    : 0
Gym endings cumulative       : terminated=3940, truncated=60

Starting autonomous greedy evaluation at episode 4000 (1000 fixed-seed episodes)...
[Greedy evaluation at episode 4000 | 1000 fixed-seed episodes]
success=0.0%, failure=0.0%, task reward=0.000, length=283.0
DFA transitions: 1->2: 21

[Episode 4100/12000 | last 100]
success rate                : 0.0% (cumulative 0.0%)
failure rate                : 0.0% (cumulative 0.0%)
completed cycles / episode  : 0.000
synthetic task reward       : 0.000
shaping reward              : -856.811
learning reward             : -856.811
episode length              : 218.8
abstract changes / episode  : 64.5
same abstract-state steps   : 70.5%
same-state shaping / episode: 0.000
changed-state shaping / ep. : -856.811
terminal shaping / episode  : -1.046
DFA transitions / episode   : 0.01
DFA transitions in window   : 1->2: 1
epsilon (next episode)       : 0.44040
replay buffer                : 300000 samples [1: 99.5%, 2: 0.5%, 3: 0.0%, 4: 0.0%, 5: 0.0%]
DFA state visits in window   : 1: 21902, 2: 80, 3: 0, 4: 0, 5: 0
DFA state visits cumulative  : 1: 619138, 2: 3872, 3: 58, 4: 0, 5: 0
DFA state entries in window  : 1: 100, 2: 1, 3: 0, 4: 0, 5: 0
DFA state entries cumulative : 1: 4100, 2: 87, 3: 1, 4: 0, 5: 0
transitions cumulative       : 1->2: 87, 2->3: 1
accepted directly from s0    : 0
Gym endings cumulative       : terminated=4038, truncated=62

[Episode 4200/12000 | last 100]
success rate                : 0.0% (cumulative 0.0%)
failure rate                : 0.0% (cumulative 0.0%)
completed cycles / episode  : 0.000
synthetic task reward       : 0.000
shaping reward              : -897.548
learning reward             : -897.548
episode length              : 248.9
abstract changes / episode  : 65.3
same abstract-state steps   : 73.8%
same-state shaping / episode: 0.000
changed-state shaping / ep. : -897.548
terminal shaping / episode  : -2.126
DFA transitions / episode   : 0.03
DFA transitions in window   : 1->2: 3
epsilon (next episode)       : 0.43167
replay buffer                : 300000 samples [1: 99.4%, 2: 0.6%, 3: 0.0%, 4: 0.0%, 5: 0.0%]
DFA state visits in window   : 1: 24852, 2: 139, 3: 0, 4: 0, 5: 0
DFA state visits cumulative  : 1: 643990, 2: 4011, 3: 58, 4: 0, 5: 0
DFA state entries in window  : 1: 100, 2: 3, 3: 0, 4: 0, 5: 0
DFA state entries cumulative : 1: 4200, 2: 90, 3: 1, 4: 0, 5: 0
transitions cumulative       : 1->2: 90, 2->3: 1
accepted directly from s0    : 0
Gym endings cumulative       : terminated=4131, truncated=69

[Episode 4300/12000 | last 100]
success rate                : 0.0% (cumulative 0.0%)
failure rate                : 0.0% (cumulative 0.0%)
completed cycles / episode  : 0.000
synthetic task reward       : 0.000
shaping reward              : -587.476
learning reward             : -587.476
episode length              : 177.4
abstract changes / episode  : 55.7
same abstract-state steps   : 68.6%
same-state shaping / episode: 0.000
changed-state shaping / ep. : -587.476
terminal shaping / episode  : -2.765
DFA transitions / episode   : 0.08
DFA transitions in window   : 1->2: 8
epsilon (next episode)       : 0.42313
replay buffer                : 300000 samples [1: 99.3%, 2: 0.7%, 3: 0.0%, 4: 0.0%, 5: 0.0%]
DFA state visits in window   : 1: 17476, 2: 369, 3: 0, 4: 0, 5: 0
DFA state visits cumulative  : 1: 661466, 2: 4380, 3: 58, 4: 0, 5: 0
DFA state entries in window  : 1: 100, 2: 8, 3: 0, 4: 0, 5: 0
DFA state entries cumulative : 1: 4300, 2: 98, 3: 1, 4: 0, 5: 0
transitions cumulative       : 1->2: 98, 2->3: 1
accepted directly from s0    : 0
Gym endings cumulative       : terminated=4230, truncated=70

[Episode 4400/12000 | last 100]
success rate                : 0.0% (cumulative 0.0%)
failure rate                : 0.0% (cumulative 0.0%)
completed cycles / episode  : 0.000
synthetic task reward       : 0.000
shaping reward              : -109.809
learning reward             : -109.809
episode length              : 185.2
abstract changes / episode  : 51.3
same abstract-state steps   : 72.3%
same-state shaping / episode: 0.000
changed-state shaping / ep. : -109.809
terminal shaping / episode  : -3.408
DFA transitions / episode   : 0.23
DFA transitions in window   : 1->2: 23
epsilon (next episode)       : 0.41475
replay buffer                : 300000 samples [1: 98.9%, 2: 1.1%, 3: 0.0%, 4: 0.0%, 5: 0.0%]
DFA state visits in window   : 1: 17418, 2: 1200, 3: 0, 4: 0, 5: 0
DFA state visits cumulative  : 1: 678884, 2: 5580, 3: 58, 4: 0, 5: 0
DFA state entries in window  : 1: 100, 2: 23, 3: 0, 4: 0, 5: 0
DFA state entries cumulative : 1: 4400, 2: 121, 3: 1, 4: 0, 5: 0
transitions cumulative       : 1->2: 121, 2->3: 1
accepted directly from s0    : 0
Gym endings cumulative       : terminated=4330, truncated=70

[Episode 4500/12000 | last 100]
success rate                : 0.0% (cumulative 0.0%)
failure rate                : 0.0% (cumulative 0.0%)
completed cycles / episode  : 0.000
synthetic task reward       : 0.000
shaping reward              : -748.724
learning reward             : -748.724
episode length              : 272.6
abstract changes / episode  : 72.3
same abstract-state steps   : 73.5%
same-state shaping / episode: 0.000
changed-state shaping / ep. : -748.724
terminal shaping / episode  : -1.964
DFA transitions / episode   : 0.02
DFA transitions in window   : 1->2: 2
epsilon (next episode)       : 0.40653
replay buffer                : 300000 samples [1: 98.9%, 2: 1.1%, 3: 0.0%, 4: 0.0%, 5: 0.0%]
DFA state visits in window   : 1: 27177, 2: 179, 3: 0, 4: 0, 5: 0
DFA state visits cumulative  : 1: 706061, 2: 5759, 3: 58, 4: 0, 5: 0
DFA state entries in window  : 1: 100, 2: 2, 3: 0, 4: 0, 5: 0
DFA state entries cumulative : 1: 4500, 2: 123, 3: 1, 4: 0, 5: 0
transitions cumulative       : 1->2: 123, 2->3: 1
accepted directly from s0    : 0
Gym endings cumulative       : terminated=4430, truncated=70

Starting autonomous greedy evaluation at episode 4500 (1000 fixed-seed episodes)...
[Greedy evaluation at episode 4500 | 1000 fixed-seed episodes]
success=0.0%, failure=0.0%, task reward=0.000, length=600.7
DFA transitions: 1->2: 89, 2->3: 3

[Episode 4600/12000 | last 100]
success rate                : 0.0% (cumulative 0.0%)
failure rate                : 0.0% (cumulative 0.0%)
completed cycles / episode  : 0.000
synthetic task reward       : 0.000
shaping reward              : -610.619
learning reward             : -610.619
episode length              : 258.4
abstract changes / episode  : 67.5
same abstract-state steps   : 73.9%
same-state shaping / episode: 0.000
changed-state shaping / ep. : -610.619
terminal shaping / episode  : -6.559
DFA transitions / episode   : 0.09
DFA transitions in window   : 1->2: 9
epsilon (next episode)       : 0.39848
replay buffer                : 300000 samples [1: 98.7%, 2: 1.3%, 3: 0.0%, 4: 0.0%, 5: 0.0%]
DFA state visits in window   : 1: 25300, 2: 641, 3: 0, 4: 0, 5: 0
DFA state visits cumulative  : 1: 731361, 2: 6400, 3: 58, 4: 0, 5: 0
DFA state entries in window  : 1: 100, 2: 9, 3: 0, 4: 0, 5: 0
DFA state entries cumulative : 1: 4600, 2: 132, 3: 1, 4: 0, 5: 0
transitions cumulative       : 1->2: 132, 2->3: 1
accepted directly from s0    : 0
Gym endings cumulative       : terminated=4529, truncated=71

[Episode 4700/12000 | last 100]
success rate                : 0.0% (cumulative 0.0%)
failure rate                : 0.0% (cumulative 0.0%)
completed cycles / episode  : 0.000
synthetic task reward       : 0.000
shaping reward              : -476.213
learning reward             : -476.213
episode length              : 381.9
abstract changes / episode  : 95.9
same abstract-state steps   : 74.9%
same-state shaping / episode: 0.000
changed-state shaping / ep. : -476.213
terminal shaping / episode  : -6.654
DFA transitions / episode   : 0.19
DFA transitions in window   : 1->2: 17, 2->3: 2
epsilon (next episode)       : 0.39059
replay buffer                : 300000 samples [1: 96.9%, 2: 3.0%, 3: 0.0%, 4: 0.0%, 5: 0.0%]
DFA state visits in window   : 1: 33156, 2: 5047, 3: 92, 4: 0, 5: 0
DFA state visits cumulative  : 1: 764517, 2: 11447, 3: 150, 4: 0, 5: 0
DFA state entries in window  : 1: 100, 2: 17, 3: 2, 4: 0, 5: 0
DFA state entries cumulative : 1: 4700, 2: 149, 3: 3, 4: 0, 5: 0
transitions cumulative       : 1->2: 149, 2->3: 3
accepted directly from s0    : 0
Gym endings cumulative       : terminated=4624, truncated=76

[Episode 4800/12000 | last 100]
success rate                : 0.0% (cumulative 0.0%)
failure rate                : 0.0% (cumulative 0.0%)
completed cycles / episode  : 0.000
synthetic task reward       : 0.000
shaping reward              : 24.522
learning reward             : 24.522
episode length              : 289.1
abstract changes / episode  : 66.2
same abstract-state steps   : 77.1%
same-state shaping / episode: 0.000
changed-state shaping / ep. : 24.522
terminal shaping / episode  : -0.442
DFA transitions / episode   : 0.23
DFA transitions in window   : 1->2: 18, 2->3: 5
epsilon (next episode)       : 0.38286
replay buffer                : 300000 samples [1: 94.4%, 2: 5.5%, 3: 0.1%, 4: 0.0%, 5: 0.0%]
DFA state visits in window   : 1: 21154, 2: 7592, 3: 264, 4: 0, 5: 0
DFA state visits cumulative  : 1: 785671, 2: 19039, 3: 414, 4: 0, 5: 0
DFA state entries in window  : 1: 100, 2: 18, 3: 5, 4: 0, 5: 0
DFA state entries cumulative : 1: 4800, 2: 167, 3: 8, 4: 0, 5: 0
transitions cumulative       : 1->2: 167, 2->3: 8
accepted directly from s0    : 0
Gym endings cumulative       : terminated=4719, truncated=81

[Episode 4900/12000 | last 100]
success rate                : 0.0% (cumulative 0.0%)
failure rate                : 0.0% (cumulative 0.0%)
completed cycles / episode  : 0.000
synthetic task reward       : 0.000
shaping reward              : -229.514
learning reward             : -229.514
episode length              : 408.8
abstract changes / episode  : 94.2
same abstract-state steps   : 77.0%
same-state shaping / episode: 0.000
changed-state shaping / ep. : -229.514
terminal shaping / episode  : 0.129
DFA transitions / episode   : 0.34
DFA transitions in window   : 1->2: 27, 2->3: 7
epsilon (next episode)       : 0.37527
replay buffer                : 300000 samples [1: 92.3%, 2: 7.5%, 3: 0.2%, 4: 0.0%, 5: 0.0%]
DFA state visits in window   : 1: 33719, 2: 6871, 3: 390, 4: 0, 5: 0
DFA state visits cumulative  : 1: 819390, 2: 25910, 3: 804, 4: 0, 5: 0
DFA state entries in window  : 1: 100, 2: 27, 3: 7, 4: 0, 5: 0
DFA state entries cumulative : 1: 4900, 2: 194, 3: 15, 4: 0, 5: 0
transitions cumulative       : 1->2: 194, 2->3: 15
accepted directly from s0    : 0
Gym endings cumulative       : terminated=4807, truncated=93

[Episode 5000/12000 | last 100]
success rate                : 0.0% (cumulative 0.0%)
failure rate                : 0.0% (cumulative 0.0%)
completed cycles / episode  : 0.000
synthetic task reward       : 0.000
shaping reward              : -258.690
learning reward             : -258.690
episode length              : 368.5
abstract changes / episode  : 98.5
same abstract-state steps   : 73.3%
same-state shaping / episode: 0.000
changed-state shaping / ep. : -258.690
terminal shaping / episode  : -2.204
DFA transitions / episode   : 0.43
DFA transitions in window   : 1->2: 34, 2->3: 9
epsilon (next episode)       : 0.36784
replay buffer                : 300000 samples [1: 89.6%, 2: 10.0%, 3: 0.4%, 4: 0.0%, 5: 0.0%]
DFA state visits in window   : 1: 28918, 2: 7496, 3: 536, 4: 0, 5: 0
DFA state visits cumulative  : 1: 848308, 2: 33406, 3: 1340, 4: 0, 5: 0
DFA state entries in window  : 1: 100, 2: 34, 3: 9, 4: 0, 5: 0
DFA state entries cumulative : 1: 5000, 2: 228, 3: 24, 4: 0, 5: 0
transitions cumulative       : 1->2: 228, 2->3: 24
accepted directly from s0    : 0
Gym endings cumulative       : terminated=4904, truncated=96

Starting autonomous greedy evaluation at episode 5000 (1000 fixed-seed episodes)...
[Greedy evaluation at episode 5000 | 1000 fixed-seed episodes]
success=0.0%, failure=0.0%, task reward=0.000, length=682.4
DFA transitions: 1->2: 456, 2->3: 1

[Episode 5100/12000 | last 100]
success rate                : 0.0% (cumulative 0.0%)
failure rate                : 0.0% (cumulative 0.0%)
completed cycles / episode  : 0.000
synthetic task reward       : 0.000
shaping reward              : -313.152
learning reward             : -313.152
episode length              : 361.7
abstract changes / episode  : 100.1
same abstract-state steps   : 72.3%
same-state shaping / episode: 0.000
changed-state shaping / ep. : -313.152
terminal shaping / episode  : -4.993
DFA transitions / episode   : 0.32
DFA transitions in window   : 1->2: 26, 2->3: 6
epsilon (next episode)       : 0.36056
replay buffer                : 300000 samples [1: 87.4%, 2: 12.1%, 3: 0.5%, 4: 0.0%, 5: 0.0%]
DFA state visits in window   : 1: 29090, 2: 6796, 3: 387, 4: 0, 5: 0
DFA state visits cumulative  : 1: 877398, 2: 40202, 3: 1727, 4: 0, 5: 0
DFA state entries in window  : 1: 100, 2: 26, 3: 6, 4: 0, 5: 0
DFA state entries cumulative : 1: 5100, 2: 254, 3: 30, 4: 0, 5: 0
transitions cumulative       : 1->2: 254, 2->3: 30
accepted directly from s0    : 0
Gym endings cumulative       : terminated=5001, truncated=99

[Episode 5200/12000 | last 100]
success rate                : 0.0% (cumulative 0.0%)
failure rate                : 0.0% (cumulative 0.0%)
completed cycles / episode  : 0.000
synthetic task reward       : 0.000
shaping reward              : 26.505
learning reward             : 26.505
episode length              : 324.7
abstract changes / episode  : 83.5
same abstract-state steps   : 74.3%
same-state shaping / episode: 0.000
changed-state shaping / ep. : 26.505
terminal shaping / episode  : -4.792
DFA transitions / episode   : 0.39
DFA transitions in window   : 1->2: 34, 2->3: 5
epsilon (next episode)       : 0.35342
replay buffer                : 300000 samples [1: 84.7%, 2: 14.6%, 3: 0.7%, 4: 0.0%, 5: 0.0%]
DFA state visits in window   : 1: 24426, 2: 7774, 3: 372, 4: 0, 5: 0
DFA state visits cumulative  : 1: 901824, 2: 47976, 3: 2099, 4: 0, 5: 0
DFA state entries in window  : 1: 100, 2: 34, 3: 5, 4: 0, 5: 0
DFA state entries cumulative : 1: 5200, 2: 288, 3: 35, 4: 0, 5: 0
transitions cumulative       : 1->2: 288, 2->3: 35
accepted directly from s0    : 0
Gym endings cumulative       : terminated=5096, truncated=104

[Episode 5300/12000 | last 100]
success rate                : 0.0% (cumulative 0.0%)
failure rate                : 0.0% (cumulative 0.0%)
completed cycles / episode  : 0.000
synthetic task reward       : 0.000
shaping reward              : -20.784
learning reward             : -20.784
episode length              : 420.7
abstract changes / episode  : 100.0
same abstract-state steps   : 76.2%
same-state shaping / episode: 0.000
changed-state shaping / ep. : -20.784
terminal shaping / episode  : -2.934
DFA transitions / episode   : 0.43
DFA transitions in window   : 1->2: 36, 2->3: 6, 3->4: 1
epsilon (next episode)       : 0.34642
replay buffer                : 300000 samples [1: 82.2%, 2: 16.8%, 3: 0.9%, 4: 0.0%, 5: 0.0%]
DFA state visits in window   : 1: 32897, 2: 8430, 3: 773, 4: 66, 5: 0
DFA state visits cumulative  : 1: 934721, 2: 56406, 3: 2872, 4: 66, 5: 0
DFA state entries in window  : 1: 100, 2: 36, 3: 6, 4: 1, 5: 0
DFA state entries cumulative : 1: 5300, 2: 324, 3: 41, 4: 1, 5: 0
transitions cumulative       : 1->2: 324, 2->3: 41, 3->4: 1
accepted directly from s0    : 0
Gym endings cumulative       : terminated=5188, truncated=112

[Episode 5400/12000 | last 100]
success rate                : 0.0% (cumulative 0.0%)
failure rate                : 0.0% (cumulative 0.0%)
completed cycles / episode  : 0.000
synthetic task reward       : 0.000
shaping reward              : 6.154
learning reward             : 6.154
episode length              : 456.5
abstract changes / episode  : 113.8
same abstract-state steps   : 75.1%
same-state shaping / episode: 0.000
changed-state shaping / ep. : 6.154
terminal shaping / episode  : -3.599
DFA transitions / episode   : 0.52
DFA transitions in window   : 1->2: 38, 2->3: 11, 3->4: 3
epsilon (next episode)       : 0.33956
replay buffer                : 300000 samples [1: 78.0%, 2: 20.4%, 3: 1.5%, 4: 0.2%, 5: 0.0%]
DFA state visits in window   : 1: 32177, 2: 11323, 3: 1834, 4: 413, 5: 0
DFA state visits cumulative  : 1: 966898, 2: 67729, 3: 4706, 4: 479, 5: 0
DFA state entries in window  : 1: 100, 2: 38, 3: 11, 4: 3, 5: 0
DFA state entries cumulative : 1: 5400, 2: 362, 3: 52, 4: 4, 5: 0
transitions cumulative       : 1->2: 362, 2->3: 52, 3->4: 4
accepted directly from s0    : 0
Gym endings cumulative       : terminated=5279, truncated=121

[Episode 5500/12000 | last 100]
success rate                : 0.0% (cumulative 0.0%)
failure rate                : 0.0% (cumulative 0.0%)
completed cycles / episode  : 0.000
synthetic task reward       : 0.000
shaping reward              : -93.527
learning reward             : -93.527
episode length              : 393.8
abstract changes / episode  : 103.0
same abstract-state steps   : 73.8%
same-state shaping / episode: 0.000
changed-state shaping / ep. : -93.527
terminal shaping / episode  : -1.689
DFA transitions / episode   : 0.56
DFA transitions in window   : 1->2: 41, 2->3: 13, 3->4: 2
epsilon (next episode)       : 0.33283
replay buffer                : 300000 samples [1: 76.2%, 2: 21.6%, 3: 2.0%, 4: 0.2%, 5: 0.0%]
DFA state visits in window   : 1: 28251, 2: 9664, 3: 1399, 4: 164, 5: 0
DFA state visits cumulative  : 1: 995149, 2: 77393, 3: 6105, 4: 643, 5: 0
DFA state entries in window  : 1: 100, 2: 41, 3: 13, 4: 2, 5: 0
DFA state entries cumulative : 1: 5500, 2: 403, 3: 65, 4: 6, 5: 0
transitions cumulative       : 1->2: 403, 2->3: 65, 3->4: 6
accepted directly from s0    : 0
Gym endings cumulative       : terminated=5374, truncated=126

Starting autonomous greedy evaluation at episode 5500 (1000 fixed-seed episodes)...
[Greedy evaluation at episode 5500 | 1000 fixed-seed episodes]
success=0.0%, failure=0.0%, task reward=0.000, length=121.7
DFA transitions: none

[Episode 5600/12000 | last 100]
success rate                : 0.0% (cumulative 0.0%)
failure rate                : 0.0% (cumulative 0.0%)
completed cycles / episode  : 0.000
synthetic task reward       : 0.000
shaping reward              : -1153.734
learning reward             : -1153.734
episode length              : 158.7
abstract changes / episode  : 40.7
same abstract-state steps   : 74.4%
same-state shaping / episode: 0.000
changed-state shaping / ep. : -1153.734
terminal shaping / episode  : 0.043
DFA transitions / episode   : 0.02
DFA transitions in window   : 1->2: 2
epsilon (next episode)       : 0.32624
replay buffer                : 300000 samples [1: 77.6%, 2: 20.3%, 3: 1.9%, 4: 0.2%, 5: 0.0%]
DFA state visits in window   : 1: 15802, 2: 172, 3: 0, 4: 0, 5: 0
DFA state visits cumulative  : 1: 1010951, 2: 77565, 3: 6105, 4: 643, 5: 0
DFA state entries in window  : 1: 100, 2: 2, 3: 0, 4: 0, 5: 0
DFA state entries cumulative : 1: 5600, 2: 405, 3: 65, 4: 6, 5: 0
transitions cumulative       : 1->2: 405, 2->3: 65, 3->4: 6
accepted directly from s0    : 0
Gym endings cumulative       : terminated=5474, truncated=126

[Episode 5700/12000 | last 100]
success rate                : 0.0% (cumulative 0.0%)
failure rate                : 0.0% (cumulative 0.0%)
completed cycles / episode  : 0.000
synthetic task reward       : 0.000
shaping reward              : -342.769
learning reward             : -342.769
episode length              : 533.0
abstract changes / episode  : 84.6
same abstract-state steps   : 84.1%
same-state shaping / episode: 0.000
changed-state shaping / ep. : -342.769
terminal shaping / episode  : -1.119
DFA transitions / episode   : 0.11
DFA transitions in window   : 1->2: 9, 2->3: 1, 3->4: 1
epsilon (next episode)       : 0.31978
replay buffer                : 300000 samples [1: 79.4%, 2: 18.5%, 3: 1.8%, 4: 0.3%, 5: 0.0%]
DFA state visits in window   : 1: 48803, 2: 4278, 3: 69, 4: 248, 5: 0
DFA state visits cumulative  : 1: 1059754, 2: 81843, 3: 6174, 4: 891, 5: 0
DFA state entries in window  : 1: 100, 2: 9, 3: 1, 4: 1, 5: 0
DFA state entries cumulative : 1: 5700, 2: 414, 3: 66, 4: 7, 5: 0
transitions cumulative       : 1->2: 414, 2->3: 66, 3->4: 7
accepted directly from s0    : 0
Gym endings cumulative       : terminated=5543, truncated=157

[Episode 5800/12000 | last 100]
success rate                : 0.0% (cumulative 0.0%)
failure rate                : 0.0% (cumulative 0.0%)
completed cycles / episode  : 0.000
synthetic task reward       : 0.000
shaping reward              : 208.695
learning reward             : 208.695
episode length              : 517.4
abstract changes / episode  : 122.6
same abstract-state steps   : 76.3%
same-state shaping / episode: 0.000
changed-state shaping / ep. : 208.695
terminal shaping / episode  : -1.710
DFA transitions / episode   : 0.55
DFA transitions in window   : 1->2: 46, 2->3: 6, 3->4: 3
epsilon (next episode)       : 0.31345
replay buffer                : 300000 samples [1: 75.9%, 2: 21.6%, 3: 2.1%, 4: 0.4%, 5: 0.0%]
DFA state visits in window   : 1: 30966, 2: 18817, 3: 1658, 4: 395, 5: 0
DFA state visits cumulative  : 1: 1090720, 2: 100660, 3: 7832, 4: 1286, 5: 0
DFA state entries in window  : 1: 100, 2: 46, 3: 6, 4: 3, 5: 0
DFA state entries cumulative : 1: 5800, 2: 460, 3: 72, 4: 10, 5: 0
transitions cumulative       : 1->2: 460, 2->3: 72, 3->4: 10
accepted directly from s0    : 0
Gym endings cumulative       : terminated=5619, truncated=181

[Episode 5900/12000 | last 100]
success rate                : 0.0% (cumulative 0.0%)
failure rate                : 0.0% (cumulative 0.0%)
completed cycles / episode  : 0.000
synthetic task reward       : 0.000
shaping reward              : 183.853
learning reward             : 183.853
episode length              : 361.4
abstract changes / episode  : 92.2
same abstract-state steps   : 74.5%
same-state shaping / episode: 0.000
changed-state shaping / ep. : 183.853
terminal shaping / episode  : -5.615
DFA transitions / episode   : 0.57
DFA transitions in window   : 1->2: 45, 2->3: 10, 3->4: 2
epsilon (next episode)       : 0.30724
replay buffer                : 300000 samples [1: 74.1%, 2: 22.6%, 3: 2.8%, 4: 0.5%, 5: 0.0%]
DFA state visits in window   : 1: 22854, 2: 10694, 3: 2563, 4: 126, 5: 0
DFA state visits cumulative  : 1: 1113574, 2: 111354, 3: 10395, 4: 1412, 5: 0
DFA state entries in window  : 1: 100, 2: 45, 3: 10, 4: 2, 5: 0
DFA state entries cumulative : 1: 5900, 2: 505, 3: 82, 4: 12, 5: 0
transitions cumulative       : 1->2: 505, 2->3: 82, 3->4: 12
accepted directly from s0    : 0
Gym endings cumulative       : terminated=5709, truncated=191

[Episode 6000/12000 | last 100]
success rate                : 0.0% (cumulative 0.0%)
failure rate                : 0.0% (cumulative 0.0%)
completed cycles / episode  : 0.000
synthetic task reward       : 0.000
shaping reward              : 286.157
learning reward             : 286.157
episode length              : 376.4
abstract changes / episode  : 106.8
same abstract-state steps   : 71.6%
same-state shaping / episode: 0.000
changed-state shaping / ep. : 286.157
terminal shaping / episode  : -5.290
DFA transitions / episode   : 0.74
DFA transitions in window   : 1->2: 45, 2->3: 21, 3->4: 8
epsilon (next episode)       : 0.30116
replay buffer                : 300000 samples [1: 71.4%, 2: 22.8%, 3: 5.0%, 4: 0.8%, 5: 0.0%]
DFA state visits in window   : 1: 20033, 2: 9501, 3: 7130, 4: 1075, 5: 0
DFA state visits cumulative  : 1: 1133607, 2: 120855, 3: 17525, 4: 2487, 5: 0
DFA state entries in window  : 1: 100, 2: 45, 3: 21, 4: 8, 5: 0
DFA state entries cumulative : 1: 6000, 2: 550, 3: 103, 4: 20, 5: 0
transitions cumulative       : 1->2: 550, 2->3: 103, 3->4: 20
accepted directly from s0    : 0
Gym endings cumulative       : terminated=5797, truncated=203

Starting autonomous greedy evaluation at episode 6000 (1000 fixed-seed episodes)...
[Greedy evaluation at episode 6000 | 1000 fixed-seed episodes]
success=0.0%, failure=0.0%, task reward=0.000, length=312.4
DFA transitions: none

[Episode 6100/12000 | last 100]
success rate                : 0.0% (cumulative 0.0%)
failure rate                : 0.0% (cumulative 0.0%)
completed cycles / episode  : 0.000
synthetic task reward       : 0.000
shaping reward              : 207.074
learning reward             : 207.074
episode length              : 393.6
abstract changes / episode  : 110.4
same abstract-state steps   : 72.0%
same-state shaping / episode: 0.000
changed-state shaping / ep. : 207.074
terminal shaping / episode  : -4.766
DFA transitions / episode   : 0.79
DFA transitions in window   : 1->2: 41, 2->3: 26, 3->4: 12
epsilon (next episode)       : 0.29519
replay buffer                : 300000 samples [1: 67.8%, 2: 24.1%, 3: 6.8%, 4: 1.3%, 5: 0.0%]
DFA state visits in window   : 1: 19369, 2: 12735, 3: 5897, 4: 1464, 5: 0
DFA state visits cumulative  : 1: 1152976, 2: 133590, 3: 23422, 4: 3951, 5: 0
DFA state entries in window  : 1: 100, 2: 41, 3: 26, 4: 12, 5: 0
DFA state entries cumulative : 1: 6100, 2: 591, 3: 129, 4: 32, 5: 0
transitions cumulative       : 1->2: 591, 2->3: 129, 3->4: 32
accepted directly from s0    : 0
Gym endings cumulative       : terminated=5890, truncated=210

[Episode 6200/12000 | last 100]
success rate                : 0.0% (cumulative 0.0%)
failure rate                : 0.0% (cumulative 0.0%)
completed cycles / episode  : 0.000
synthetic task reward       : 0.000
shaping reward              : 373.216
learning reward             : 373.216
episode length              : 475.8
abstract changes / episode  : 128.1
same abstract-state steps   : 73.1%
same-state shaping / episode: 0.000
changed-state shaping / ep. : 373.216
terminal shaping / episode  : -4.189
DFA transitions / episode   : 0.90
DFA transitions in window   : 1->2: 54, 2->3: 23, 3->4: 13
epsilon (next episode)       : 0.28935
replay buffer                : 300000 samples [1: 64.8%, 2: 25.3%, 3: 8.2%, 4: 1.6%, 5: 0.0%]
DFA state visits in window   : 1: 23923, 2: 15483, 3: 6628, 4: 1642, 5: 0
DFA state visits cumulative  : 1: 1176899, 2: 149073, 3: 30050, 4: 5593, 5: 0
DFA state entries in window  : 1: 100, 2: 54, 3: 23, 4: 13, 5: 0
DFA state entries cumulative : 1: 6200, 2: 645, 3: 152, 4: 45, 5: 0
transitions cumulative       : 1->2: 645, 2->3: 152, 3->4: 45
accepted directly from s0    : 0
Gym endings cumulative       : terminated=5971, truncated=229

[Episode 6300/12000 | last 100]
success rate                : 0.0% (cumulative 0.0%)
failure rate                : 0.0% (cumulative 0.0%)
completed cycles / episode  : 0.000
synthetic task reward       : 0.000
shaping reward              : 438.049
learning reward             : 438.049
episode length              : 443.1
abstract changes / episode  : 110.1
same abstract-state steps   : 75.2%
same-state shaping / episode: 0.000
changed-state shaping / ep. : 438.049
terminal shaping / episode  : 1.266
DFA transitions / episode   : 0.72
DFA transitions in window   : 1->2: 39, 2->3: 19, 3->4: 14
epsilon (next episode)       : 0.28362
replay buffer                : 300000 samples [1: 60.3%, 2: 27.9%, 3: 9.3%, 4: 2.5%, 5: 0.0%]
DFA state visits in window   : 1: 25407, 2: 12513, 3: 3907, 4: 2585, 5: 0
DFA state visits cumulative  : 1: 1202306, 2: 161586, 3: 33957, 4: 8178, 5: 0
DFA state entries in window  : 1: 100, 2: 39, 3: 19, 4: 14, 5: 0
DFA state entries cumulative : 1: 6300, 2: 684, 3: 171, 4: 59, 5: 0
transitions cumulative       : 1->2: 684, 2->3: 171, 3->4: 59
accepted directly from s0    : 0
Gym endings cumulative       : terminated=6058, truncated=242

[Episode 6400/12000 | last 100]
success rate                : 1.0% (cumulative 0.0%)
failure rate                : 0.0% (cumulative 0.0%)
completed cycles / episode  : 0.000
synthetic task reward       : 100.000
shaping reward              : 461.688
learning reward             : 561.688
episode length              : 404.7
abstract changes / episode  : 109.6
same abstract-state steps   : 72.9%
same-state shaping / episode: 0.000
changed-state shaping / ep. : 461.688
terminal shaping / episode  : -0.581
DFA transitions / episode   : 0.73
DFA transitions in window   : 1->2: 37, 2->3: 25, 3->4: 10, 4->5: 1
epsilon (next episode)       : 0.27800
replay buffer                : 300000 samples [1: 56.1%, 2: 29.8%, 3: 11.1%, 4: 3.0%, 5: 0.0%]
DFA state visits in window   : 1: 23407, 2: 9803, 3: 5486, 4: 1872, 5: 1
DFA state visits cumulative  : 1: 1225713, 2: 171389, 3: 39443, 4: 10050, 5: 1
DFA state entries in window  : 1: 100, 2: 37, 3: 25, 4: 10, 5: 1
DFA state entries cumulative : 1: 6400, 2: 721, 3: 196, 4: 69, 5: 1
transitions cumulative       : 1->2: 721, 2->3: 196, 3->4: 69, 4->5: 1
accepted directly from s0    : 0
Gym endings cumulative       : terminated=6145, truncated=254

[Episode 6500/12000 | last 100]
success rate                : 3.0% (cumulative 0.1%)
failure rate                : 0.0% (cumulative 0.0%)
completed cycles / episode  : 0.000
synthetic task reward       : 300.000
shaping reward              : 667.717
learning reward             : 967.717
episode length              : 455.6
abstract changes / episode  : 123.1
same abstract-state steps   : 73.0%
same-state shaping / episode: 0.000
changed-state shaping / ep. : 667.717
terminal shaping / episode  : 1.520
DFA transitions / episode   : 0.89
DFA transitions in window   : 1->2: 47, 2->3: 28, 3->4: 11, 4->5: 3
epsilon (next episode)       : 0.27250
replay buffer                : 300000 samples [1: 57.0%, 2: 27.0%, 3: 12.7%, 4: 3.3%, 5: 0.0%]
DFA state visits in window   : 1: 28346, 2: 9536, 3: 6459, 4: 1319, 5: 3
DFA state visits cumulative  : 1: 1254059, 2: 180925, 3: 45902, 4: 11369, 5: 4
DFA state entries in window  : 1: 100, 2: 47, 3: 28, 4: 11, 5: 3
DFA state entries cumulative : 1: 6500, 2: 768, 3: 224, 4: 80, 5: 4
transitions cumulative       : 1->2: 768, 2->3: 224, 3->4: 80, 4->5: 4
accepted directly from s0    : 0
Gym endings cumulative       : terminated=6225, truncated=271

Starting autonomous greedy evaluation at episode 6500 (1000 fixed-seed episodes)...
[Greedy evaluation at episode 6500 | 1000 fixed-seed episodes]
success=0.0%, failure=0.0%, task reward=0.000, length=149.4
DFA transitions: 1->2: 163

[Episode 6600/12000 | last 100]
success rate                : 4.0% (cumulative 0.1%)
failure rate                : 0.0% (cumulative 0.0%)
completed cycles / episode  : 0.000
synthetic task reward       : 400.000
shaping reward              : 594.687
learning reward             : 994.687
episode length              : 431.0
abstract changes / episode  : 122.0
same abstract-state steps   : 71.7%
same-state shaping / episode: 0.000
changed-state shaping / ep. : 594.687
terminal shaping / episode  : 1.121
DFA transitions / episode   : 1.02
DFA transitions in window   : 1->2: 56, 2->3: 27, 3->4: 15, 4->5: 4
epsilon (next episode)       : 0.26710
replay buffer                : 300000 samples [1: 55.3%, 2: 27.2%, 3: 13.3%, 4: 4.1%, 5: 0.0%]
DFA state visits in window   : 1: 25242, 2: 10969, 3: 4473, 4: 2516, 5: 4
DFA state visits cumulative  : 1: 1279301, 2: 191894, 3: 50375, 4: 13885, 5: 8
DFA state entries in window  : 1: 100, 2: 56, 3: 27, 4: 15, 5: 4
DFA state entries cumulative : 1: 6600, 2: 824, 3: 251, 4: 95, 5: 8
transitions cumulative       : 1->2: 824, 2->3: 251, 3->4: 95, 4->5: 8
accepted directly from s0    : 0
Gym endings cumulative       : terminated=6316, truncated=277

[Episode 6700/12000 | last 100]
success rate                : 5.0% (cumulative 0.2%)
failure rate                : 0.0% (cumulative 0.0%)
completed cycles / episode  : 0.000
synthetic task reward       : 500.000
shaping reward              : 923.502
learning reward             : 1423.502
episode length              : 492.4
abstract changes / episode  : 134.0
same abstract-state steps   : 72.8%
same-state shaping / episode: 0.000
changed-state shaping / ep. : 923.502
terminal shaping / episode  : 6.982
DFA transitions / episode   : 1.23
DFA transitions in window   : 1->2: 58, 2->3: 41, 3->4: 19, 4->5: 5
epsilon (next episode)       : 0.26181
replay buffer                : 300000 samples [1: 54.0%, 2: 27.6%, 3: 13.9%, 4: 4.4%, 5: 0.0%]
DFA state visits in window   : 1: 21337, 2: 15154, 3: 10500, 4: 2346, 5: 5
DFA state visits cumulative  : 1: 1300638, 2: 207048, 3: 60875, 4: 16231, 5: 13
DFA state entries in window  : 1: 100, 2: 58, 3: 41, 4: 19, 5: 5
DFA state entries cumulative : 1: 6700, 2: 882, 3: 292, 4: 114, 5: 13
transitions cumulative       : 1->2: 882, 2->3: 292, 3->4: 114, 4->5: 13
accepted directly from s0    : 0
Gym endings cumulative       : terminated=6399, truncated=289

[Episode 6800/12000 | last 100]
success rate                : 4.0% (cumulative 0.2%)
failure rate                : 0.0% (cumulative 0.0%)
completed cycles / episode  : 0.000
synthetic task reward       : 400.000
shaping reward              : 765.009
learning reward             : 1165.009
episode length              : 402.3
abstract changes / episode  : 111.8
same abstract-state steps   : 72.2%
same-state shaping / episode: 0.000
changed-state shaping / ep. : 765.009
terminal shaping / episode  : 1.525
DFA transitions / episode   : 1.05
DFA transitions in window   : 1->2: 54, 2->3: 31, 3->4: 16, 4->5: 4
epsilon (next episode)       : 0.25663
replay buffer                : 300000 samples [1: 53.3%, 2: 27.7%, 3: 14.4%, 4: 4.6%, 5: 0.0%]
DFA state visits in window   : 1: 18398, 2: 12756, 3: 7285, 4: 1888, 5: 4
DFA state visits cumulative  : 1: 1319036, 2: 219804, 3: 68160, 4: 18119, 5: 17
DFA state entries in window  : 1: 100, 2: 54, 3: 31, 4: 16, 5: 4
DFA state entries cumulative : 1: 6800, 2: 936, 3: 323, 4: 130, 5: 17
transitions cumulative       : 1->2: 936, 2->3: 323, 3->4: 130, 4->5: 17
accepted directly from s0    : 0
Gym endings cumulative       : terminated=6485, truncated=299

[Episode 6900/12000 | last 100]
success rate                : 5.0% (cumulative 0.3%)
failure rate                : 0.0% (cumulative 0.0%)
completed cycles / episode  : 0.000
synthetic task reward       : 500.000
shaping reward              : 913.571
learning reward             : 1413.571
episode length              : 486.9
abstract changes / episode  : 136.4
same abstract-state steps   : 72.0%
same-state shaping / episode: 0.000
changed-state shaping / ep. : 913.571
terminal shaping / episode  : -1.778
DFA transitions / episode   : 1.28
DFA transitions in window   : 1->2: 59, 2->3: 37, 3->4: 27, 4->5: 5
epsilon (next episode)       : 0.25154
replay buffer                : 300000 samples [1: 52.6%, 2: 27.0%, 3: 15.3%, 4: 5.1%, 5: 0.0%]
DFA state visits in window   : 1: 23773, 2: 13468, 3: 8300, 4: 3240, 5: 5
DFA state visits cumulative  : 1: 1342809, 2: 233272, 3: 76460, 4: 21359, 5: 22
DFA state entries in window  : 1: 100, 2: 59, 3: 37, 4: 27, 5: 5
DFA state entries cumulative : 1: 6900, 2: 995, 3: 360, 4: 157, 5: 22
transitions cumulative       : 1->2: 995, 2->3: 360, 3->4: 157, 4->5: 22
accepted directly from s0    : 0
Gym endings cumulative       : terminated=6571, truncated=308

[Episode 7000/12000 | last 100]
success rate                : 8.0% (cumulative 0.4%)
failure rate                : 0.0% (cumulative 0.0%)
completed cycles / episode  : 0.000
synthetic task reward       : 800.000
shaping reward              : 1059.650
learning reward             : 1859.650
episode length              : 507.5
abstract changes / episode  : 143.9
same abstract-state steps   : 71.6%
same-state shaping / episode: 0.000
changed-state shaping / ep. : 1059.650
terminal shaping / episode  : 6.181
DFA transitions / episode   : 1.32
DFA transitions in window   : 1->2: 56, 2->3: 40, 3->4: 28, 4->5: 8
epsilon (next episode)       : 0.24656
replay buffer                : 300000 samples [1: 51.9%, 2: 26.8%, 3: 16.0%, 4: 5.3%, 5: 0.0%]
DFA state visits in window   : 1: 25439, 2: 13245, 3: 8880, 4: 3279, 5: 8
DFA state visits cumulative  : 1: 1368248, 2: 246517, 3: 85340, 4: 24638, 5: 30
DFA state entries in window  : 1: 100, 2: 56, 3: 40, 4: 28, 5: 8
DFA state entries cumulative : 1: 7000, 2: 1051, 3: 400, 4: 185, 5: 30
transitions cumulative       : 1->2: 1051, 2->3: 400, 3->4: 185, 4->5: 30
accepted directly from s0    : 0
Gym endings cumulative       : terminated=6649, truncated=323

Starting autonomous greedy evaluation at episode 7000 (1000 fixed-seed episodes)...
[Greedy evaluation at episode 7000 | 1000 fixed-seed episodes]
success=0.6%, failure=0.0%, task reward=60.000, length=624.9
DFA transitions: 1->2: 476, 2->3: 12, 3->4: 6, 4->5: 6
Best policy updated from autonomous greedy evaluation at episode 7000.

[Episode 7100/12000 | last 100]
success rate                : 5.0% (cumulative 0.5%)
failure rate                : 0.0% (cumulative 0.0%)
completed cycles / episode  : 0.000
synthetic task reward       : 500.000
shaping reward              : 594.941
learning reward             : 1094.941
episode length              : 463.1
abstract changes / episode  : 138.2
same abstract-state steps   : 70.2%
same-state shaping / episode: 0.000
changed-state shaping / ep. : 594.941
terminal shaping / episode  : 2.272
DFA transitions / episode   : 1.11
DFA transitions in window   : 1->2: 56, 2->3: 36, 3->4: 14, 4->5: 5
epsilon (next episode)       : 0.24168
replay buffer                : 300000 samples [1: 51.2%, 2: 26.5%, 3: 17.1%, 4: 5.2%, 5: 0.0%]
DFA state visits in window   : 1: 26956, 2: 9363, 3: 8541, 4: 1546, 5: 5
DFA state visits cumulative  : 1: 1395204, 2: 255880, 3: 93881, 4: 26184, 5: 35
DFA state entries in window  : 1: 100, 2: 56, 3: 36, 4: 14, 5: 5
DFA state entries cumulative : 1: 7100, 2: 1107, 3: 436, 4: 199, 5: 35
transitions cumulative       : 1->2: 1107, 2->3: 436, 3->4: 199, 4->5: 35
accepted directly from s0    : 0
Gym endings cumulative       : terminated=6736, truncated=331

[Episode 7200/12000 | last 100]
success rate                : 1.0% (cumulative 0.5%)
failure rate                : 0.0% (cumulative 0.0%)
completed cycles / episode  : 0.000
synthetic task reward       : 100.000
shaping reward              : 578.318
learning reward             : 678.318
episode length              : 500.5
abstract changes / episode  : 143.9
same abstract-state steps   : 71.2%
same-state shaping / episode: 0.000
changed-state shaping / ep. : 578.318
terminal shaping / episode  : -4.458
DFA transitions / episode   : 0.99
DFA transitions in window   : 1->2: 54, 2->3: 30, 3->4: 14, 4->5: 1
epsilon (next episode)       : 0.23689
replay buffer                : 300000 samples [1: 51.0%, 2: 25.5%, 3: 18.4%, 4: 5.1%, 5: 0.0%]
DFA state visits in window   : 1: 30766, 2: 9006, 3: 9079, 4: 1297, 5: 1
DFA state visits cumulative  : 1: 1425970, 2: 264886, 3: 102960, 4: 27481, 5: 36
DFA state entries in window  : 1: 100, 2: 54, 3: 30, 4: 14, 5: 1
DFA state entries cumulative : 1: 7200, 2: 1161, 3: 466, 4: 213, 5: 36
transitions cumulative       : 1->2: 1161, 2->3: 466, 3->4: 213, 4->5: 36
accepted directly from s0    : 0
Gym endings cumulative       : terminated=6817, truncated=349

[Episode 7300/12000 | last 100]
success rate                : 5.0% (cumulative 0.6%)
failure rate                : 0.0% (cumulative 0.0%)
completed cycles / episode  : 0.000
synthetic task reward       : 500.000
shaping reward              : 499.335
learning reward             : 999.335
episode length              : 396.8
abstract changes / episode  : 120.4
same abstract-state steps   : 69.7%
same-state shaping / episode: 0.000
changed-state shaping / ep. : 499.335
terminal shaping / episode  : 1.782
DFA transitions / episode   : 0.98
DFA transitions in window   : 1->2: 53, 2->3: 28, 3->4: 12, 4->5: 5
epsilon (next episode)       : 0.23220
replay buffer                : 300000 samples [1: 52.5%, 2: 25.2%, 3: 17.8%, 4: 4.6%, 5: 0.0%]
DFA state visits in window   : 1: 22649, 2: 10393, 3: 5610, 4: 1127, 5: 5
DFA state visits cumulative  : 1: 1448619, 2: 275279, 3: 108570, 4: 28608, 5: 41
DFA state entries in window  : 1: 100, 2: 53, 3: 28, 4: 12, 5: 5
DFA state entries cumulative : 1: 7300, 2: 1214, 3: 494, 4: 225, 5: 41
transitions cumulative       : 1->2: 1214, 2->3: 494, 3->4: 225, 4->5: 41
accepted directly from s0    : 0
Gym endings cumulative       : terminated=6907, truncated=354

[Episode 7400/12000 | last 100]
success rate                : 10.0% (cumulative 0.7%)
failure rate                : 0.0% (cumulative 0.0%)
completed cycles / episode  : 0.000
synthetic task reward       : 1000.000
shaping reward              : 937.193
learning reward             : 1937.193
episode length              : 504.5
abstract changes / episode  : 143.0
same abstract-state steps   : 71.7%
same-state shaping / episode: 0.000
changed-state shaping / ep. : 937.193
terminal shaping / episode  : 4.906
DFA transitions / episode   : 1.36
DFA transitions in window   : 1->2: 67, 2->3: 39, 3->4: 20, 4->5: 10
epsilon (next episode)       : 0.22760
replay buffer                : 300000 samples [1: 53.1%, 2: 25.2%, 3: 17.0%, 4: 4.8%, 5: 0.0%]
DFA state visits in window   : 1: 24913, 2: 15096, 3: 7856, 4: 2677, 5: 10
DFA state visits cumulative  : 1: 1473532, 2: 290375, 3: 116426, 4: 31285, 5: 51
DFA state entries in window  : 1: 100, 2: 67, 3: 39, 4: 20, 5: 10
DFA state entries cumulative : 1: 7400, 2: 1281, 3: 533, 4: 245, 5: 51
transitions cumulative       : 1->2: 1281, 2->3: 533, 3->4: 245, 4->5: 51
accepted directly from s0    : 0
Gym endings cumulative       : terminated=6985, truncated=366

[Episode 7500/12000 | last 100]
success rate                : 6.0% (cumulative 0.8%)
failure rate                : 0.0% (cumulative 0.0%)
completed cycles / episode  : 0.000
synthetic task reward       : 600.000
shaping reward              : 901.041
learning reward             : 1501.041
episode length              : 487.6
abstract changes / episode  : 134.1
same abstract-state steps   : 72.5%
same-state shaping / episode: 0.000
changed-state shaping / ep. : 901.041
terminal shaping / episode  : 2.958
DFA transitions / episode   : 1.23
DFA transitions in window   : 1->2: 60, 2->3: 38, 3->4: 19, 4->5: 6
epsilon (next episode)       : 0.22310
replay buffer                : 300000 samples [1: 53.8%, 2: 24.9%, 3: 17.0%, 4: 4.3%, 5: 0.0%]
DFA state visits in window   : 1: 24635, 2: 13439, 3: 8678, 4: 2098, 5: 6
DFA state visits cumulative  : 1: 1498167, 2: 303814, 3: 125104, 4: 33383, 5: 57
DFA state entries in window  : 1: 100, 2: 60, 3: 38, 4: 19, 5: 6
DFA state entries cumulative : 1: 7500, 2: 1341, 3: 571, 4: 264, 5: 57
transitions cumulative       : 1->2: 1341, 2->3: 571, 3->4: 264, 4->5: 57
accepted directly from s0    : 0
Gym endings cumulative       : terminated=7064, truncated=381

Starting autonomous greedy evaluation at episode 7500 (1000 fixed-seed episodes)...
[Greedy evaluation at episode 7500 | 1000 fixed-seed episodes]
success=3.3%, failure=0.0%, task reward=330.000, length=978.1
DFA transitions: 1->2: 964, 2->3: 43, 3->4: 43, 4->5: 33
Best policy updated from autonomous greedy evaluation at episode 7500.

[Episode 7600/12000 | last 100]
success rate                : 16.0% (cumulative 1.0%)
failure rate                : 0.0% (cumulative 0.0%)
completed cycles / episode  : 0.000
synthetic task reward       : 1600.000
shaping reward              : 1305.182
learning reward             : 2905.182
episode length              : 471.4
abstract changes / episode  : 127.7
same abstract-state steps   : 72.9%
same-state shaping / episode: 0.000
changed-state shaping / ep. : 1305.182
terminal shaping / episode  : 12.049
DFA transitions / episode   : 1.56
DFA transitions in window   : 1->2: 69, 2->3: 42, 3->4: 29, 4->5: 16
epsilon (next episode)       : 0.21868
replay buffer                : 300000 samples [1: 53.5%, 2: 24.9%, 3: 17.2%, 4: 4.4%, 5: 0.0%]
DFA state visits in window   : 1: 22701, 2: 12190, 3: 9127, 4: 3202, 5: 16
DFA state visits cumulative  : 1: 1520868, 2: 316004, 3: 134231, 4: 36585, 5: 73
DFA state entries in window  : 1: 100, 2: 69, 3: 42, 4: 29, 5: 16
DFA state entries cumulative : 1: 7600, 2: 1410, 3: 613, 4: 293, 5: 73
transitions cumulative       : 1->2: 1410, 2->3: 613, 3->4: 293, 4->5: 73
accepted directly from s0    : 0
Gym endings cumulative       : terminated=7141, truncated=388

[Episode 7700/12000 | last 100]
success rate                : 23.0% (cumulative 1.2%)
failure rate                : 0.0% (cumulative 0.0%)
completed cycles / episode  : 0.000
synthetic task reward       : 2300.000
shaping reward              : 1515.800
learning reward             : 3815.800
episode length              : 518.6
abstract changes / episode  : 140.2
same abstract-state steps   : 73.0%
same-state shaping / episode: 0.000
changed-state shaping / ep. : 1515.800
terminal shaping / episode  : 21.549
DFA transitions / episode   : 1.82
DFA transitions in window   : 1->2: 71, 2->3: 54, 3->4: 34, 4->5: 23
epsilon (next episode)       : 0.21435
replay buffer                : 300000 samples [1: 50.2%, 2: 25.6%, 3: 19.5%, 4: 4.7%, 5: 0.0%]
DFA state visits in window   : 1: 19399, 2: 13663, 3: 15208, 4: 3666, 5: 23
DFA state visits cumulative  : 1: 1540267, 2: 329667, 3: 149439, 4: 40251, 5: 96
DFA state entries in window  : 1: 100, 2: 71, 3: 54, 4: 34, 5: 23
DFA state entries cumulative : 1: 7700, 2: 1481, 3: 667, 4: 327, 5: 96
transitions cumulative       : 1->2: 1481, 2->3: 667, 3->4: 327, 4->5: 96
accepted directly from s0    : 0
Gym endings cumulative       : terminated=7206, truncated=400

[Episode 7800/12000 | last 100]
success rate                : 24.0% (cumulative 1.5%)
failure rate                : 0.0% (cumulative 0.0%)
completed cycles / episode  : 0.000
synthetic task reward       : 2400.000
shaping reward              : 1815.136
learning reward             : 4215.136
episode length              : 551.2
abstract changes / episode  : 143.1
same abstract-state steps   : 74.0%
same-state shaping / episode: 0.000
changed-state shaping / ep. : 1815.136
terminal shaping / episode  : 22.953
DFA transitions / episode   : 1.99
DFA transitions in window   : 1->2: 74, 2->3: 58, 3->4: 43, 4->5: 24
epsilon (next episode)       : 0.21010
replay buffer                : 300000 samples [1: 46.5%, 2: 26.7%, 3: 21.0%, 4: 5.8%, 5: 0.0%]
DFA state visits in window   : 1: 22736, 2: 13697, 3: 14358, 4: 4409, 5: 24
DFA state visits cumulative  : 1: 1563003, 2: 343364, 3: 163797, 4: 44660, 5: 120
DFA state entries in window  : 1: 100, 2: 74, 3: 58, 4: 43, 5: 24
DFA state entries cumulative : 1: 7800, 2: 1555, 3: 725, 4: 370, 5: 120
transitions cumulative       : 1->2: 1555, 2->3: 725, 3->4: 370, 4->5: 120
accepted directly from s0    : 0
Gym endings cumulative       : terminated=7266, truncated=416

[Episode 7900/12000 | last 100]
success rate                : 22.0% (cumulative 1.8%)
failure rate                : 0.0% (cumulative 0.0%)
completed cycles / episode  : 0.000
synthetic task reward       : 2200.000
shaping reward              : 1412.897
learning reward             : 3612.897
episode length              : 447.3
abstract changes / episode  : 124.1
same abstract-state steps   : 72.3%
same-state shaping / episode: 0.000
changed-state shaping / ep. : 1412.897
terminal shaping / episode  : 19.662
DFA transitions / episode   : 1.66
DFA transitions in window   : 1->2: 67, 2->3: 43, 3->4: 34, 4->5: 22
epsilon (next episode)       : 0.20594
replay buffer                : 300000 samples [1: 44.6%, 2: 26.8%, 3: 22.1%, 4: 6.5%, 5: 0.0%]
DFA state visits in window   : 1: 18803, 2: 11469, 3: 11011, 4: 3524, 5: 22
DFA state visits cumulative  : 1: 1581806, 2: 354833, 3: 174808, 4: 48184, 5: 142
DFA state entries in window  : 1: 100, 2: 67, 3: 43, 4: 34, 5: 22
DFA state entries cumulative : 1: 7900, 2: 1622, 3: 768, 4: 404, 5: 142
transitions cumulative       : 1->2: 1622, 2->3: 768, 3->4: 404, 4->5: 142
accepted directly from s0    : 0
Gym endings cumulative       : terminated=7339, truncated=421

[Episode 8000/12000 | last 100]
success rate                : 25.0% (cumulative 2.1%)
failure rate                : 0.0% (cumulative 0.0%)
completed cycles / episode  : 0.000
synthetic task reward       : 2500.000
shaping reward              : 1207.585
learning reward             : 3707.585
episode length              : 403.2
abstract changes / episode  : 120.9
same abstract-state steps   : 70.0%
same-state shaping / episode: 0.000
changed-state shaping / ep. : 1207.585
terminal shaping / episode  : 17.218
DFA transitions / episode   : 1.58
DFA transitions in window   : 1->2: 58, 2->3: 42, 3->4: 33, 4->5: 25
epsilon (next episode)       : 0.20186
replay buffer                : 300000 samples [1: 43.4%, 2: 26.6%, 3: 23.2%, 4: 6.8%, 5: 0.0%]
DFA state visits in window   : 1: 16987, 2: 11103, 3: 9496, 4: 2808, 5: 25
DFA state visits cumulative  : 1: 1598793, 2: 365936, 3: 184304, 4: 50992, 5: 167
DFA state entries in window  : 1: 100, 2: 58, 3: 42, 4: 33, 5: 25
DFA state entries cumulative : 1: 8000, 2: 1680, 3: 810, 4: 437, 5: 167
transitions cumulative       : 1->2: 1680, 2->3: 810, 3->4: 437, 4->5: 167
accepted directly from s0    : 0
Gym endings cumulative       : terminated=7411, truncated=424

Starting autonomous greedy evaluation at episode 8000 (1000 fixed-seed episodes)...
[Greedy evaluation at episode 8000 | 1000 fixed-seed episodes]
success=39.6%, failure=0.0%, task reward=3960.000, length=606.8
DFA transitions: 1->2: 826, 2->3: 418, 3->4: 412, 4->5: 396
Best policy updated from autonomous greedy evaluation at episode 8000.

[Episode 8100/12000 | last 100]
success rate                : 30.0% (cumulative 2.4%)
failure rate                : 0.0% (cumulative 0.0%)
completed cycles / episode  : 0.000
synthetic task reward       : 3000.000
shaping reward              : 1528.194
learning reward             : 4528.194
episode length              : 424.4
abstract changes / episode  : 122.3
same abstract-state steps   : 71.2%
same-state shaping / episode: 0.000
changed-state shaping / ep. : 1528.194
terminal shaping / episode  : 24.274
DFA transitions / episode   : 1.86
DFA transitions in window   : 1->2: 69, 2->3: 49, 3->4: 38, 4->5: 30
epsilon (next episode)       : 0.19787
replay buffer                : 300000 samples [1: 42.3%, 2: 26.5%, 3: 24.0%, 4: 7.2%, 5: 0.0%]
DFA state visits in window   : 1: 17203, 2: 12708, 3: 9430, 4: 3165, 5: 30
DFA state visits cumulative  : 1: 1615996, 2: 378644, 3: 193734, 4: 54157, 5: 197
DFA state entries in window  : 1: 100, 2: 69, 3: 49, 4: 38, 5: 30
DFA state entries cumulative : 1: 8100, 2: 1749, 3: 859, 4: 475, 5: 197
transitions cumulative       : 1->2: 1749, 2->3: 859, 3->4: 475, 4->5: 197
accepted directly from s0    : 0
Gym endings cumulative       : terminated=7476, truncated=429

[Episode 8200/12000 | last 100]
success rate                : 18.0% (cumulative 2.6%)
failure rate                : 0.0% (cumulative 0.0%)
completed cycles / episode  : 0.000
synthetic task reward       : 1800.000
shaping reward              : 941.192
learning reward             : 2741.192
episode length              : 340.4
abstract changes / episode  : 105.3
same abstract-state steps   : 69.1%
same-state shaping / episode: 0.000
changed-state shaping / ep. : 941.192
terminal shaping / episode  : 14.929
DFA transitions / episode   : 1.31
DFA transitions in window   : 1->2: 56, 2->3: 34, 3->4: 23, 4->5: 18
epsilon (next episode)       : 0.19395
replay buffer                : 300000 samples [1: 41.4%, 2: 27.0%, 3: 24.2%, 4: 7.4%, 5: 0.0%]
DFA state visits in window   : 1: 16761, 2: 9067, 3: 6107, 4: 2188, 5: 18
DFA state visits cumulative  : 1: 1632757, 2: 387711, 3: 199841, 4: 56345, 5: 215
DFA state entries in window  : 1: 100, 2: 56, 3: 34, 4: 23, 5: 18
DFA state entries cumulative : 1: 8200, 2: 1805, 3: 893, 4: 498, 5: 215
transitions cumulative       : 1->2: 1805, 2->3: 893, 3->4: 498, 4->5: 215
accepted directly from s0    : 0
Gym endings cumulative       : terminated=7557, truncated=430

[Episode 8300/12000 | last 100]
success rate                : 18.0% (cumulative 2.8%)
failure rate                : 0.0% (cumulative 0.0%)
completed cycles / episode  : 0.000
synthetic task reward       : 1800.000
shaping reward              : 1318.246
learning reward             : 3118.246
episode length              : 397.7
abstract changes / episode  : 117.7
same abstract-state steps   : 70.4%
same-state shaping / episode: 0.000
changed-state shaping / ep. : 1318.246
terminal shaping / episode  : 12.743
DFA transitions / episode   : 1.56
DFA transitions in window   : 1->2: 63, 2->3: 44, 3->4: 31, 4->5: 18
epsilon (next episode)       : 0.19011
replay buffer                : 300000 samples [1: 41.6%, 2: 26.9%, 3: 24.1%, 4: 7.4%, 5: 0.0%]
DFA state visits in window   : 1: 17207, 2: 11087, 3: 8687, 4: 2871, 5: 18
DFA state visits cumulative  : 1: 1649964, 2: 398798, 3: 208528, 4: 59216, 5: 233
DFA state entries in window  : 1: 100, 2: 63, 3: 44, 4: 31, 5: 18
DFA state entries cumulative : 1: 8300, 2: 1868, 3: 937, 4: 529, 5: 233
transitions cumulative       : 1->2: 1868, 2->3: 937, 3->4: 529, 4->5: 233
accepted directly from s0    : 0
Gym endings cumulative       : terminated=7635, truncated=434

[Episode 8400/12000 | last 100]
success rate                : 35.0% (cumulative 3.2%)
failure rate                : 0.0% (cumulative 0.0%)
completed cycles / episode  : 0.000
synthetic task reward       : 3500.000
shaping reward              : 2274.308
learning reward             : 5774.308
episode length              : 478.2
abstract changes / episode  : 131.3
same abstract-state steps   : 72.5%
same-state shaping / episode: 0.000
changed-state shaping / ep. : 2274.308
terminal shaping / episode  : 31.121
DFA transitions / episode   : 2.27
DFA transitions in window   : 1->2: 73, 2->3: 61, 3->4: 58, 4->5: 35
epsilon (next episode)       : 0.18634
replay buffer                : 300000 samples [1: 42.9%, 2: 26.4%, 3: 22.8%, 4: 7.9%, 5: 0.0%]
DFA state visits in window   : 1: 20997, 2: 12114, 3: 9780, 4: 4999, 5: 35
DFA state visits cumulative  : 1: 1670961, 2: 410912, 3: 218308, 4: 64215, 5: 268
DFA state entries in window  : 1: 100, 2: 73, 3: 61, 4: 58, 5: 35
DFA state entries cumulative : 1: 8400, 2: 1941, 3: 998, 4: 587, 5: 268
transitions cumulative       : 1->2: 1941, 2->3: 998, 3->4: 587, 4->5: 268
accepted directly from s0    : 0
Gym endings cumulative       : terminated=7699, truncated=435

[Episode 8500/12000 | last 100]
success rate                : 38.0% (cumulative 3.6%)
failure rate                : 0.0% (cumulative 0.0%)
completed cycles / episode  : 0.000
synthetic task reward       : 3800.000
shaping reward              : 1742.258
learning reward             : 5542.258
episode length              : 466.0
abstract changes / episode  : 124.1
same abstract-state steps   : 73.4%
same-state shaping / episode: 0.000
changed-state shaping / ep. : 1742.258
terminal shaping / episode  : 36.488
DFA transitions / episode   : 1.96
DFA transitions in window   : 1->2: 62, 2->3: 50, 3->4: 46, 4->5: 38
epsilon (next episode)       : 0.18265
replay buffer                : 300000 samples [1: 45.1%, 2: 26.3%, 3: 20.7%, 4: 7.9%, 5: 0.0%]
DFA state visits in window   : 1: 25570, 2: 10359, 3: 6817, 4: 3914, 5: 38
DFA state visits cumulative  : 1: 1696531, 2: 421271, 3: 225125, 4: 68129, 5: 306
DFA state entries in window  : 1: 100, 2: 62, 3: 50, 4: 46, 5: 38
DFA state entries cumulative : 1: 8500, 2: 2003, 3: 1048, 4: 633, 5: 306
transitions cumulative       : 1->2: 2003, 2->3: 1048, 3->4: 633, 4->5: 306
accepted directly from s0    : 0
Gym endings cumulative       : terminated=7759, truncated=437

Starting autonomous greedy evaluation at episode 8500 (1000 fixed-seed episodes)...
[Greedy evaluation at episode 8500 | 1000 fixed-seed episodes]
success=34.5%, failure=0.0%, task reward=3450.000, length=749.8
DFA transitions: 1->2: 365, 2->3: 349, 3->4: 348, 4->5: 345

[Episode 8600/12000 | last 100]
success rate                : 43.0% (cumulative 4.1%)
failure rate                : 0.0% (cumulative 0.0%)
completed cycles / episode  : 0.000
synthetic task reward       : 4300.000
shaping reward              : 2233.807
learning reward             : 6533.807
episode length              : 526.3
abstract changes / episode  : 131.8
same abstract-state steps   : 75.0%
same-state shaping / episode: 0.000
changed-state shaping / ep. : 2233.807
terminal shaping / episode  : 41.627
DFA transitions / episode   : 2.41
DFA transitions in window   : 1->2: 74, 2->3: 65, 3->4: 59, 4->5: 43
epsilon (next episode)       : 0.17904
replay buffer                : 300000 samples [1: 45.6%, 2: 26.1%, 3: 20.2%, 4: 8.1%, 5: 0.0%]
DFA state visits in window   : 1: 25072, 2: 12172, 3: 10890, 4: 4557, 5: 43
DFA state visits cumulative  : 1: 1721603, 2: 433443, 3: 236015, 4: 72686, 5: 349
DFA state entries in window  : 1: 100, 2: 74, 3: 65, 4: 59, 5: 43
DFA state entries cumulative : 1: 8600, 2: 2077, 3: 1113, 4: 692, 5: 349
transitions cumulative       : 1->2: 2077, 2->3: 1113, 3->4: 692, 4->5: 349
accepted directly from s0    : 0
Gym endings cumulative       : terminated=7808, truncated=445

[Episode 8700/12000 | last 100]
success rate                : 43.0% (cumulative 4.5%)
failure rate                : 0.0% (cumulative 0.0%)
completed cycles / episode  : 0.000
synthetic task reward       : 4300.000
shaping reward              : 2066.919
learning reward             : 6366.919
episode length              : 447.2
abstract changes / episode  : 122.0
same abstract-state steps   : 72.7%
same-state shaping / episode: 0.000
changed-state shaping / ep. : 2066.919
terminal shaping / episode  : 40.451
DFA transitions / episode   : 2.25
DFA transitions in window   : 1->2: 74, 2->3: 56, 3->4: 52, 4->5: 43
epsilon (next episode)       : 0.17549
replay buffer                : 300000 samples [1: 45.1%, 2: 26.7%, 3: 19.8%, 4: 8.4%, 5: 0.0%]
DFA state visits in window   : 1: 16176, 2: 14976, 3: 9410, 4: 4214, 5: 43
DFA state visits cumulative  : 1: 1737779, 2: 448419, 3: 245425, 4: 76900, 5: 392
DFA state entries in window  : 1: 100, 2: 74, 3: 56, 4: 52, 5: 43
DFA state entries cumulative : 1: 8700, 2: 2151, 3: 1169, 4: 744, 5: 392
transitions cumulative       : 1->2: 2151, 2->3: 1169, 3->4: 744, 4->5: 392
accepted directly from s0    : 0
Gym endings cumulative       : terminated=7863, truncated=447

[Episode 8800/12000 | last 100]
success rate                : 39.0% (cumulative 4.9%)
failure rate                : 0.0% (cumulative 0.0%)
completed cycles / episode  : 0.000
synthetic task reward       : 3900.000
shaping reward              : 1894.323
learning reward             : 5794.323
episode length              : 454.8
abstract changes / episode  : 126.7
same abstract-state steps   : 72.1%
same-state shaping / episode: 0.000
changed-state shaping / ep. : 1894.323
terminal shaping / episode  : 36.403
DFA transitions / episode   : 2.15
DFA transitions in window   : 1->2: 71, 2->3: 55, 3->4: 50, 4->5: 39
epsilon (next episode)       : 0.17201
replay buffer                : 300000 samples [1: 45.1%, 2: 26.5%, 3: 19.7%, 4: 8.6%, 5: 0.0%]
DFA state visits in window   : 1: 19256, 2: 13103, 3: 9236, 4: 3943, 5: 39
DFA state visits cumulative  : 1: 1757035, 2: 461522, 3: 254661, 4: 80843, 5: 431
DFA state entries in window  : 1: 100, 2: 71, 3: 55, 4: 50, 5: 39
DFA state entries cumulative : 1: 8800, 2: 2222, 3: 1224, 4: 794, 5: 431
transitions cumulative       : 1->2: 2222, 2->3: 1224, 3->4: 794, 4->5: 431
accepted directly from s0    : 0
Gym endings cumulative       : terminated=7922, truncated=449

[Episode 8900/12000 | last 100]
success rate                : 45.0% (cumulative 5.3%)
failure rate                : 0.0% (cumulative 0.0%)
completed cycles / episode  : 0.000
synthetic task reward       : 4500.000
shaping reward              : 2335.744
learning reward             : 6835.744
episode length              : 431.4
abstract changes / episode  : 125.1
same abstract-state steps   : 71.0%
same-state shaping / episode: 0.000
changed-state shaping / ep. : 2335.744
terminal shaping / episode  : 41.253
DFA transitions / episode   : 2.48
DFA transitions in window   : 1->2: 79, 2->3: 64, 3->4: 60, 4->5: 45
epsilon (next episode)       : 0.16861
replay buffer                : 300000 samples [1: 43.7%, 2: 26.9%, 3: 20.0%, 4: 9.4%, 5: 0.0%]
DFA state visits in window   : 1: 16753, 2: 12518, 3: 9013, 4: 4915, 5: 45
DFA state visits cumulative  : 1: 1773788, 2: 474040, 3: 263674, 4: 85758, 5: 476
DFA state entries in window  : 1: 100, 2: 79, 3: 64, 4: 60, 5: 45
DFA state entries cumulative : 1: 8900, 2: 2301, 3: 1288, 4: 854, 5: 476
transitions cumulative       : 1->2: 2301, 2->3: 1288, 3->4: 854, 4->5: 476
accepted directly from s0    : 0
Gym endings cumulative       : terminated=7975, truncated=451

[Episode 9000/12000 | last 100]
success rate                : 29.0% (cumulative 5.6%)
failure rate                : 0.0% (cumulative 0.0%)
completed cycles / episode  : 0.000
synthetic task reward       : 2900.000
shaping reward              : 1568.761
learning reward             : 4468.761
episode length              : 346.0
abstract changes / episode  : 108.5
same abstract-state steps   : 68.7%
same-state shaping / episode: 0.000
changed-state shaping / ep. : 1568.761
terminal shaping / episode  : 26.154
DFA transitions / episode   : 1.72
DFA transitions in window   : 1->2: 59, 2->3: 46, 3->4: 38, 4->5: 29
epsilon (next episode)       : 0.16527
replay buffer                : 300000 samples [1: 44.5%, 2: 26.8%, 3: 19.5%, 4: 9.2%, 5: 0.0%]
DFA state visits in window   : 1: 14665, 2: 10068, 3: 7010, 4: 2926, 5: 29
DFA state visits cumulative  : 1: 1788453, 2: 484108, 3: 270684, 4: 88684, 5: 505
DFA state entries in window  : 1: 100, 2: 59, 3: 46, 4: 38, 5: 29
DFA state entries cumulative : 1: 9000, 2: 2360, 3: 1334, 4: 892, 5: 505
transitions cumulative       : 1->2: 2360, 2->3: 1334, 3->4: 892, 4->5: 505
accepted directly from s0    : 0
Gym endings cumulative       : terminated=8046, truncated=451

Starting autonomous greedy evaluation at episode 9000 (1000 fixed-seed episodes)...
[Greedy evaluation at episode 9000 | 1000 fixed-seed episodes]
success=46.7%, failure=0.0%, task reward=4670.000, length=389.3
DFA transitions: 1->2: 815, 2->3: 586, 3->4: 488, 4->5: 467
Best policy updated from autonomous greedy evaluation at episode 9000.

[Episode 9100/12000 | last 100]
success rate                : 43.0% (cumulative 6.0%)
failure rate                : 0.0% (cumulative 0.0%)
completed cycles / episode  : 0.000
synthetic task reward       : 4300.000
shaping reward              : 1986.413
learning reward             : 6286.413
episode length              : 417.6
abstract changes / episode  : 119.8
same abstract-state steps   : 71.3%
same-state shaping / episode: 0.000
changed-state shaping / ep. : 1986.413
terminal shaping / episode  : 38.694
DFA transitions / episode   : 2.27
DFA transitions in window   : 1->2: 77, 2->3: 60, 3->4: 47, 4->5: 43
epsilon (next episode)       : 0.16200
replay buffer                : 300000 samples [1: 42.2%, 2: 28.7%, 3: 20.0%, 4: 9.1%, 5: 0.0%]
DFA state visits in window   : 1: 13389, 2: 15336, 3: 9278, 4: 3816, 5: 43
DFA state visits cumulative  : 1: 1801842, 2: 499444, 3: 279962, 4: 92500, 5: 548
DFA state entries in window  : 1: 100, 2: 77, 3: 60, 4: 47, 5: 43
DFA state entries cumulative : 1: 9100, 2: 2437, 3: 1394, 4: 939, 5: 548
transitions cumulative       : 1->2: 2437, 2->3: 1394, 3->4: 939, 4->5: 548
accepted directly from s0    : 0
Gym endings cumulative       : terminated=8100, truncated=454

[Episode 9200/12000 | last 100]
success rate                : 52.0% (cumulative 6.5%)
failure rate                : 0.0% (cumulative 0.0%)
completed cycles / episode  : 0.000
synthetic task reward       : 5200.000
shaping reward              : 2256.421
learning reward             : 7456.421
episode length              : 414.3
abstract changes / episode  : 115.8
same abstract-state steps   : 72.0%
same-state shaping / episode: 0.000
changed-state shaping / ep. : 2256.421
terminal shaping / episode  : 49.983
DFA transitions / episode   : 2.43
DFA transitions in window   : 1->2: 75, 2->3: 61, 3->4: 55, 4->5: 52
epsilon (next episode)       : 0.15879
replay buffer                : 300000 samples [1: 39.5%, 2: 30.4%, 3: 20.8%, 4: 9.3%, 5: 0.0%]
DFA state visits in window   : 1: 14659, 2: 14013, 3: 8924, 4: 3882, 5: 52
DFA state visits cumulative  : 1: 1816501, 2: 513457, 3: 288886, 4: 96382, 5: 600
DFA state entries in window  : 1: 100, 2: 75, 3: 61, 4: 55, 5: 52
DFA state entries cumulative : 1: 9200, 2: 2512, 3: 1455, 4: 994, 5: 600
transitions cumulative       : 1->2: 2512, 2->3: 1455, 3->4: 994, 4->5: 600
accepted directly from s0    : 0
Gym endings cumulative       : terminated=8146, truncated=456

[Episode 9300/12000 | last 100]
success rate                : 44.0% (cumulative 6.9%)
failure rate                : 0.0% (cumulative 0.0%)
completed cycles / episode  : 0.000
synthetic task reward       : 4400.000
shaping reward              : 2037.490
learning reward             : 6437.490
episode length              : 480.6
abstract changes / episode  : 111.6
same abstract-state steps   : 76.8%
same-state shaping / episode: 0.000
changed-state shaping / ep. : 2037.490
terminal shaping / episode  : 43.071
DFA transitions / episode   : 2.08
DFA transitions in window   : 1->2: 63, 2->3: 51, 3->4: 50, 4->5: 44
epsilon (next episode)       : 0.15564
replay buffer                : 300000 samples [1: 40.6%, 2: 30.1%, 3: 20.2%, 4: 9.1%, 5: 0.0%]
DFA state visits in window   : 1: 26940, 2: 10268, 3: 7355, 4: 3558, 5: 44
DFA state visits cumulative  : 1: 1843441, 2: 523725, 3: 296241, 4: 99940, 5: 644
DFA state entries in window  : 1: 100, 2: 63, 3: 51, 4: 50, 5: 44
DFA state entries cumulative : 1: 9300, 2: 2575, 3: 1506, 4: 1044, 5: 644
transitions cumulative       : 1->2: 2575, 2->3: 1506, 3->4: 1044, 4->5: 644
accepted directly from s0    : 0
Gym endings cumulative       : terminated=8191, truncated=467

[Episode 9400/12000 | last 100]
success rate                : 26.0% (cumulative 7.1%)
failure rate                : 0.0% (cumulative 0.0%)
completed cycles / episode  : 0.000
synthetic task reward       : 2600.000
shaping reward              : 1804.189
learning reward             : 4404.189
episode length              : 546.2
abstract changes / episode  : 127.4
same abstract-state steps   : 76.7%
same-state shaping / episode: 0.000
changed-state shaping / ep. : 1804.189
terminal shaping / episode  : 21.580
DFA transitions / episode   : 2.37
DFA transitions in window   : 1->2: 77, 2->3: 69, 3->4: 65, 4->5: 26
epsilon (next episode)       : 0.15256
replay buffer                : 300000 samples [1: 42.5%, 2: 28.6%, 3: 19.1%, 4: 9.9%, 5: 0.0%]
DFA state visits in window   : 1: 25996, 2: 12979, 3: 8180, 4: 7539, 5: 26
DFA state visits cumulative  : 1: 1869437, 2: 536704, 3: 304421, 4: 107479, 5: 670
DFA state entries in window  : 1: 100, 2: 77, 3: 69, 4: 65, 5: 26
DFA state entries cumulative : 1: 9400, 2: 2652, 3: 1575, 4: 1109, 5: 670
transitions cumulative       : 1->2: 2652, 2->3: 1575, 3->4: 1109, 4->5: 670
accepted directly from s0    : 0
Gym endings cumulative       : terminated=8256, truncated=476

[Episode 9500/12000 | last 100]
success rate                : 39.0% (cumulative 7.5%)
failure rate                : 0.0% (cumulative 0.0%)
completed cycles / episode  : 0.000
synthetic task reward       : 3900.000
shaping reward              : 2180.815
learning reward             : 6080.815
episode length              : 485.7
abstract changes / episode  : 120.0
same abstract-state steps   : 75.3%
same-state shaping / episode: 0.000
changed-state shaping / ep. : 2180.815
terminal shaping / episode  : 29.373
DFA transitions / episode   : 2.37
DFA transitions in window   : 1->2: 80, 2->3: 64, 3->4: 54, 4->5: 39
epsilon (next episode)       : 0.14954
replay buffer                : 300000 samples [1: 43.9%, 2: 28.2%, 3: 17.8%, 4: 10.1%, 5: 0.0%]
DFA state visits in window   : 1: 24230, 2: 13032, 3: 6600, 4: 4770, 5: 39
DFA state visits cumulative  : 1: 1893667, 2: 549736, 3: 311021, 4: 112249, 5: 709
DFA state entries in window  : 1: 100, 2: 80, 3: 64, 4: 54, 5: 39
DFA state entries cumulative : 1: 9500, 2: 2732, 3: 1639, 4: 1163, 5: 709
transitions cumulative       : 1->2: 2732, 2->3: 1639, 3->4: 1163, 4->5: 709
accepted directly from s0    : 0
Gym endings cumulative       : terminated=8307, truncated=486

Starting autonomous greedy evaluation at episode 9500 (1000 fixed-seed episodes)...
[Greedy evaluation at episode 9500 | 1000 fixed-seed episodes]
success=3.4%, failure=0.0%, task reward=340.000, length=828.3
DFA transitions: 1->2: 39, 2->3: 34, 3->4: 34, 4->5: 34

[Episode 9600/12000 | last 100]
success rate                : 44.0% (cumulative 7.8%)
failure rate                : 0.0% (cumulative 0.0%)
completed cycles / episode  : 0.000
synthetic task reward       : 4400.000
shaping reward              : 2142.539
learning reward             : 6542.539
episode length              : 444.3
abstract changes / episode  : 118.4
same abstract-state steps   : 73.4%
same-state shaping / episode: 0.000
changed-state shaping / ep. : 2142.539
terminal shaping / episode  : 37.711
DFA transitions / episode   : 2.55
DFA transitions in window   : 1->2: 88, 2->3: 71, 3->4: 52, 4->5: 44
epsilon (next episode)       : 0.14658
replay buffer                : 300000 samples [1: 42.8%, 2: 28.7%, 3: 18.2%, 4: 10.3%, 5: 0.0%]
DFA state visits in window   : 1: 15535, 2: 13775, 3: 10110, 4: 5070, 5: 44
DFA state visits cumulative  : 1: 1909202, 2: 563511, 3: 321131, 4: 117319, 5: 753
DFA state entries in window  : 1: 100, 2: 88, 3: 71, 4: 52, 5: 44
DFA state entries cumulative : 1: 9600, 2: 2820, 3: 1710, 4: 1215, 5: 753
transitions cumulative       : 1->2: 2820, 2->3: 1710, 3->4: 1215, 4->5: 753
accepted directly from s0    : 0
Gym endings cumulative       : terminated=8361, truncated=488

[Episode 9700/12000 | last 100]
success rate                : 46.0% (cumulative 8.2%)
failure rate                : 0.0% (cumulative 0.0%)
completed cycles / episode  : 0.000
synthetic task reward       : 4600.000
shaping reward              : 2202.094
learning reward             : 6802.094
episode length              : 383.1
abstract changes / episode  : 100.3
same abstract-state steps   : 73.8%
same-state shaping / episode: 0.000
changed-state shaping / ep. : 2202.094
terminal shaping / episode  : 42.474
DFA transitions / episode   : 2.37
DFA transitions in window   : 1->2: 83, 2->3: 55, 3->4: 53, 4->5: 46
epsilon (next episode)       : 0.14368
replay buffer                : 300000 samples [1: 43.9%, 2: 27.5%, 3: 18.2%, 4: 10.3%, 5: 0.0%]
DFA state visits in window   : 1: 16592, 2: 10316, 3: 7555, 4: 3904, 5: 46
DFA state visits cumulative  : 1: 1925794, 2: 573827, 3: 328686, 4: 121223, 5: 799
DFA state entries in window  : 1: 100, 2: 83, 3: 55, 4: 53, 5: 46
DFA state entries cumulative : 1: 9700, 2: 2903, 3: 1765, 4: 1268, 5: 799
transitions cumulative       : 1->2: 2903, 2->3: 1765, 3->4: 1268, 4->5: 799
accepted directly from s0    : 0
Gym endings cumulative       : terminated=8414, truncated=489

[Episode 9800/12000 | last 100]
success rate                : 67.0% (cumulative 8.8%)
failure rate                : 0.0% (cumulative 0.0%)
completed cycles / episode  : 0.000
synthetic task reward       : 6700.000
shaping reward              : 3267.199
learning reward             : 9967.199
episode length              : 447.5
abstract changes / episode  : 105.8
same abstract-state steps   : 76.4%
same-state shaping / episode: 0.000
changed-state shaping / ep. : 3267.199
terminal shaping / episode  : 61.566
DFA transitions / episode   : 3.32
DFA transitions in window   : 1->2: 96, 2->3: 86, 3->4: 83, 4->5: 67
epsilon (next episode)       : 0.14083
replay buffer                : 300000 samples [1: 44.6%, 2: 26.8%, 3: 17.5%, 4: 11.1%, 5: 0.0%]
DFA state visits in window   : 1: 17135, 2: 13082, 3: 8092, 4: 6476, 5: 67
DFA state visits cumulative  : 1: 1942929, 2: 586909, 3: 336778, 4: 127699, 5: 866
DFA state entries in window  : 1: 100, 2: 96, 3: 86, 4: 83, 5: 67
DFA state entries cumulative : 1: 9800, 2: 2999, 3: 1851, 4: 1351, 5: 866
transitions cumulative       : 1->2: 2999, 2->3: 1851, 3->4: 1351, 4->5: 866
accepted directly from s0    : 0
Gym endings cumulative       : terminated=8447, truncated=489

[Episode 9900/12000 | last 100]
success rate                : 65.0% (cumulative 9.4%)
failure rate                : 0.0% (cumulative 0.0%)
completed cycles / episode  : 0.000
synthetic task reward       : 6500.000
shaping reward              : 3024.205
learning reward             : 9524.205
episode length              : 482.2
abstract changes / episode  : 111.4
same abstract-state steps   : 76.9%
same-state shaping / episode: 0.000
changed-state shaping / ep. : 3024.205
terminal shaping / episode  : 62.601
DFA transitions / episode   : 3.14
DFA transitions in window   : 1->2: 90, 2->3: 82, 3->4: 77, 4->5: 65
epsilon (next episode)       : 0.13804
replay buffer                : 300000 samples [1: 43.6%, 2: 27.1%, 3: 17.4%, 4: 11.9%, 5: 0.0%]
DFA state visits in window   : 1: 21019, 2: 13113, 3: 7931, 4: 6197, 5: 65
DFA state visits cumulative  : 1: 1963948, 2: 600022, 3: 344709, 4: 133896, 5: 931
DFA state entries in window  : 1: 100, 2: 90, 3: 82, 4: 77, 5: 65
DFA state entries cumulative : 1: 9900, 2: 3089, 3: 1933, 4: 1428, 5: 931
transitions cumulative       : 1->2: 3089, 2->3: 1933, 3->4: 1428, 4->5: 931
accepted directly from s0    : 0
Gym endings cumulative       : terminated=8480, truncated=491

[Episode 10000/12000 | last 100]
success rate                : 51.0% (cumulative 9.8%)
failure rate                : 0.0% (cumulative 0.0%)
completed cycles / episode  : 0.000
synthetic task reward       : 5100.000
shaping reward              : 2553.849
learning reward             : 7653.849
episode length              : 466.4
abstract changes / episode  : 119.8
same abstract-state steps   : 74.3%
same-state shaping / episode: 0.000
changed-state shaping / ep. : 2553.849
terminal shaping / episode  : 48.177
DFA transitions / episode   : 2.74
DFA transitions in window   : 1->2: 84, 2->3: 75, 3->4: 64, 4->5: 51
epsilon (next episode)       : 0.13531
replay buffer                : 300000 samples [1: 43.0%, 2: 26.7%, 3: 18.4%, 4: 11.8%, 5: 0.0%]
DFA state visits in window   : 1: 19690, 2: 10785, 3: 11417, 4: 4795, 5: 51
DFA state visits cumulative  : 1: 1983638, 2: 610807, 3: 356126, 4: 138691, 5: 982
DFA state entries in window  : 1: 100, 2: 84, 3: 75, 4: 64, 5: 51
DFA state entries cumulative : 1: 10000, 2: 3173, 3: 2008, 4: 1492, 5: 982
transitions cumulative       : 1->2: 3173, 2->3: 2008, 3->4: 1492, 4->5: 982
accepted directly from s0    : 0
Gym endings cumulative       : terminated=8526, truncated=494

Starting autonomous greedy evaluation at episode 10000 (1000 fixed-seed episodes)...
[Greedy evaluation at episode 10000 | 1000 fixed-seed episodes]
success=4.0%, failure=0.0%, task reward=400.000, length=952.4
DFA transitions: 1->2: 554, 2->3: 547, 3->4: 40, 4->5: 40

[Episode 10100/12000 | last 100]
success rate                : 46.0% (cumulative 10.2%)
failure rate                : 0.0% (cumulative 0.0%)
completed cycles / episode  : 0.000
synthetic task reward       : 4600.000
shaping reward              : 2119.056
learning reward             : 6719.056
episode length              : 422.1
abstract changes / episode  : 107.4
same abstract-state steps   : 74.5%
same-state shaping / episode: 0.000
changed-state shaping / ep. : 2119.056
terminal shaping / episode  : 41.510
DFA transitions / episode   : 2.32
DFA transitions in window   : 1->2: 75, 2->3: 61, 3->4: 50, 4->5: 46
epsilon (next episode)       : 0.13263
replay buffer                : 300000 samples [1: 41.7%, 2: 27.3%, 3: 19.5%, 4: 11.4%, 5: 0.0%]
DFA state visits in window   : 1: 18833, 2: 10983, 3: 8387, 4: 4063, 5: 46
DFA state visits cumulative  : 1: 2002471, 2: 621790, 3: 364513, 4: 142754, 5: 1028
DFA state entries in window  : 1: 100, 2: 75, 3: 61, 4: 50, 5: 46
DFA state entries cumulative : 1: 10100, 2: 3248, 3: 2069, 4: 1542, 5: 1028
transitions cumulative       : 1->2: 3248, 2->3: 2069, 3->4: 1542, 4->5: 1028
accepted directly from s0    : 0
Gym endings cumulative       : terminated=8577, truncated=497

[Episode 10200/12000 | last 100]
success rate                : 49.0% (cumulative 10.6%)
failure rate                : 0.0% (cumulative 0.0%)
completed cycles / episode  : 0.000
synthetic task reward       : 4900.000
shaping reward              : 2264.518
learning reward             : 7164.518
episode length              : 436.5
abstract changes / episode  : 106.8
same abstract-state steps   : 75.5%
same-state shaping / episode: 0.000
changed-state shaping / ep. : 2264.518
terminal shaping / episode  : 45.007
DFA transitions / episode   : 2.35
DFA transitions in window   : 1->2: 73, 2->3: 60, 3->4: 53, 4->5: 49
epsilon (next episode)       : 0.13000
replay buffer                : 300000 samples [1: 42.4%, 2: 27.0%, 3: 19.5%, 4: 11.1%, 5: 0.0%]
DFA state visits in window   : 1: 21428, 2: 12045, 3: 6613, 4: 3619, 5: 49
DFA state visits cumulative  : 1: 2023899, 2: 633835, 3: 371126, 4: 146373, 5: 1077
DFA state entries in window  : 1: 100, 2: 73, 3: 60, 4: 53, 5: 49
DFA state entries cumulative : 1: 10200, 2: 3321, 3: 2129, 4: 1595, 5: 1077
transitions cumulative       : 1->2: 3321, 2->3: 2129, 3->4: 1595, 4->5: 1077
accepted directly from s0    : 0
Gym endings cumulative       : terminated=8621, truncated=504

[Episode 10300/12000 | last 100]
success rate                : 63.0% (cumulative 11.1%)
failure rate                : 0.0% (cumulative 0.0%)
completed cycles / episode  : 0.000
synthetic task reward       : 6300.000
shaping reward              : 2740.880
learning reward             : 9040.880
episode length              : 390.7
abstract changes / episode  : 104.0
same abstract-state steps   : 73.4%
same-state shaping / episode: 0.000
changed-state shaping / ep. : 2740.880
terminal shaping / episode  : 56.748
DFA transitions / episode   : 2.85
DFA transitions in window   : 1->2: 82, 2->3: 72, 3->4: 68, 4->5: 63
epsilon (next episode)       : 0.12743
replay buffer                : 300000 samples [1: 43.1%, 2: 26.6%, 3: 19.1%, 4: 11.2%, 5: 0.0%]
DFA state visits in window   : 1: 16195, 2: 10399, 3: 7795, 4: 4721, 5: 63
DFA state visits cumulative  : 1: 2040094, 2: 644234, 3: 378921, 4: 151094, 5: 1140
DFA state entries in window  : 1: 100, 2: 82, 3: 72, 4: 68, 5: 63
DFA state entries cumulative : 1: 10300, 2: 3403, 3: 2201, 4: 1663, 5: 1140
transitions cumulative       : 1->2: 3403, 2->3: 2201, 3->4: 1663, 4->5: 1140
accepted directly from s0    : 0
Gym endings cumulative       : terminated=8658, truncated=504

[Episode 10400/12000 | last 100]
success rate                : 59.0% (cumulative 11.5%)
failure rate                : 0.0% (cumulative 0.0%)
completed cycles / episode  : 0.000
synthetic task reward       : 5900.000
shaping reward              : 2700.000
learning reward             : 8600.000
episode length              : 419.9
abstract changes / episode  : 114.3
same abstract-state steps   : 72.8%
same-state shaping / episode: 0.000
changed-state shaping / ep. : 2700.000
terminal shaping / episode  : 55.988
DFA transitions / episode   : 2.96
DFA transitions in window   : 1->2: 91, 2->3: 81, 3->4: 65, 4->5: 59
epsilon (next episode)       : 0.12490
replay buffer                : 300000 samples [1: 42.4%, 2: 27.4%, 3: 19.1%, 4: 11.1%, 5: 0.0%]
DFA state visits in window   : 1: 15300, 2: 13978, 3: 8477, 4: 4278, 5: 59
DFA state visits cumulative  : 1: 2055394, 2: 658212, 3: 387398, 4: 155372, 5: 1199
DFA state entries in window  : 1: 100, 2: 91, 3: 81, 4: 65, 5: 59
DFA state entries cumulative : 1: 10400, 2: 3494, 3: 2282, 4: 1728, 5: 1199
transitions cumulative       : 1->2: 3494, 2->3: 2282, 3->4: 1728, 4->5: 1199
accepted directly from s0    : 0
Gym endings cumulative       : terminated=8698, truncated=505

[Episode 10500/12000 | last 100]
success rate                : 68.0% (cumulative 12.1%)
failure rate                : 0.0% (cumulative 0.0%)
completed cycles / episode  : 0.000
synthetic task reward       : 6800.000
shaping reward              : 3007.175
learning reward             : 9807.175
episode length              : 427.6
abstract changes / episode  : 108.6
same abstract-state steps   : 74.6%
same-state shaping / episode: 0.000
changed-state shaping / ep. : 3007.175
terminal shaping / episode  : 68.402
DFA transitions / episode   : 3.13
DFA transitions in window   : 1->2: 89, 2->3: 81, 3->4: 75, 4->5: 68
epsilon (next episode)       : 0.12243
replay buffer                : 300000 samples [1: 42.0%, 2: 28.4%, 3: 18.9%, 4: 10.7%, 5: 0.0%]
DFA state visits in window   : 1: 15536, 2: 15137, 3: 7058, 4: 5063, 5: 68
DFA state visits cumulative  : 1: 2070930, 2: 673349, 3: 394456, 4: 160435, 5: 1267
DFA state entries in window  : 1: 100, 2: 89, 3: 81, 4: 75, 5: 68
DFA state entries cumulative : 1: 10500, 2: 3583, 3: 2363, 4: 1803, 5: 1267
transitions cumulative       : 1->2: 3583, 2->3: 2363, 3->4: 1803, 4->5: 1267
accepted directly from s0    : 0
Gym endings cumulative       : terminated=8728, truncated=507

Starting autonomous greedy evaluation at episode 10500 (1000 fixed-seed episodes)...
[Greedy evaluation at episode 10500 | 1000 fixed-seed episodes]
success=14.5%, failure=0.0%, task reward=1450.000, length=414.4
DFA transitions: 1->2: 271, 2->3: 220, 3->4: 197, 4->5: 145

[Episode 10600/12000 | last 100]
success rate                : 71.0% (cumulative 12.6%)
failure rate                : 0.0% (cumulative 0.0%)
completed cycles / episode  : 0.000
synthetic task reward       : 7100.000
shaping reward              : 3059.719
learning reward             : 10159.719
episode length              : 459.5
abstract changes / episode  : 115.3
same abstract-state steps   : 74.9%
same-state shaping / episode: 0.000
changed-state shaping / ep. : 3059.719
terminal shaping / episode  : 68.670
DFA transitions / episode   : 3.17
DFA transitions in window   : 1->2: 88, 2->3: 82, 3->4: 76, 4->5: 71
epsilon (next episode)       : 0.12001
replay buffer                : 300000 samples [1: 40.7%, 2: 29.9%, 3: 18.8%, 4: 10.6%, 5: 0.0%]
DFA state visits in window   : 1: 16586, 2: 17035, 3: 6854, 4: 5508, 5: 71
DFA state visits cumulative  : 1: 2087516, 2: 690384, 3: 401310, 4: 165943, 5: 1338
DFA state entries in window  : 1: 100, 2: 88, 3: 82, 4: 76, 5: 71
DFA state entries cumulative : 1: 10600, 2: 3671, 3: 2445, 4: 1879, 5: 1338
transitions cumulative       : 1->2: 3671, 2->3: 2445, 3->4: 1879, 4->5: 1338
accepted directly from s0    : 0
Gym endings cumulative       : terminated=8756, truncated=508

[Episode 10700/12000 | last 100]
success rate                : 70.0% (cumulative 13.2%)
failure rate                : 0.0% (cumulative 0.0%)
completed cycles / episode  : 0.000
synthetic task reward       : 7000.000
shaping reward              : 3015.099
learning reward             : 10015.099
episode length              : 441.7
abstract changes / episode  : 113.3
same abstract-state steps   : 74.4%
same-state shaping / episode: 0.000
changed-state shaping / ep. : 3015.099
terminal shaping / episode  : 66.287
DFA transitions / episode   : 3.13
DFA transitions in window   : 1->2: 86, 2->3: 83, 3->4: 74, 4->5: 70
epsilon (next episode)       : 0.11763
replay buffer                : 300000 samples [1: 40.4%, 2: 30.8%, 3: 18.2%, 4: 10.7%, 5: 0.0%]
DFA state visits in window   : 1: 17317, 2: 12807, 3: 9271, 4: 4803, 5: 70
DFA state visits cumulative  : 1: 2104833, 2: 703191, 3: 410581, 4: 170746, 5: 1408
DFA state entries in window  : 1: 100, 2: 86, 3: 83, 4: 74, 5: 70
DFA state entries cumulative : 1: 10700, 2: 3757, 3: 2528, 4: 1953, 5: 1408
transitions cumulative       : 1->2: 3757, 2->3: 2528, 3->4: 1953, 4->5: 1408
accepted directly from s0    : 0
Gym endings cumulative       : terminated=8782, truncated=512

[Episode 10800/12000 | last 100]
success rate                : 51.0% (cumulative 13.5%)
failure rate                : 0.0% (cumulative 0.0%)
completed cycles / episode  : 0.000
synthetic task reward       : 5100.000
shaping reward              : 2247.398
learning reward             : 7347.398
episode length              : 406.6
abstract changes / episode  : 106.1
same abstract-state steps   : 73.9%
same-state shaping / episode: 0.000
changed-state shaping / ep. : 2247.398
terminal shaping / episode  : 46.276
DFA transitions / episode   : 2.49
DFA transitions in window   : 1->2: 72, 2->3: 64, 3->4: 62, 4->5: 51
epsilon (next episode)       : 0.11530
replay buffer                : 300000 samples [1: 40.8%, 2: 31.0%, 3: 17.4%, 4: 10.8%, 5: 0.0%]
DFA state visits in window   : 1: 19658, 2: 10864, 3: 6008, 4: 4176, 5: 51
DFA state visits cumulative  : 1: 2124491, 2: 714055, 3: 416589, 4: 174922, 5: 1459
DFA state entries in window  : 1: 100, 2: 72, 3: 64, 4: 62, 5: 51
DFA state entries cumulative : 1: 10800, 2: 3829, 3: 2592, 4: 2015, 5: 1459
transitions cumulative       : 1->2: 3829, 2->3: 2592, 3->4: 2015, 4->5: 1459
accepted directly from s0    : 0
Gym endings cumulative       : terminated=8830, truncated=513

[Episode 10900/12000 | last 100]
success rate                : 57.0% (cumulative 13.9%)
failure rate                : 0.0% (cumulative 0.0%)
completed cycles / episode  : 0.000
synthetic task reward       : 5700.000
shaping reward              : 2639.998
learning reward             : 8339.998
episode length              : 449.5
abstract changes / episode  : 115.0
same abstract-state steps   : 74.4%
same-state shaping / episode: 0.000
changed-state shaping / ep. : 2639.998
terminal shaping / episode  : 52.400
DFA transitions / episode   : 2.73
DFA transitions in window   : 1->2: 78, 2->3: 74, 3->4: 64, 4->5: 57
epsilon (next episode)       : 0.11302
replay buffer                : 300000 samples [1: 40.3%, 2: 31.0%, 3: 17.7%, 4: 10.9%, 5: 0.0%]
DFA state visits in window   : 1: 20219, 2: 12775, 3: 7780, 4: 4218, 5: 57
DFA state visits cumulative  : 1: 2144710, 2: 726830, 3: 424369, 4: 179140, 5: 1516
DFA state entries in window  : 1: 100, 2: 78, 3: 74, 4: 64, 5: 57
DFA state entries cumulative : 1: 10900, 2: 3907, 3: 2666, 4: 2079, 5: 1516
transitions cumulative       : 1->2: 3907, 2->3: 2666, 3->4: 2079, 4->5: 1516
accepted directly from s0    : 0
Gym endings cumulative       : terminated=8870, truncated=516

[Episode 11000/12000 | last 100]
success rate                : 65.0% (cumulative 14.4%)
failure rate                : 0.0% (cumulative 0.0%)
completed cycles / episode  : 0.000
synthetic task reward       : 6500.000
shaping reward              : 2986.097
learning reward             : 9486.097
episode length              : 397.6
abstract changes / episode  : 108.2
same abstract-state steps   : 72.8%
same-state shaping / episode: 0.000
changed-state shaping / ep. : 2986.097
terminal shaping / episode  : 63.149
DFA transitions / episode   : 3.02
DFA transitions in window   : 1->2: 87, 2->3: 78, 3->4: 72, 4->5: 65
epsilon (next episode)       : 0.11078
replay buffer                : 300000 samples [1: 39.5%, 2: 31.3%, 3: 18.3%, 4: 10.9%, 5: 0.0%]
DFA state visits in window   : 1: 14220, 2: 11395, 3: 9389, 4: 4794, 5: 65
DFA state visits cumulative  : 1: 2158930, 2: 738225, 3: 433758, 4: 183934, 5: 1581
DFA state entries in window  : 1: 100, 2: 87, 3: 78, 4: 72, 5: 65
DFA state entries cumulative : 1: 11000, 2: 3994, 3: 2744, 4: 2151, 5: 1581
transitions cumulative       : 1->2: 3994, 2->3: 2744, 3->4: 2151, 4->5: 1581
accepted directly from s0    : 0
Gym endings cumulative       : terminated=8905, truncated=516

Starting autonomous greedy evaluation at episode 11000 (1000 fixed-seed episodes)...
[Greedy evaluation at episode 11000 | 1000 fixed-seed episodes]
success=30.7%, failure=0.0%, task reward=3070.000, length=377.8
DFA transitions: 1->2: 969, 2->3: 686, 3->4: 556, 4->5: 307

[Episode 11100/12000 | last 100]
success rate                : 62.0% (cumulative 14.8%)
failure rate                : 0.0% (cumulative 0.0%)
completed cycles / episode  : 0.000
synthetic task reward       : 6200.000
shaping reward              : 2877.309
learning reward             : 9077.309
episode length              : 436.8
abstract changes / episode  : 119.4
same abstract-state steps   : 72.7%
same-state shaping / episode: 0.000
changed-state shaping / ep. : 2877.309
terminal shaping / episode  : 51.909
DFA transitions / episode   : 3.11
DFA transitions in window   : 1->2: 91, 2->3: 82, 3->4: 76, 4->5: 62
epsilon (next episode)       : 0.10858
replay buffer                : 300000 samples [1: 39.2%, 2: 31.2%, 3: 18.6%, 4: 11.0%, 5: 0.0%]
DFA state visits in window   : 1: 14780, 2: 14274, 3: 9904, 4: 4757, 5: 62
DFA state visits cumulative  : 1: 2173710, 2: 752499, 3: 443662, 4: 188691, 5: 1643
DFA state entries in window  : 1: 100, 2: 91, 3: 82, 4: 76, 5: 62
DFA state entries cumulative : 1: 11100, 2: 4085, 3: 2826, 4: 2227, 5: 1643
transitions cumulative       : 1->2: 4085, 2->3: 2826, 3->4: 2227, 4->5: 1643
accepted directly from s0    : 0
Gym endings cumulative       : terminated=8943, truncated=516

[Episode 11200/12000 | last 100]
success rate                : 66.0% (cumulative 15.3%)
failure rate                : 0.0% (cumulative 0.0%)
completed cycles / episode  : 0.000
synthetic task reward       : 6600.000
shaping reward              : 2874.788
learning reward             : 9474.788
episode length              : 388.8
abstract changes / episode  : 105.4
same abstract-state steps   : 72.9%
same-state shaping / episode: 0.000
changed-state shaping / ep. : 2874.788
terminal shaping / episode  : 60.700
DFA transitions / episode   : 3.08
DFA transitions in window   : 1->2: 92, 2->3: 78, 3->4: 72, 4->5: 66
epsilon (next episode)       : 0.10643
replay buffer                : 300000 samples [1: 39.2%, 2: 31.0%, 3: 18.9%, 4: 10.9%, 5: 0.0%]
DFA state visits in window   : 1: 14320, 2: 13157, 3: 7434, 4: 4005, 5: 66
DFA state visits cumulative  : 1: 2188030, 2: 765656, 3: 451096, 4: 192696, 5: 1709
DFA state entries in window  : 1: 100, 2: 92, 3: 78, 4: 72, 5: 66
DFA state entries cumulative : 1: 11200, 2: 4177, 3: 2904, 4: 2299, 5: 1709
transitions cumulative       : 1->2: 4177, 2->3: 2904, 3->4: 2299, 4->5: 1709
accepted directly from s0    : 0
Gym endings cumulative       : terminated=8977, truncated=516

[Episode 11300/12000 | last 100]
success rate                : 74.0% (cumulative 15.8%)
failure rate                : 0.0% (cumulative 0.0%)
completed cycles / episode  : 0.000
synthetic task reward       : 7400.000
shaping reward              : 3117.395
learning reward             : 10517.395
episode length              : 414.2
abstract changes / episode  : 110.0
same abstract-state steps   : 73.4%
same-state shaping / episode: 0.000
changed-state shaping / ep. : 3117.395
terminal shaping / episode  : 68.131
DFA transitions / episode   : 3.34
DFA transitions in window   : 1->2: 92, 2->3: 88, 3->4: 80, 4->5: 74
epsilon (next episode)       : 0.10433
replay buffer                : 300000 samples [1: 39.0%, 2: 30.9%, 3: 19.4%, 4: 10.6%, 5: 0.0%]
DFA state visits in window   : 1: 15057, 2: 14059, 3: 7670, 4: 4656, 5: 74
DFA state visits cumulative  : 1: 2203087, 2: 779715, 3: 458766, 4: 197352, 5: 1783
DFA state entries in window  : 1: 100, 2: 92, 3: 88, 4: 80, 5: 74
DFA state entries cumulative : 1: 11300, 2: 4269, 3: 2992, 4: 2379, 5: 1783
transitions cumulative       : 1->2: 4269, 2->3: 2992, 3->4: 2379, 4->5: 1783
accepted directly from s0    : 0
Gym endings cumulative       : terminated=9003, truncated=516

[Episode 11400/12000 | last 100]
success rate                : 80.0% (cumulative 16.3%)
failure rate                : 0.0% (cumulative 0.0%)
completed cycles / episode  : 0.000
synthetic task reward       : 8000.000
shaping reward              : 3311.970
learning reward             : 11311.970
episode length              : 408.6
abstract changes / episode  : 106.5
same abstract-state steps   : 73.9%
same-state shaping / episode: 0.000
changed-state shaping / ep. : 3311.970
terminal shaping / episode  : 77.464
DFA transitions / episode   : 3.47
DFA transitions in window   : 1->2: 98, 2->3: 87, 3->4: 82, 4->5: 80
epsilon (next episode)       : 0.10226
replay buffer                : 300000 samples [1: 38.7%, 2: 31.0%, 3: 19.4%, 4: 10.8%, 5: 0.0%]
DFA state visits in window   : 1: 13219, 2: 14256, 3: 8546, 4: 4864, 5: 80
DFA state visits cumulative  : 1: 2216306, 2: 793971, 3: 467312, 4: 202216, 5: 1863
DFA state entries in window  : 1: 100, 2: 98, 3: 87, 4: 82, 5: 80
DFA state entries cumulative : 1: 11400, 2: 4367, 3: 3079, 4: 2461, 5: 1863
transitions cumulative       : 1->2: 4367, 2->3: 3079, 3->4: 2461, 4->5: 1863
accepted directly from s0    : 0
Gym endings cumulative       : terminated=9023, truncated=516

[Episode 11500/12000 | last 100]
success rate                : 63.0% (cumulative 16.7%)
failure rate                : 0.0% (cumulative 0.0%)
completed cycles / episode  : 0.000
synthetic task reward       : 6300.000
shaping reward              : 2722.487
learning reward             : 9022.487
episode length              : 414.4
abstract changes / episode  : 113.1
same abstract-state steps   : 72.7%
same-state shaping / episode: 0.000
changed-state shaping / ep. : 2722.487
terminal shaping / episode  : 53.765
DFA transitions / episode   : 3.01
DFA transitions in window   : 1->2: 89, 2->3: 81, 3->4: 68, 4->5: 63
epsilon (next episode)       : 0.10024
replay buffer                : 300000 samples [1: 36.5%, 2: 31.7%, 3: 21.0%, 4: 10.8%, 5: 0.0%]
DFA state visits in window   : 1: 13832, 2: 12140, 3: 11179, 4: 4329, 5: 63
DFA state visits cumulative  : 1: 2230138, 2: 806111, 3: 478491, 4: 206545, 5: 1926
DFA state entries in window  : 1: 100, 2: 89, 3: 81, 4: 68, 5: 63
DFA state entries cumulative : 1: 11500, 2: 4456, 3: 3160, 4: 2529, 5: 1926
transitions cumulative       : 1->2: 4456, 2->3: 3160, 3->4: 2529, 4->5: 1926
accepted directly from s0    : 0
Gym endings cumulative       : terminated=9060, truncated=516

Starting autonomous greedy evaluation at episode 11500 (1000 fixed-seed episodes)...
[Greedy evaluation at episode 11500 | 1000 fixed-seed episodes]
success=10.7%, failure=0.0%, task reward=1070.000, length=229.6
DFA transitions: 1->2: 479, 2->3: 200, 3->4: 122, 4->5: 107

[Episode 11600/12000 | last 100]
success rate                : 5.0% (cumulative 16.6%)
failure rate                : 0.0% (cumulative 0.0%)
completed cycles / episode  : 0.000
synthetic task reward       : 500.000
shaping reward              : -205.410
learning reward             : 294.590
episode length              : 175.4
abstract changes / episode  : 62.7
same abstract-state steps   : 64.3%
same-state shaping / episode: 0.000
changed-state shaping / ep. : -205.410
terminal shaping / episode  : -9.672
DFA transitions / episode   : 0.51
DFA transitions in window   : 1->2: 27, 2->3: 13, 3->4: 6, 4->5: 5
epsilon (next episode)       : 0.09825
replay buffer                : 300000 samples [1: 37.8%, 2: 31.1%, 3: 20.7%, 4: 10.4%, 5: 0.0%]
DFA state visits in window   : 1: 12803, 2: 3138, 3: 1364, 4: 334, 5: 5
DFA state visits cumulative  : 1: 2242941, 2: 809249, 3: 479855, 4: 206879, 5: 1931
DFA state entries in window  : 1: 100, 2: 27, 3: 13, 4: 6, 5: 5
DFA state entries cumulative : 1: 11600, 2: 4483, 3: 3173, 4: 2535, 5: 1931
transitions cumulative       : 1->2: 4483, 2->3: 3173, 3->4: 2535, 4->5: 1931
accepted directly from s0    : 0
Gym endings cumulative       : terminated=9155, truncated=516

[Episode 11700/12000 | last 100]
success rate                : 37.0% (cumulative 16.8%)
failure rate                : 0.0% (cumulative 0.0%)
completed cycles / episode  : 0.000
synthetic task reward       : 3700.000
shaping reward              : 1767.145
learning reward             : 5467.145
episode length              : 398.2
abstract changes / episode  : 110.9
same abstract-state steps   : 72.1%
same-state shaping / episode: 0.000
changed-state shaping / ep. : 1767.145
terminal shaping / episode  : 28.000
DFA transitions / episode   : 2.23
DFA transitions in window   : 1->2: 85, 2->3: 57, 3->4: 44, 4->5: 37
epsilon (next episode)       : 0.09631
replay buffer                : 300000 samples [1: 37.7%, 2: 31.6%, 3: 20.7%, 4: 9.9%, 5: 0.0%]
DFA state visits in window   : 1: 16371, 2: 13511, 3: 7461, 4: 2539, 5: 37
DFA state visits cumulative  : 1: 2259312, 2: 822760, 3: 487316, 4: 209418, 5: 1968
DFA state entries in window  : 1: 100, 2: 85, 3: 57, 4: 44, 5: 37
DFA state entries cumulative : 1: 11700, 2: 4568, 3: 3230, 4: 2579, 5: 1968
transitions cumulative       : 1->2: 4568, 2->3: 3230, 3->4: 2579, 4->5: 1968
accepted directly from s0    : 0
Gym endings cumulative       : terminated=9216, truncated=518

[Episode 11800/12000 | last 100]
success rate                : 57.0% (cumulative 17.2%)
failure rate                : 0.0% (cumulative 0.0%)
completed cycles / episode  : 0.000
synthetic task reward       : 5700.000
shaping reward              : 2603.438
learning reward             : 8303.438
episode length              : 447.6
abstract changes / episode  : 115.5
same abstract-state steps   : 74.2%
same-state shaping / episode: 0.000
changed-state shaping / ep. : 2603.438
terminal shaping / episode  : 52.860
DFA transitions / episode   : 2.94
DFA transitions in window   : 1->2: 90, 2->3: 81, 3->4: 66, 4->5: 57
epsilon (next episode)       : 0.09440
replay buffer                : 300000 samples [1: 38.7%, 2: 31.2%, 3: 20.5%, 4: 9.6%, 5: 0.0%]
DFA state visits in window   : 1: 19016, 2: 11444, 3: 10184, 4: 4156, 5: 57
DFA state visits cumulative  : 1: 2278328, 2: 834204, 3: 497500, 4: 213574, 5: 2025
DFA state entries in window  : 1: 100, 2: 90, 3: 81, 4: 66, 5: 57
DFA state entries cumulative : 1: 11800, 2: 4658, 3: 3311, 4: 2645, 5: 2025
transitions cumulative       : 1->2: 4658, 2->3: 3311, 3->4: 2645, 4->5: 2025
accepted directly from s0    : 0
Gym endings cumulative       : terminated=9259, truncated=518

[Episode 11900/12000 | last 100]
success rate                : 68.0% (cumulative 17.6%)
failure rate                : 0.0% (cumulative 0.0%)
completed cycles / episode  : 0.000
synthetic task reward       : 6800.000
shaping reward              : 3054.555
learning reward             : 9854.555
episode length              : 396.6
abstract changes / episode  : 106.0
same abstract-state steps   : 73.3%
same-state shaping / episode: 0.000
changed-state shaping / ep. : 3054.555
terminal shaping / episode  : 63.086
DFA transitions / episode   : 3.24
DFA transitions in window   : 1->2: 90, 2->3: 88, 3->4: 78, 4->5: 68
epsilon (next episode)       : 0.09253
replay buffer                : 300000 samples [1: 39.2%, 2: 30.4%, 3: 20.7%, 4: 9.7%, 5: 0.0%]
DFA state visits in window   : 1: 14062, 2: 11586, 3: 9149, 4: 4900, 5: 68
DFA state visits cumulative  : 1: 2292390, 2: 845790, 3: 506649, 4: 218474, 5: 2093
DFA state entries in window  : 1: 100, 2: 90, 3: 88, 4: 78, 5: 68
DFA state entries cumulative : 1: 11900, 2: 4748, 3: 3399, 4: 2723, 5: 2093
transitions cumulative       : 1->2: 4748, 2->3: 3399, 3->4: 2723, 4->5: 2093
accepted directly from s0    : 0
Gym endings cumulative       : terminated=9291, truncated=518

[Episode 12000/12000 | last 100]
success rate                : 82.0% (cumulative 18.1%)
failure rate                : 0.0% (cumulative 0.0%)
completed cycles / episode  : 0.000
synthetic task reward       : 8200.000
shaping reward              : 3383.441
learning reward             : 11583.441
episode length              : 406.7
abstract changes / episode  : 105.0
same abstract-state steps   : 74.2%
same-state shaping / episode: 0.000
changed-state shaping / ep. : 3383.441
terminal shaping / episode  : 80.829
DFA transitions / episode   : 3.53
DFA transitions in window   : 1->2: 95, 2->3: 92, 3->4: 84, 4->5: 82
epsilon (next episode)       : 0.09070
replay buffer                : 300000 samples [1: 38.5%, 2: 30.6%, 3: 20.8%, 4: 10.1%, 5: 0.0%]
DFA state visits in window   : 1: 13223, 2: 14370, 3: 7909, 4: 5182, 5: 82
DFA state visits cumulative  : 1: 2305613, 2: 860160, 3: 514558, 4: 223656, 5: 2175
DFA state entries in window  : 1: 100, 2: 95, 3: 92, 4: 84, 5: 82
DFA state entries cumulative : 1: 12000, 2: 4843, 3: 3491, 4: 2807, 5: 2175
transitions cumulative       : 1->2: 4843, 2->3: 3491, 3->4: 2807, 4->5: 2175
accepted directly from s0    : 0
Gym endings cumulative       : terminated=9309, truncated=518

Starting autonomous greedy evaluation at episode 12000 (1000 fixed-seed episodes)...
[Greedy evaluation at episode 12000 | 1000 fixed-seed episodes]
success=94.8%, failure=0.0%, task reward=9480.000, length=423.5
DFA transitions: 1->2: 985, 2->3: 981, 3->4: 949, 4->5: 948
Best policy updated from autonomous greedy evaluation at episode 12000.
Last policy saved after episode 12000. Best greedy evaluation: episode 12000, mean task reward=9480.000
