
=== NEW RUN ===
episodes=12000, shaping=True, goal_reward=10000.0, gamma=0.99
gamma_shaping=1.0, shaping_formula=gamma_shaping*Phi(next)-Phi(state)
ground_unbiased_learner=False
eval_interval=500, eval_episodes=1000, eval_seed=100000
inter_level_shaping=False, inter_level_formula=gamma*Phi(next)-Phi(state)
task_type=ltlf, task=F(wp1 & X(F(wp2 & X(F(wp3 & X(F(g1)))))))
regions={wp1: {'center': [-0.75, 1.0625], 'radius': 0.1}, wp2: {'center': [0, 0.6875], 'radius': 0.1}, wp3: {'center': [0, 1.0625], 'radius': 0.1}, g1: {'center': [0.75, 1.0625], 'radius': 0.1}}
dfa_states=[1, 2, 3, 4, 5], pre_trace=1, accepting=[5], failure=[]

[Episode 1/12000 | last 1]
success rate                : 0.0% (cumulative 0.0%)
failure rate                : 0.0% (cumulative 0.0%)
completed cycles / episode  : 0.000
synthetic task reward       : 0.000
shaping reward              : -1236.160
learning reward             : -1236.160
episode length              : 101.0
abstract changes / episode  : 46.0
same abstract-state steps   : 54.5%
same-state shaping / episode: 0.000
changed-state shaping / ep. : -1236.160
terminal shaping / episode  : 0.000
DFA transitions / episode   : 0.00
DFA transitions in window   : none
epsilon (next episode)       : 0.99980
replay buffer                : 101 samples [1: 100.0%, 2: 0.0%, 3: 0.0%, 4: 0.0%, 5: 0.0%]
DFA state visits in window   : 1: 102, 2: 0, 3: 0, 4: 0, 5: 0
DFA state visits cumulative  : 1: 102, 2: 0, 3: 0, 4: 0, 5: 0
DFA state entries in window  : 1: 1, 2: 0, 3: 0, 4: 0, 5: 0
DFA state entries cumulative : 1: 1, 2: 0, 3: 0, 4: 0, 5: 0
transitions cumulative       : none
accepted directly from s0    : 0
Gym endings cumulative       : terminated=1, truncated=0

[Episode 100/12000 | last 100]
success rate                : 0.0% (cumulative 0.0%)
failure rate                : 0.0% (cumulative 0.0%)
completed cycles / episode  : 0.000
synthetic task reward       : 0.000
shaping reward              : -888.945
learning reward             : -888.945
episode length              : 89.6
abstract changes / episode  : 48.6
same abstract-state steps   : 45.7%
same-state shaping / episode: 0.000
changed-state shaping / ep. : -888.945
terminal shaping / episode  : -7.341
DFA transitions / episode   : 0.01
DFA transitions in window   : 1->2: 1
epsilon (next episode)       : 0.98020
replay buffer                : 8957 samples [1: 99.8%, 2: 0.2%, 3: 0.0%, 4: 0.0%, 5: 0.0%]
DFA state visits in window   : 1: 9034, 2: 23, 3: 0, 4: 0, 5: 0
DFA state visits cumulative  : 1: 9034, 2: 23, 3: 0, 4: 0, 5: 0
DFA state entries in window  : 1: 100, 2: 1, 3: 0, 4: 0, 5: 0
DFA state entries cumulative : 1: 100, 2: 1, 3: 0, 4: 0, 5: 0
transitions cumulative       : 1->2: 1
accepted directly from s0    : 0
Gym endings cumulative       : terminated=100, truncated=0

[Episode 200/12000 | last 100]
success rate                : 0.0% (cumulative 0.0%)
failure rate                : 0.0% (cumulative 0.0%)
completed cycles / episode  : 0.000
synthetic task reward       : 0.000
shaping reward              : -856.696
learning reward             : -856.696
episode length              : 92.7
abstract changes / episode  : 49.3
same abstract-state steps   : 46.8%
same-state shaping / episode: 0.000
changed-state shaping / ep. : -856.696
terminal shaping / episode  : -8.455
DFA transitions / episode   : 0.02
DFA transitions in window   : 1->2: 2
epsilon (next episode)       : 0.96079
replay buffer                : 18222 samples [1: 99.6%, 2: 0.4%, 3: 0.0%, 4: 0.0%, 5: 0.0%]
DFA state visits in window   : 1: 9315, 2: 50, 3: 0, 4: 0, 5: 0
DFA state visits cumulative  : 1: 18349, 2: 73, 3: 0, 4: 0, 5: 0
DFA state entries in window  : 1: 100, 2: 2, 3: 0, 4: 0, 5: 0
DFA state entries cumulative : 1: 200, 2: 3, 3: 0, 4: 0, 5: 0
transitions cumulative       : 1->2: 3
accepted directly from s0    : 0
Gym endings cumulative       : terminated=200, truncated=0

[Episode 300/12000 | last 100]
success rate                : 0.0% (cumulative 0.0%)
failure rate                : 0.0% (cumulative 0.0%)
completed cycles / episode  : 0.000
synthetic task reward       : 0.000
shaping reward              : -879.907
learning reward             : -879.907
episode length              : 96.2
abstract changes / episode  : 49.8
same abstract-state steps   : 48.2%
same-state shaping / episode: 0.000
changed-state shaping / ep. : -879.907
terminal shaping / episode  : -8.893
DFA transitions / episode   : 0.01
DFA transitions in window   : 1->2: 1
epsilon (next episode)       : 0.94176
replay buffer                : 27838 samples [1: 99.6%, 2: 0.4%, 3: 0.0%, 4: 0.0%, 5: 0.0%]
DFA state visits in window   : 1: 9680, 2: 36, 3: 0, 4: 0, 5: 0
DFA state visits cumulative  : 1: 28029, 2: 109, 3: 0, 4: 0, 5: 0
DFA state entries in window  : 1: 100, 2: 1, 3: 0, 4: 0, 5: 0
DFA state entries cumulative : 1: 300, 2: 4, 3: 0, 4: 0, 5: 0
transitions cumulative       : 1->2: 4
accepted directly from s0    : 0
Gym endings cumulative       : terminated=300, truncated=0

[Episode 400/12000 | last 100]
success rate                : 0.0% (cumulative 0.0%)
failure rate                : 0.0% (cumulative 0.0%)
completed cycles / episode  : 0.000
synthetic task reward       : 0.000
shaping reward              : -861.354
learning reward             : -861.354
episode length              : 93.7
abstract changes / episode  : 49.0
same abstract-state steps   : 47.7%
same-state shaping / episode: 0.000
changed-state shaping / ep. : -861.354
terminal shaping / episode  : -8.947
DFA transitions / episode   : 0.01
DFA transitions in window   : 1->2: 1
epsilon (next episode)       : 0.92311
replay buffer                : 37212 samples [1: 99.7%, 2: 0.3%, 3: 0.0%, 4: 0.0%, 5: 0.0%]
DFA state visits in window   : 1: 9451, 2: 23, 3: 0, 4: 0, 5: 0
DFA state visits cumulative  : 1: 37480, 2: 132, 3: 0, 4: 0, 5: 0
DFA state entries in window  : 1: 100, 2: 1, 3: 0, 4: 0, 5: 0
DFA state entries cumulative : 1: 400, 2: 5, 3: 0, 4: 0, 5: 0
transitions cumulative       : 1->2: 5
accepted directly from s0    : 0
Gym endings cumulative       : terminated=400, truncated=0

[Episode 500/12000 | last 100]
success rate                : 0.0% (cumulative 0.0%)
failure rate                : 0.0% (cumulative 0.0%)
completed cycles / episode  : 0.000
synthetic task reward       : 0.000
shaping reward              : -836.073
learning reward             : -836.073
episode length              : 98.3
abstract changes / episode  : 50.1
same abstract-state steps   : 49.0%
same-state shaping / episode: 0.000
changed-state shaping / ep. : -836.073
terminal shaping / episode  : -9.969
DFA transitions / episode   : 0.03
DFA transitions in window   : 1->2: 3
epsilon (next episode)       : 0.90483
replay buffer                : 47041 samples [1: 99.5%, 2: 0.5%, 3: 0.0%, 4: 0.0%, 5: 0.0%]
DFA state visits in window   : 1: 9831, 2: 98, 3: 0, 4: 0, 5: 0
DFA state visits cumulative  : 1: 47311, 2: 230, 3: 0, 4: 0, 5: 0
DFA state entries in window  : 1: 100, 2: 3, 3: 0, 4: 0, 5: 0
DFA state entries cumulative : 1: 500, 2: 8, 3: 0, 4: 0, 5: 0
transitions cumulative       : 1->2: 8
accepted directly from s0    : 0
Gym endings cumulative       : terminated=500, truncated=0

Starting autonomous greedy evaluation at episode 500 (1000 fixed-seed episodes)...
[Greedy evaluation at episode 500 | 1000 fixed-seed episodes]
success=0.0%, failure=0.0%, task reward=0.000, length=748.9
DFA transitions: none
Best policy updated from autonomous greedy evaluation at episode 500.

[Episode 600/12000 | last 100]
success rate                : 0.0% (cumulative 0.0%)
failure rate                : 0.0% (cumulative 0.0%)
completed cycles / episode  : 0.000
synthetic task reward       : 0.000
shaping reward              : -864.096
learning reward             : -864.096
episode length              : 97.5
abstract changes / episode  : 49.9
same abstract-state steps   : 48.9%
same-state shaping / episode: 0.000
changed-state shaping / ep. : -864.096
terminal shaping / episode  : -7.334
DFA transitions / episode   : 0.03
DFA transitions in window   : 1->2: 3
epsilon (next episode)       : 0.88691
replay buffer                : 56788 samples [1: 99.5%, 2: 0.5%, 3: 0.0%, 4: 0.0%, 5: 0.0%]
DFA state visits in window   : 1: 9769, 2: 78, 3: 0, 4: 0, 5: 0
DFA state visits cumulative  : 1: 57080, 2: 308, 3: 0, 4: 0, 5: 0
DFA state entries in window  : 1: 100, 2: 3, 3: 0, 4: 0, 5: 0
DFA state entries cumulative : 1: 600, 2: 11, 3: 0, 4: 0, 5: 0
transitions cumulative       : 1->2: 11
accepted directly from s0    : 0
Gym endings cumulative       : terminated=600, truncated=0

[Episode 700/12000 | last 100]
success rate                : 0.0% (cumulative 0.0%)
failure rate                : 0.0% (cumulative 0.0%)
completed cycles / episode  : 0.000
synthetic task reward       : 0.000
shaping reward              : -797.418
learning reward             : -797.418
episode length              : 102.6
abstract changes / episode  : 49.9
same abstract-state steps   : 51.4%
same-state shaping / episode: 0.000
changed-state shaping / ep. : -797.418
terminal shaping / episode  : -7.797
DFA transitions / episode   : 0.04
DFA transitions in window   : 1->2: 4
epsilon (next episode)       : 0.86935
replay buffer                : 67051 samples [1: 99.4%, 2: 0.6%, 3: 0.0%, 4: 0.0%, 5: 0.0%]
DFA state visits in window   : 1: 10246, 2: 117, 3: 0, 4: 0, 5: 0
DFA state visits cumulative  : 1: 67326, 2: 425, 3: 0, 4: 0, 5: 0
DFA state entries in window  : 1: 100, 2: 4, 3: 0, 4: 0, 5: 0
DFA state entries cumulative : 1: 700, 2: 15, 3: 0, 4: 0, 5: 0
transitions cumulative       : 1->2: 15
accepted directly from s0    : 0
Gym endings cumulative       : terminated=700, truncated=0

[Episode 800/12000 | last 100]
success rate                : 0.0% (cumulative 0.0%)
failure rate                : 0.0% (cumulative 0.0%)
completed cycles / episode  : 0.000
synthetic task reward       : 0.000
shaping reward              : -767.185
learning reward             : -767.185
episode length              : 94.3
abstract changes / episode  : 48.1
same abstract-state steps   : 49.0%
same-state shaping / episode: 0.000
changed-state shaping / ep. : -767.185
terminal shaping / episode  : -7.526
DFA transitions / episode   : 0.05
DFA transitions in window   : 1->2: 5
epsilon (next episode)       : 0.85213
replay buffer                : 76477 samples [1: 99.3%, 2: 0.7%, 3: 0.0%, 4: 0.0%, 5: 0.0%]
DFA state visits in window   : 1: 9432, 2: 94, 3: 0, 4: 0, 5: 0
DFA state visits cumulative  : 1: 76758, 2: 519, 3: 0, 4: 0, 5: 0
DFA state entries in window  : 1: 100, 2: 5, 3: 0, 4: 0, 5: 0
DFA state entries cumulative : 1: 800, 2: 20, 3: 0, 4: 0, 5: 0
transitions cumulative       : 1->2: 20
accepted directly from s0    : 0
Gym endings cumulative       : terminated=800, truncated=0

[Episode 900/12000 | last 100]
success rate                : 0.0% (cumulative 0.0%)
failure rate                : 0.0% (cumulative 0.0%)
completed cycles / episode  : 0.000
synthetic task reward       : 0.000
shaping reward              : -790.940
learning reward             : -790.940
episode length              : 101.4
abstract changes / episode  : 50.1
same abstract-state steps   : 50.6%
same-state shaping / episode: 0.000
changed-state shaping / ep. : -790.940
terminal shaping / episode  : -9.139
DFA transitions / episode   : 0.03
DFA transitions in window   : 1->2: 3
epsilon (next episode)       : 0.83526
replay buffer                : 86616 samples [1: 99.4%, 2: 0.6%, 3: 0.0%, 4: 0.0%, 5: 0.0%]
DFA state visits in window   : 1: 10174, 2: 65, 3: 0, 4: 0, 5: 0
DFA state visits cumulative  : 1: 86932, 2: 584, 3: 0, 4: 0, 5: 0
DFA state entries in window  : 1: 100, 2: 3, 3: 0, 4: 0, 5: 0
DFA state entries cumulative : 1: 900, 2: 23, 3: 0, 4: 0, 5: 0
transitions cumulative       : 1->2: 23
accepted directly from s0    : 0
Gym endings cumulative       : terminated=900, truncated=0

[Episode 1000/12000 | last 100]
success rate                : 0.0% (cumulative 0.0%)
failure rate                : 0.0% (cumulative 0.0%)
completed cycles / episode  : 0.000
synthetic task reward       : 0.000
shaping reward              : -659.508
learning reward             : -659.508
episode length              : 103.2
abstract changes / episode  : 47.8
same abstract-state steps   : 53.7%
same-state shaping / episode: 0.000
changed-state shaping / ep. : -659.508
terminal shaping / episode  : -7.654
DFA transitions / episode   : 0.06
DFA transitions in window   : 1->2: 6
epsilon (next episode)       : 0.81871
replay buffer                : 96936 samples [1: 99.3%, 2: 0.7%, 3: 0.0%, 4: 0.0%, 5: 0.0%]
DFA state visits in window   : 1: 10254, 2: 166, 3: 0, 4: 0, 5: 0
DFA state visits cumulative  : 1: 97186, 2: 750, 3: 0, 4: 0, 5: 0
DFA state entries in window  : 1: 100, 2: 6, 3: 0, 4: 0, 5: 0
DFA state entries cumulative : 1: 1000, 2: 29, 3: 0, 4: 0, 5: 0
transitions cumulative       : 1->2: 29
accepted directly from s0    : 0
Gym endings cumulative       : terminated=1000, truncated=0

Starting autonomous greedy evaluation at episode 1000 (1000 fixed-seed episodes)...
[Greedy evaluation at episode 1000 | 1000 fixed-seed episodes]
success=0.0%, failure=0.0%, task reward=0.000, length=103.9
DFA transitions: none
Best policy updated from autonomous greedy evaluation at episode 1000.

[Episode 1100/12000 | last 100]
success rate                : 0.0% (cumulative 0.0%)
failure rate                : 0.0% (cumulative 0.0%)
completed cycles / episode  : 0.000
synthetic task reward       : 0.000
shaping reward              : -797.860
learning reward             : -797.860
episode length              : 102.2
abstract changes / episode  : 49.5
same abstract-state steps   : 51.6%
same-state shaping / episode: 0.000
changed-state shaping / ep. : -797.860
terminal shaping / episode  : -4.818
DFA transitions / episode   : 0.01
DFA transitions in window   : 1->2: 1
epsilon (next episode)       : 0.80250
replay buffer                : 107156 samples [1: 99.3%, 2: 0.7%, 3: 0.0%, 4: 0.0%, 5: 0.0%]
DFA state visits in window   : 1: 10298, 2: 22, 3: 0, 4: 0, 5: 0
DFA state visits cumulative  : 1: 107484, 2: 772, 3: 0, 4: 0, 5: 0
DFA state entries in window  : 1: 100, 2: 1, 3: 0, 4: 0, 5: 0
DFA state entries cumulative : 1: 1100, 2: 30, 3: 0, 4: 0, 5: 0
transitions cumulative       : 1->2: 30
accepted directly from s0    : 0
Gym endings cumulative       : terminated=1100, truncated=0

[Episode 1200/12000 | last 100]
success rate                : 0.0% (cumulative 0.0%)
failure rate                : 0.0% (cumulative 0.0%)
completed cycles / episode  : 0.000
synthetic task reward       : 0.000
shaping reward              : -752.210
learning reward             : -752.210
episode length              : 106.9
abstract changes / episode  : 49.7
same abstract-state steps   : 53.5%
same-state shaping / episode: 0.000
changed-state shaping / ep. : -752.210
terminal shaping / episode  : -11.669
DFA transitions / episode   : 0.04
DFA transitions in window   : 1->2: 4
epsilon (next episode)       : 0.78661
replay buffer                : 117842 samples [1: 99.3%, 2: 0.7%, 3: 0.0%, 4: 0.0%, 5: 0.0%]
DFA state visits in window   : 1: 10674, 2: 112, 3: 0, 4: 0, 5: 0
DFA state visits cumulative  : 1: 118158, 2: 884, 3: 0, 4: 0, 5: 0
DFA state entries in window  : 1: 100, 2: 4, 3: 0, 4: 0, 5: 0
DFA state entries cumulative : 1: 1200, 2: 34, 3: 0, 4: 0, 5: 0
transitions cumulative       : 1->2: 34
accepted directly from s0    : 0
Gym endings cumulative       : terminated=1200, truncated=0

[Episode 1300/12000 | last 100]
success rate                : 0.0% (cumulative 0.0%)
failure rate                : 0.0% (cumulative 0.0%)
completed cycles / episode  : 0.000
synthetic task reward       : 0.000
shaping reward              : -796.740
learning reward             : -796.740
episode length              : 114.5
abstract changes / episode  : 50.8
same abstract-state steps   : 55.6%
same-state shaping / episode: 0.000
changed-state shaping / ep. : -796.740
terminal shaping / episode  : -7.055
DFA transitions / episode   : 0.03
DFA transitions in window   : 1->2: 3
epsilon (next episode)       : 0.77103
replay buffer                : 129288 samples [1: 99.3%, 2: 0.7%, 3: 0.0%, 4: 0.0%, 5: 0.0%]
DFA state visits in window   : 1: 11434, 2: 112, 3: 0, 4: 0, 5: 0
DFA state visits cumulative  : 1: 129592, 2: 996, 3: 0, 4: 0, 5: 0
DFA state entries in window  : 1: 100, 2: 3, 3: 0, 4: 0, 5: 0
DFA state entries cumulative : 1: 1300, 2: 37, 3: 0, 4: 0, 5: 0
transitions cumulative       : 1->2: 37
accepted directly from s0    : 0
Gym endings cumulative       : terminated=1300, truncated=0

[Episode 1400/12000 | last 100]
success rate                : 0.0% (cumulative 0.0%)
failure rate                : 0.0% (cumulative 0.0%)
completed cycles / episode  : 0.000
synthetic task reward       : 0.000
shaping reward              : -806.903
learning reward             : -806.903
episode length              : 131.5
abstract changes / episode  : 52.8
same abstract-state steps   : 59.8%
same-state shaping / episode: 0.000
changed-state shaping / ep. : -806.903
terminal shaping / episode  : -7.398
DFA transitions / episode   : 0.04
DFA transitions in window   : 1->2: 4
epsilon (next episode)       : 0.75576
replay buffer                : 142434 samples [1: 99.2%, 2: 0.8%, 3: 0.0%, 4: 0.0%, 5: 0.0%]
DFA state visits in window   : 1: 13066, 2: 180, 3: 0, 4: 0, 5: 0
DFA state visits cumulative  : 1: 142658, 2: 1176, 3: 0, 4: 0, 5: 0
DFA state entries in window  : 1: 100, 2: 4, 3: 0, 4: 0, 5: 0
DFA state entries cumulative : 1: 1400, 2: 41, 3: 0, 4: 0, 5: 0
transitions cumulative       : 1->2: 41
accepted directly from s0    : 0
Gym endings cumulative       : terminated=1399, truncated=1

[Episode 1500/12000 | last 100]
success rate                : 0.0% (cumulative 0.0%)
failure rate                : 0.0% (cumulative 0.0%)
completed cycles / episode  : 0.000
synthetic task reward       : 0.000
shaping reward              : -844.003
learning reward             : -844.003
episode length              : 115.8
abstract changes / episode  : 50.5
same abstract-state steps   : 56.4%
same-state shaping / episode: 0.000
changed-state shaping / ep. : -844.003
terminal shaping / episode  : -8.533
DFA transitions / episode   : 0.04
DFA transitions in window   : 1->2: 4
epsilon (next episode)       : 0.74080
replay buffer                : 154010 samples [1: 99.2%, 2: 0.8%, 3: 0.0%, 4: 0.0%, 5: 0.0%]
DFA state visits in window   : 1: 11518, 2: 158, 3: 0, 4: 0, 5: 0
DFA state visits cumulative  : 1: 154176, 2: 1334, 3: 0, 4: 0, 5: 0
DFA state entries in window  : 1: 100, 2: 4, 3: 0, 4: 0, 5: 0
DFA state entries cumulative : 1: 1500, 2: 45, 3: 0, 4: 0, 5: 0
transitions cumulative       : 1->2: 45
accepted directly from s0    : 0
Gym endings cumulative       : terminated=1499, truncated=1

Starting autonomous greedy evaluation at episode 1500 (1000 fixed-seed episodes)...
[Greedy evaluation at episode 1500 | 1000 fixed-seed episodes]
success=0.0%, failure=0.0%, task reward=0.000, length=146.7
DFA transitions: 1->2: 1

[Episode 1600/12000 | last 100]
success rate                : 0.0% (cumulative 0.0%)
failure rate                : 0.0% (cumulative 0.0%)
completed cycles / episode  : 0.000
synthetic task reward       : 0.000
shaping reward              : -918.907
learning reward             : -918.907
episode length              : 116.5
abstract changes / episode  : 49.6
same abstract-state steps   : 57.5%
same-state shaping / episode: 0.000
changed-state shaping / ep. : -918.907
terminal shaping / episode  : -5.256
DFA transitions / episode   : 0.00
DFA transitions in window   : none
epsilon (next episode)       : 0.72613
replay buffer                : 165663 samples [1: 99.2%, 2: 0.8%, 3: 0.0%, 4: 0.0%, 5: 0.0%]
DFA state visits in window   : 1: 11753, 2: 0, 3: 0, 4: 0, 5: 0
DFA state visits cumulative  : 1: 165929, 2: 1334, 3: 0, 4: 0, 5: 0
DFA state entries in window  : 1: 100, 2: 0, 3: 0, 4: 0, 5: 0
DFA state entries cumulative : 1: 1600, 2: 45, 3: 0, 4: 0, 5: 0
transitions cumulative       : 1->2: 45
accepted directly from s0    : 0
Gym endings cumulative       : terminated=1599, truncated=1

[Episode 1700/12000 | last 100]
success rate                : 0.0% (cumulative 0.0%)
failure rate                : 0.0% (cumulative 0.0%)
completed cycles / episode  : 0.000
synthetic task reward       : 0.000
shaping reward              : -895.819
learning reward             : -895.819
episode length              : 122.1
abstract changes / episode  : 50.1
same abstract-state steps   : 59.0%
same-state shaping / episode: 0.000
changed-state shaping / ep. : -895.819
terminal shaping / episode  : -7.039
DFA transitions / episode   : 0.03
DFA transitions in window   : 1->2: 3
epsilon (next episode)       : 0.71175
replay buffer                : 177869 samples [1: 99.2%, 2: 0.8%, 3: 0.0%, 4: 0.0%, 5: 0.0%]
DFA state visits in window   : 1: 12180, 2: 126, 3: 0, 4: 0, 5: 0
DFA state visits cumulative  : 1: 178109, 2: 1460, 3: 0, 4: 0, 5: 0
DFA state entries in window  : 1: 100, 2: 3, 3: 0, 4: 0, 5: 0
DFA state entries cumulative : 1: 1700, 2: 48, 3: 0, 4: 0, 5: 0
transitions cumulative       : 1->2: 48
accepted directly from s0    : 0
Gym endings cumulative       : terminated=1699, truncated=1

[Episode 1800/12000 | last 100]
success rate                : 0.0% (cumulative 0.0%)
failure rate                : 0.0% (cumulative 0.0%)
completed cycles / episode  : 0.000
synthetic task reward       : 0.000
shaping reward              : -887.796
learning reward             : -887.796
episode length              : 138.7
abstract changes / episode  : 52.9
same abstract-state steps   : 61.9%
same-state shaping / episode: 0.000
changed-state shaping / ep. : -887.796
terminal shaping / episode  : -3.096
DFA transitions / episode   : 0.02
DFA transitions in window   : 1->2: 2
epsilon (next episode)       : 0.69765
replay buffer                : 191742 samples [1: 99.2%, 2: 0.8%, 3: 0.0%, 4: 0.0%, 5: 0.0%]
DFA state visits in window   : 1: 13865, 2: 108, 3: 0, 4: 0, 5: 0
DFA state visits cumulative  : 1: 191974, 2: 1568, 3: 0, 4: 0, 5: 0
DFA state entries in window  : 1: 100, 2: 2, 3: 0, 4: 0, 5: 0
DFA state entries cumulative : 1: 1800, 2: 50, 3: 0, 4: 0, 5: 0
transitions cumulative       : 1->2: 50
accepted directly from s0    : 0
Gym endings cumulative       : terminated=1799, truncated=1

[Episode 1900/12000 | last 100]
success rate                : 0.0% (cumulative 0.0%)
failure rate                : 0.0% (cumulative 0.0%)
completed cycles / episode  : 0.000
synthetic task reward       : 0.000
shaping reward              : -853.104
learning reward             : -853.104
episode length              : 151.1
abstract changes / episode  : 54.5
same abstract-state steps   : 64.0%
same-state shaping / episode: 0.000
changed-state shaping / ep. : -853.104
terminal shaping / episode  : -6.781
DFA transitions / episode   : 0.02
DFA transitions in window   : 1->2: 2
epsilon (next episode)       : 0.68384
replay buffer                : 206850 samples [1: 99.2%, 2: 0.8%, 3: 0.0%, 4: 0.0%, 5: 0.0%]
DFA state visits in window   : 1: 15125, 2: 83, 3: 0, 4: 0, 5: 0
DFA state visits cumulative  : 1: 207099, 2: 1651, 3: 0, 4: 0, 5: 0
DFA state entries in window  : 1: 100, 2: 2, 3: 0, 4: 0, 5: 0
DFA state entries cumulative : 1: 1900, 2: 52, 3: 0, 4: 0, 5: 0
transitions cumulative       : 1->2: 52
accepted directly from s0    : 0
Gym endings cumulative       : terminated=1899, truncated=1

[Episode 2000/12000 | last 100]
success rate                : 0.0% (cumulative 0.0%)
failure rate                : 0.0% (cumulative 0.0%)
completed cycles / episode  : 0.000
synthetic task reward       : 0.000
shaping reward              : -814.313
learning reward             : -814.313
episode length              : 150.2
abstract changes / episode  : 53.3
same abstract-state steps   : 64.5%
same-state shaping / episode: 0.000
changed-state shaping / ep. : -814.313
terminal shaping / episode  : -4.726
DFA transitions / episode   : 0.01
DFA transitions in window   : 1->2: 1
epsilon (next episode)       : 0.67029
replay buffer                : 221866 samples [1: 99.2%, 2: 0.8%, 3: 0.0%, 4: 0.0%, 5: 0.0%]
DFA state visits in window   : 1: 15048, 2: 68, 3: 0, 4: 0, 5: 0
DFA state visits cumulative  : 1: 222147, 2: 1719, 3: 0, 4: 0, 5: 0
DFA state entries in window  : 1: 100, 2: 1, 3: 0, 4: 0, 5: 0
DFA state entries cumulative : 1: 2000, 2: 53, 3: 0, 4: 0, 5: 0
transitions cumulative       : 1->2: 53
accepted directly from s0    : 0
Gym endings cumulative       : terminated=1999, truncated=1

Starting autonomous greedy evaluation at episode 2000 (1000 fixed-seed episodes)...
[Greedy evaluation at episode 2000 | 1000 fixed-seed episodes]
success=0.0%, failure=0.0%, task reward=0.000, length=140.9
DFA transitions: none

[Episode 2100/12000 | last 100]
success rate                : 0.0% (cumulative 0.0%)
failure rate                : 0.0% (cumulative 0.0%)
completed cycles / episode  : 0.000
synthetic task reward       : 0.000
shaping reward              : -766.479
learning reward             : -766.479
episode length              : 142.5
abstract changes / episode  : 52.3
same abstract-state steps   : 63.3%
same-state shaping / episode: 0.000
changed-state shaping / ep. : -766.479
terminal shaping / episode  : -7.885
DFA transitions / episode   : 0.06
DFA transitions in window   : 1->2: 6
epsilon (next episode)       : 0.65702
replay buffer                : 236112 samples [1: 99.2%, 2: 0.8%, 3: 0.0%, 4: 0.0%, 5: 0.0%]
DFA state visits in window   : 1: 14034, 2: 312, 3: 0, 4: 0, 5: 0
DFA state visits cumulative  : 1: 236181, 2: 2031, 3: 0, 4: 0, 5: 0
DFA state entries in window  : 1: 100, 2: 6, 3: 0, 4: 0, 5: 0
DFA state entries cumulative : 1: 2100, 2: 59, 3: 0, 4: 0, 5: 0
transitions cumulative       : 1->2: 59
accepted directly from s0    : 0
Gym endings cumulative       : terminated=2099, truncated=1

[Episode 2200/12000 | last 100]
success rate                : 0.0% (cumulative 0.0%)
failure rate                : 0.0% (cumulative 0.0%)
completed cycles / episode  : 0.000
synthetic task reward       : 0.000
shaping reward              : -842.617
learning reward             : -842.617
episode length              : 142.2
abstract changes / episode  : 54.2
same abstract-state steps   : 61.9%
same-state shaping / episode: 0.000
changed-state shaping / ep. : -842.617
terminal shaping / episode  : -3.675
DFA transitions / episode   : 0.05
DFA transitions in window   : 1->2: 5
epsilon (next episode)       : 0.64401
replay buffer                : 250335 samples [1: 99.1%, 2: 0.9%, 3: 0.0%, 4: 0.0%, 5: 0.0%]
DFA state visits in window   : 1: 14051, 2: 272, 3: 0, 4: 0, 5: 0
DFA state visits cumulative  : 1: 250232, 2: 2303, 3: 0, 4: 0, 5: 0
DFA state entries in window  : 1: 100, 2: 5, 3: 0, 4: 0, 5: 0
DFA state entries cumulative : 1: 2200, 2: 64, 3: 0, 4: 0, 5: 0
transitions cumulative       : 1->2: 64
accepted directly from s0    : 0
Gym endings cumulative       : terminated=2199, truncated=1

[Episode 2300/12000 | last 100]
success rate                : 0.0% (cumulative 0.0%)
failure rate                : 0.0% (cumulative 0.0%)
completed cycles / episode  : 0.000
synthetic task reward       : 0.000
shaping reward              : -828.456
learning reward             : -828.456
episode length              : 151.1
abstract changes / episode  : 53.5
same abstract-state steps   : 64.6%
same-state shaping / episode: 0.000
changed-state shaping / ep. : -828.456
terminal shaping / episode  : -2.463
DFA transitions / episode   : 0.02
DFA transitions in window   : 1->2: 2
epsilon (next episode)       : 0.63125
replay buffer                : 265447 samples [1: 99.1%, 2: 0.9%, 3: 0.0%, 4: 0.0%, 5: 0.0%]
DFA state visits in window   : 1: 15072, 2: 140, 3: 0, 4: 0, 5: 0
DFA state visits cumulative  : 1: 265304, 2: 2443, 3: 0, 4: 0, 5: 0
DFA state entries in window  : 1: 100, 2: 2, 3: 0, 4: 0, 5: 0
DFA state entries cumulative : 1: 2300, 2: 66, 3: 0, 4: 0, 5: 0
transitions cumulative       : 1->2: 66
accepted directly from s0    : 0
Gym endings cumulative       : terminated=2299, truncated=1

[Episode 2400/12000 | last 100]
success rate                : 0.0% (cumulative 0.0%)
failure rate                : 0.0% (cumulative 0.0%)
completed cycles / episode  : 0.000
synthetic task reward       : 0.000
shaping reward              : -815.080
learning reward             : -815.080
episode length              : 158.9
abstract changes / episode  : 55.7
same abstract-state steps   : 65.0%
same-state shaping / episode: 0.000
changed-state shaping / ep. : -815.080
terminal shaping / episode  : -1.046
DFA transitions / episode   : 0.04
DFA transitions in window   : 1->2: 4
epsilon (next episode)       : 0.61875
replay buffer                : 281337 samples [1: 99.1%, 2: 0.9%, 3: 0.0%, 4: 0.0%, 5: 0.0%]
DFA state visits in window   : 1: 15711, 2: 279, 3: 0, 4: 0, 5: 0
DFA state visits cumulative  : 1: 281015, 2: 2722, 3: 0, 4: 0, 5: 0
DFA state entries in window  : 1: 100, 2: 4, 3: 0, 4: 0, 5: 0
DFA state entries cumulative : 1: 2400, 2: 70, 3: 0, 4: 0, 5: 0
transitions cumulative       : 1->2: 70
accepted directly from s0    : 0
Gym endings cumulative       : terminated=2399, truncated=1

[Episode 2500/12000 | last 100]
success rate                : 0.0% (cumulative 0.0%)
failure rate                : 0.0% (cumulative 0.0%)
completed cycles / episode  : 0.000
synthetic task reward       : 0.000
shaping reward              : -804.617
learning reward             : -804.617
episode length              : 147.8
abstract changes / episode  : 51.9
same abstract-state steps   : 64.9%
same-state shaping / episode: 0.000
changed-state shaping / ep. : -804.617
terminal shaping / episode  : -4.292
DFA transitions / episode   : 0.03
DFA transitions in window   : 1->2: 3
epsilon (next episode)       : 0.60650
replay buffer                : 296115 samples [1: 99.1%, 2: 0.9%, 3: 0.0%, 4: 0.0%, 5: 0.0%]
DFA state visits in window   : 1: 14773, 2: 105, 3: 0, 4: 0, 5: 0
DFA state visits cumulative  : 1: 295788, 2: 2827, 3: 0, 4: 0, 5: 0
DFA state entries in window  : 1: 100, 2: 3, 3: 0, 4: 0, 5: 0
DFA state entries cumulative : 1: 2500, 2: 73, 3: 0, 4: 0, 5: 0
transitions cumulative       : 1->2: 73
accepted directly from s0    : 0
Gym endings cumulative       : terminated=2499, truncated=1

Starting autonomous greedy evaluation at episode 2500 (1000 fixed-seed episodes)...
[Greedy evaluation at episode 2500 | 1000 fixed-seed episodes]
success=0.0%, failure=0.0%, task reward=0.000, length=164.1
DFA transitions: none

[Episode 2600/12000 | last 100]
success rate                : 0.0% (cumulative 0.0%)
failure rate                : 0.0% (cumulative 0.0%)
completed cycles / episode  : 0.000
synthetic task reward       : 0.000
shaping reward              : -888.141
learning reward             : -888.141
episode length              : 142.2
abstract changes / episode  : 54.7
same abstract-state steps   : 61.6%
same-state shaping / episode: 0.000
changed-state shaping / ep. : -888.141
terminal shaping / episode  : -5.296
DFA transitions / episode   : 0.00
DFA transitions in window   : none
epsilon (next episode)       : 0.59449
replay buffer                : 300000 samples [1: 99.1%, 2: 0.9%, 3: 0.0%, 4: 0.0%, 5: 0.0%]
DFA state visits in window   : 1: 14316, 2: 0, 3: 0, 4: 0, 5: 0
DFA state visits cumulative  : 1: 310104, 2: 2827, 3: 0, 4: 0, 5: 0
DFA state entries in window  : 1: 100, 2: 0, 3: 0, 4: 0, 5: 0
DFA state entries cumulative : 1: 2600, 2: 73, 3: 0, 4: 0, 5: 0
transitions cumulative       : 1->2: 73
accepted directly from s0    : 0
Gym endings cumulative       : terminated=2599, truncated=1

[Episode 2700/12000 | last 100]
success rate                : 0.0% (cumulative 0.0%)
failure rate                : 0.0% (cumulative 0.0%)
completed cycles / episode  : 0.000
synthetic task reward       : 0.000
shaping reward              : -903.681
learning reward             : -903.681
episode length              : 133.2
abstract changes / episode  : 54.7
same abstract-state steps   : 59.0%
same-state shaping / episode: 0.000
changed-state shaping / ep. : -903.681
terminal shaping / episode  : -3.685
DFA transitions / episode   : 0.00
DFA transitions in window   : none
epsilon (next episode)       : 0.58272
replay buffer                : 300000 samples [1: 99.1%, 2: 0.9%, 3: 0.0%, 4: 0.0%, 5: 0.0%]
DFA state visits in window   : 1: 13424, 2: 0, 3: 0, 4: 0, 5: 0
DFA state visits cumulative  : 1: 323528, 2: 2827, 3: 0, 4: 0, 5: 0
DFA state entries in window  : 1: 100, 2: 0, 3: 0, 4: 0, 5: 0
DFA state entries cumulative : 1: 2700, 2: 73, 3: 0, 4: 0, 5: 0
transitions cumulative       : 1->2: 73
accepted directly from s0    : 0
Gym endings cumulative       : terminated=2699, truncated=1

[Episode 2800/12000 | last 100]
success rate                : 0.0% (cumulative 0.0%)
failure rate                : 0.0% (cumulative 0.0%)
completed cycles / episode  : 0.000
synthetic task reward       : 0.000
shaping reward              : -890.682
learning reward             : -890.682
episode length              : 119.3
abstract changes / episode  : 51.5
same abstract-state steps   : 56.8%
same-state shaping / episode: 0.000
changed-state shaping / ep. : -890.682
terminal shaping / episode  : -2.623
DFA transitions / episode   : 0.00
DFA transitions in window   : none
epsilon (next episode)       : 0.57118
replay buffer                : 300000 samples [1: 99.1%, 2: 0.9%, 3: 0.0%, 4: 0.0%, 5: 0.0%]
DFA state visits in window   : 1: 12033, 2: 0, 3: 0, 4: 0, 5: 0
DFA state visits cumulative  : 1: 335561, 2: 2827, 3: 0, 4: 0, 5: 0
DFA state entries in window  : 1: 100, 2: 0, 3: 0, 4: 0, 5: 0
DFA state entries cumulative : 1: 2800, 2: 73, 3: 0, 4: 0, 5: 0
transitions cumulative       : 1->2: 73
accepted directly from s0    : 0
Gym endings cumulative       : terminated=2799, truncated=1

[Episode 2900/12000 | last 100]
success rate                : 0.0% (cumulative 0.0%)
failure rate                : 0.0% (cumulative 0.0%)
completed cycles / episode  : 0.000
synthetic task reward       : 0.000
shaping reward              : -912.203
learning reward             : -912.203
episode length              : 152.8
abstract changes / episode  : 57.8
same abstract-state steps   : 62.2%
same-state shaping / episode: 0.000
changed-state shaping / ep. : -912.203
terminal shaping / episode  : -2.097
DFA transitions / episode   : 0.00
DFA transitions in window   : none
epsilon (next episode)       : 0.55987
replay buffer                : 300000 samples [1: 99.2%, 2: 0.8%, 3: 0.0%, 4: 0.0%, 5: 0.0%]
DFA state visits in window   : 1: 15380, 2: 0, 3: 0, 4: 0, 5: 0
DFA state visits cumulative  : 1: 350941, 2: 2827, 3: 0, 4: 0, 5: 0
DFA state entries in window  : 1: 100, 2: 0, 3: 0, 4: 0, 5: 0
DFA state entries cumulative : 1: 2900, 2: 73, 3: 0, 4: 0, 5: 0
transitions cumulative       : 1->2: 73
accepted directly from s0    : 0
Gym endings cumulative       : terminated=2897, truncated=3

[Episode 3000/12000 | last 100]
success rate                : 0.0% (cumulative 0.0%)
failure rate                : 0.0% (cumulative 0.0%)
completed cycles / episode  : 0.000
synthetic task reward       : 0.000
shaping reward              : -914.790
learning reward             : -914.790
episode length              : 150.9
abstract changes / episode  : 55.3
same abstract-state steps   : 63.4%
same-state shaping / episode: 0.000
changed-state shaping / ep. : -914.790
terminal shaping / episode  : -2.586
DFA transitions / episode   : 0.00
DFA transitions in window   : none
epsilon (next episode)       : 0.54878
replay buffer                : 300000 samples [1: 99.2%, 2: 0.8%, 3: 0.0%, 4: 0.0%, 5: 0.0%]
DFA state visits in window   : 1: 15194, 2: 0, 3: 0, 4: 0, 5: 0
DFA state visits cumulative  : 1: 366135, 2: 2827, 3: 0, 4: 0, 5: 0
DFA state entries in window  : 1: 100, 2: 0, 3: 0, 4: 0, 5: 0
DFA state entries cumulative : 1: 3000, 2: 73, 3: 0, 4: 0, 5: 0
transitions cumulative       : 1->2: 73
accepted directly from s0    : 0
Gym endings cumulative       : terminated=2994, truncated=6

Starting autonomous greedy evaluation at episode 3000 (1000 fixed-seed episodes)...
[Greedy evaluation at episode 3000 | 1000 fixed-seed episodes]
success=0.0%, failure=0.0%, task reward=0.000, length=975.7
DFA transitions: none

[Episode 3100/12000 | last 100]
success rate                : 0.0% (cumulative 0.0%)
failure rate                : 0.0% (cumulative 0.0%)
completed cycles / episode  : 0.000
synthetic task reward       : 0.000
shaping reward              : -901.872
learning reward             : -901.872
episode length              : 164.0
abstract changes / episode  : 54.2
same abstract-state steps   : 66.9%
same-state shaping / episode: 0.000
changed-state shaping / ep. : -901.872
terminal shaping / episode  : -3.669
DFA transitions / episode   : 0.00
DFA transitions in window   : none
epsilon (next episode)       : 0.53791
replay buffer                : 300000 samples [1: 99.3%, 2: 0.7%, 3: 0.0%, 4: 0.0%, 5: 0.0%]
DFA state visits in window   : 1: 16502, 2: 0, 3: 0, 4: 0, 5: 0
DFA state visits cumulative  : 1: 382637, 2: 2827, 3: 0, 4: 0, 5: 0
DFA state entries in window  : 1: 100, 2: 0, 3: 0, 4: 0, 5: 0
DFA state entries cumulative : 1: 3100, 2: 73, 3: 0, 4: 0, 5: 0
transitions cumulative       : 1->2: 73
accepted directly from s0    : 0
Gym endings cumulative       : terminated=3091, truncated=9

[Episode 3200/12000 | last 100]
success rate                : 0.0% (cumulative 0.0%)
failure rate                : 0.0% (cumulative 0.0%)
completed cycles / episode  : 0.000
synthetic task reward       : 0.000
shaping reward              : -918.899
learning reward             : -918.899
episode length              : 153.2
abstract changes / episode  : 53.1
same abstract-state steps   : 65.3%
same-state shaping / episode: 0.000
changed-state shaping / ep. : -918.899
terminal shaping / episode  : -4.142
DFA transitions / episode   : 0.00
DFA transitions in window   : none
epsilon (next episode)       : 0.52726
replay buffer                : 300000 samples [1: 99.3%, 2: 0.7%, 3: 0.0%, 4: 0.0%, 5: 0.0%]
DFA state visits in window   : 1: 15417, 2: 0, 3: 0, 4: 0, 5: 0
DFA state visits cumulative  : 1: 398054, 2: 2827, 3: 0, 4: 0, 5: 0
DFA state entries in window  : 1: 100, 2: 0, 3: 0, 4: 0, 5: 0
DFA state entries cumulative : 1: 3200, 2: 73, 3: 0, 4: 0, 5: 0
transitions cumulative       : 1->2: 73
accepted directly from s0    : 0
Gym endings cumulative       : terminated=3188, truncated=12

[Episode 3300/12000 | last 100]
success rate                : 0.0% (cumulative 0.0%)
failure rate                : 0.0% (cumulative 0.0%)
completed cycles / episode  : 0.000
synthetic task reward       : 0.000
shaping reward              : -908.330
learning reward             : -908.330
episode length              : 195.4
abstract changes / episode  : 54.4
same abstract-state steps   : 72.2%
same-state shaping / episode: 0.000
changed-state shaping / ep. : -908.330
terminal shaping / episode  : -3.138
DFA transitions / episode   : 0.00
DFA transitions in window   : none
epsilon (next episode)       : 0.51682
replay buffer                : 300000 samples [1: 99.4%, 2: 0.6%, 3: 0.0%, 4: 0.0%, 5: 0.0%]
DFA state visits in window   : 1: 19645, 2: 0, 3: 0, 4: 0, 5: 0
DFA state visits cumulative  : 1: 417699, 2: 2827, 3: 0, 4: 0, 5: 0
DFA state entries in window  : 1: 100, 2: 0, 3: 0, 4: 0, 5: 0
DFA state entries cumulative : 1: 3300, 2: 73, 3: 0, 4: 0, 5: 0
transitions cumulative       : 1->2: 73
accepted directly from s0    : 0
Gym endings cumulative       : terminated=3280, truncated=20

[Episode 3400/12000 | last 100]
success rate                : 0.0% (cumulative 0.0%)
failure rate                : 0.0% (cumulative 0.0%)
completed cycles / episode  : 0.000
synthetic task reward       : 0.000
shaping reward              : -930.856
learning reward             : -930.856
episode length              : 173.6
abstract changes / episode  : 55.4
same abstract-state steps   : 68.1%
same-state shaping / episode: 0.000
changed-state shaping / ep. : -930.856
terminal shaping / episode  : -2.087
DFA transitions / episode   : 0.00
DFA transitions in window   : none
epsilon (next episode)       : 0.50658
replay buffer                : 300000 samples [1: 99.4%, 2: 0.6%, 3: 0.0%, 4: 0.0%, 5: 0.0%]
DFA state visits in window   : 1: 17458, 2: 0, 3: 0, 4: 0, 5: 0
DFA state visits cumulative  : 1: 435157, 2: 2827, 3: 0, 4: 0, 5: 0
DFA state entries in window  : 1: 100, 2: 0, 3: 0, 4: 0, 5: 0
DFA state entries cumulative : 1: 3400, 2: 73, 3: 0, 4: 0, 5: 0
transitions cumulative       : 1->2: 73
accepted directly from s0    : 0
Gym endings cumulative       : terminated=3375, truncated=25

[Episode 3500/12000 | last 100]
success rate                : 0.0% (cumulative 0.0%)
failure rate                : 0.0% (cumulative 0.0%)
completed cycles / episode  : 0.000
synthetic task reward       : 0.000
shaping reward              : -913.195
learning reward             : -913.195
episode length              : 183.7
abstract changes / episode  : 54.9
same abstract-state steps   : 70.1%
same-state shaping / episode: 0.000
changed-state shaping / ep. : -913.195
terminal shaping / episode  : -2.623
DFA transitions / episode   : 0.00
DFA transitions in window   : none
epsilon (next episode)       : 0.49655
replay buffer                : 300000 samples [1: 99.5%, 2: 0.5%, 3: 0.0%, 4: 0.0%, 5: 0.0%]
DFA state visits in window   : 1: 18474, 2: 0, 3: 0, 4: 0, 5: 0
DFA state visits cumulative  : 1: 453631, 2: 2827, 3: 0, 4: 0, 5: 0
DFA state entries in window  : 1: 100, 2: 0, 3: 0, 4: 0, 5: 0
DFA state entries cumulative : 1: 3500, 2: 73, 3: 0, 4: 0, 5: 0
transitions cumulative       : 1->2: 73
accepted directly from s0    : 0
Gym endings cumulative       : terminated=3469, truncated=31

Starting autonomous greedy evaluation at episode 3500 (1000 fixed-seed episodes)...
[Greedy evaluation at episode 3500 | 1000 fixed-seed episodes]
success=0.0%, failure=0.0%, task reward=0.000, length=318.2
DFA transitions: 1->2: 20

[Episode 3600/12000 | last 100]
success rate                : 0.0% (cumulative 0.0%)
failure rate                : 0.0% (cumulative 0.0%)
completed cycles / episode  : 0.000
synthetic task reward       : 0.000
shaping reward              : -923.862
learning reward             : -923.862
episode length              : 164.1
abstract changes / episode  : 54.9
same abstract-state steps   : 66.5%
same-state shaping / episode: 0.000
changed-state shaping / ep. : -923.862
terminal shaping / episode  : -4.137
DFA transitions / episode   : 0.00
DFA transitions in window   : none
epsilon (next episode)       : 0.48672
replay buffer                : 300000 samples [1: 99.5%, 2: 0.5%, 3: 0.0%, 4: 0.0%, 5: 0.0%]
DFA state visits in window   : 1: 16513, 2: 0, 3: 0, 4: 0, 5: 0
DFA state visits cumulative  : 1: 470144, 2: 2827, 3: 0, 4: 0, 5: 0
DFA state entries in window  : 1: 100, 2: 0, 3: 0, 4: 0, 5: 0
DFA state entries cumulative : 1: 3600, 2: 73, 3: 0, 4: 0, 5: 0
transitions cumulative       : 1->2: 73
accepted directly from s0    : 0
Gym endings cumulative       : terminated=3564, truncated=36

[Episode 3700/12000 | last 100]
success rate                : 0.0% (cumulative 0.0%)
failure rate                : 0.0% (cumulative 0.0%)
completed cycles / episode  : 0.000
synthetic task reward       : 0.000
shaping reward              : -897.135
learning reward             : -897.135
episode length              : 161.9
abstract changes / episode  : 54.6
same abstract-state steps   : 66.2%
same-state shaping / episode: 0.000
changed-state shaping / ep. : -897.135
terminal shaping / episode  : -5.263
DFA transitions / episode   : 0.00
DFA transitions in window   : none
epsilon (next episode)       : 0.47708
replay buffer                : 300000 samples [1: 99.6%, 2: 0.4%, 3: 0.0%, 4: 0.0%, 5: 0.0%]
DFA state visits in window   : 1: 16289, 2: 0, 3: 0, 4: 0, 5: 0
DFA state visits cumulative  : 1: 486433, 2: 2827, 3: 0, 4: 0, 5: 0
DFA state entries in window  : 1: 100, 2: 0, 3: 0, 4: 0, 5: 0
DFA state entries cumulative : 1: 3700, 2: 73, 3: 0, 4: 0, 5: 0
transitions cumulative       : 1->2: 73
accepted directly from s0    : 0
Gym endings cumulative       : terminated=3661, truncated=39

[Episode 3800/12000 | last 100]
success rate                : 0.0% (cumulative 0.0%)
failure rate                : 0.0% (cumulative 0.0%)
completed cycles / episode  : 0.000
synthetic task reward       : 0.000
shaping reward              : -870.956
learning reward             : -870.956
episode length              : 146.8
abstract changes / episode  : 56.3
same abstract-state steps   : 61.6%
same-state shaping / episode: 0.000
changed-state shaping / ep. : -870.956
terminal shaping / episode  : -8.583
DFA transitions / episode   : 0.02
DFA transitions in window   : 1->2: 2
epsilon (next episode)       : 0.46763
replay buffer                : 300000 samples [1: 99.6%, 2: 0.4%, 3: 0.0%, 4: 0.0%, 5: 0.0%]
DFA state visits in window   : 1: 14676, 2: 102, 3: 0, 4: 0, 5: 0
DFA state visits cumulative  : 1: 501109, 2: 2929, 3: 0, 4: 0, 5: 0
DFA state entries in window  : 1: 100, 2: 2, 3: 0, 4: 0, 5: 0
DFA state entries cumulative : 1: 3800, 2: 75, 3: 0, 4: 0, 5: 0
transitions cumulative       : 1->2: 75
accepted directly from s0    : 0
Gym endings cumulative       : terminated=3761, truncated=39

[Episode 3900/12000 | last 100]
success rate                : 0.0% (cumulative 0.0%)
failure rate                : 0.0% (cumulative 0.0%)
completed cycles / episode  : 0.000
synthetic task reward       : 0.000
shaping reward              : -901.648
learning reward             : -901.648
episode length              : 169.7
abstract changes / episode  : 54.5
same abstract-state steps   : 67.9%
same-state shaping / episode: 0.000
changed-state shaping / ep. : -901.648
terminal shaping / episode  : -5.157
DFA transitions / episode   : 0.05
DFA transitions in window   : 1->2: 5
epsilon (next episode)       : 0.45837
replay buffer                : 300000 samples [1: 99.5%, 2: 0.5%, 3: 0.0%, 4: 0.0%, 5: 0.0%]
DFA state visits in window   : 1: 16705, 2: 361, 3: 0, 4: 0, 5: 0
DFA state visits cumulative  : 1: 517814, 2: 3290, 3: 0, 4: 0, 5: 0
DFA state entries in window  : 1: 100, 2: 5, 3: 0, 4: 0, 5: 0
DFA state entries cumulative : 1: 3900, 2: 80, 3: 0, 4: 0, 5: 0
transitions cumulative       : 1->2: 80
accepted directly from s0    : 0
Gym endings cumulative       : terminated=3861, truncated=39

[Episode 4000/12000 | last 100]
success rate                : 0.0% (cumulative 0.0%)
failure rate                : 0.0% (cumulative 0.0%)
completed cycles / episode  : 0.000
synthetic task reward       : 0.000
shaping reward              : -699.051
learning reward             : -699.051
episode length              : 191.8
abstract changes / episode  : 62.0
same abstract-state steps   : 67.7%
same-state shaping / episode: 0.000
changed-state shaping / ep. : -699.051
terminal shaping / episode  : -10.871
DFA transitions / episode   : 0.11
DFA transitions in window   : 1->2: 11
epsilon (next episode)       : 0.44929
replay buffer                : 300000 samples [1: 99.3%, 2: 0.7%, 3: 0.0%, 4: 0.0%, 5: 0.0%]
DFA state visits in window   : 1: 18319, 2: 964, 3: 0, 4: 0, 5: 0
DFA state visits cumulative  : 1: 536133, 2: 4254, 3: 0, 4: 0, 5: 0
DFA state entries in window  : 1: 100, 2: 11, 3: 0, 4: 0, 5: 0
DFA state entries cumulative : 1: 4000, 2: 91, 3: 0, 4: 0, 5: 0
transitions cumulative       : 1->2: 91
accepted directly from s0    : 0
Gym endings cumulative       : terminated=3961, truncated=39

Starting autonomous greedy evaluation at episode 4000 (1000 fixed-seed episodes)...
[Greedy evaluation at episode 4000 | 1000 fixed-seed episodes]
success=0.0%, failure=0.0%, task reward=0.000, length=199.6
DFA transitions: 1->2: 5

[Episode 4100/12000 | last 100]
success rate                : 0.0% (cumulative 0.0%)
failure rate                : 0.0% (cumulative 0.0%)
completed cycles / episode  : 0.000
synthetic task reward       : 0.000
shaping reward              : -690.012
learning reward             : -690.012
episode length              : 236.3
abstract changes / episode  : 69.7
same abstract-state steps   : 70.5%
same-state shaping / episode: 0.000
changed-state shaping / ep. : -690.012
terminal shaping / episode  : -2.638
DFA transitions / episode   : 0.07
DFA transitions in window   : 1->2: 7
epsilon (next episode)       : 0.44040
replay buffer                : 300000 samples [1: 99.2%, 2: 0.8%, 3: 0.0%, 4: 0.0%, 5: 0.0%]
DFA state visits in window   : 1: 23143, 2: 586, 3: 0, 4: 0, 5: 0
DFA state visits cumulative  : 1: 559276, 2: 4840, 3: 0, 4: 0, 5: 0
DFA state entries in window  : 1: 100, 2: 7, 3: 0, 4: 0, 5: 0
DFA state entries cumulative : 1: 4100, 2: 98, 3: 0, 4: 0, 5: 0
transitions cumulative       : 1->2: 98
accepted directly from s0    : 0
Gym endings cumulative       : terminated=4061, truncated=39

[Episode 4200/12000 | last 100]
success rate                : 0.0% (cumulative 0.0%)
failure rate                : 0.0% (cumulative 0.0%)
completed cycles / episode  : 0.000
synthetic task reward       : 0.000
shaping reward              : -840.401
learning reward             : -840.401
episode length              : 219.5
abstract changes / episode  : 69.1
same abstract-state steps   : 68.5%
same-state shaping / episode: 0.000
changed-state shaping / ep. : -840.401
terminal shaping / episode  : -1.151
DFA transitions / episode   : 0.00
DFA transitions in window   : none
epsilon (next episode)       : 0.43167
replay buffer                : 300000 samples [1: 99.3%, 2: 0.7%, 3: 0.0%, 4: 0.0%, 5: 0.0%]
DFA state visits in window   : 1: 22048, 2: 0, 3: 0, 4: 0, 5: 0
DFA state visits cumulative  : 1: 581324, 2: 4840, 3: 0, 4: 0, 5: 0
DFA state entries in window  : 1: 100, 2: 0, 3: 0, 4: 0, 5: 0
DFA state entries cumulative : 1: 4200, 2: 98, 3: 0, 4: 0, 5: 0
transitions cumulative       : 1->2: 98
accepted directly from s0    : 0
Gym endings cumulative       : terminated=4161, truncated=39

[Episode 4300/12000 | last 100]
success rate                : 0.0% (cumulative 0.0%)
failure rate                : 0.0% (cumulative 0.0%)
completed cycles / episode  : 0.000
synthetic task reward       : 0.000
shaping reward              : -825.278
learning reward             : -825.278
episode length              : 191.7
abstract changes / episode  : 68.0
same abstract-state steps   : 64.5%
same-state shaping / episode: 0.000
changed-state shaping / ep. : -825.278
terminal shaping / episode  : -1.020
DFA transitions / episode   : 0.02
DFA transitions in window   : 1->2: 2
epsilon (next episode)       : 0.42313
replay buffer                : 300000 samples [1: 99.3%, 2: 0.7%, 3: 0.0%, 4: 0.0%, 5: 0.0%]
DFA state visits in window   : 1: 19091, 2: 175, 3: 0, 4: 0, 5: 0
DFA state visits cumulative  : 1: 600415, 2: 5015, 3: 0, 4: 0, 5: 0
DFA state entries in window  : 1: 100, 2: 2, 3: 0, 4: 0, 5: 0
DFA state entries cumulative : 1: 4300, 2: 100, 3: 0, 4: 0, 5: 0
transitions cumulative       : 1->2: 100
accepted directly from s0    : 0
Gym endings cumulative       : terminated=4261, truncated=39

[Episode 4400/12000 | last 100]
success rate                : 0.0% (cumulative 0.0%)
failure rate                : 0.0% (cumulative 0.0%)
completed cycles / episode  : 0.000
synthetic task reward       : 0.000
shaping reward              : -887.603
learning reward             : -887.603
episode length              : 192.0
abstract changes / episode  : 65.9
same abstract-state steps   : 65.7%
same-state shaping / episode: 0.000
changed-state shaping / ep. : -887.603
terminal shaping / episode  : 0.000
DFA transitions / episode   : 0.03
DFA transitions in window   : 1->2: 3
epsilon (next episode)       : 0.41475
replay buffer                : 300000 samples [1: 99.1%, 2: 0.9%, 3: 0.0%, 4: 0.0%, 5: 0.0%]
DFA state visits in window   : 1: 18863, 2: 437, 3: 0, 4: 0, 5: 0
DFA state visits cumulative  : 1: 619278, 2: 5452, 3: 0, 4: 0, 5: 0
DFA state entries in window  : 1: 100, 2: 3, 3: 0, 4: 0, 5: 0
DFA state entries cumulative : 1: 4400, 2: 103, 3: 0, 4: 0, 5: 0
transitions cumulative       : 1->2: 103
accepted directly from s0    : 0
Gym endings cumulative       : terminated=4361, truncated=39

[Episode 4500/12000 | last 100]
success rate                : 0.0% (cumulative 0.0%)
failure rate                : 0.0% (cumulative 0.0%)
completed cycles / episode  : 0.000
synthetic task reward       : 0.000
shaping reward              : -764.565
learning reward             : -764.565
episode length              : 240.3
abstract changes / episode  : 68.6
same abstract-state steps   : 71.5%
same-state shaping / episode: 0.000
changed-state shaping / ep. : -764.565
terminal shaping / episode  : -4.122
DFA transitions / episode   : 0.01
DFA transitions in window   : 1->2: 1
epsilon (next episode)       : 0.40653
replay buffer                : 300000 samples [1: 99.1%, 2: 0.9%, 3: 0.0%, 4: 0.0%, 5: 0.0%]
DFA state visits in window   : 1: 24045, 2: 88, 3: 0, 4: 0, 5: 0
DFA state visits cumulative  : 1: 643323, 2: 5540, 3: 0, 4: 0, 5: 0
DFA state entries in window  : 1: 100, 2: 1, 3: 0, 4: 0, 5: 0
DFA state entries cumulative : 1: 4500, 2: 104, 3: 0, 4: 0, 5: 0
transitions cumulative       : 1->2: 104
accepted directly from s0    : 0
Gym endings cumulative       : terminated=4459, truncated=41

Starting autonomous greedy evaluation at episode 4500 (1000 fixed-seed episodes)...
[Greedy evaluation at episode 4500 | 1000 fixed-seed episodes]
success=0.0%, failure=0.0%, task reward=0.000, length=317.5
DFA transitions: 1->2: 8

[Episode 4600/12000 | last 100]
success rate                : 0.0% (cumulative 0.0%)
failure rate                : 0.0% (cumulative 0.0%)
completed cycles / episode  : 0.000
synthetic task reward       : 0.000
shaping reward              : -699.870
learning reward             : -699.870
episode length              : 252.1
abstract changes / episode  : 70.1
same abstract-state steps   : 72.2%
same-state shaping / episode: 0.000
changed-state shaping / ep. : -699.870
terminal shaping / episode  : -0.536
DFA transitions / episode   : 0.08
DFA transitions in window   : 1->2: 8
epsilon (next episode)       : 0.39848
replay buffer                : 300000 samples [1: 98.9%, 2: 1.1%, 3: 0.0%, 4: 0.0%, 5: 0.0%]
DFA state visits in window   : 1: 24788, 2: 526, 3: 0, 4: 0, 5: 0
DFA state visits cumulative  : 1: 668111, 2: 6066, 3: 0, 4: 0, 5: 0
DFA state entries in window  : 1: 100, 2: 8, 3: 0, 4: 0, 5: 0
DFA state entries cumulative : 1: 4600, 2: 112, 3: 0, 4: 0, 5: 0
transitions cumulative       : 1->2: 112
accepted directly from s0    : 0
Gym endings cumulative       : terminated=4559, truncated=41

[Episode 4700/12000 | last 100]
success rate                : 0.0% (cumulative 0.0%)
failure rate                : 0.0% (cumulative 0.0%)
completed cycles / episode  : 0.000
synthetic task reward       : 0.000
shaping reward              : -691.482
learning reward             : -691.482
episode length              : 264.2
abstract changes / episode  : 73.1
same abstract-state steps   : 72.3%
same-state shaping / episode: 0.000
changed-state shaping / ep. : -691.482
terminal shaping / episode  : -3.940
DFA transitions / episode   : 0.04
DFA transitions in window   : 1->2: 4
epsilon (next episode)       : 0.39059
replay buffer                : 300000 samples [1: 98.7%, 2: 1.3%, 3: 0.0%, 4: 0.0%, 5: 0.0%]
DFA state visits in window   : 1: 25864, 2: 659, 3: 0, 4: 0, 5: 0
DFA state visits cumulative  : 1: 693975, 2: 6725, 3: 0, 4: 0, 5: 0
DFA state entries in window  : 1: 100, 2: 4, 3: 0, 4: 0, 5: 0
DFA state entries cumulative : 1: 4700, 2: 116, 3: 0, 4: 0, 5: 0
transitions cumulative       : 1->2: 116
accepted directly from s0    : 0
Gym endings cumulative       : terminated=4657, truncated=43

[Episode 4800/12000 | last 100]
success rate                : 0.0% (cumulative 0.0%)
failure rate                : 0.0% (cumulative 0.0%)
completed cycles / episode  : 0.000
synthetic task reward       : 0.000
shaping reward              : -471.061
learning reward             : -471.061
episode length              : 211.1
abstract changes / episode  : 54.5
same abstract-state steps   : 74.2%
same-state shaping / episode: 0.000
changed-state shaping / ep. : -471.061
terminal shaping / episode  : -5.923
DFA transitions / episode   : 0.08
DFA transitions in window   : 1->2: 8
epsilon (next episode)       : 0.38286
replay buffer                : 300000 samples [1: 98.6%, 2: 1.4%, 3: 0.0%, 4: 0.0%, 5: 0.0%]
DFA state visits in window   : 1: 20792, 2: 414, 3: 0, 4: 0, 5: 0
DFA state visits cumulative  : 1: 714767, 2: 7139, 3: 0, 4: 0, 5: 0
DFA state entries in window  : 1: 100, 2: 8, 3: 0, 4: 0, 5: 0
DFA state entries cumulative : 1: 4800, 2: 124, 3: 0, 4: 0, 5: 0
transitions cumulative       : 1->2: 124
accepted directly from s0    : 0
Gym endings cumulative       : terminated=4757, truncated=43

[Episode 4900/12000 | last 100]
success rate                : 0.0% (cumulative 0.0%)
failure rate                : 0.0% (cumulative 0.0%)
completed cycles / episode  : 0.000
synthetic task reward       : 0.000
shaping reward              : -515.595
learning reward             : -515.595
episode length              : 262.7
abstract changes / episode  : 56.6
same abstract-state steps   : 78.5%
same-state shaping / episode: 0.000
changed-state shaping / ep. : -515.595
terminal shaping / episode  : -4.368
DFA transitions / episode   : 0.09
DFA transitions in window   : 1->2: 9
epsilon (next episode)       : 0.37527
replay buffer                : 300000 samples [1: 98.4%, 2: 1.6%, 3: 0.0%, 4: 0.0%, 5: 0.0%]
DFA state visits in window   : 1: 25786, 2: 586, 3: 0, 4: 0, 5: 0
DFA state visits cumulative  : 1: 740553, 2: 7725, 3: 0, 4: 0, 5: 0
DFA state entries in window  : 1: 100, 2: 9, 3: 0, 4: 0, 5: 0
DFA state entries cumulative : 1: 4900, 2: 133, 3: 0, 4: 0, 5: 0
transitions cumulative       : 1->2: 133
accepted directly from s0    : 0
Gym endings cumulative       : terminated=4857, truncated=43

[Episode 5000/12000 | last 100]
success rate                : 0.0% (cumulative 0.0%)
failure rate                : 0.0% (cumulative 0.0%)
completed cycles / episode  : 0.000
synthetic task reward       : 0.000
shaping reward              : -445.538
learning reward             : -445.538
episode length              : 373.0
abstract changes / episode  : 90.8
same abstract-state steps   : 75.7%
same-state shaping / episode: 0.000
changed-state shaping / ep. : -445.538
terminal shaping / episode  : -2.056
DFA transitions / episode   : 0.16
DFA transitions in window   : 1->2: 16
epsilon (next episode)       : 0.36784
replay buffer                : 300000 samples [1: 97.2%, 2: 2.8%, 3: 0.0%, 4: 0.0%, 5: 0.0%]
DFA state visits in window   : 1: 33758, 2: 3643, 3: 0, 4: 0, 5: 0
DFA state visits cumulative  : 1: 774311, 2: 11368, 3: 0, 4: 0, 5: 0
DFA state entries in window  : 1: 100, 2: 16, 3: 0, 4: 0, 5: 0
DFA state entries cumulative : 1: 5000, 2: 149, 3: 0, 4: 0, 5: 0
transitions cumulative       : 1->2: 149
accepted directly from s0    : 0
Gym endings cumulative       : terminated=4951, truncated=49

Starting autonomous greedy evaluation at episode 5000 (1000 fixed-seed episodes)...
[Greedy evaluation at episode 5000 | 1000 fixed-seed episodes]
success=0.0%, failure=0.0%, task reward=0.000, length=211.2
DFA transitions: 1->2: 79, 2->3: 7

[Episode 5100/12000 | last 100]
success rate                : 0.0% (cumulative 0.0%)
failure rate                : 0.0% (cumulative 0.0%)
completed cycles / episode  : 0.000
synthetic task reward       : 0.000
shaping reward              : -472.765
learning reward             : -472.765
episode length              : 325.2
abstract changes / episode  : 79.0
same abstract-state steps   : 75.7%
same-state shaping / episode: 0.000
changed-state shaping / ep. : -472.765
terminal shaping / episode  : -5.060
DFA transitions / episode   : 0.08
DFA transitions in window   : 1->2: 7, 2->3: 1
epsilon (next episode)       : 0.36056
replay buffer                : 300000 samples [1: 96.3%, 2: 3.7%, 3: 0.0%, 4: 0.0%, 5: 0.0%]
DFA state visits in window   : 1: 29579, 2: 2940, 3: 98, 4: 0, 5: 0
DFA state visits cumulative  : 1: 803890, 2: 14308, 3: 98, 4: 0, 5: 0
DFA state entries in window  : 1: 100, 2: 7, 3: 1, 4: 0, 5: 0
DFA state entries cumulative : 1: 5100, 2: 156, 3: 1, 4: 0, 5: 0
transitions cumulative       : 1->2: 156, 2->3: 1
accepted directly from s0    : 0
Gym endings cumulative       : terminated=5044, truncated=56

[Episode 5200/12000 | last 100]
success rate                : 0.0% (cumulative 0.0%)
failure rate                : 0.0% (cumulative 0.0%)
completed cycles / episode  : 0.000
synthetic task reward       : 0.000
shaping reward              : -862.080
learning reward             : -862.080
episode length              : 339.2
abstract changes / episode  : 88.8
same abstract-state steps   : 73.8%
same-state shaping / episode: 0.000
changed-state shaping / ep. : -862.080
terminal shaping / episode  : -2.039
DFA transitions / episode   : 0.03
DFA transitions in window   : 1->2: 3
epsilon (next episode)       : 0.35342
replay buffer                : 300000 samples [1: 96.5%, 2: 3.5%, 3: 0.0%, 4: 0.0%, 5: 0.0%]
DFA state visits in window   : 1: 33376, 2: 642, 3: 0, 4: 0, 5: 0
DFA state visits cumulative  : 1: 837266, 2: 14950, 3: 98, 4: 0, 5: 0
DFA state entries in window  : 1: 100, 2: 3, 3: 0, 4: 0, 5: 0
DFA state entries cumulative : 1: 5200, 2: 159, 3: 1, 4: 0, 5: 0
transitions cumulative       : 1->2: 159, 2->3: 1
accepted directly from s0    : 0
Gym endings cumulative       : terminated=5142, truncated=58

[Episode 5300/12000 | last 100]
success rate                : 0.0% (cumulative 0.0%)
failure rate                : 0.0% (cumulative 0.0%)
completed cycles / episode  : 0.000
synthetic task reward       : 0.000
shaping reward              : -694.600
learning reward             : -694.600
episode length              : 283.6
abstract changes / episode  : 74.8
same abstract-state steps   : 73.6%
same-state shaping / episode: 0.000
changed-state shaping / ep. : -694.600
terminal shaping / episode  : -0.477
DFA transitions / episode   : 0.07
DFA transitions in window   : 1->2: 7
epsilon (next episode)       : 0.34642
replay buffer                : 300000 samples [1: 96.5%, 2: 3.5%, 3: 0.0%, 4: 0.0%, 5: 0.0%]
DFA state visits in window   : 1: 28023, 2: 435, 3: 0, 4: 0, 5: 0
DFA state visits cumulative  : 1: 865289, 2: 15385, 3: 98, 4: 0, 5: 0
DFA state entries in window  : 1: 100, 2: 7, 3: 0, 4: 0, 5: 0
DFA state entries cumulative : 1: 5300, 2: 166, 3: 1, 4: 0, 5: 0
transitions cumulative       : 1->2: 166, 2->3: 1
accepted directly from s0    : 0
Gym endings cumulative       : terminated=5241, truncated=59

[Episode 5400/12000 | last 100]
success rate                : 0.0% (cumulative 0.0%)
failure rate                : 0.0% (cumulative 0.0%)
completed cycles / episode  : 0.000
synthetic task reward       : 0.000
shaping reward              : -352.890
learning reward             : -352.890
episode length              : 268.3
abstract changes / episode  : 66.8
same abstract-state steps   : 75.1%
same-state shaping / episode: 0.000
changed-state shaping / ep. : -352.890
terminal shaping / episode  : -4.556
DFA transitions / episode   : 0.23
DFA transitions in window   : 1->2: 23
epsilon (next episode)       : 0.33956
replay buffer                : 300000 samples [1: 95.9%, 2: 4.1%, 3: 0.0%, 4: 0.0%, 5: 0.0%]
DFA state visits in window   : 1: 25027, 2: 1907, 3: 0, 4: 0, 5: 0
DFA state visits cumulative  : 1: 890316, 2: 17292, 3: 98, 4: 0, 5: 0
DFA state entries in window  : 1: 100, 2: 23, 3: 0, 4: 0, 5: 0
DFA state entries cumulative : 1: 5400, 2: 189, 3: 1, 4: 0, 5: 0
transitions cumulative       : 1->2: 189, 2->3: 1
accepted directly from s0    : 0
Gym endings cumulative       : terminated=5341, truncated=59

[Episode 5500/12000 | last 100]
success rate                : 0.0% (cumulative 0.0%)
failure rate                : 0.0% (cumulative 0.0%)
completed cycles / episode  : 0.000
synthetic task reward       : 0.000
shaping reward              : -630.742
learning reward             : -630.742
episode length              : 316.8
abstract changes / episode  : 80.5
same abstract-state steps   : 74.6%
same-state shaping / episode: 0.000
changed-state shaping / ep. : -630.742
terminal shaping / episode  : -4.972
DFA transitions / episode   : 0.12
DFA transitions in window   : 1->2: 12
epsilon (next episode)       : 0.33283
replay buffer                : 300000 samples [1: 95.4%, 2: 4.6%, 3: 0.0%, 4: 0.0%, 5: 0.0%]
DFA state visits in window   : 1: 29683, 2: 2098, 3: 0, 4: 0, 5: 0
DFA state visits cumulative  : 1: 919999, 2: 19390, 3: 98, 4: 0, 5: 0
DFA state entries in window  : 1: 100, 2: 12, 3: 0, 4: 0, 5: 0
DFA state entries cumulative : 1: 5500, 2: 201, 3: 1, 4: 0, 5: 0
transitions cumulative       : 1->2: 201, 2->3: 1
accepted directly from s0    : 0
Gym endings cumulative       : terminated=5436, truncated=64

Starting autonomous greedy evaluation at episode 5500 (1000 fixed-seed episodes)...
[Greedy evaluation at episode 5500 | 1000 fixed-seed episodes]
success=0.5%, failure=0.0%, task reward=50.000, length=619.0
DFA transitions: 1->2: 356, 2->3: 83, 3->4: 35, 4->5: 5
Best policy updated from autonomous greedy evaluation at episode 5500.

[Episode 5600/12000 | last 100]
success rate                : 0.0% (cumulative 0.0%)
failure rate                : 0.0% (cumulative 0.0%)
completed cycles / episode  : 0.000
synthetic task reward       : 0.000
shaping reward              : -492.458
learning reward             : -492.458
episode length              : 281.8
abstract changes / episode  : 83.8
same abstract-state steps   : 70.3%
same-state shaping / episode: 0.000
changed-state shaping / ep. : -492.458
terminal shaping / episode  : -4.303
DFA transitions / episode   : 0.13
DFA transitions in window   : 1->2: 13
epsilon (next episode)       : 0.32624
replay buffer                : 300000 samples [1: 95.0%, 2: 5.0%, 3: 0.0%, 4: 0.0%, 5: 0.0%]
DFA state visits in window   : 1: 26737, 2: 1545, 3: 0, 4: 0, 5: 0
DFA state visits cumulative  : 1: 946736, 2: 20935, 3: 98, 4: 0, 5: 0
DFA state entries in window  : 1: 100, 2: 13, 3: 0, 4: 0, 5: 0
DFA state entries cumulative : 1: 5600, 2: 214, 3: 1, 4: 0, 5: 0
transitions cumulative       : 1->2: 214, 2->3: 1
accepted directly from s0    : 0
Gym endings cumulative       : terminated=5534, truncated=66

[Episode 5700/12000 | last 100]
success rate                : 0.0% (cumulative 0.0%)
failure rate                : 0.0% (cumulative 0.0%)
completed cycles / episode  : 0.000
synthetic task reward       : 0.000
shaping reward              : -405.482
learning reward             : -405.482
episode length              : 238.0
abstract changes / episode  : 68.9
same abstract-state steps   : 71.0%
same-state shaping / episode: 0.000
changed-state shaping / ep. : -405.482
terminal shaping / episode  : -7.065
DFA transitions / episode   : 0.11
DFA transitions in window   : 1->2: 11
epsilon (next episode)       : 0.31978
replay buffer                : 300000 samples [1: 94.7%, 2: 5.2%, 3: 0.0%, 4: 0.0%, 5: 0.0%]
DFA state visits in window   : 1: 22347, 2: 1549, 3: 0, 4: 0, 5: 0
DFA state visits cumulative  : 1: 969083, 2: 22484, 3: 98, 4: 0, 5: 0
DFA state entries in window  : 1: 100, 2: 11, 3: 0, 4: 0, 5: 0
DFA state entries cumulative : 1: 5700, 2: 225, 3: 1, 4: 0, 5: 0
transitions cumulative       : 1->2: 225, 2->3: 1
accepted directly from s0    : 0
Gym endings cumulative       : terminated=5634, truncated=66

[Episode 5800/12000 | last 100]
success rate                : 0.0% (cumulative 0.0%)
failure rate                : 0.0% (cumulative 0.0%)
completed cycles / episode  : 0.000
synthetic task reward       : 0.000
shaping reward              : -407.399
learning reward             : -407.399
episode length              : 362.3
abstract changes / episode  : 97.5
same abstract-state steps   : 73.1%
same-state shaping / episode: 0.000
changed-state shaping / ep. : -407.399
terminal shaping / episode  : -3.125
DFA transitions / episode   : 0.19
DFA transitions in window   : 1->2: 18, 2->3: 1
epsilon (next episode)       : 0.31345
replay buffer                : 300000 samples [1: 93.7%, 2: 6.3%, 3: 0.1%, 4: 0.0%, 5: 0.0%]
DFA state visits in window   : 1: 32612, 2: 3655, 3: 62, 4: 0, 5: 0
DFA state visits cumulative  : 1: 1001695, 2: 26139, 3: 160, 4: 0, 5: 0
DFA state entries in window  : 1: 100, 2: 18, 3: 1, 4: 0, 5: 0
DFA state entries cumulative : 1: 5800, 2: 243, 3: 2, 4: 0, 5: 0
transitions cumulative       : 1->2: 243, 2->3: 2
accepted directly from s0    : 0
Gym endings cumulative       : terminated=5730, truncated=70

[Episode 5900/12000 | last 100]
success rate                : 0.0% (cumulative 0.0%)
failure rate                : 0.0% (cumulative 0.0%)
completed cycles / episode  : 0.000
synthetic task reward       : 0.000
shaping reward              : -414.953
learning reward             : -414.953
episode length              : 353.8
abstract changes / episode  : 98.7
same abstract-state steps   : 72.1%
same-state shaping / episode: 0.000
changed-state shaping / ep. : -414.953
terminal shaping / episode  : -5.964
DFA transitions / episode   : 0.22
DFA transitions in window   : 1->2: 18, 2->3: 3, 3->4: 1
epsilon (next episode)       : 0.30724
replay buffer                : 300000 samples [1: 92.8%, 2: 7.0%, 3: 0.2%, 4: 0.0%, 5: 0.0%]
DFA state visits in window   : 1: 30356, 2: 4646, 3: 399, 4: 77, 5: 0
DFA state visits cumulative  : 1: 1032051, 2: 30785, 3: 559, 4: 77, 5: 0
DFA state entries in window  : 1: 100, 2: 18, 3: 3, 4: 1, 5: 0
DFA state entries cumulative : 1: 5900, 2: 261, 3: 5, 4: 1, 5: 0
transitions cumulative       : 1->2: 261, 2->3: 5, 3->4: 1
accepted directly from s0    : 0
Gym endings cumulative       : terminated=5826, truncated=74

[Episode 6000/12000 | last 100]
success rate                : 0.0% (cumulative 0.0%)
failure rate                : 0.0% (cumulative 0.0%)
completed cycles / episode  : 0.000
synthetic task reward       : 0.000
shaping reward              : -448.768
learning reward             : -448.768
episode length              : 342.5
abstract changes / episode  : 88.1
same abstract-state steps   : 74.3%
same-state shaping / episode: 0.000
changed-state shaping / ep. : -448.768
terminal shaping / episode  : -9.408
DFA transitions / episode   : 0.23
DFA transitions in window   : 1->2: 20, 2->3: 2, 3->4: 1
epsilon (next episode)       : 0.30116
replay buffer                : 300000 samples [1: 91.6%, 2: 8.1%, 3: 0.2%, 4: 0.1%, 5: 0.0%]
DFA state visits in window   : 1: 28056, 2: 5925, 3: 282, 4: 87, 5: 0
DFA state visits cumulative  : 1: 1060107, 2: 36710, 3: 841, 4: 164, 5: 0
DFA state entries in window  : 1: 100, 2: 20, 3: 2, 4: 1, 5: 0
DFA state entries cumulative : 1: 6000, 2: 281, 3: 7, 4: 2, 5: 0
transitions cumulative       : 1->2: 281, 2->3: 7, 3->4: 2
accepted directly from s0    : 0
Gym endings cumulative       : terminated=5922, truncated=78

Starting autonomous greedy evaluation at episode 6000 (1000 fixed-seed episodes)...
[Greedy evaluation at episode 6000 | 1000 fixed-seed episodes]
success=0.0%, failure=0.0%, task reward=0.000, length=403.1
DFA transitions: 1->2: 288, 2->3: 1

[Episode 6100/12000 | last 100]
success rate                : 1.0% (cumulative 0.0%)
failure rate                : 0.0% (cumulative 0.0%)
completed cycles / episode  : 0.000
synthetic task reward       : 100.000
shaping reward              : -4.995
learning reward             : 95.005
episode length              : 425.4
abstract changes / episode  : 103.4
same abstract-state steps   : 75.7%
same-state shaping / episode: 0.000
changed-state shaping / ep. : -4.995
terminal shaping / episode  : -0.160
DFA transitions / episode   : 0.41
DFA transitions in window   : 1->2: 32, 2->3: 5, 3->4: 3, 4->5: 1
epsilon (next episode)       : 0.29519
replay buffer                : 300000 samples [1: 89.5%, 2: 9.9%, 3: 0.5%, 4: 0.1%, 5: 0.0%]
DFA state visits in window   : 1: 33989, 2: 7688, 3: 780, 4: 180, 5: 1
DFA state visits cumulative  : 1: 1094096, 2: 44398, 3: 1621, 4: 344, 5: 1
DFA state entries in window  : 1: 100, 2: 32, 3: 5, 4: 3, 5: 1
DFA state entries cumulative : 1: 6100, 2: 313, 3: 12, 4: 5, 5: 1
transitions cumulative       : 1->2: 313, 2->3: 12, 3->4: 5, 4->5: 1
accepted directly from s0    : 0
Gym endings cumulative       : terminated=6016, truncated=83

[Episode 6200/12000 | last 100]
success rate                : 0.0% (cumulative 0.0%)
failure rate                : 0.0% (cumulative 0.0%)
completed cycles / episode  : 0.000
synthetic task reward       : 0.000
shaping reward              : 4.407
learning reward             : 4.407
episode length              : 358.6
abstract changes / episode  : 89.5
same abstract-state steps   : 75.0%
same-state shaping / episode: 0.000
changed-state shaping / ep. : 4.407
terminal shaping / episode  : -0.720
DFA transitions / episode   : 0.42
DFA transitions in window   : 1->2: 36, 2->3: 6
epsilon (next episode)       : 0.28935
replay buffer                : 300000 samples [1: 87.3%, 2: 11.7%, 3: 0.8%, 4: 0.1%, 5: 0.0%]
DFA state visits in window   : 1: 28543, 2: 6382, 3: 1037, 4: 0, 5: 0
DFA state visits cumulative  : 1: 1122639, 2: 50780, 3: 2658, 4: 344, 5: 1
DFA state entries in window  : 1: 100, 2: 36, 3: 6, 4: 0, 5: 0
DFA state entries cumulative : 1: 6200, 2: 349, 3: 18, 4: 5, 5: 1
transitions cumulative       : 1->2: 349, 2->3: 18, 3->4: 5, 4->5: 1
accepted directly from s0    : 0
Gym endings cumulative       : terminated=6114, truncated=85

[Episode 6300/12000 | last 100]
success rate                : 0.0% (cumulative 0.0%)
failure rate                : 0.0% (cumulative 0.0%)
completed cycles / episode  : 0.000
synthetic task reward       : 0.000
shaping reward              : -14.774
learning reward             : -14.774
episode length              : 381.9
abstract changes / episode  : 99.6
same abstract-state steps   : 73.9%
same-state shaping / episode: 0.000
changed-state shaping / ep. : -14.774
terminal shaping / episode  : -6.068
DFA transitions / episode   : 0.56
DFA transitions in window   : 1->2: 41, 2->3: 14, 3->4: 1
epsilon (next episode)       : 0.28362
replay buffer                : 300000 samples [1: 84.7%, 2: 13.6%, 3: 1.6%, 4: 0.1%, 5: 0.0%]
DFA state visits in window   : 1: 28183, 2: 7920, 3: 2146, 4: 37, 5: 0
DFA state visits cumulative  : 1: 1150822, 2: 58700, 3: 4804, 4: 381, 5: 1
DFA state entries in window  : 1: 100, 2: 41, 3: 14, 4: 1, 5: 0
DFA state entries cumulative : 1: 6300, 2: 390, 3: 32, 4: 6, 5: 1
transitions cumulative       : 1->2: 390, 2->3: 32, 3->4: 6, 4->5: 1
accepted directly from s0    : 0
Gym endings cumulative       : terminated=6210, truncated=89

[Episode 6400/12000 | last 100]
success rate                : 0.0% (cumulative 0.0%)
failure rate                : 0.0% (cumulative 0.0%)
completed cycles / episode  : 0.000
synthetic task reward       : 0.000
shaping reward              : 101.195
learning reward             : 101.195
episode length              : 400.0
abstract changes / episode  : 100.3
same abstract-state steps   : 74.9%
same-state shaping / episode: 0.000
changed-state shaping / ep. : 101.195
terminal shaping / episode  : -2.858
DFA transitions / episode   : 0.44
DFA transitions in window   : 1->2: 38, 2->3: 4, 3->4: 2
epsilon (next episode)       : 0.27800
replay buffer                : 300000 samples [1: 83.0%, 2: 15.1%, 3: 1.7%, 4: 0.3%, 5: 0.0%]
DFA state visits in window   : 1: 32261, 2: 7015, 3: 436, 4: 392, 5: 0
DFA state visits cumulative  : 1: 1183083, 2: 65715, 3: 5240, 4: 773, 5: 1
DFA state entries in window  : 1: 100, 2: 38, 3: 4, 4: 2, 5: 0
DFA state entries cumulative : 1: 6400, 2: 428, 3: 36, 4: 8, 5: 1
transitions cumulative       : 1->2: 428, 2->3: 36, 3->4: 8, 4->5: 1
accepted directly from s0    : 0
Gym endings cumulative       : terminated=6309, truncated=90

[Episode 6500/12000 | last 100]
success rate                : 0.0% (cumulative 0.0%)
failure rate                : 0.0% (cumulative 0.0%)
completed cycles / episode  : 0.000
synthetic task reward       : 0.000
shaping reward              : 16.191
learning reward             : 16.191
episode length              : 382.3
abstract changes / episode  : 98.8
same abstract-state steps   : 74.2%
same-state shaping / episode: 0.000
changed-state shaping / ep. : 16.191
terminal shaping / episode  : -4.304
DFA transitions / episode   : 0.35
DFA transitions in window   : 1->2: 32, 2->3: 3
epsilon (next episode)       : 0.27250
replay buffer                : 300000 samples [1: 82.1%, 2: 15.9%, 3: 1.7%, 4: 0.3%, 5: 0.0%]
DFA state visits in window   : 1: 33479, 2: 4727, 3: 126, 4: 0, 5: 0
DFA state visits cumulative  : 1: 1216562, 2: 70442, 3: 5366, 4: 773, 5: 1
DFA state entries in window  : 1: 100, 2: 32, 3: 3, 4: 0, 5: 0
DFA state entries cumulative : 1: 6500, 2: 460, 3: 39, 4: 8, 5: 1
transitions cumulative       : 1->2: 460, 2->3: 39, 3->4: 8, 4->5: 1
accepted directly from s0    : 0
Gym endings cumulative       : terminated=6406, truncated=93

Starting autonomous greedy evaluation at episode 6500 (1000 fixed-seed episodes)...
[Greedy evaluation at episode 6500 | 1000 fixed-seed episodes]
success=0.1%, failure=0.0%, task reward=10.000, length=804.0
DFA transitions: 1->2: 197, 2->3: 52, 3->4: 9, 4->5: 1

[Episode 6600/12000 | last 100]
success rate                : 0.0% (cumulative 0.0%)
failure rate                : 0.0% (cumulative 0.0%)
completed cycles / episode  : 0.000
synthetic task reward       : 0.000
shaping reward              : 42.689
learning reward             : 42.689
episode length              : 447.8
abstract changes / episode  : 109.3
same abstract-state steps   : 75.6%
same-state shaping / episode: 0.000
changed-state shaping / ep. : 42.689
terminal shaping / episode  : -2.351
DFA transitions / episode   : 0.47
DFA transitions in window   : 1->2: 37, 2->3: 9, 3->4: 1
epsilon (next episode)       : 0.26710
replay buffer                : 300000 samples [1: 81.1%, 2: 16.5%, 3: 2.1%, 4: 0.3%, 5: 0.0%]
DFA state visits in window   : 1: 38039, 2: 5641, 3: 1117, 4: 79, 5: 0
DFA state visits cumulative  : 1: 1254601, 2: 76083, 3: 6483, 4: 852, 5: 1
DFA state entries in window  : 1: 100, 2: 37, 3: 9, 4: 1, 5: 0
DFA state entries cumulative : 1: 6600, 2: 497, 3: 48, 4: 9, 5: 1
transitions cumulative       : 1->2: 497, 2->3: 48, 3->4: 9, 4->5: 1
accepted directly from s0    : 0
Gym endings cumulative       : terminated=6495, truncated=104

[Episode 6700/12000 | last 100]
success rate                : 0.0% (cumulative 0.0%)
failure rate                : 0.0% (cumulative 0.0%)
completed cycles / episode  : 0.000
synthetic task reward       : 0.000
shaping reward              : 280.125
learning reward             : 280.125
episode length              : 468.2
abstract changes / episode  : 109.2
same abstract-state steps   : 76.7%
same-state shaping / episode: 0.000
changed-state shaping / ep. : 280.125
terminal shaping / episode  : -5.763
DFA transitions / episode   : 0.72
DFA transitions in window   : 1->2: 52, 2->3: 18, 3->4: 2
epsilon (next episode)       : 0.26181
replay buffer                : 300000 samples [1: 78.5%, 2: 18.4%, 3: 2.8%, 4: 0.3%, 5: 0.0%]
DFA state visits in window   : 1: 31059, 2: 13046, 3: 2624, 4: 196, 5: 0
DFA state visits cumulative  : 1: 1285660, 2: 89129, 3: 9107, 4: 1048, 5: 1
DFA state entries in window  : 1: 100, 2: 52, 3: 18, 4: 2, 5: 0
DFA state entries cumulative : 1: 6700, 2: 549, 3: 66, 4: 11, 5: 1
transitions cumulative       : 1->2: 549, 2->3: 66, 3->4: 11, 4->5: 1
accepted directly from s0    : 0
Gym endings cumulative       : terminated=6582, truncated=117

[Episode 6800/12000 | last 100]
success rate                : 1.0% (cumulative 0.0%)
failure rate                : 0.0% (cumulative 0.0%)
completed cycles / episode  : 0.000
synthetic task reward       : 100.000
shaping reward              : 308.505
learning reward             : 408.505
episode length              : 374.3
abstract changes / episode  : 96.7
same abstract-state steps   : 74.2%
same-state shaping / episode: 0.000
changed-state shaping / ep. : 308.505
terminal shaping / episode  : 0.341
DFA transitions / episode   : 0.71
DFA transitions in window   : 1->2: 46, 2->3: 18, 3->4: 6, 4->5: 1
epsilon (next episode)       : 0.25663
replay buffer                : 300000 samples [1: 76.1%, 2: 20.0%, 3: 3.4%, 4: 0.5%, 5: 0.0%]
DFA state visits in window   : 1: 22250, 2: 12119, 3: 2523, 4: 638, 5: 1
DFA state visits cumulative  : 1: 1307910, 2: 101248, 3: 11630, 4: 1686, 5: 2
DFA state entries in window  : 1: 100, 2: 46, 3: 18, 4: 6, 5: 1
DFA state entries cumulative : 1: 6800, 2: 595, 3: 84, 4: 17, 5: 2
transitions cumulative       : 1->2: 595, 2->3: 84, 3->4: 17, 4->5: 2
accepted directly from s0    : 0
Gym endings cumulative       : terminated=6671, truncated=127

[Episode 6900/12000 | last 100]
success rate                : 0.0% (cumulative 0.0%)
failure rate                : 0.0% (cumulative 0.0%)
completed cycles / episode  : 0.000
synthetic task reward       : 0.000
shaping reward              : 398.504
learning reward             : 398.504
episode length              : 449.4
abstract changes / episode  : 114.0
same abstract-state steps   : 74.6%
same-state shaping / episode: 0.000
changed-state shaping / ep. : 398.504
terminal shaping / episode  : -4.344
DFA transitions / episode   : 0.90
DFA transitions in window   : 1->2: 53, 2->3: 32, 3->4: 5
epsilon (next episode)       : 0.25154
replay buffer                : 300000 samples [1: 72.3%, 2: 21.7%, 3: 5.4%, 4: 0.6%, 5: 0.0%]
DFA state visits in window   : 1: 24699, 2: 12890, 3: 6938, 4: 511, 5: 0
DFA state visits cumulative  : 1: 1332609, 2: 114138, 3: 18568, 4: 2197, 5: 2
DFA state entries in window  : 1: 100, 2: 53, 3: 32, 4: 5, 5: 0
DFA state entries cumulative : 1: 6900, 2: 648, 3: 116, 4: 22, 5: 2
transitions cumulative       : 1->2: 648, 2->3: 116, 3->4: 22, 4->5: 2
accepted directly from s0    : 0
Gym endings cumulative       : terminated=6764, truncated=134

[Episode 7000/12000 | last 100]
success rate                : 1.0% (cumulative 0.0%)
failure rate                : 0.0% (cumulative 0.0%)
completed cycles / episode  : 0.000
synthetic task reward       : 100.000
shaping reward              : 580.682
learning reward             : 680.682
episode length              : 480.8
abstract changes / episode  : 115.4
same abstract-state steps   : 76.0%
same-state shaping / episode: 0.000
changed-state shaping / ep. : 580.682
terminal shaping / episode  : -3.615
DFA transitions / episode   : 1.00
DFA transitions in window   : 1->2: 58, 2->3: 34, 3->4: 7, 4->5: 1
epsilon (next episode)       : 0.24656
replay buffer                : 300000 samples [1: 67.6%, 2: 24.3%, 3: 7.1%, 4: 1.0%, 5: 0.0%]
DFA state visits in window   : 1: 21823, 2: 17672, 3: 7605, 4: 1077, 5: 1
DFA state visits cumulative  : 1: 1354432, 2: 131810, 3: 26173, 4: 3274, 5: 3
DFA state entries in window  : 1: 100, 2: 58, 3: 34, 4: 7, 5: 1
DFA state entries cumulative : 1: 7000, 2: 706, 3: 150, 4: 29, 5: 3
transitions cumulative       : 1->2: 706, 2->3: 150, 3->4: 29, 4->5: 3
accepted directly from s0    : 0
Gym endings cumulative       : terminated=6852, truncated=145

Starting autonomous greedy evaluation at episode 7000 (1000 fixed-seed episodes)...
[Greedy evaluation at episode 7000 | 1000 fixed-seed episodes]
success=0.2%, failure=0.0%, task reward=20.000, length=340.8
DFA transitions: 1->2: 608, 2->3: 72, 3->4: 16, 4->5: 2

[Episode 7100/12000 | last 100]
success rate                : 0.0% (cumulative 0.0%)
failure rate                : 0.0% (cumulative 0.0%)
completed cycles / episode  : 0.000
synthetic task reward       : 0.000
shaping reward              : 399.125
learning reward             : 399.125
episode length              : 438.6
abstract changes / episode  : 111.4
same abstract-state steps   : 74.6%
same-state shaping / episode: 0.000
changed-state shaping / ep. : 399.125
terminal shaping / episode  : -6.445
DFA transitions / episode   : 1.05
DFA transitions in window   : 1->2: 67, 2->3: 30, 3->4: 8
epsilon (next episode)       : 0.24168
replay buffer                : 300000 samples [1: 62.1%, 2: 27.6%, 3: 9.0%, 4: 1.3%, 5: 0.0%]
DFA state visits in window   : 1: 18885, 2: 17430, 3: 6323, 4: 1322, 5: 0
DFA state visits cumulative  : 1: 1373317, 2: 149240, 3: 32496, 4: 4596, 5: 3
DFA state entries in window  : 1: 100, 2: 67, 3: 30, 4: 8, 5: 0
DFA state entries cumulative : 1: 7100, 2: 773, 3: 180, 4: 37, 5: 3
transitions cumulative       : 1->2: 773, 2->3: 180, 3->4: 37, 4->5: 3
accepted directly from s0    : 0
Gym endings cumulative       : terminated=6944, truncated=153

[Episode 7200/12000 | last 100]
success rate                : 1.0% (cumulative 0.1%)
failure rate                : 0.0% (cumulative 0.0%)
completed cycles / episode  : 0.000
synthetic task reward       : 100.000
shaping reward              : 722.596
learning reward             : 822.596
episode length              : 493.3
abstract changes / episode  : 123.9
same abstract-state steps   : 74.9%
same-state shaping / episode: 0.000
changed-state shaping / ep. : 722.596
terminal shaping / episode  : -6.871
DFA transitions / episode   : 1.27
DFA transitions in window   : 1->2: 62, 2->3: 44, 3->4: 20, 4->5: 1
epsilon (next episode)       : 0.23689
replay buffer                : 300000 samples [1: 55.0%, 2: 31.2%, 3: 11.6%, 4: 2.2%, 5: 0.0%]
DFA state visits in window   : 1: 22174, 2: 16278, 3: 8249, 4: 2730, 5: 1
DFA state visits cumulative  : 1: 1395491, 2: 165518, 3: 40745, 4: 7326, 5: 4
DFA state entries in window  : 1: 100, 2: 62, 3: 44, 4: 20, 5: 1
DFA state entries cumulative : 1: 7200, 2: 835, 3: 224, 4: 57, 5: 4
transitions cumulative       : 1->2: 835, 2->3: 224, 3->4: 57, 4->5: 4
accepted directly from s0    : 0
Gym endings cumulative       : terminated=7034, truncated=162

[Episode 7300/12000 | last 100]
success rate                : 2.0% (cumulative 0.1%)
failure rate                : 0.0% (cumulative 0.0%)
completed cycles / episode  : 0.000
synthetic task reward       : 200.000
shaping reward              : 742.504
learning reward             : 942.504
episode length              : 525.3
abstract changes / episode  : 126.1
same abstract-state steps   : 76.0%
same-state shaping / episode: 0.000
changed-state shaping / ep. : 742.504
terminal shaping / episode  : -7.631
DFA transitions / episode   : 1.32
DFA transitions in window   : 1->2: 66, 2->3: 45, 3->4: 19, 4->5: 2
epsilon (next episode)       : 0.23220
replay buffer                : 300000 samples [1: 49.0%, 2: 33.4%, 3: 14.9%, 4: 2.7%, 5: 0.0%]
DFA state visits in window   : 1: 22858, 2: 15709, 3: 12386, 4: 1678, 5: 2
DFA state visits cumulative  : 1: 1418349, 2: 181227, 3: 53131, 4: 9004, 5: 6
DFA state entries in window  : 1: 100, 2: 66, 3: 45, 4: 19, 5: 2
DFA state entries cumulative : 1: 7300, 2: 901, 3: 269, 4: 76, 5: 6
transitions cumulative       : 1->2: 901, 2->3: 269, 3->4: 76, 4->5: 6
accepted directly from s0    : 0
Gym endings cumulative       : terminated=7120, truncated=174

[Episode 7400/12000 | last 100]
success rate                : 2.0% (cumulative 0.1%)
failure rate                : 0.0% (cumulative 0.0%)
completed cycles / episode  : 0.000
synthetic task reward       : 200.000
shaping reward              : 789.986
learning reward             : 989.986
episode length              : 532.5
abstract changes / episode  : 125.1
same abstract-state steps   : 76.5%
same-state shaping / episode: 0.000
changed-state shaping / ep. : 789.986
terminal shaping / episode  : -4.863
DFA transitions / episode   : 1.50
DFA transitions in window   : 1->2: 79, 2->3: 54, 3->4: 15, 4->5: 2
epsilon (next episode)       : 0.22760
replay buffer                : 300000 samples [1: 45.6%, 2: 32.8%, 3: 18.6%, 4: 2.9%, 5: 0.0%]
DFA state visits in window   : 1: 22758, 2: 15505, 3: 13648, 4: 1441, 5: 2
DFA state visits cumulative  : 1: 1441107, 2: 196732, 3: 66779, 4: 10445, 5: 8
DFA state entries in window  : 1: 100, 2: 79, 3: 54, 4: 15, 5: 2
DFA state entries cumulative : 1: 7400, 2: 980, 3: 323, 4: 91, 5: 8
transitions cumulative       : 1->2: 980, 2->3: 323, 3->4: 91, 4->5: 8
accepted directly from s0    : 0
Gym endings cumulative       : terminated=7206, truncated=186

[Episode 7500/12000 | last 100]
success rate                : 2.0% (cumulative 0.1%)
failure rate                : 0.0% (cumulative 0.0%)
completed cycles / episode  : 0.000
synthetic task reward       : 200.000
shaping reward              : 745.113
learning reward             : 945.113
episode length              : 469.7
abstract changes / episode  : 108.8
same abstract-state steps   : 76.8%
same-state shaping / episode: 0.000
changed-state shaping / ep. : 745.113
terminal shaping / episode  : -5.000
DFA transitions / episode   : 1.31
DFA transitions in window   : 1->2: 72, 2->3: 43, 3->4: 14, 4->5: 2
epsilon (next episode)       : 0.22310
replay buffer                : 300000 samples [1: 45.2%, 2: 32.4%, 3: 19.1%, 4: 3.2%, 5: 0.0%]
DFA state visits in window   : 1: 23648, 2: 13197, 3: 8834, 4: 1388, 5: 2
DFA state visits cumulative  : 1: 1464755, 2: 209929, 3: 75613, 4: 11833, 5: 10
DFA state entries in window  : 1: 100, 2: 72, 3: 43, 4: 14, 5: 2
DFA state entries cumulative : 1: 7500, 2: 1052, 3: 366, 4: 105, 5: 10
transitions cumulative       : 1->2: 1052, 2->3: 366, 3->4: 105, 4->5: 10
accepted directly from s0    : 0
Gym endings cumulative       : terminated=7294, truncated=196

Starting autonomous greedy evaluation at episode 7500 (1000 fixed-seed episodes)...
[Greedy evaluation at episode 7500 | 1000 fixed-seed episodes]
success=0.0%, failure=0.0%, task reward=0.000, length=283.5
DFA transitions: 1->2: 308, 2->3: 299, 3->4: 124

[Episode 7600/12000 | last 100]
success rate                : 6.0% (cumulative 0.2%)
failure rate                : 0.0% (cumulative 0.0%)
completed cycles / episode  : 0.000
synthetic task reward       : 600.000
shaping reward              : 853.105
learning reward             : 1453.105
episode length              : 465.3
abstract changes / episode  : 118.9
same abstract-state steps   : 74.4%
same-state shaping / episode: 0.000
changed-state shaping / ep. : 853.105
terminal shaping / episode  : -5.635
DFA transitions / episode   : 1.44
DFA transitions in window   : 1->2: 69, 2->3: 44, 3->4: 25, 4->5: 6
epsilon (next episode)       : 0.21868
replay buffer                : 300000 samples [1: 44.3%, 2: 31.4%, 3: 20.4%, 4: 3.8%, 5: 0.0%]
DFA state visits in window   : 1: 20511, 2: 12832, 3: 10222, 4: 3057, 5: 6
DFA state visits cumulative  : 1: 1485266, 2: 222761, 3: 85835, 4: 14890, 5: 16
DFA state entries in window  : 1: 100, 2: 69, 3: 44, 4: 25, 5: 6
DFA state entries cumulative : 1: 7600, 2: 1121, 3: 410, 4: 130, 5: 16
transitions cumulative       : 1->2: 1121, 2->3: 410, 3->4: 130, 4->5: 16
accepted directly from s0    : 0
Gym endings cumulative       : terminated=7384, truncated=200

[Episode 7700/12000 | last 100]
success rate                : 6.0% (cumulative 0.3%)
failure rate                : 0.0% (cumulative 0.0%)
completed cycles / episode  : 0.000
synthetic task reward       : 600.000
shaping reward              : 903.404
learning reward             : 1503.404
episode length              : 448.8
abstract changes / episode  : 116.3
same abstract-state steps   : 74.1%
same-state shaping / episode: 0.000
changed-state shaping / ep. : 903.404
terminal shaping / episode  : 2.633
DFA transitions / episode   : 1.41
DFA transitions in window   : 1->2: 65, 2->3: 45, 3->4: 25, 4->5: 6
epsilon (next episode)       : 0.21435
replay buffer                : 300000 samples [1: 45.1%, 2: 28.6%, 3: 21.8%, 4: 4.5%, 5: 0.0%]
DFA state visits in window   : 1: 20609, 2: 10505, 3: 11178, 4: 2678, 5: 6
DFA state visits cumulative  : 1: 1505875, 2: 233266, 3: 97013, 4: 17568, 5: 22
DFA state entries in window  : 1: 100, 2: 65, 3: 45, 4: 25, 5: 6
DFA state entries cumulative : 1: 7700, 2: 1186, 3: 455, 4: 155, 5: 22
transitions cumulative       : 1->2: 1186, 2->3: 455, 3->4: 155, 4->5: 22
accepted directly from s0    : 0
Gym endings cumulative       : terminated=7468, truncated=210

[Episode 7800/12000 | last 100]
success rate                : 3.0% (cumulative 0.3%)
failure rate                : 0.0% (cumulative 0.0%)
completed cycles / episode  : 0.000
synthetic task reward       : 300.000
shaping reward              : 718.547
learning reward             : 1018.547
episode length              : 408.6
abstract changes / episode  : 111.4
same abstract-state steps   : 72.7%
same-state shaping / episode: 0.000
changed-state shaping / ep. : 718.547
terminal shaping / episode  : -5.477
DFA transitions / episode   : 1.18
DFA transitions in window   : 1->2: 61, 2->3: 38, 3->4: 16, 4->5: 3
epsilon (next episode)       : 0.21010
replay buffer                : 300000 samples [1: 45.8%, 2: 27.6%, 3: 22.3%, 4: 4.3%, 5: 0.0%]
DFA state visits in window   : 1: 20347, 2: 10736, 3: 8156, 4: 1717, 5: 3
DFA state visits cumulative  : 1: 1526222, 2: 244002, 3: 105169, 4: 19285, 5: 25
DFA state entries in window  : 1: 100, 2: 61, 3: 38, 4: 16, 5: 3
DFA state entries cumulative : 1: 7800, 2: 1247, 3: 493, 4: 171, 5: 25
transitions cumulative       : 1->2: 1247, 2->3: 493, 3->4: 171, 4->5: 25
accepted directly from s0    : 0
Gym endings cumulative       : terminated=7560, truncated=215

[Episode 7900/12000 | last 100]
success rate                : 7.0% (cumulative 0.4%)
failure rate                : 0.0% (cumulative 0.0%)
completed cycles / episode  : 0.000
synthetic task reward       : 700.000
shaping reward              : 1016.203
learning reward             : 1716.203
episode length              : 384.3
abstract changes / episode  : 105.2
same abstract-state steps   : 72.6%
same-state shaping / episode: 0.000
changed-state shaping / ep. : 1016.203
terminal shaping / episode  : -2.580
DFA transitions / episode   : 1.33
DFA transitions in window   : 1->2: 61, 2->3: 37, 3->4: 28, 4->5: 7
epsilon (next episode)       : 0.20594
replay buffer                : 300000 samples [1: 46.7%, 2: 26.9%, 3: 21.6%, 4: 4.8%, 5: 0.0%]
DFA state visits in window   : 1: 20175, 2: 8938, 3: 5995, 4: 3412, 5: 7
DFA state visits cumulative  : 1: 1546397, 2: 252940, 3: 111164, 4: 22697, 5: 32
DFA state entries in window  : 1: 100, 2: 61, 3: 37, 4: 28, 5: 7
DFA state entries cumulative : 1: 7900, 2: 1308, 3: 530, 4: 199, 5: 32
transitions cumulative       : 1->2: 1308, 2->3: 530, 3->4: 199, 4->5: 32
accepted directly from s0    : 0
Gym endings cumulative       : terminated=7649, truncated=219

[Episode 8000/12000 | last 100]
success rate                : 6.0% (cumulative 0.5%)
failure rate                : 0.0% (cumulative 0.0%)
completed cycles / episode  : 0.000
synthetic task reward       : 600.000
shaping reward              : 702.326
learning reward             : 1302.326
episode length              : 373.6
abstract changes / episode  : 104.3
same abstract-state steps   : 72.1%
same-state shaping / episode: 0.000
changed-state shaping / ep. : 702.326
terminal shaping / episode  : -2.815
DFA transitions / episode   : 1.26
DFA transitions in window   : 1->2: 59, 2->3: 39, 3->4: 22, 4->5: 6
epsilon (next episode)       : 0.20186
replay buffer                : 300000 samples [1: 47.5%, 2: 25.9%, 3: 21.3%, 4: 5.4%, 5: 0.0%]
DFA state visits in window   : 1: 18835, 2: 8185, 3: 7760, 4: 2673, 5: 6
DFA state visits cumulative  : 1: 1565232, 2: 261125, 3: 118924, 4: 25370, 5: 38
DFA state entries in window  : 1: 100, 2: 59, 3: 39, 4: 22, 5: 6
DFA state entries cumulative : 1: 8000, 2: 1367, 3: 569, 4: 221, 5: 38
transitions cumulative       : 1->2: 1367, 2->3: 569, 3->4: 221, 4->5: 38
accepted directly from s0    : 0
Gym endings cumulative       : terminated=7740, truncated=222

Starting autonomous greedy evaluation at episode 8000 (1000 fixed-seed episodes)...
[Greedy evaluation at episode 8000 | 1000 fixed-seed episodes]
success=37.1%, failure=0.0%, task reward=3710.000, length=694.1
DFA transitions: 1->2: 852, 2->3: 849, 3->4: 539, 4->5: 371
Best policy updated from autonomous greedy evaluation at episode 8000.

[Episode 8100/12000 | last 100]
success rate                : 11.0% (cumulative 0.6%)
failure rate                : 0.0% (cumulative 0.0%)
completed cycles / episode  : 0.000
synthetic task reward       : 1100.000
shaping reward              : 1080.784
learning reward             : 2180.784
episode length              : 425.6
abstract changes / episode  : 111.5
same abstract-state steps   : 73.8%
same-state shaping / episode: 0.000
changed-state shaping / ep. : 1080.784
terminal shaping / episode  : -0.738
DFA transitions / episode   : 1.68
DFA transitions in window   : 1->2: 66, 2->3: 51, 3->4: 40, 4->5: 11
epsilon (next episode)       : 0.19787
replay buffer                : 300000 samples [1: 47.5%, 2: 25.1%, 3: 21.1%, 4: 6.4%, 5: 0.0%]
DFA state visits in window   : 1: 17593, 2: 10007, 3: 10674, 4: 4371, 5: 11
DFA state visits cumulative  : 1: 1582825, 2: 271132, 3: 129598, 4: 29741, 5: 49
DFA state entries in window  : 1: 100, 2: 66, 3: 51, 4: 40, 5: 11
DFA state entries cumulative : 1: 8100, 2: 1433, 3: 620, 4: 261, 5: 49
transitions cumulative       : 1->2: 1433, 2->3: 620, 3->4: 261, 4->5: 49
accepted directly from s0    : 0
Gym endings cumulative       : terminated=7825, truncated=226

[Episode 8200/12000 | last 100]
success rate                : 9.0% (cumulative 0.7%)
failure rate                : 0.0% (cumulative 0.0%)
completed cycles / episode  : 0.000
synthetic task reward       : 900.000
shaping reward              : 1083.931
learning reward             : 1983.931
episode length              : 453.1
abstract changes / episode  : 124.7
same abstract-state steps   : 72.5%
same-state shaping / episode: 0.000
changed-state shaping / ep. : 1083.931
terminal shaping / episode  : -5.163
DFA transitions / episode   : 1.57
DFA transitions in window   : 1->2: 69, 2->3: 48, 3->4: 31, 4->5: 9
epsilon (next episode)       : 0.19395
replay buffer                : 300000 samples [1: 46.6%, 2: 25.0%, 3: 21.2%, 4: 7.1%, 5: 0.0%]
DFA state visits in window   : 1: 20062, 2: 12394, 3: 9661, 4: 3279, 5: 9
DFA state visits cumulative  : 1: 1602887, 2: 283526, 3: 139259, 4: 33020, 5: 58
DFA state entries in window  : 1: 100, 2: 69, 3: 48, 4: 31, 5: 9
DFA state entries cumulative : 1: 8200, 2: 1502, 3: 668, 4: 292, 5: 58
transitions cumulative       : 1->2: 1502, 2->3: 668, 3->4: 292, 4->5: 58
accepted directly from s0    : 0
Gym endings cumulative       : terminated=7912, truncated=230

[Episode 8300/12000 | last 100]
success rate                : 12.0% (cumulative 0.8%)
failure rate                : 0.0% (cumulative 0.0%)
completed cycles / episode  : 0.000
synthetic task reward       : 1200.000
shaping reward              : 1373.832
learning reward             : 2573.832
episode length              : 493.1
abstract changes / episode  : 137.3
same abstract-state steps   : 72.2%
same-state shaping / episode: 0.000
changed-state shaping / ep. : 1373.832
terminal shaping / episode  : 6.270
DFA transitions / episode   : 1.88
DFA transitions in window   : 1->2: 81, 2->3: 56, 3->4: 39, 4->5: 12
epsilon (next episode)       : 0.19011
replay buffer                : 300000 samples [1: 45.0%, 2: 25.3%, 3: 22.3%, 4: 7.5%, 5: 0.0%]
DFA state visits in window   : 1: 17462, 2: 14979, 3: 12682, 4: 4271, 5: 12
DFA state visits cumulative  : 1: 1620349, 2: 298505, 3: 151941, 4: 37291, 5: 70
DFA state entries in window  : 1: 100, 2: 81, 3: 56, 4: 39, 5: 12
DFA state entries cumulative : 1: 8300, 2: 1583, 3: 724, 4: 331, 5: 70
transitions cumulative       : 1->2: 1583, 2->3: 724, 3->4: 331, 4->5: 70
accepted directly from s0    : 0
Gym endings cumulative       : terminated=7995, truncated=235

[Episode 8400/12000 | last 100]
success rate                : 12.0% (cumulative 1.0%)
failure rate                : 0.0% (cumulative 0.0%)
completed cycles / episode  : 0.000
synthetic task reward       : 1200.000
shaping reward              : 1371.930
learning reward             : 2571.930
episode length              : 438.0
abstract changes / episode  : 125.9
same abstract-state steps   : 71.3%
same-state shaping / episode: 0.000
changed-state shaping / ep. : 1371.930
terminal shaping / episode  : -2.929
DFA transitions / episode   : 1.85
DFA transitions in window   : 1->2: 76, 2->3: 57, 3->4: 40, 4->5: 12
epsilon (next episode)       : 0.18634
replay buffer                : 300000 samples [1: 44.6%, 2: 25.3%, 3: 22.1%, 4: 8.0%, 5: 0.0%]
DFA state visits in window   : 1: 18519, 2: 10040, 3: 10970, 4: 4357, 5: 12
DFA state visits cumulative  : 1: 1638868, 2: 308545, 3: 162911, 4: 41648, 5: 82
DFA state entries in window  : 1: 100, 2: 76, 3: 57, 4: 40, 5: 12
DFA state entries cumulative : 1: 8400, 2: 1659, 3: 781, 4: 371, 5: 82
transitions cumulative       : 1->2: 1659, 2->3: 781, 3->4: 371, 4->5: 82
accepted directly from s0    : 0
Gym endings cumulative       : terminated=8081, truncated=237

[Episode 8500/12000 | last 100]
success rate                : 17.0% (cumulative 1.2%)
failure rate                : 0.0% (cumulative 0.0%)
completed cycles / episode  : 0.000
synthetic task reward       : 1700.000
shaping reward              : 1305.249
learning reward             : 3005.249
episode length              : 453.6
abstract changes / episode  : 128.2
same abstract-state steps   : 71.8%
same-state shaping / episode: 0.000
changed-state shaping / ep. : 1305.249
terminal shaping / episode  : 4.599
DFA transitions / episode   : 1.91
DFA transitions in window   : 1->2: 77, 2->3: 58, 3->4: 39, 4->5: 17
epsilon (next episode)       : 0.18265
replay buffer                : 300000 samples [1: 43.1%, 2: 25.2%, 3: 22.8%, 4: 8.9%, 5: 0.0%]
DFA state visits in window   : 1: 18568, 2: 11595, 3: 10730, 4: 4553, 5: 17
DFA state visits cumulative  : 1: 1657436, 2: 320140, 3: 173641, 4: 46201, 5: 99
DFA state entries in window  : 1: 100, 2: 77, 3: 58, 4: 39, 5: 17
DFA state entries cumulative : 1: 8500, 2: 1736, 3: 839, 4: 410, 5: 99
transitions cumulative       : 1->2: 1736, 2->3: 839, 3->4: 410, 4->5: 99
accepted directly from s0    : 0
Gym endings cumulative       : terminated=8163, truncated=238

Starting autonomous greedy evaluation at episode 8500 (1000 fixed-seed episodes)...
[Greedy evaluation at episode 8500 | 1000 fixed-seed episodes]
success=0.0%, failure=0.0%, task reward=0.000, length=954.8
DFA transitions: 1->2: 5

[Episode 8600/12000 | last 100]
success rate                : 20.0% (cumulative 1.4%)
failure rate                : 0.0% (cumulative 0.0%)
completed cycles / episode  : 0.000
synthetic task reward       : 2000.000
shaping reward              : 1149.870
learning reward             : 3149.870
episode length              : 450.3
abstract changes / episode  : 121.6
same abstract-state steps   : 73.0%
same-state shaping / episode: 0.000
changed-state shaping / ep. : 1149.870
terminal shaping / episode  : 7.031
DFA transitions / episode   : 1.68
DFA transitions in window   : 1->2: 66, 2->3: 43, 3->4: 39, 4->5: 20
epsilon (next episode)       : 0.17904
replay buffer                : 300000 samples [1: 43.4%, 2: 25.1%, 3: 22.4%, 4: 9.1%, 5: 0.0%]
DFA state visits in window   : 1: 23021, 2: 10436, 3: 7149, 4: 4504, 5: 20
DFA state visits cumulative  : 1: 1680457, 2: 330576, 3: 180790, 4: 50705, 5: 119
DFA state entries in window  : 1: 100, 2: 66, 3: 43, 4: 39, 5: 20
DFA state entries cumulative : 1: 8600, 2: 1802, 3: 882, 4: 449, 5: 119
transitions cumulative       : 1->2: 1802, 2->3: 882, 3->4: 449, 4->5: 119
accepted directly from s0    : 0
Gym endings cumulative       : terminated=8239, truncated=242

[Episode 8700/12000 | last 100]
success rate                : 25.0% (cumulative 1.7%)
failure rate                : 0.0% (cumulative 0.0%)
completed cycles / episode  : 0.000
synthetic task reward       : 2500.000
shaping reward              : 1276.616
learning reward             : 3776.616
episode length              : 415.1
abstract changes / episode  : 112.8
same abstract-state steps   : 72.8%
same-state shaping / episode: 0.000
changed-state shaping / ep. : 1276.616
terminal shaping / episode  : 14.403
DFA transitions / episode   : 1.86
DFA transitions in window   : 1->2: 78, 2->3: 49, 3->4: 34, 4->5: 25
epsilon (next episode)       : 0.17549
replay buffer                : 300000 samples [1: 42.9%, 2: 25.6%, 3: 22.4%, 4: 9.1%, 5: 0.0%]
DFA state visits in window   : 1: 19271, 2: 10778, 3: 7905, 4: 3629, 5: 25
DFA state visits cumulative  : 1: 1699728, 2: 341354, 3: 188695, 4: 54334, 5: 144
DFA state entries in window  : 1: 100, 2: 78, 3: 49, 4: 34, 5: 25
DFA state entries cumulative : 1: 8700, 2: 1880, 3: 931, 4: 483, 5: 144
transitions cumulative       : 1->2: 1880, 2->3: 931, 3->4: 483, 4->5: 144
accepted directly from s0    : 0
Gym endings cumulative       : terminated=8312, truncated=244

[Episode 8800/12000 | last 100]
success rate                : 27.0% (cumulative 1.9%)
failure rate                : 0.0% (cumulative 0.0%)
completed cycles / episode  : 0.000
synthetic task reward       : 2700.000
shaping reward              : 1549.174
learning reward             : 4249.174
episode length              : 407.1
abstract changes / episode  : 112.8
same abstract-state steps   : 72.3%
same-state shaping / episode: 0.000
changed-state shaping / ep. : 1549.174
terminal shaping / episode  : 18.261
DFA transitions / episode   : 1.91
DFA transitions in window   : 1->2: 75, 2->3: 51, 3->4: 38, 4->5: 27
epsilon (next episode)       : 0.17201
replay buffer                : 300000 samples [1: 42.8%, 2: 26.5%, 3: 21.6%, 4: 9.1%, 5: 0.0%]
DFA state visits in window   : 1: 16541, 2: 11916, 3: 8476, 4: 3854, 5: 27
DFA state visits cumulative  : 1: 1716269, 2: 353270, 3: 197171, 4: 58188, 5: 171
DFA state entries in window  : 1: 100, 2: 75, 3: 51, 4: 38, 5: 27
DFA state entries cumulative : 1: 8800, 2: 1955, 3: 982, 4: 521, 5: 171
transitions cumulative       : 1->2: 1955, 2->3: 982, 3->4: 521, 4->5: 171
accepted directly from s0    : 0
Gym endings cumulative       : terminated=8384, truncated=245

[Episode 8900/12000 | last 100]
success rate                : 32.0% (cumulative 2.3%)
failure rate                : 0.0% (cumulative 0.0%)
completed cycles / episode  : 0.000
synthetic task reward       : 3200.000
shaping reward              : 1732.500
learning reward             : 4932.500
episode length              : 388.8
abstract changes / episode  : 107.6
same abstract-state steps   : 72.3%
same-state shaping / episode: 0.000
changed-state shaping / ep. : 1732.500
terminal shaping / episode  : 23.434
DFA transitions / episode   : 1.98
DFA transitions in window   : 1->2: 64, 2->3: 54, 3->4: 48, 4->5: 32
epsilon (next episode)       : 0.16861
replay buffer                : 300000 samples [1: 42.6%, 2: 26.5%, 3: 21.2%, 4: 9.7%, 5: 0.0%]
DFA state visits in window   : 1: 15550, 2: 11742, 3: 7147, 4: 4507, 5: 32
DFA state visits cumulative  : 1: 1731819, 2: 365012, 3: 204318, 4: 62695, 5: 203
DFA state entries in window  : 1: 100, 2: 64, 3: 54, 4: 48, 5: 32
DFA state entries cumulative : 1: 8900, 2: 2019, 3: 1036, 4: 569, 5: 203
transitions cumulative       : 1->2: 2019, 2->3: 1036, 3->4: 569, 4->5: 203
accepted directly from s0    : 0
Gym endings cumulative       : terminated=8451, truncated=246

[Episode 9000/12000 | last 100]
success rate                : 25.0% (cumulative 2.5%)
failure rate                : 0.0% (cumulative 0.0%)
completed cycles / episode  : 0.000
synthetic task reward       : 2500.000
shaping reward              : 1151.180
learning reward             : 3651.180
episode length              : 325.9
abstract changes / episode  : 90.9
same abstract-state steps   : 72.1%
same-state shaping / episode: 0.000
changed-state shaping / ep. : 1151.180
terminal shaping / episode  : 13.387
DFA transitions / episode   : 1.44
DFA transitions in window   : 1->2: 54, 2->3: 36, 3->4: 29, 4->5: 25
epsilon (next episode)       : 0.16527
replay buffer                : 300000 samples [1: 44.2%, 2: 26.2%, 3: 20.0%, 4: 9.7%, 5: 0.0%]
DFA state visits in window   : 1: 16479, 2: 8464, 3: 4867, 4: 2850, 5: 25
DFA state visits cumulative  : 1: 1748298, 2: 373476, 3: 209185, 4: 65545, 5: 228
DFA state entries in window  : 1: 100, 2: 54, 3: 36, 4: 29, 5: 25
DFA state entries cumulative : 1: 9000, 2: 2073, 3: 1072, 4: 598, 5: 228
transitions cumulative       : 1->2: 2073, 2->3: 1072, 3->4: 598, 4->5: 228
accepted directly from s0    : 0
Gym endings cumulative       : terminated=8525, truncated=247

Starting autonomous greedy evaluation at episode 9000 (1000 fixed-seed episodes)...
[Greedy evaluation at episode 9000 | 1000 fixed-seed episodes]
success=35.2%, failure=0.0%, task reward=3520.000, length=770.3
DFA transitions: 1->2: 378, 2->3: 369, 3->4: 360, 4->5: 352

[Episode 9100/12000 | last 100]
success rate                : 37.0% (cumulative 2.9%)
failure rate                : 0.0% (cumulative 0.0%)
completed cycles / episode  : 0.000
synthetic task reward       : 3700.000
shaping reward              : 1805.384
learning reward             : 5505.384
episode length              : 401.7
abstract changes / episode  : 99.9
same abstract-state steps   : 75.1%
same-state shaping / episode: 0.000
changed-state shaping / ep. : 1805.384
terminal shaping / episode  : 32.163
DFA transitions / episode   : 1.94
DFA transitions in window   : 1->2: 64, 2->3: 51, 3->4: 42, 4->5: 37
epsilon (next episode)       : 0.16200
replay buffer                : 300000 samples [1: 45.8%, 2: 25.8%, 3: 18.6%, 4: 9.8%, 5: 0.0%]
DFA state visits in window   : 1: 21082, 2: 9202, 3: 6069, 4: 3883, 5: 37
DFA state visits cumulative  : 1: 1769380, 2: 382678, 3: 215254, 4: 69428, 5: 265
DFA state entries in window  : 1: 100, 2: 64, 3: 51, 4: 42, 5: 37
DFA state entries cumulative : 1: 9100, 2: 2137, 3: 1123, 4: 640, 5: 265
transitions cumulative       : 1->2: 2137, 2->3: 1123, 3->4: 640, 4->5: 265
accepted directly from s0    : 0
Gym endings cumulative       : terminated=8584, truncated=251

[Episode 9200/12000 | last 100]
success rate                : 41.0% (cumulative 3.3%)
failure rate                : 0.0% (cumulative 0.0%)
completed cycles / episode  : 0.000
synthetic task reward       : 4100.000
shaping reward              : 2313.837
learning reward             : 6413.837
episode length              : 430.3
abstract changes / episode  : 115.1
same abstract-state steps   : 73.2%
same-state shaping / episode: 0.000
changed-state shaping / ep. : 2313.837
terminal shaping / episode  : 25.101
DFA transitions / episode   : 2.49
DFA transitions in window   : 1->2: 77, 2->3: 68, 3->4: 63, 4->5: 41
epsilon (next episode)       : 0.15879
replay buffer                : 300000 samples [1: 45.5%, 2: 25.9%, 3: 18.1%, 4: 10.5%, 5: 0.0%]
DFA state visits in window   : 1: 16774, 2: 11359, 3: 8520, 4: 6433, 5: 41
DFA state visits cumulative  : 1: 1786154, 2: 394037, 3: 223774, 4: 75861, 5: 306
DFA state entries in window  : 1: 100, 2: 77, 3: 68, 4: 63, 5: 41
DFA state entries cumulative : 1: 9200, 2: 2214, 3: 1191, 4: 703, 5: 306
transitions cumulative       : 1->2: 2214, 2->3: 1191, 3->4: 703, 4->5: 306
accepted directly from s0    : 0
Gym endings cumulative       : terminated=8642, truncated=252

[Episode 9300/12000 | last 100]
success rate                : 52.0% (cumulative 3.8%)
failure rate                : 0.0% (cumulative 0.0%)
completed cycles / episode  : 0.000
synthetic task reward       : 5200.000
shaping reward              : 2469.674
learning reward             : 7669.674
episode length              : 412.4
abstract changes / episode  : 111.2
same abstract-state steps   : 73.0%
same-state shaping / episode: 0.000
changed-state shaping / ep. : 2469.674
terminal shaping / episode  : 45.569
DFA transitions / episode   : 2.68
DFA transitions in window   : 1->2: 82, 2->3: 71, 3->4: 63, 4->5: 52
epsilon (next episode)       : 0.15564
replay buffer                : 300000 samples [1: 43.8%, 2: 27.2%, 3: 17.9%, 4: 11.1%, 5: 0.0%]
DFA state visits in window   : 1: 14351, 2: 12980, 3: 7936, 4: 6021, 5: 52
DFA state visits cumulative  : 1: 1800505, 2: 407017, 3: 231710, 4: 81882, 5: 358
DFA state entries in window  : 1: 100, 2: 82, 3: 71, 4: 63, 5: 52
DFA state entries cumulative : 1: 9300, 2: 2296, 3: 1262, 4: 766, 5: 358
transitions cumulative       : 1->2: 2296, 2->3: 1262, 3->4: 766, 4->5: 358
accepted directly from s0    : 0
Gym endings cumulative       : terminated=8690, truncated=252

[Episode 9400/12000 | last 100]
success rate                : 41.0% (cumulative 4.2%)
failure rate                : 0.0% (cumulative 0.0%)
completed cycles / episode  : 0.000
synthetic task reward       : 4100.000
shaping reward              : 1850.927
learning reward             : 5950.927
episode length              : 413.6
abstract changes / episode  : 111.8
same abstract-state steps   : 73.0%
same-state shaping / episode: 0.000
changed-state shaping / ep. : 1850.927
terminal shaping / episode  : 34.172
DFA transitions / episode   : 2.24
DFA transitions in window   : 1->2: 76, 2->3: 61, 3->4: 46, 4->5: 41
epsilon (next episode)       : 0.15256
replay buffer                : 300000 samples [1: 42.5%, 2: 27.8%, 3: 18.4%, 4: 11.3%, 5: 0.0%]
DFA state visits in window   : 1: 16403, 2: 12983, 3: 7709, 4: 4326, 5: 41
DFA state visits cumulative  : 1: 1816908, 2: 420000, 3: 239419, 4: 86208, 5: 399
DFA state entries in window  : 1: 100, 2: 76, 3: 61, 4: 46, 5: 41
DFA state entries cumulative : 1: 9400, 2: 2372, 3: 1323, 4: 812, 5: 399
transitions cumulative       : 1->2: 2372, 2->3: 1323, 3->4: 812, 4->5: 399
accepted directly from s0    : 0
Gym endings cumulative       : terminated=8748, truncated=253

[Episode 9500/12000 | last 100]
success rate                : 38.0% (cumulative 4.6%)
failure rate                : 0.0% (cumulative 0.0%)
completed cycles / episode  : 0.000
synthetic task reward       : 3800.000
shaping reward              : 1740.359
learning reward             : 5540.359
episode length              : 387.1
abstract changes / episode  : 107.6
same abstract-state steps   : 72.2%
same-state shaping / episode: 0.000
changed-state shaping / ep. : 1740.359
terminal shaping / episode  : 33.172
DFA transitions / episode   : 2.14
DFA transitions in window   : 1->2: 73, 2->3: 58, 3->4: 45, 4->5: 38
epsilon (next episode)       : 0.14954
replay buffer                : 300000 samples [1: 42.5%, 2: 27.8%, 3: 18.4%, 4: 11.4%, 5: 0.0%]
DFA state visits in window   : 1: 17415, 2: 9287, 3: 8170, 4: 3901, 5: 38
DFA state visits cumulative  : 1: 1834323, 2: 429287, 3: 247589, 4: 90109, 5: 437
DFA state entries in window  : 1: 100, 2: 73, 3: 58, 4: 45, 5: 38
DFA state entries cumulative : 1: 9500, 2: 2445, 3: 1381, 4: 857, 5: 437
transitions cumulative       : 1->2: 2445, 2->3: 1381, 3->4: 857, 4->5: 437
accepted directly from s0    : 0
Gym endings cumulative       : terminated=8810, truncated=253

Starting autonomous greedy evaluation at episode 9500 (1000 fixed-seed episodes)...
[Greedy evaluation at episode 9500 | 1000 fixed-seed episodes]
success=1.8%, failure=0.0%, task reward=180.000, length=170.5
DFA transitions: 1->2: 443, 2->3: 31, 3->4: 21, 4->5: 18

[Episode 9600/12000 | last 100]
success rate                : 54.0% (cumulative 5.1%)
failure rate                : 0.0% (cumulative 0.0%)
completed cycles / episode  : 0.000
synthetic task reward       : 5400.000
shaping reward              : 2479.634
learning reward             : 7879.634
episode length              : 448.2
abstract changes / episode  : 126.0
same abstract-state steps   : 71.9%
same-state shaping / episode: 0.000
changed-state shaping / ep. : 2479.634
terminal shaping / episode  : 47.197
DFA transitions / episode   : 2.80
DFA transitions in window   : 1->2: 87, 2->3: 76, 3->4: 63, 4->5: 54
epsilon (next episode)       : 0.14658
replay buffer                : 300000 samples [1: 42.0%, 2: 27.0%, 3: 19.3%, 4: 11.7%, 5: 0.0%]
DFA state visits in window   : 1: 16750, 2: 11608, 3: 11040, 4: 5470, 5: 54
DFA state visits cumulative  : 1: 1851073, 2: 440895, 3: 258629, 4: 95579, 5: 491
DFA state entries in window  : 1: 100, 2: 87, 3: 76, 4: 63, 5: 54
DFA state entries cumulative : 1: 9600, 2: 2532, 3: 1457, 4: 920, 5: 491
transitions cumulative       : 1->2: 2532, 2->3: 1457, 3->4: 920, 4->5: 491
accepted directly from s0    : 0
Gym endings cumulative       : terminated=8856, truncated=253

[Episode 9700/12000 | last 100]
success rate                : 49.0% (cumulative 5.6%)
failure rate                : 0.0% (cumulative 0.0%)
completed cycles / episode  : 0.000
synthetic task reward       : 4900.000
shaping reward              : 2104.113
learning reward             : 7004.113
episode length              : 431.3
abstract changes / episode  : 114.9
same abstract-state steps   : 73.4%
same-state shaping / episode: 0.000
changed-state shaping / ep. : 2104.113
terminal shaping / episode  : 45.228
DFA transitions / episode   : 2.43
DFA transitions in window   : 1->2: 75, 2->3: 66, 3->4: 53, 4->5: 49
epsilon (next episode)       : 0.14368
replay buffer                : 300000 samples [1: 41.7%, 2: 27.1%, 3: 19.4%, 4: 11.7%, 5: 0.0%]
DFA state visits in window   : 1: 19030, 2: 11391, 3: 8025, 4: 4735, 5: 49
DFA state visits cumulative  : 1: 1870103, 2: 452286, 3: 266654, 4: 100314, 5: 540
DFA state entries in window  : 1: 100, 2: 75, 3: 66, 4: 53, 5: 49
DFA state entries cumulative : 1: 9700, 2: 2607, 3: 1523, 4: 973, 5: 540
transitions cumulative       : 1->2: 2607, 2->3: 1523, 3->4: 973, 4->5: 540
accepted directly from s0    : 0
Gym endings cumulative       : terminated=8904, truncated=256

[Episode 9800/12000 | last 100]
success rate                : 55.0% (cumulative 6.1%)
failure rate                : 0.0% (cumulative 0.0%)
completed cycles / episode  : 0.000
synthetic task reward       : 5500.000
shaping reward              : 2387.564
learning reward             : 7887.564
episode length              : 492.4
abstract changes / episode  : 116.3
same abstract-state steps   : 76.4%
same-state shaping / episode: 0.000
changed-state shaping / ep. : 2387.564
terminal shaping / episode  : 50.873
DFA transitions / episode   : 2.58
DFA transitions in window   : 1->2: 73, 2->3: 67, 3->4: 63, 4->5: 55
epsilon (next episode)       : 0.14083
replay buffer                : 300000 samples [1: 41.5%, 2: 27.4%, 3: 18.9%, 4: 12.2%, 5: 0.0%]
DFA state visits in window   : 1: 25412, 2: 12569, 3: 5479, 4: 5820, 5: 55
DFA state visits cumulative  : 1: 1895515, 2: 464855, 3: 272133, 4: 106134, 5: 595
DFA state entries in window  : 1: 100, 2: 73, 3: 67, 4: 63, 5: 55
DFA state entries cumulative : 1: 9800, 2: 2680, 3: 1590, 4: 1036, 5: 595
transitions cumulative       : 1->2: 2680, 2->3: 1590, 3->4: 1036, 4->5: 595
accepted directly from s0    : 0
Gym endings cumulative       : terminated=8944, truncated=261

[Episode 9900/12000 | last 100]
success rate                : 44.0% (cumulative 6.5%)
failure rate                : 0.0% (cumulative 0.0%)
completed cycles / episode  : 0.000
synthetic task reward       : 4400.000
shaping reward              : 1944.058
learning reward             : 6344.058
episode length              : 388.4
abstract changes / episode  : 99.9
same abstract-state steps   : 74.3%
same-state shaping / episode: 0.000
changed-state shaping / ep. : 1944.058
terminal shaping / episode  : 36.924
DFA transitions / episode   : 2.29
DFA transitions in window   : 1->2: 72, 2->3: 60, 3->4: 53, 4->5: 44
epsilon (next episode)       : 0.13804
replay buffer                : 300000 samples [1: 42.6%, 2: 27.1%, 3: 18.5%, 4: 11.8%, 5: 0.0%]
DFA state visits in window   : 1: 18061, 2: 9564, 3: 6509, 4: 4760, 5: 44
DFA state visits cumulative  : 1: 1913576, 2: 474419, 3: 278642, 4: 110894, 5: 639
DFA state entries in window  : 1: 100, 2: 72, 3: 60, 4: 53, 5: 44
DFA state entries cumulative : 1: 9900, 2: 2752, 3: 1650, 4: 1089, 5: 639
transitions cumulative       : 1->2: 2752, 2->3: 1650, 3->4: 1089, 4->5: 639
accepted directly from s0    : 0
Gym endings cumulative       : terminated=9000, truncated=261

[Episode 10000/12000 | last 100]
success rate                : 41.0% (cumulative 6.8%)
failure rate                : 0.0% (cumulative 0.0%)
completed cycles / episode  : 0.000
synthetic task reward       : 4100.000
shaping reward              : 1747.999
learning reward             : 5847.999
episode length              : 419.2
abstract changes / episode  : 108.2
same abstract-state steps   : 74.2%
same-state shaping / episode: 0.000
changed-state shaping / ep. : 1747.999
terminal shaping / episode  : 31.519
DFA transitions / episode   : 2.18
DFA transitions in window   : 1->2: 69, 2->3: 58, 3->4: 50, 4->5: 41
epsilon (next episode)       : 0.13531
replay buffer                : 300000 samples [1: 44.8%, 2: 26.2%, 3: 17.9%, 4: 11.1%, 5: 0.0%]
DFA state visits in window   : 1: 20265, 2: 10751, 3: 6667, 4: 4301, 5: 41
DFA state visits cumulative  : 1: 1933841, 2: 485170, 3: 285309, 4: 115195, 5: 680
DFA state entries in window  : 1: 100, 2: 69, 3: 58, 4: 50, 5: 41
DFA state entries cumulative : 1: 10000, 2: 2821, 3: 1708, 4: 1139, 5: 680
transitions cumulative       : 1->2: 2821, 2->3: 1708, 3->4: 1139, 4->5: 680
accepted directly from s0    : 0
Gym endings cumulative       : terminated=9058, truncated=262

Starting autonomous greedy evaluation at episode 10000 (1000 fixed-seed episodes)...
[Greedy evaluation at episode 10000 | 1000 fixed-seed episodes]
success=35.9%, failure=0.0%, task reward=3590.000, length=547.8
DFA transitions: 1->2: 434, 2->3: 397, 3->4: 384, 4->5: 359

[Episode 10100/12000 | last 100]
success rate                : 43.0% (cumulative 7.2%)
failure rate                : 0.0% (cumulative 0.0%)
completed cycles / episode  : 0.000
synthetic task reward       : 4300.000
shaping reward              : 2059.392
learning reward             : 6359.392
episode length              : 422.8
abstract changes / episode  : 116.7
same abstract-state steps   : 72.4%
same-state shaping / episode: 0.000
changed-state shaping / ep. : 2059.392
terminal shaping / episode  : 35.992
DFA transitions / episode   : 2.46
DFA transitions in window   : 1->2: 79, 2->3: 64, 3->4: 60, 4->5: 43
epsilon (next episode)       : 0.13263
replay buffer                : 300000 samples [1: 45.0%, 2: 25.2%, 3: 18.3%, 4: 11.5%, 5: 0.0%]
DFA state visits in window   : 1: 17782, 2: 10235, 3: 8876, 4: 5444, 5: 43
DFA state visits cumulative  : 1: 1951623, 2: 495405, 3: 294185, 4: 120639, 5: 723
DFA state entries in window  : 1: 100, 2: 79, 3: 64, 4: 60, 5: 43
DFA state entries cumulative : 1: 10100, 2: 2900, 3: 1772, 4: 1199, 5: 723
transitions cumulative       : 1->2: 2900, 2->3: 1772, 3->4: 1199, 4->5: 723
accepted directly from s0    : 0
Gym endings cumulative       : terminated=9115, truncated=262

[Episode 10200/12000 | last 100]
success rate                : 45.0% (cumulative 7.5%)
failure rate                : 0.0% (cumulative 0.0%)
completed cycles / episode  : 0.000
synthetic task reward       : 4500.000
shaping reward              : 1818.452
learning reward             : 6318.452
episode length              : 335.9
abstract changes / episode  : 94.8
same abstract-state steps   : 71.8%
same-state shaping / episode: 0.000
changed-state shaping / ep. : 1818.452
terminal shaping / episode  : 40.466
DFA transitions / episode   : 2.15
DFA transitions in window   : 1->2: 69, 2->3: 52, 3->4: 49, 4->5: 45
epsilon (next episode)       : 0.13000
replay buffer                : 300000 samples [1: 45.4%, 2: 25.5%, 3: 17.4%, 4: 11.8%, 5: 0.0%]
DFA state visits in window   : 1: 16355, 2: 8711, 3: 4231, 4: 4347, 5: 45
DFA state visits cumulative  : 1: 1967978, 2: 504116, 3: 298416, 4: 124986, 5: 768
DFA state entries in window  : 1: 100, 2: 69, 3: 52, 4: 49, 5: 45
DFA state entries cumulative : 1: 10200, 2: 2969, 3: 1824, 4: 1248, 5: 768
transitions cumulative       : 1->2: 2969, 2->3: 1824, 3->4: 1248, 4->5: 768
accepted directly from s0    : 0
Gym endings cumulative       : terminated=9170, truncated=262

[Episode 10300/12000 | last 100]
success rate                : 44.0% (cumulative 7.9%)
failure rate                : 0.0% (cumulative 0.0%)
completed cycles / episode  : 0.000
synthetic task reward       : 4400.000
shaping reward              : 1862.260
learning reward             : 6262.260
episode length              : 396.9
abstract changes / episode  : 103.6
same abstract-state steps   : 73.9%
same-state shaping / episode: 0.000
changed-state shaping / ep. : 1862.260
terminal shaping / episode  : 38.987
DFA transitions / episode   : 2.19
DFA transitions in window   : 1->2: 67, 2->3: 59, 3->4: 49, 4->5: 44
epsilon (next episode)       : 0.12743
replay buffer                : 300000 samples [1: 46.3%, 2: 26.1%, 3: 16.1%, 4: 11.6%, 5: 0.0%]
DFA state visits in window   : 1: 17486, 2: 11936, 3: 6081, 4: 4244, 5: 44
DFA state visits cumulative  : 1: 1985464, 2: 516052, 3: 304497, 4: 129230, 5: 812
DFA state entries in window  : 1: 100, 2: 67, 3: 59, 4: 49, 5: 44
DFA state entries cumulative : 1: 10300, 2: 3036, 3: 1883, 4: 1297, 5: 812
transitions cumulative       : 1->2: 3036, 2->3: 1883, 3->4: 1297, 4->5: 812
accepted directly from s0    : 0
Gym endings cumulative       : terminated=9225, truncated=263

[Episode 10400/12000 | last 100]
success rate                : 27.0% (cumulative 8.1%)
failure rate                : 0.0% (cumulative 0.0%)
completed cycles / episode  : 0.000
synthetic task reward       : 2700.000
shaping reward              : 1842.749
learning reward             : 4542.749
episode length              : 412.8
abstract changes / episode  : 108.6
same abstract-state steps   : 73.7%
same-state shaping / episode: 0.000
changed-state shaping / ep. : 1842.749
terminal shaping / episode  : 16.769
DFA transitions / episode   : 2.17
DFA transitions in window   : 1->2: 74, 2->3: 63, 3->4: 53, 4->5: 27
epsilon (next episode)       : 0.12490
replay buffer                : 300000 samples [1: 46.6%, 2: 26.0%, 3: 15.8%, 4: 11.7%, 5: 0.0%]
DFA state visits in window   : 1: 17108, 2: 11657, 3: 7910, 4: 4682, 5: 27
DFA state visits cumulative  : 1: 2002572, 2: 527709, 3: 312407, 4: 133912, 5: 839
DFA state entries in window  : 1: 100, 2: 74, 3: 63, 4: 53, 5: 27
DFA state entries cumulative : 1: 10400, 2: 3110, 3: 1946, 4: 1350, 5: 839
transitions cumulative       : 1->2: 3110, 2->3: 1946, 3->4: 1350, 4->5: 839
accepted directly from s0    : 0
Gym endings cumulative       : terminated=9298, truncated=263

[Episode 10500/12000 | last 100]
success rate                : 46.0% (cumulative 8.4%)
failure rate                : 0.0% (cumulative 0.0%)
completed cycles / episode  : 0.000
synthetic task reward       : 4600.000
shaping reward              : 2177.351
learning reward             : 6777.351
episode length              : 416.2
abstract changes / episode  : 96.4
same abstract-state steps   : 76.8%
same-state shaping / episode: 0.000
changed-state shaping / ep. : 2177.351
terminal shaping / episode  : 38.670
DFA transitions / episode   : 2.41
DFA transitions in window   : 1->2: 72, 2->3: 64, 3->4: 59, 4->5: 46
epsilon (next episode)       : 0.12243
replay buffer                : 300000 samples [1: 45.9%, 2: 26.4%, 3: 16.2%, 4: 11.6%, 5: 0.0%]
DFA state visits in window   : 1: 18842, 2: 11538, 3: 6112, 4: 5187, 5: 46
DFA state visits cumulative  : 1: 2021414, 2: 539247, 3: 318519, 4: 139099, 5: 885
DFA state entries in window  : 1: 100, 2: 72, 3: 64, 4: 59, 5: 46
DFA state entries cumulative : 1: 10500, 2: 3182, 3: 2010, 4: 1409, 5: 885
transitions cumulative       : 1->2: 3182, 2->3: 2010, 3->4: 1409, 4->5: 885
accepted directly from s0    : 0
Gym endings cumulative       : terminated=9352, truncated=263

Starting autonomous greedy evaluation at episode 10500 (1000 fixed-seed episodes)...
[Greedy evaluation at episode 10500 | 1000 fixed-seed episodes]
success=72.3%, failure=0.0%, task reward=7230.000, length=446.0
DFA transitions: 1->2: 830, 2->3: 791, 3->4: 772, 4->5: 723
Best policy updated from autonomous greedy evaluation at episode 10500.

[Episode 10600/12000 | last 100]
success rate                : 53.0% (cumulative 8.8%)
failure rate                : 0.0% (cumulative 0.0%)
completed cycles / episode  : 0.000
synthetic task reward       : 5300.000
shaping reward              : 2380.654
learning reward             : 7680.654
episode length              : 394.8
abstract changes / episode  : 105.9
same abstract-state steps   : 73.2%
same-state shaping / episode: 0.000
changed-state shaping / ep. : 2380.654
terminal shaping / episode  : 47.693
DFA transitions / episode   : 2.65
DFA transitions in window   : 1->2: 82, 2->3: 67, 3->4: 63, 4->5: 53
epsilon (next episode)       : 0.12001
replay buffer                : 300000 samples [1: 45.1%, 2: 26.4%, 3: 16.5%, 4: 12.1%, 5: 0.0%]
DFA state visits in window   : 1: 17922, 2: 9903, 3: 6074, 4: 5624, 5: 53
DFA state visits cumulative  : 1: 2039336, 2: 549150, 3: 324593, 4: 144723, 5: 938
DFA state entries in window  : 1: 100, 2: 82, 3: 67, 4: 63, 5: 53
DFA state entries cumulative : 1: 10600, 2: 3264, 3: 2077, 4: 1472, 5: 938
transitions cumulative       : 1->2: 3264, 2->3: 2077, 3->4: 1472, 4->5: 938
accepted directly from s0    : 0
Gym endings cumulative       : terminated=9398, truncated=264

[Episode 10700/12000 | last 100]
success rate                : 57.0% (cumulative 9.3%)
failure rate                : 0.0% (cumulative 0.0%)
completed cycles / episode  : 0.000
synthetic task reward       : 5700.000
shaping reward              : 2224.733
learning reward             : 7924.733
episode length              : 379.1
abstract changes / episode  : 98.4
same abstract-state steps   : 74.0%
same-state shaping / episode: 0.000
changed-state shaping / ep. : 2224.733
terminal shaping / episode  : 56.081
DFA transitions / episode   : 2.59
DFA transitions in window   : 1->2: 78, 2->3: 65, 3->4: 59, 4->5: 57
epsilon (next episode)       : 0.11763
replay buffer                : 300000 samples [1: 44.7%, 2: 26.9%, 3: 16.0%, 4: 12.4%, 5: 0.0%]
DFA state visits in window   : 1: 18127, 2: 10060, 3: 4687, 4: 5078, 5: 57
DFA state visits cumulative  : 1: 2057463, 2: 559210, 3: 329280, 4: 149801, 5: 995
DFA state entries in window  : 1: 100, 2: 78, 3: 65, 4: 59, 5: 57
DFA state entries cumulative : 1: 10700, 2: 3342, 3: 2142, 4: 1531, 5: 995
transitions cumulative       : 1->2: 3342, 2->3: 2142, 3->4: 1531, 4->5: 995
accepted directly from s0    : 0
Gym endings cumulative       : terminated=9441, truncated=264

[Episode 10800/12000 | last 100]
success rate                : 64.0% (cumulative 9.8%)
failure rate                : 0.0% (cumulative 0.0%)
completed cycles / episode  : 0.000
synthetic task reward       : 6400.000
shaping reward              : 2593.231
learning reward             : 8993.231
episode length              : 398.0
abstract changes / episode  : 103.7
same abstract-state steps   : 73.9%
same-state shaping / episode: 0.000
changed-state shaping / ep. : 2593.231
terminal shaping / episode  : 60.266
DFA transitions / episode   : 2.77
DFA transitions in window   : 1->2: 79, 2->3: 68, 3->4: 66, 4->5: 64
epsilon (next episode)       : 0.11530
replay buffer                : 300000 samples [1: 44.4%, 2: 27.1%, 3: 15.6%, 4: 12.8%, 5: 0.0%]
DFA state visits in window   : 1: 17032, 2: 10808, 3: 6249, 4: 5750, 5: 64
DFA state visits cumulative  : 1: 2074495, 2: 570018, 3: 335529, 4: 155551, 5: 1059
DFA state entries in window  : 1: 100, 2: 79, 3: 68, 4: 66, 5: 64
DFA state entries cumulative : 1: 10800, 2: 3421, 3: 2210, 4: 1597, 5: 1059
transitions cumulative       : 1->2: 3421, 2->3: 2210, 3->4: 1597, 4->5: 1059
accepted directly from s0    : 0
Gym endings cumulative       : terminated=9477, truncated=264

[Episode 10900/12000 | last 100]
success rate                : 70.0% (cumulative 10.4%)
failure rate                : 0.0% (cumulative 0.0%)
completed cycles / episode  : 0.000
synthetic task reward       : 7000.000
shaping reward              : 2911.829
learning reward             : 9911.829
episode length              : 425.6
abstract changes / episode  : 111.7
same abstract-state steps   : 73.8%
same-state shaping / episode: 0.000
changed-state shaping / ep. : 2911.829
terminal shaping / episode  : 65.545
DFA transitions / episode   : 3.12
DFA transitions in window   : 1->2: 87, 2->3: 80, 3->4: 75, 4->5: 70
epsilon (next episode)       : 0.11302
replay buffer                : 300000 samples [1: 43.9%, 2: 27.1%, 3: 15.7%, 4: 13.2%, 5: 0.0%]
DFA state visits in window   : 1: 16146, 2: 11546, 3: 7914, 4: 6980, 5: 70
DFA state visits cumulative  : 1: 2090641, 2: 581564, 3: 343443, 4: 162531, 5: 1129
DFA state entries in window  : 1: 100, 2: 87, 3: 80, 4: 75, 5: 70
DFA state entries cumulative : 1: 10900, 2: 3508, 3: 2290, 4: 1672, 5: 1129
transitions cumulative       : 1->2: 3508, 2->3: 2290, 3->4: 1672, 4->5: 1129
accepted directly from s0    : 0
Gym endings cumulative       : terminated=9507, truncated=264

[Episode 11000/12000 | last 100]
success rate                : 73.0% (cumulative 10.9%)
failure rate                : 0.0% (cumulative 0.0%)
completed cycles / episode  : 0.000
synthetic task reward       : 7300.000
shaping reward              : 2904.598
learning reward             : 10204.598
episode length              : 415.9
abstract changes / episode  : 110.6
same abstract-state steps   : 73.4%
same-state shaping / episode: 0.000
changed-state shaping / ep. : 2904.598
terminal shaping / episode  : 73.142
DFA transitions / episode   : 3.08
DFA transitions in window   : 1->2: 85, 2->3: 76, 3->4: 74, 4->5: 73
epsilon (next episode)       : 0.11078
replay buffer                : 300000 samples [1: 42.4%, 2: 27.3%, 3: 16.5%, 4: 13.9%, 5: 0.0%]
DFA state visits in window   : 1: 15345, 2: 11897, 3: 7667, 4: 6705, 5: 73
DFA state visits cumulative  : 1: 2105986, 2: 593461, 3: 351110, 4: 169236, 5: 1202
DFA state entries in window  : 1: 100, 2: 85, 3: 76, 4: 74, 5: 73
DFA state entries cumulative : 1: 11000, 2: 3593, 3: 2366, 4: 1746, 5: 1202
transitions cumulative       : 1->2: 3593, 2->3: 2366, 3->4: 1746, 4->5: 1202
accepted directly from s0    : 0
Gym endings cumulative       : terminated=9534, truncated=264

Starting autonomous greedy evaluation at episode 11000 (1000 fixed-seed episodes)...
[Greedy evaluation at episode 11000 | 1000 fixed-seed episodes]
success=87.9%, failure=0.0%, task reward=8790.000, length=369.9
DFA transitions: 1->2: 889, 2->3: 882, 3->4: 881, 4->5: 879
Best policy updated from autonomous greedy evaluation at episode 11000.

[Episode 11100/12000 | last 100]
success rate                : 46.0% (cumulative 11.2%)
failure rate                : 0.0% (cumulative 0.0%)
completed cycles / episode  : 0.000
synthetic task reward       : 4600.000
shaping reward              : 2040.834
learning reward             : 6640.834
episode length              : 366.8
abstract changes / episode  : 98.7
same abstract-state steps   : 73.1%
same-state shaping / episode: 0.000
changed-state shaping / ep. : 2040.834
terminal shaping / episode  : 38.717
DFA transitions / episode   : 2.31
DFA transitions in window   : 1->2: 73, 2->3: 59, 3->4: 53, 4->5: 46
epsilon (next episode)       : 0.10858
replay buffer                : 300000 samples [1: 42.9%, 2: 27.6%, 3: 15.5%, 4: 13.9%, 5: 0.0%]
DFA state visits in window   : 1: 16193, 2: 10611, 3: 5397, 4: 4534, 5: 46
DFA state visits cumulative  : 1: 2122179, 2: 604072, 3: 356507, 4: 173770, 5: 1248
DFA state entries in window  : 1: 100, 2: 73, 3: 59, 4: 53, 5: 46
DFA state entries cumulative : 1: 11100, 2: 3666, 3: 2425, 4: 1799, 5: 1248
transitions cumulative       : 1->2: 3666, 2->3: 2425, 3->4: 1799, 4->5: 1248
accepted directly from s0    : 0
Gym endings cumulative       : terminated=9588, truncated=264

[Episode 11200/12000 | last 100]
success rate                : 31.0% (cumulative 11.4%)
failure rate                : 0.0% (cumulative 0.0%)
completed cycles / episode  : 0.000
synthetic task reward       : 3100.000
shaping reward              : 1255.642
learning reward             : 4355.642
episode length              : 312.3
abstract changes / episode  : 84.0
same abstract-state steps   : 73.1%
same-state shaping / episode: 0.000
changed-state shaping / ep. : 1255.642
terminal shaping / episode  : 28.460
DFA transitions / episode   : 1.59
DFA transitions in window   : 1->2: 54, 2->3: 40, 3->4: 34, 4->5: 31
epsilon (next episode)       : 0.10643
replay buffer                : 300000 samples [1: 43.6%, 2: 27.2%, 3: 15.5%, 4: 13.8%, 5: 0.0%]
DFA state visits in window   : 1: 16556, 2: 8019, 3: 3835, 4: 2890, 5: 31
DFA state visits cumulative  : 1: 2138735, 2: 612091, 3: 360342, 4: 176660, 5: 1279
DFA state entries in window  : 1: 100, 2: 54, 3: 40, 4: 34, 5: 31
DFA state entries cumulative : 1: 11200, 2: 3720, 3: 2465, 4: 1833, 5: 1279
transitions cumulative       : 1->2: 3720, 2->3: 2465, 3->4: 1833, 4->5: 1279
accepted directly from s0    : 0
Gym endings cumulative       : terminated=9657, truncated=264

[Episode 11300/12000 | last 100]
success rate                : 26.0% (cumulative 11.5%)
failure rate                : 0.0% (cumulative 0.0%)
completed cycles / episode  : 0.000
synthetic task reward       : 2600.000
shaping reward              : 1060.615
learning reward             : 3660.615
episode length              : 284.9
abstract changes / episode  : 75.9
same abstract-state steps   : 73.4%
same-state shaping / episode: 0.000
changed-state shaping / ep. : 1060.615
terminal shaping / episode  : 22.219
DFA transitions / episode   : 1.37
DFA transitions in window   : 1->2: 48, 2->3: 33, 3->4: 30, 4->5: 26
epsilon (next episode)       : 0.10433
replay buffer                : 300000 samples [1: 45.0%, 2: 26.6%, 3: 15.1%, 4: 13.4%, 5: 0.0%]
DFA state visits in window   : 1: 16925, 2: 5916, 3: 3314, 4: 2404, 5: 26
DFA state visits cumulative  : 1: 2155660, 2: 618007, 3: 363656, 4: 179064, 5: 1305
DFA state entries in window  : 1: 100, 2: 48, 3: 33, 4: 30, 5: 26
DFA state entries cumulative : 1: 11300, 2: 3768, 3: 2498, 4: 1863, 5: 1305
transitions cumulative       : 1->2: 3768, 2->3: 2498, 3->4: 1863, 4->5: 1305
accepted directly from s0    : 0
Gym endings cumulative       : terminated=9730, truncated=265

[Episode 11400/12000 | last 100]
success rate                : 40.0% (cumulative 11.8%)
failure rate                : 0.0% (cumulative 0.0%)
completed cycles / episode  : 0.000
synthetic task reward       : 4000.000
shaping reward              : 1655.243
learning reward             : 5655.243
episode length              : 363.4
abstract changes / episode  : 92.7
same abstract-state steps   : 74.5%
same-state shaping / episode: 0.000
changed-state shaping / ep. : 1655.243
terminal shaping / episode  : 34.913
DFA transitions / episode   : 1.93
DFA transitions in window   : 1->2: 60, 2->3: 49, 3->4: 44, 4->5: 40
epsilon (next episode)       : 0.10226
replay buffer                : 300000 samples [1: 45.7%, 2: 26.5%, 3: 14.7%, 4: 13.1%, 5: 0.0%]
DFA state visits in window   : 1: 18674, 2: 9267, 3: 4472, 4: 3988, 5: 40
DFA state visits cumulative  : 1: 2174334, 2: 627274, 3: 368128, 4: 183052, 5: 1345
DFA state entries in window  : 1: 100, 2: 60, 3: 49, 4: 44, 5: 40
DFA state entries cumulative : 1: 11400, 2: 3828, 3: 2547, 4: 1907, 5: 1345
transitions cumulative       : 1->2: 3828, 2->3: 2547, 3->4: 1907, 4->5: 1345
accepted directly from s0    : 0
Gym endings cumulative       : terminated=9790, truncated=265

[Episode 11500/12000 | last 100]
success rate                : 39.0% (cumulative 12.0%)
failure rate                : 0.0% (cumulative 0.0%)
completed cycles / episode  : 0.000
synthetic task reward       : 3900.000
shaping reward              : 1696.480
learning reward             : 5596.480
episode length              : 413.7
abstract changes / episode  : 104.3
same abstract-state steps   : 74.8%
same-state shaping / episode: 0.000
changed-state shaping / ep. : 1696.480
terminal shaping / episode  : 30.049
DFA transitions / episode   : 1.98
DFA transitions in window   : 1->2: 64, 2->3: 50, 3->4: 45, 4->5: 39
epsilon (next episode)       : 0.10024
replay buffer                : 300000 samples [1: 46.6%, 2: 26.2%, 3: 14.8%, 4: 12.5%, 5: 0.0%]
DFA state visits in window   : 1: 22175, 2: 9925, 3: 5368, 4: 3965, 5: 39
DFA state visits cumulative  : 1: 2196509, 2: 637199, 3: 373496, 4: 187017, 5: 1384
DFA state entries in window  : 1: 100, 2: 64, 3: 50, 4: 45, 5: 39
DFA state entries cumulative : 1: 11500, 2: 3892, 3: 2597, 4: 1952, 5: 1384
transitions cumulative       : 1->2: 3892, 2->3: 2597, 3->4: 1952, 4->5: 1384
accepted directly from s0    : 0
Gym endings cumulative       : terminated=9848, truncated=268

Starting autonomous greedy evaluation at episode 11500 (1000 fixed-seed episodes)...
[Greedy evaluation at episode 11500 | 1000 fixed-seed episodes]
success=14.0%, failure=0.0%, task reward=1400.000, length=417.7
DFA transitions: 1->2: 173, 2->3: 145, 3->4: 142, 4->5: 140

[Episode 11600/12000 | last 100]
success rate                : 58.0% (cumulative 12.4%)
failure rate                : 0.0% (cumulative 0.0%)
completed cycles / episode  : 0.000
synthetic task reward       : 5800.000
shaping reward              : 2494.442
learning reward             : 8294.442
episode length              : 439.8
abstract changes / episode  : 114.6
same abstract-state steps   : 73.9%
same-state shaping / episode: 0.000
changed-state shaping / ep. : 2494.442
terminal shaping / episode  : 52.298
DFA transitions / episode   : 2.77
DFA transitions in window   : 1->2: 78, 2->3: 72, 3->4: 69, 4->5: 58
epsilon (next episode)       : 0.09825
replay buffer                : 300000 samples [1: 47.3%, 2: 26.0%, 3: 14.3%, 4: 12.4%, 5: 0.0%]
DFA state visits in window   : 1: 20895, 2: 11717, 3: 5336, 4: 6075, 5: 58
DFA state visits cumulative  : 1: 2217404, 2: 648916, 3: 378832, 4: 193092, 5: 1442
DFA state entries in window  : 1: 100, 2: 78, 3: 72, 4: 69, 5: 58
DFA state entries cumulative : 1: 11600, 2: 3970, 3: 2669, 4: 2021, 5: 1442
transitions cumulative       : 1->2: 3970, 2->3: 2669, 3->4: 2021, 4->5: 1442
accepted directly from s0    : 0
Gym endings cumulative       : terminated=9889, truncated=269

[Episode 11700/12000 | last 100]
success rate                : 48.0% (cumulative 12.7%)
failure rate                : 0.0% (cumulative 0.0%)
completed cycles / episode  : 0.000
synthetic task reward       : 4800.000
shaping reward              : 2229.858
learning reward             : 7029.858
episode length              : 395.6
abstract changes / episode  : 107.5
same abstract-state steps   : 72.8%
same-state shaping / episode: 0.000
changed-state shaping / ep. : 2229.858
terminal shaping / episode  : 39.700
DFA transitions / episode   : 2.46
DFA transitions in window   : 1->2: 75, 2->3: 63, 3->4: 60, 4->5: 48
epsilon (next episode)       : 0.09631
replay buffer                : 300000 samples [1: 48.3%, 2: 25.8%, 3: 13.8%, 4: 12.0%, 5: 0.0%]
DFA state visits in window   : 1: 18379, 2: 10007, 3: 5832, 4: 5397, 5: 48
DFA state visits cumulative  : 1: 2235783, 2: 658923, 3: 384664, 4: 198489, 5: 1490
DFA state entries in window  : 1: 100, 2: 75, 3: 63, 4: 60, 5: 48
DFA state entries cumulative : 1: 11700, 2: 4045, 3: 2732, 4: 2081, 5: 1490
transitions cumulative       : 1->2: 4045, 2->3: 2732, 3->4: 2081, 4->5: 1490
accepted directly from s0    : 0
Gym endings cumulative       : terminated=9940, truncated=270

[Episode 11800/12000 | last 100]
success rate                : 48.0% (cumulative 13.0%)
failure rate                : 0.0% (cumulative 0.0%)
completed cycles / episode  : 0.000
synthetic task reward       : 4800.000
shaping reward              : 2005.680
learning reward             : 6805.680
episode length              : 486.4
abstract changes / episode  : 116.7
same abstract-state steps   : 76.0%
same-state shaping / episode: 0.000
changed-state shaping / ep. : 2005.680
terminal shaping / episode  : 45.441
DFA transitions / episode   : 2.29
DFA transitions in window   : 1->2: 68, 2->3: 60, 3->4: 53, 4->5: 48
epsilon (next episode)       : 0.09440
replay buffer                : 300000 samples [1: 51.2%, 2: 24.7%, 3: 13.1%, 4: 10.9%, 5: 0.0%]
DFA state visits in window   : 1: 26834, 2: 10520, 3: 6825, 4: 4516, 5: 48
DFA state visits cumulative  : 1: 2262617, 2: 669443, 3: 391489, 4: 203005, 5: 1538
DFA state entries in window  : 1: 100, 2: 68, 3: 60, 4: 53, 5: 48
DFA state entries cumulative : 1: 11800, 2: 4113, 3: 2792, 4: 2134, 5: 1538
transitions cumulative       : 1->2: 4113, 2->3: 2792, 3->4: 2134, 4->5: 1538
accepted directly from s0    : 0
Gym endings cumulative       : terminated=9983, truncated=279

[Episode 11900/12000 | last 100]
success rate                : 59.0% (cumulative 13.4%)
failure rate                : 0.0% (cumulative 0.0%)
completed cycles / episode  : 0.000
synthetic task reward       : 5900.000
shaping reward              : 2412.943
learning reward             : 8312.943
episode length              : 407.5
abstract changes / episode  : 110.3
same abstract-state steps   : 72.9%
same-state shaping / episode: 0.000
changed-state shaping / ep. : 2412.943
terminal shaping / episode  : 53.067
DFA transitions / episode   : 2.75
DFA transitions in window   : 1->2: 80, 2->3: 72, 3->4: 64, 4->5: 59
epsilon (next episode)       : 0.09253
replay buffer                : 300000 samples [1: 50.8%, 2: 24.2%, 3: 13.7%, 4: 11.2%, 5: 0.0%]
DFA state visits in window   : 1: 17470, 2: 10373, 3: 7465, 4: 5479, 5: 59
DFA state visits cumulative  : 1: 2280087, 2: 679816, 3: 398954, 4: 208484, 5: 1597
DFA state entries in window  : 1: 100, 2: 80, 3: 72, 4: 64, 5: 59
DFA state entries cumulative : 1: 11900, 2: 4193, 3: 2864, 4: 2198, 5: 1597
transitions cumulative       : 1->2: 4193, 2->3: 2864, 3->4: 2198, 4->5: 1597
accepted directly from s0    : 0
Gym endings cumulative       : terminated=10024, truncated=279

[Episode 12000/12000 | last 100]
success rate                : 59.0% (cumulative 13.8%)
failure rate                : 0.0% (cumulative 0.0%)
completed cycles / episode  : 0.000
synthetic task reward       : 5900.000
shaping reward              : 2315.139
learning reward             : 8215.139
episode length              : 391.0
abstract changes / episode  : 100.0
same abstract-state steps   : 74.4%
same-state shaping / episode: 0.000
changed-state shaping / ep. : 2315.139
terminal shaping / episode  : 55.075
DFA transitions / episode   : 2.61
DFA transitions in window   : 1->2: 73, 2->3: 66, 3->4: 63, 4->5: 59
epsilon (next episode)       : 0.09070
replay buffer                : 300000 samples [1: 49.4%, 2: 24.4%, 3: 14.4%, 4: 11.9%, 5: 0.0%]
DFA state visits in window   : 1: 17705, 2: 9091, 3: 6754, 4: 5594, 5: 59
DFA state visits cumulative  : 1: 2297792, 2: 688907, 3: 405708, 4: 214078, 5: 1656
DFA state entries in window  : 1: 100, 2: 73, 3: 66, 4: 63, 5: 59
DFA state entries cumulative : 1: 12000, 2: 4266, 3: 2930, 4: 2261, 5: 1656
transitions cumulative       : 1->2: 4266, 2->3: 2930, 3->4: 2261, 4->5: 1656
accepted directly from s0    : 0
Gym endings cumulative       : terminated=10064, truncated=280

Starting autonomous greedy evaluation at episode 12000 (1000 fixed-seed episodes)...
[Greedy evaluation at episode 12000 | 1000 fixed-seed episodes]
success=79.6%, failure=0.0%, task reward=7960.000, length=549.3
DFA transitions: 1->2: 826, 2->3: 805, 3->4: 801, 4->5: 796
Last policy saved after episode 12000. Best greedy evaluation: episode 11000, mean task reward=8790.000
