
=== NEW RUN ===
episodes=12000, shaping=True, goal_reward=10000.0, gamma=0.99
gamma_shaping=1.0, shaping_formula=gamma_shaping*Phi(next)-Phi(state)
ground_unbiased_learner=False
eval_interval=500, eval_episodes=1000, eval_seed=100000
inter_level_shaping=False, inter_level_formula=gamma*Phi(next)-Phi(state)
task_type=ltlf, task=F(wp1 & X(F(wp2 & X(F(wp3 & X(F(wp4 & X(F(g1)))))))))
regions={wp1: {'center': [-0.75, 1.0625], 'radius': 0.1}, wp2: {'center': [-0.416667, 0.8125], 'radius': 0.1}, wp3: {'center': [0, 1.0625], 'radius': 0.1}, wp4: {'center': [0.4, 0.8125], 'radius': 0.1}, g1: {'center': [0.75, 1.0625], 'radius': 0.1}}
dfa_states=[1, 2, 3, 4, 5, 6], pre_trace=1, accepting=[6], failure=[]

[Episode 1/12000 | last 1]
success rate                : 0.0% (cumulative 0.0%)
failure rate                : 0.0% (cumulative 0.0%)
completed cycles / episode  : 0.000
synthetic task reward       : 0.000
shaping reward              : -443.237
learning reward             : -443.237
episode length              : 89.0
abstract changes / episode  : 11.0
same abstract-state steps   : 87.6%
same-state shaping / episode: 0.000
changed-state shaping / ep. : -443.237
terminal shaping / episode  : 0.000
DFA transitions / episode   : 0.00
DFA transitions in window   : none
epsilon (next episode)       : 0.99980
replay buffer                : 89 samples [1: 100.0%, 2: 0.0%, 3: 0.0%, 4: 0.0%, 5: 0.0%, 6: 0.0%]
DFA state visits in window   : 1: 90, 2: 0, 3: 0, 4: 0, 5: 0, 6: 0
DFA state visits cumulative  : 1: 90, 2: 0, 3: 0, 4: 0, 5: 0, 6: 0
DFA state entries in window  : 1: 1, 2: 0, 3: 0, 4: 0, 5: 0, 6: 0
DFA state entries cumulative : 1: 1, 2: 0, 3: 0, 4: 0, 5: 0, 6: 0
transitions cumulative       : none
accepted directly from s0    : 0
Gym endings cumulative       : terminated=1, truncated=0

[Episode 100/12000 | last 100]
success rate                : 0.0% (cumulative 0.0%)
failure rate                : 0.0% (cumulative 0.0%)
completed cycles / episode  : 0.000
synthetic task reward       : 0.000
shaping reward              : -388.312
learning reward             : -388.312
episode length              : 89.3
abstract changes / episode  : 12.9
same abstract-state steps   : 85.5%
same-state shaping / episode: 0.000
changed-state shaping / ep. : -388.312
terminal shaping / episode  : -2.606
DFA transitions / episode   : 0.01
DFA transitions in window   : 1->2: 1
epsilon (next episode)       : 0.98020
replay buffer                : 8934 samples [1: 99.8%, 2: 0.2%, 3: 0.0%, 4: 0.0%, 5: 0.0%, 6: 0.0%]
DFA state visits in window   : 1: 9014, 2: 20, 3: 0, 4: 0, 5: 0, 6: 0
DFA state visits cumulative  : 1: 9014, 2: 20, 3: 0, 4: 0, 5: 0, 6: 0
DFA state entries in window  : 1: 100, 2: 1, 3: 0, 4: 0, 5: 0, 6: 0
DFA state entries cumulative : 1: 100, 2: 1, 3: 0, 4: 0, 5: 0, 6: 0
transitions cumulative       : 1->2: 1
accepted directly from s0    : 0
Gym endings cumulative       : terminated=100, truncated=0

[Episode 200/12000 | last 100]
success rate                : 0.0% (cumulative 0.0%)
failure rate                : 0.0% (cumulative 0.0%)
completed cycles / episode  : 0.000
synthetic task reward       : 0.000
shaping reward              : -380.927
learning reward             : -380.927
episode length              : 93.1
abstract changes / episode  : 13.1
same abstract-state steps   : 86.0%
same-state shaping / episode: 0.000
changed-state shaping / ep. : -380.927
terminal shaping / episode  : -2.598
DFA transitions / episode   : 0.01
DFA transitions in window   : 1->2: 1
epsilon (next episode)       : 0.96079
replay buffer                : 18241 samples [1: 99.8%, 2: 0.2%, 3: 0.0%, 4: 0.0%, 5: 0.0%, 6: 0.0%]
DFA state visits in window   : 1: 9384, 2: 23, 3: 0, 4: 0, 5: 0, 6: 0
DFA state visits cumulative  : 1: 18398, 2: 43, 3: 0, 4: 0, 5: 0, 6: 0
DFA state entries in window  : 1: 100, 2: 1, 3: 0, 4: 0, 5: 0, 6: 0
DFA state entries cumulative : 1: 200, 2: 2, 3: 0, 4: 0, 5: 0, 6: 0
transitions cumulative       : 1->2: 2
accepted directly from s0    : 0
Gym endings cumulative       : terminated=200, truncated=0

[Episode 300/12000 | last 100]
success rate                : 0.0% (cumulative 0.0%)
failure rate                : 0.0% (cumulative 0.0%)
completed cycles / episode  : 0.000
synthetic task reward       : 0.000
shaping reward              : -385.430
learning reward             : -385.430
episode length              : 92.8
abstract changes / episode  : 12.8
same abstract-state steps   : 86.3%
same-state shaping / episode: 0.000
changed-state shaping / ep. : -385.430
terminal shaping / episode  : -2.615
DFA transitions / episode   : 0.02
DFA transitions in window   : 1->2: 2
epsilon (next episode)       : 0.94176
replay buffer                : 27524 samples [1: 99.7%, 2: 0.3%, 3: 0.0%, 4: 0.0%, 5: 0.0%, 6: 0.0%]
DFA state visits in window   : 1: 9345, 2: 38, 3: 0, 4: 0, 5: 0, 6: 0
DFA state visits cumulative  : 1: 27743, 2: 81, 3: 0, 4: 0, 5: 0, 6: 0
DFA state entries in window  : 1: 100, 2: 2, 3: 0, 4: 0, 5: 0, 6: 0
DFA state entries cumulative : 1: 300, 2: 4, 3: 0, 4: 0, 5: 0, 6: 0
transitions cumulative       : 1->2: 4
accepted directly from s0    : 0
Gym endings cumulative       : terminated=300, truncated=0

[Episode 400/12000 | last 100]
success rate                : 0.0% (cumulative 0.0%)
failure rate                : 0.0% (cumulative 0.0%)
completed cycles / episode  : 0.000
synthetic task reward       : 0.000
shaping reward              : -372.204
learning reward             : -372.204
episode length              : 98.3
abstract changes / episode  : 12.8
same abstract-state steps   : 87.0%
same-state shaping / episode: 0.000
changed-state shaping / ep. : -372.204
terminal shaping / episode  : -3.475
DFA transitions / episode   : 0.03
DFA transitions in window   : 1->2: 3
epsilon (next episode)       : 0.92311
replay buffer                : 37352 samples [1: 99.6%, 2: 0.4%, 3: 0.0%, 4: 0.0%, 5: 0.0%, 6: 0.0%]
DFA state visits in window   : 1: 9868, 2: 60, 3: 0, 4: 0, 5: 0, 6: 0
DFA state visits cumulative  : 1: 37611, 2: 141, 3: 0, 4: 0, 5: 0, 6: 0
DFA state entries in window  : 1: 100, 2: 3, 3: 0, 4: 0, 5: 0, 6: 0
DFA state entries cumulative : 1: 400, 2: 7, 3: 0, 4: 0, 5: 0, 6: 0
transitions cumulative       : 1->2: 7
accepted directly from s0    : 0
Gym endings cumulative       : terminated=400, truncated=0

[Episode 500/12000 | last 100]
success rate                : 0.0% (cumulative 0.0%)
failure rate                : 0.0% (cumulative 0.0%)
completed cycles / episode  : 0.000
synthetic task reward       : 0.000
shaping reward              : -372.912
learning reward             : -372.912
episode length              : 95.1
abstract changes / episode  : 12.9
same abstract-state steps   : 86.4%
same-state shaping / episode: 0.000
changed-state shaping / ep. : -372.912
terminal shaping / episode  : -3.493
DFA transitions / episode   : 0.03
DFA transitions in window   : 1->2: 3
epsilon (next episode)       : 0.90483
replay buffer                : 46860 samples [1: 99.6%, 2: 0.4%, 3: 0.0%, 4: 0.0%, 5: 0.0%, 6: 0.0%]
DFA state visits in window   : 1: 9530, 2: 78, 3: 0, 4: 0, 5: 0, 6: 0
DFA state visits cumulative  : 1: 47141, 2: 219, 3: 0, 4: 0, 5: 0, 6: 0
DFA state entries in window  : 1: 100, 2: 3, 3: 0, 4: 0, 5: 0, 6: 0
DFA state entries cumulative : 1: 500, 2: 10, 3: 0, 4: 0, 5: 0, 6: 0
transitions cumulative       : 1->2: 10
accepted directly from s0    : 0
Gym endings cumulative       : terminated=500, truncated=0

Starting autonomous greedy evaluation at episode 500 (1000 fixed-seed episodes)...
[Greedy evaluation at episode 500 | 1000 fixed-seed episodes]
success=0.0%, failure=0.0%, task reward=0.000, length=215.9
DFA transitions: 1->2: 70
Best policy updated from autonomous greedy evaluation at episode 500.

[Episode 600/12000 | last 100]
success rate                : 0.0% (cumulative 0.0%)
failure rate                : 0.0% (cumulative 0.0%)
completed cycles / episode  : 0.000
synthetic task reward       : 0.000
shaping reward              : -347.336
learning reward             : -347.336
episode length              : 96.8
abstract changes / episode  : 12.8
same abstract-state steps   : 86.8%
same-state shaping / episode: 0.000
changed-state shaping / ep. : -347.336
terminal shaping / episode  : -1.791
DFA transitions / episode   : 0.06
DFA transitions in window   : 1->2: 6
epsilon (next episode)       : 0.88691
replay buffer                : 56539 samples [1: 99.4%, 2: 0.6%, 3: 0.0%, 4: 0.0%, 5: 0.0%, 6: 0.0%]
DFA state visits in window   : 1: 9621, 2: 158, 3: 0, 4: 0, 5: 0, 6: 0
DFA state visits cumulative  : 1: 56762, 2: 377, 3: 0, 4: 0, 5: 0, 6: 0
DFA state entries in window  : 1: 100, 2: 6, 3: 0, 4: 0, 5: 0, 6: 0
DFA state entries cumulative : 1: 600, 2: 16, 3: 0, 4: 0, 5: 0, 6: 0
transitions cumulative       : 1->2: 16
accepted directly from s0    : 0
Gym endings cumulative       : terminated=600, truncated=0

[Episode 700/12000 | last 100]
success rate                : 0.0% (cumulative 0.0%)
failure rate                : 0.0% (cumulative 0.0%)
completed cycles / episode  : 0.000
synthetic task reward       : 0.000
shaping reward              : -381.165
learning reward             : -381.165
episode length              : 94.7
abstract changes / episode  : 12.8
same abstract-state steps   : 86.5%
same-state shaping / episode: 0.000
changed-state shaping / ep. : -381.165
terminal shaping / episode  : -1.737
DFA transitions / episode   : 0.02
DFA transitions in window   : 1->2: 2
epsilon (next episode)       : 0.86935
replay buffer                : 66009 samples [1: 99.4%, 2: 0.6%, 3: 0.0%, 4: 0.0%, 5: 0.0%, 6: 0.0%]
DFA state visits in window   : 1: 9526, 2: 44, 3: 0, 4: 0, 5: 0, 6: 0
DFA state visits cumulative  : 1: 66288, 2: 421, 3: 0, 4: 0, 5: 0, 6: 0
DFA state entries in window  : 1: 100, 2: 2, 3: 0, 4: 0, 5: 0, 6: 0
DFA state entries cumulative : 1: 700, 2: 18, 3: 0, 4: 0, 5: 0, 6: 0
transitions cumulative       : 1->2: 18
accepted directly from s0    : 0
Gym endings cumulative       : terminated=700, truncated=0

[Episode 800/12000 | last 100]
success rate                : 0.0% (cumulative 0.0%)
failure rate                : 0.0% (cumulative 0.0%)
completed cycles / episode  : 0.000
synthetic task reward       : 0.000
shaping reward              : -375.004
learning reward             : -375.004
episode length              : 96.6
abstract changes / episode  : 12.9
same abstract-state steps   : 86.6%
same-state shaping / episode: 0.000
changed-state shaping / ep. : -375.004
terminal shaping / episode  : -0.878
DFA transitions / episode   : 0.00
DFA transitions in window   : none
epsilon (next episode)       : 0.85213
replay buffer                : 75668 samples [1: 99.5%, 2: 0.5%, 3: 0.0%, 4: 0.0%, 5: 0.0%, 6: 0.0%]
DFA state visits in window   : 1: 9759, 2: 0, 3: 0, 4: 0, 5: 0, 6: 0
DFA state visits cumulative  : 1: 76047, 2: 421, 3: 0, 4: 0, 5: 0, 6: 0
DFA state entries in window  : 1: 100, 2: 0, 3: 0, 4: 0, 5: 0, 6: 0
DFA state entries cumulative : 1: 800, 2: 18, 3: 0, 4: 0, 5: 0, 6: 0
transitions cumulative       : 1->2: 18
accepted directly from s0    : 0
Gym endings cumulative       : terminated=800, truncated=0

[Episode 900/12000 | last 100]
success rate                : 0.0% (cumulative 0.0%)
failure rate                : 0.0% (cumulative 0.0%)
completed cycles / episode  : 0.000
synthetic task reward       : 0.000
shaping reward              : -365.387
learning reward             : -365.387
episode length              : 97.3
abstract changes / episode  : 13.2
same abstract-state steps   : 86.4%
same-state shaping / episode: 0.000
changed-state shaping / ep. : -365.387
terminal shaping / episode  : -0.869
DFA transitions / episode   : 0.02
DFA transitions in window   : 1->2: 2
epsilon (next episode)       : 0.83526
replay buffer                : 85397 samples [1: 99.5%, 2: 0.5%, 3: 0.0%, 4: 0.0%, 5: 0.0%, 6: 0.0%]
DFA state visits in window   : 1: 9784, 2: 45, 3: 0, 4: 0, 5: 0, 6: 0
DFA state visits cumulative  : 1: 85831, 2: 466, 3: 0, 4: 0, 5: 0, 6: 0
DFA state entries in window  : 1: 100, 2: 2, 3: 0, 4: 0, 5: 0, 6: 0
DFA state entries cumulative : 1: 900, 2: 20, 3: 0, 4: 0, 5: 0, 6: 0
transitions cumulative       : 1->2: 20
accepted directly from s0    : 0
Gym endings cumulative       : terminated=900, truncated=0

[Episode 1000/12000 | last 100]
success rate                : 0.0% (cumulative 0.0%)
failure rate                : 0.0% (cumulative 0.0%)
completed cycles / episode  : 0.000
synthetic task reward       : 0.000
shaping reward              : -348.231
learning reward             : -348.231
episode length              : 98.9
abstract changes / episode  : 12.9
same abstract-state steps   : 87.0%
same-state shaping / episode: 0.000
changed-state shaping / ep. : -348.231
terminal shaping / episode  : -1.737
DFA transitions / episode   : 0.06
DFA transitions in window   : 1->2: 6
epsilon (next episode)       : 0.81871
replay buffer                : 95285 samples [1: 99.4%, 2: 0.6%, 3: 0.0%, 4: 0.0%, 5: 0.0%, 6: 0.0%]
DFA state visits in window   : 1: 9874, 2: 114, 3: 0, 4: 0, 5: 0, 6: 0
DFA state visits cumulative  : 1: 95705, 2: 580, 3: 0, 4: 0, 5: 0, 6: 0
DFA state entries in window  : 1: 100, 2: 6, 3: 0, 4: 0, 5: 0, 6: 0
DFA state entries cumulative : 1: 1000, 2: 26, 3: 0, 4: 0, 5: 0, 6: 0
transitions cumulative       : 1->2: 26
accepted directly from s0    : 0
Gym endings cumulative       : terminated=1000, truncated=0

Starting autonomous greedy evaluation at episode 1000 (1000 fixed-seed episodes)...
[Greedy evaluation at episode 1000 | 1000 fixed-seed episodes]
success=0.0%, failure=0.0%, task reward=0.000, length=94.8
DFA transitions: none
Best policy updated from autonomous greedy evaluation at episode 1000.

[Episode 1100/12000 | last 100]
success rate                : 0.0% (cumulative 0.0%)
failure rate                : 0.0% (cumulative 0.0%)
completed cycles / episode  : 0.000
synthetic task reward       : 0.000
shaping reward              : -325.386
learning reward             : -325.386
episode length              : 103.7
abstract changes / episode  : 12.9
same abstract-state steps   : 87.6%
same-state shaping / episode: 0.000
changed-state shaping / ep. : -325.386
terminal shaping / episode  : -1.764
DFA transitions / episode   : 0.09
DFA transitions in window   : 1->2: 9
epsilon (next episode)       : 0.80250
replay buffer                : 105651 samples [1: 99.2%, 2: 0.8%, 3: 0.0%, 4: 0.0%, 5: 0.0%, 6: 0.0%]
DFA state visits in window   : 1: 10217, 2: 249, 3: 0, 4: 0, 5: 0, 6: 0
DFA state visits cumulative  : 1: 105922, 2: 829, 3: 0, 4: 0, 5: 0, 6: 0
DFA state entries in window  : 1: 100, 2: 9, 3: 0, 4: 0, 5: 0, 6: 0
DFA state entries cumulative : 1: 1100, 2: 35, 3: 0, 4: 0, 5: 0, 6: 0
transitions cumulative       : 1->2: 35
accepted directly from s0    : 0
Gym endings cumulative       : terminated=1100, truncated=0

[Episode 1200/12000 | last 100]
success rate                : 0.0% (cumulative 0.0%)
failure rate                : 0.0% (cumulative 0.0%)
completed cycles / episode  : 0.000
synthetic task reward       : 0.000
shaping reward              : -352.877
learning reward             : -352.877
episode length              : 109.9
abstract changes / episode  : 12.9
same abstract-state steps   : 88.3%
same-state shaping / episode: 0.000
changed-state shaping / ep. : -352.877
terminal shaping / episode  : -4.388
DFA transitions / episode   : 0.05
DFA transitions in window   : 1->2: 5
epsilon (next episode)       : 0.78661
replay buffer                : 116638 samples [1: 99.2%, 2: 0.8%, 3: 0.0%, 4: 0.0%, 5: 0.0%, 6: 0.0%]
DFA state visits in window   : 1: 10927, 2: 160, 3: 0, 4: 0, 5: 0, 6: 0
DFA state visits cumulative  : 1: 116849, 2: 989, 3: 0, 4: 0, 5: 0, 6: 0
DFA state entries in window  : 1: 100, 2: 5, 3: 0, 4: 0, 5: 0, 6: 0
DFA state entries cumulative : 1: 1200, 2: 40, 3: 0, 4: 0, 5: 0, 6: 0
transitions cumulative       : 1->2: 40
accepted directly from s0    : 0
Gym endings cumulative       : terminated=1200, truncated=0

[Episode 1300/12000 | last 100]
success rate                : 0.0% (cumulative 0.0%)
failure rate                : 0.0% (cumulative 0.0%)
completed cycles / episode  : 0.000
synthetic task reward       : 0.000
shaping reward              : -382.992
learning reward             : -382.992
episode length              : 107.6
abstract changes / episode  : 13.5
same abstract-state steps   : 87.5%
same-state shaping / episode: 0.000
changed-state shaping / ep. : -382.992
terminal shaping / episode  : 0.000
DFA transitions / episode   : 0.01
DFA transitions in window   : 1->2: 1
epsilon (next episode)       : 0.77103
replay buffer                : 127395 samples [1: 99.2%, 2: 0.8%, 3: 0.0%, 4: 0.0%, 5: 0.0%, 6: 0.0%]
DFA state visits in window   : 1: 10834, 2: 23, 3: 0, 4: 0, 5: 0, 6: 0
DFA state visits cumulative  : 1: 127683, 2: 1012, 3: 0, 4: 0, 5: 0, 6: 0
DFA state entries in window  : 1: 100, 2: 1, 3: 0, 4: 0, 5: 0, 6: 0
DFA state entries cumulative : 1: 1300, 2: 41, 3: 0, 4: 0, 5: 0, 6: 0
transitions cumulative       : 1->2: 41
accepted directly from s0    : 0
Gym endings cumulative       : terminated=1300, truncated=0

[Episode 1400/12000 | last 100]
success rate                : 0.0% (cumulative 0.0%)
failure rate                : 0.0% (cumulative 0.0%)
completed cycles / episode  : 0.000
synthetic task reward       : 0.000
shaping reward              : -363.649
learning reward             : -363.649
episode length              : 103.2
abstract changes / episode  : 13.1
same abstract-state steps   : 87.3%
same-state shaping / episode: 0.000
changed-state shaping / ep. : -363.649
terminal shaping / episode  : -5.230
DFA transitions / episode   : 0.03
DFA transitions in window   : 1->2: 3
epsilon (next episode)       : 0.75576
replay buffer                : 137720 samples [1: 99.3%, 2: 0.7%, 3: 0.0%, 4: 0.0%, 5: 0.0%, 6: 0.0%]
DFA state visits in window   : 1: 10361, 2: 64, 3: 0, 4: 0, 5: 0, 6: 0
DFA state visits cumulative  : 1: 138044, 2: 1076, 3: 0, 4: 0, 5: 0, 6: 0
DFA state entries in window  : 1: 100, 2: 3, 3: 0, 4: 0, 5: 0, 6: 0
DFA state entries cumulative : 1: 1400, 2: 44, 3: 0, 4: 0, 5: 0, 6: 0
transitions cumulative       : 1->2: 44
accepted directly from s0    : 0
Gym endings cumulative       : terminated=1400, truncated=0

[Episode 1500/12000 | last 100]
success rate                : 0.0% (cumulative 0.0%)
failure rate                : 0.0% (cumulative 0.0%)
completed cycles / episode  : 0.000
synthetic task reward       : 0.000
shaping reward              : -375.155
learning reward             : -375.155
episode length              : 103.8
abstract changes / episode  : 13.1
same abstract-state steps   : 87.4%
same-state shaping / episode: 0.000
changed-state shaping / ep. : -375.155
terminal shaping / episode  : -2.606
DFA transitions / episode   : 0.02
DFA transitions in window   : 1->2: 2
epsilon (next episode)       : 0.74080
replay buffer                : 148095 samples [1: 99.3%, 2: 0.7%, 3: 0.0%, 4: 0.0%, 5: 0.0%, 6: 0.0%]
DFA state visits in window   : 1: 10411, 2: 64, 3: 0, 4: 0, 5: 0, 6: 0
DFA state visits cumulative  : 1: 148455, 2: 1140, 3: 0, 4: 0, 5: 0, 6: 0
DFA state entries in window  : 1: 100, 2: 2, 3: 0, 4: 0, 5: 0, 6: 0
DFA state entries cumulative : 1: 1500, 2: 46, 3: 0, 4: 0, 5: 0, 6: 0
transitions cumulative       : 1->2: 46
accepted directly from s0    : 0
Gym endings cumulative       : terminated=1500, truncated=0

Starting autonomous greedy evaluation at episode 1500 (1000 fixed-seed episodes)...
[Greedy evaluation at episode 1500 | 1000 fixed-seed episodes]
success=0.0%, failure=0.0%, task reward=0.000, length=189.3
DFA transitions: 1->2: 338, 2->3: 27

[Episode 1600/12000 | last 100]
success rate                : 0.0% (cumulative 0.0%)
failure rate                : 0.0% (cumulative 0.0%)
completed cycles / episode  : 0.000
synthetic task reward       : 0.000
shaping reward              : -368.162
learning reward             : -368.162
episode length              : 102.7
abstract changes / episode  : 13.1
same abstract-state steps   : 87.2%
same-state shaping / episode: 0.000
changed-state shaping / ep. : -368.162
terminal shaping / episode  : -2.606
DFA transitions / episode   : 0.03
DFA transitions in window   : 1->2: 3
epsilon (next episode)       : 0.72613
replay buffer                : 158360 samples [1: 99.3%, 2: 0.7%, 3: 0.0%, 4: 0.0%, 5: 0.0%, 6: 0.0%]
DFA state visits in window   : 1: 10281, 2: 84, 3: 0, 4: 0, 5: 0, 6: 0
DFA state visits cumulative  : 1: 158736, 2: 1224, 3: 0, 4: 0, 5: 0, 6: 0
DFA state entries in window  : 1: 100, 2: 3, 3: 0, 4: 0, 5: 0, 6: 0
DFA state entries cumulative : 1: 1600, 2: 49, 3: 0, 4: 0, 5: 0, 6: 0
transitions cumulative       : 1->2: 49
accepted directly from s0    : 0
Gym endings cumulative       : terminated=1600, truncated=0

[Episode 1700/12000 | last 100]
success rate                : 0.0% (cumulative 0.0%)
failure rate                : 0.0% (cumulative 0.0%)
completed cycles / episode  : 0.000
synthetic task reward       : 0.000
shaping reward              : -385.722
learning reward             : -385.722
episode length              : 104.2
abstract changes / episode  : 13.3
same abstract-state steps   : 87.2%
same-state shaping / episode: 0.000
changed-state shaping / ep. : -385.722
terminal shaping / episode  : 0.000
DFA transitions / episode   : 0.01
DFA transitions in window   : 1->2: 1
epsilon (next episode)       : 0.71175
replay buffer                : 168779 samples [1: 99.3%, 2: 0.7%, 3: 0.0%, 4: 0.0%, 5: 0.0%, 6: 0.0%]
DFA state visits in window   : 1: 10505, 2: 14, 3: 0, 4: 0, 5: 0, 6: 0
DFA state visits cumulative  : 1: 169241, 2: 1238, 3: 0, 4: 0, 5: 0, 6: 0
DFA state entries in window  : 1: 100, 2: 1, 3: 0, 4: 0, 5: 0, 6: 0
DFA state entries cumulative : 1: 1700, 2: 50, 3: 0, 4: 0, 5: 0, 6: 0
transitions cumulative       : 1->2: 50
accepted directly from s0    : 0
Gym endings cumulative       : terminated=1700, truncated=0

[Episode 1800/12000 | last 100]
success rate                : 0.0% (cumulative 0.0%)
failure rate                : 0.0% (cumulative 0.0%)
completed cycles / episode  : 0.000
synthetic task reward       : 0.000
shaping reward              : -382.177
learning reward             : -382.177
episode length              : 117.6
abstract changes / episode  : 13.6
same abstract-state steps   : 88.5%
same-state shaping / episode: 0.000
changed-state shaping / ep. : -382.177
terminal shaping / episode  : -1.737
DFA transitions / episode   : 0.01
DFA transitions in window   : 1->2: 1
epsilon (next episode)       : 0.69765
replay buffer                : 180543 samples [1: 99.3%, 2: 0.7%, 3: 0.0%, 4: 0.0%, 5: 0.0%, 6: 0.0%]
DFA state visits in window   : 1: 11840, 2: 24, 3: 0, 4: 0, 5: 0, 6: 0
DFA state visits cumulative  : 1: 181081, 2: 1262, 3: 0, 4: 0, 5: 0, 6: 0
DFA state entries in window  : 1: 100, 2: 1, 3: 0, 4: 0, 5: 0, 6: 0
DFA state entries cumulative : 1: 1800, 2: 51, 3: 0, 4: 0, 5: 0, 6: 0
transitions cumulative       : 1->2: 51
accepted directly from s0    : 0
Gym endings cumulative       : terminated=1800, truncated=0

[Episode 1900/12000 | last 100]
success rate                : 0.0% (cumulative 0.0%)
failure rate                : 0.0% (cumulative 0.0%)
completed cycles / episode  : 0.000
synthetic task reward       : 0.000
shaping reward              : -378.657
learning reward             : -378.657
episode length              : 109.8
abstract changes / episode  : 13.3
same abstract-state steps   : 87.9%
same-state shaping / episode: 0.000
changed-state shaping / ep. : -378.657
terminal shaping / episode  : -2.624
DFA transitions / episode   : 0.01
DFA transitions in window   : 1->2: 1
epsilon (next episode)       : 0.68384
replay buffer                : 191528 samples [1: 99.4%, 2: 0.6%, 3: 0.0%, 4: 0.0%, 5: 0.0%, 6: 0.0%]
DFA state visits in window   : 1: 11055, 2: 30, 3: 0, 4: 0, 5: 0, 6: 0
DFA state visits cumulative  : 1: 192136, 2: 1292, 3: 0, 4: 0, 5: 0, 6: 0
DFA state entries in window  : 1: 100, 2: 1, 3: 0, 4: 0, 5: 0, 6: 0
DFA state entries cumulative : 1: 1900, 2: 52, 3: 0, 4: 0, 5: 0, 6: 0
transitions cumulative       : 1->2: 52
accepted directly from s0    : 0
Gym endings cumulative       : terminated=1900, truncated=0

[Episode 2000/12000 | last 100]
success rate                : 0.0% (cumulative 0.0%)
failure rate                : 0.0% (cumulative 0.0%)
completed cycles / episode  : 0.000
synthetic task reward       : 0.000
shaping reward              : -373.025
learning reward             : -373.025
episode length              : 112.1
abstract changes / episode  : 13.4
same abstract-state steps   : 88.0%
same-state shaping / episode: 0.000
changed-state shaping / ep. : -373.025
terminal shaping / episode  : -2.606
DFA transitions / episode   : 0.01
DFA transitions in window   : 1->2: 1
epsilon (next episode)       : 0.67029
replay buffer                : 202735 samples [1: 99.4%, 2: 0.6%, 3: 0.0%, 4: 0.0%, 5: 0.0%, 6: 0.0%]
DFA state visits in window   : 1: 11285, 2: 22, 3: 0, 4: 0, 5: 0, 6: 0
DFA state visits cumulative  : 1: 203421, 2: 1314, 3: 0, 4: 0, 5: 0, 6: 0
DFA state entries in window  : 1: 100, 2: 1, 3: 0, 4: 0, 5: 0, 6: 0
DFA state entries cumulative : 1: 2000, 2: 53, 3: 0, 4: 0, 5: 0, 6: 0
transitions cumulative       : 1->2: 53
accepted directly from s0    : 0
Gym endings cumulative       : terminated=2000, truncated=0

Starting autonomous greedy evaluation at episode 2000 (1000 fixed-seed episodes)...
[Greedy evaluation at episode 2000 | 1000 fixed-seed episodes]
success=0.0%, failure=0.0%, task reward=0.000, length=161.5
DFA transitions: 1->2: 430, 2->3: 2

[Episode 2100/12000 | last 100]
success rate                : 0.0% (cumulative 0.0%)
failure rate                : 0.0% (cumulative 0.0%)
completed cycles / episode  : 0.000
synthetic task reward       : 0.000
shaping reward              : -374.484
learning reward             : -374.484
episode length              : 122.0
abstract changes / episode  : 13.8
same abstract-state steps   : 88.7%
same-state shaping / episode: 0.000
changed-state shaping / ep. : -374.484
terminal shaping / episode  : -2.606
DFA transitions / episode   : 0.02
DFA transitions in window   : 1->2: 2
epsilon (next episode)       : 0.65702
replay buffer                : 214936 samples [1: 99.4%, 2: 0.6%, 3: 0.0%, 4: 0.0%, 5: 0.0%, 6: 0.0%]
DFA state visits in window   : 1: 12241, 2: 60, 3: 0, 4: 0, 5: 0, 6: 0
DFA state visits cumulative  : 1: 215662, 2: 1374, 3: 0, 4: 0, 5: 0, 6: 0
DFA state entries in window  : 1: 100, 2: 2, 3: 0, 4: 0, 5: 0, 6: 0
DFA state entries cumulative : 1: 2100, 2: 55, 3: 0, 4: 0, 5: 0, 6: 0
transitions cumulative       : 1->2: 55
accepted directly from s0    : 0
Gym endings cumulative       : terminated=2099, truncated=1

[Episode 2200/12000 | last 100]
success rate                : 0.0% (cumulative 0.0%)
failure rate                : 0.0% (cumulative 0.0%)
completed cycles / episode  : 0.000
synthetic task reward       : 0.000
shaping reward              : -372.371
learning reward             : -372.371
episode length              : 114.1
abstract changes / episode  : 13.2
same abstract-state steps   : 88.4%
same-state shaping / episode: 0.000
changed-state shaping / ep. : -372.371
terminal shaping / episode  : -0.869
DFA transitions / episode   : 0.02
DFA transitions in window   : 1->2: 2
epsilon (next episode)       : 0.64401
replay buffer                : 226349 samples [1: 99.4%, 2: 0.6%, 3: 0.0%, 4: 0.0%, 5: 0.0%, 6: 0.0%]
DFA state visits in window   : 1: 11481, 2: 32, 3: 0, 4: 0, 5: 0, 6: 0
DFA state visits cumulative  : 1: 227143, 2: 1406, 3: 0, 4: 0, 5: 0, 6: 0
DFA state entries in window  : 1: 100, 2: 2, 3: 0, 4: 0, 5: 0, 6: 0
DFA state entries cumulative : 1: 2200, 2: 57, 3: 0, 4: 0, 5: 0, 6: 0
transitions cumulative       : 1->2: 57
accepted directly from s0    : 0
Gym endings cumulative       : terminated=2199, truncated=1

[Episode 2300/12000 | last 100]
success rate                : 0.0% (cumulative 0.0%)
failure rate                : 0.0% (cumulative 0.0%)
completed cycles / episode  : 0.000
synthetic task reward       : 0.000
shaping reward              : -394.606
learning reward             : -394.606
episode length              : 114.6
abstract changes / episode  : 12.9
same abstract-state steps   : 88.8%
same-state shaping / episode: 0.000
changed-state shaping / ep. : -394.606
terminal shaping / episode  : -2.642
DFA transitions / episode   : 0.00
DFA transitions in window   : none
epsilon (next episode)       : 0.63125
replay buffer                : 237809 samples [1: 99.4%, 2: 0.6%, 3: 0.0%, 4: 0.0%, 5: 0.0%, 6: 0.0%]
DFA state visits in window   : 1: 11560, 2: 0, 3: 0, 4: 0, 5: 0, 6: 0
DFA state visits cumulative  : 1: 238703, 2: 1406, 3: 0, 4: 0, 5: 0, 6: 0
DFA state entries in window  : 1: 100, 2: 0, 3: 0, 4: 0, 5: 0, 6: 0
DFA state entries cumulative : 1: 2300, 2: 57, 3: 0, 4: 0, 5: 0, 6: 0
transitions cumulative       : 1->2: 57
accepted directly from s0    : 0
Gym endings cumulative       : terminated=2299, truncated=1

[Episode 2400/12000 | last 100]
success rate                : 0.0% (cumulative 0.0%)
failure rate                : 0.0% (cumulative 0.0%)
completed cycles / episode  : 0.000
synthetic task reward       : 0.000
shaping reward              : -390.022
learning reward             : -390.022
episode length              : 122.8
abstract changes / episode  : 13.0
same abstract-state steps   : 89.4%
same-state shaping / episode: 0.000
changed-state shaping / ep. : -390.022
terminal shaping / episode  : -0.869
DFA transitions / episode   : 0.01
DFA transitions in window   : 1->2: 1
epsilon (next episode)       : 0.61875
replay buffer                : 250093 samples [1: 99.4%, 2: 0.6%, 3: 0.0%, 4: 0.0%, 5: 0.0%, 6: 0.0%]
DFA state visits in window   : 1: 12349, 2: 35, 3: 0, 4: 0, 5: 0, 6: 0
DFA state visits cumulative  : 1: 251052, 2: 1441, 3: 0, 4: 0, 5: 0, 6: 0
DFA state entries in window  : 1: 100, 2: 1, 3: 0, 4: 0, 5: 0, 6: 0
DFA state entries cumulative : 1: 2400, 2: 58, 3: 0, 4: 0, 5: 0, 6: 0
transitions cumulative       : 1->2: 58
accepted directly from s0    : 0
Gym endings cumulative       : terminated=2399, truncated=1

[Episode 2500/12000 | last 100]
success rate                : 0.0% (cumulative 0.0%)
failure rate                : 0.0% (cumulative 0.0%)
completed cycles / episode  : 0.000
synthetic task reward       : 0.000
shaping reward              : -390.944
learning reward             : -390.944
episode length              : 121.0
abstract changes / episode  : 12.8
same abstract-state steps   : 89.4%
same-state shaping / episode: 0.000
changed-state shaping / ep. : -390.944
terminal shaping / episode  : 0.000
DFA transitions / episode   : 0.00
DFA transitions in window   : none
epsilon (next episode)       : 0.60650
replay buffer                : 262189 samples [1: 99.5%, 2: 0.5%, 3: 0.0%, 4: 0.0%, 5: 0.0%, 6: 0.0%]
DFA state visits in window   : 1: 12196, 2: 0, 3: 0, 4: 0, 5: 0, 6: 0
DFA state visits cumulative  : 1: 263248, 2: 1441, 3: 0, 4: 0, 5: 0, 6: 0
DFA state entries in window  : 1: 100, 2: 0, 3: 0, 4: 0, 5: 0, 6: 0
DFA state entries cumulative : 1: 2500, 2: 58, 3: 0, 4: 0, 5: 0, 6: 0
transitions cumulative       : 1->2: 58
accepted directly from s0    : 0
Gym endings cumulative       : terminated=2499, truncated=1

Starting autonomous greedy evaluation at episode 2500 (1000 fixed-seed episodes)...
[Greedy evaluation at episode 2500 | 1000 fixed-seed episodes]
success=0.0%, failure=0.0%, task reward=0.000, length=511.3
DFA transitions: 1->2: 307, 2->3: 6

[Episode 2600/12000 | last 100]
success rate                : 0.0% (cumulative 0.0%)
failure rate                : 0.0% (cumulative 0.0%)
completed cycles / episode  : 0.000
synthetic task reward       : 0.000
shaping reward              : -390.084
learning reward             : -390.084
episode length              : 110.5
abstract changes / episode  : 12.6
same abstract-state steps   : 88.6%
same-state shaping / episode: 0.000
changed-state shaping / ep. : -390.084
terminal shaping / episode  : -1.729
DFA transitions / episode   : 0.00
DFA transitions in window   : none
epsilon (next episode)       : 0.59449
replay buffer                : 273235 samples [1: 99.5%, 2: 0.5%, 3: 0.0%, 4: 0.0%, 5: 0.0%, 6: 0.0%]
DFA state visits in window   : 1: 11146, 2: 0, 3: 0, 4: 0, 5: 0, 6: 0
DFA state visits cumulative  : 1: 274394, 2: 1441, 3: 0, 4: 0, 5: 0, 6: 0
DFA state entries in window  : 1: 100, 2: 0, 3: 0, 4: 0, 5: 0, 6: 0
DFA state entries cumulative : 1: 2600, 2: 58, 3: 0, 4: 0, 5: 0, 6: 0
transitions cumulative       : 1->2: 58
accepted directly from s0    : 0
Gym endings cumulative       : terminated=2599, truncated=1

[Episode 2700/12000 | last 100]
success rate                : 0.0% (cumulative 0.0%)
failure rate                : 0.0% (cumulative 0.0%)
completed cycles / episode  : 0.000
synthetic task reward       : 0.000
shaping reward              : -386.467
learning reward             : -386.467
episode length              : 122.6
abstract changes / episode  : 13.2
same abstract-state steps   : 89.2%
same-state shaping / episode: 0.000
changed-state shaping / ep. : -386.467
terminal shaping / episode  : 0.000
DFA transitions / episode   : 0.00
DFA transitions in window   : none
epsilon (next episode)       : 0.58272
replay buffer                : 285496 samples [1: 99.5%, 2: 0.5%, 3: 0.0%, 4: 0.0%, 5: 0.0%, 6: 0.0%]
DFA state visits in window   : 1: 12361, 2: 0, 3: 0, 4: 0, 5: 0, 6: 0
DFA state visits cumulative  : 1: 286755, 2: 1441, 3: 0, 4: 0, 5: 0, 6: 0
DFA state entries in window  : 1: 100, 2: 0, 3: 0, 4: 0, 5: 0, 6: 0
DFA state entries cumulative : 1: 2700, 2: 58, 3: 0, 4: 0, 5: 0, 6: 0
transitions cumulative       : 1->2: 58
accepted directly from s0    : 0
Gym endings cumulative       : terminated=2699, truncated=1

[Episode 2800/12000 | last 100]
success rate                : 0.0% (cumulative 0.0%)
failure rate                : 0.0% (cumulative 0.0%)
completed cycles / episode  : 0.000
synthetic task reward       : 0.000
shaping reward              : -393.506
learning reward             : -393.506
episode length              : 115.0
abstract changes / episode  : 12.9
same abstract-state steps   : 88.8%
same-state shaping / episode: 0.000
changed-state shaping / ep. : -393.506
terminal shaping / episode  : 0.000
DFA transitions / episode   : 0.00
DFA transitions in window   : none
epsilon (next episode)       : 0.57118
replay buffer                : 297001 samples [1: 99.5%, 2: 0.5%, 3: 0.0%, 4: 0.0%, 5: 0.0%, 6: 0.0%]
DFA state visits in window   : 1: 11605, 2: 0, 3: 0, 4: 0, 5: 0, 6: 0
DFA state visits cumulative  : 1: 298360, 2: 1441, 3: 0, 4: 0, 5: 0, 6: 0
DFA state entries in window  : 1: 100, 2: 0, 3: 0, 4: 0, 5: 0, 6: 0
DFA state entries cumulative : 1: 2800, 2: 58, 3: 0, 4: 0, 5: 0, 6: 0
transitions cumulative       : 1->2: 58
accepted directly from s0    : 0
Gym endings cumulative       : terminated=2799, truncated=1

[Episode 2900/12000 | last 100]
success rate                : 0.0% (cumulative 0.0%)
failure rate                : 0.0% (cumulative 0.0%)
completed cycles / episode  : 0.000
synthetic task reward       : 0.000
shaping reward              : -398.994
learning reward             : -398.994
episode length              : 122.2
abstract changes / episode  : 13.0
same abstract-state steps   : 89.4%
same-state shaping / episode: 0.000
changed-state shaping / ep. : -398.994
terminal shaping / episode  : 0.000
DFA transitions / episode   : 0.00
DFA transitions in window   : none
epsilon (next episode)       : 0.55987
replay buffer                : 300000 samples [1: 99.5%, 2: 0.5%, 3: 0.0%, 4: 0.0%, 5: 0.0%, 6: 0.0%]
DFA state visits in window   : 1: 12322, 2: 0, 3: 0, 4: 0, 5: 0, 6: 0
DFA state visits cumulative  : 1: 310682, 2: 1441, 3: 0, 4: 0, 5: 0, 6: 0
DFA state entries in window  : 1: 100, 2: 0, 3: 0, 4: 0, 5: 0, 6: 0
DFA state entries cumulative : 1: 2900, 2: 58, 3: 0, 4: 0, 5: 0, 6: 0
transitions cumulative       : 1->2: 58
accepted directly from s0    : 0
Gym endings cumulative       : terminated=2899, truncated=1

[Episode 3000/12000 | last 100]
success rate                : 0.0% (cumulative 0.0%)
failure rate                : 0.0% (cumulative 0.0%)
completed cycles / episode  : 0.000
synthetic task reward       : 0.000
shaping reward              : -391.043
learning reward             : -391.043
episode length              : 163.7
abstract changes / episode  : 14.5
same abstract-state steps   : 91.2%
same-state shaping / episode: 0.000
changed-state shaping / ep. : -391.043
terminal shaping / episode  : -0.878
DFA transitions / episode   : 0.01
DFA transitions in window   : 1->2: 1
epsilon (next episode)       : 0.54878
replay buffer                : 300000 samples [1: 99.5%, 2: 0.5%, 3: 0.0%, 4: 0.0%, 5: 0.0%, 6: 0.0%]
DFA state visits in window   : 1: 16373, 2: 95, 3: 0, 4: 0, 5: 0, 6: 0
DFA state visits cumulative  : 1: 327055, 2: 1536, 3: 0, 4: 0, 5: 0, 6: 0
DFA state entries in window  : 1: 100, 2: 1, 3: 0, 4: 0, 5: 0, 6: 0
DFA state entries cumulative : 1: 3000, 2: 59, 3: 0, 4: 0, 5: 0, 6: 0
transitions cumulative       : 1->2: 59
accepted directly from s0    : 0
Gym endings cumulative       : terminated=2998, truncated=2

Starting autonomous greedy evaluation at episode 3000 (1000 fixed-seed episodes)...
[Greedy evaluation at episode 3000 | 1000 fixed-seed episodes]
success=0.0%, failure=0.0%, task reward=0.000, length=789.3
DFA transitions: 1->2: 258

[Episode 3100/12000 | last 100]
success rate                : 0.0% (cumulative 0.0%)
failure rate                : 0.0% (cumulative 0.0%)
completed cycles / episode  : 0.000
synthetic task reward       : 0.000
shaping reward              : -390.182
learning reward             : -390.182
episode length              : 135.8
abstract changes / episode  : 13.6
same abstract-state steps   : 90.0%
same-state shaping / episode: 0.000
changed-state shaping / ep. : -390.182
terminal shaping / episode  : 0.009
DFA transitions / episode   : 0.00
DFA transitions in window   : none
epsilon (next episode)       : 0.53791
replay buffer                : 300000 samples [1: 99.6%, 2: 0.4%, 3: 0.0%, 4: 0.0%, 5: 0.0%, 6: 0.0%]
DFA state visits in window   : 1: 13675, 2: 0, 3: 0, 4: 0, 5: 0, 6: 0
DFA state visits cumulative  : 1: 340730, 2: 1536, 3: 0, 4: 0, 5: 0, 6: 0
DFA state entries in window  : 1: 100, 2: 0, 3: 0, 4: 0, 5: 0, 6: 0
DFA state entries cumulative : 1: 3100, 2: 59, 3: 0, 4: 0, 5: 0, 6: 0
transitions cumulative       : 1->2: 59
accepted directly from s0    : 0
Gym endings cumulative       : terminated=3098, truncated=2

[Episode 3200/12000 | last 100]
success rate                : 0.0% (cumulative 0.0%)
failure rate                : 0.0% (cumulative 0.0%)
completed cycles / episode  : 0.000
synthetic task reward       : 0.000
shaping reward              : -392.717
learning reward             : -392.717
episode length              : 130.6
abstract changes / episode  : 13.4
same abstract-state steps   : 89.7%
same-state shaping / episode: 0.000
changed-state shaping / ep. : -392.717
terminal shaping / episode  : 0.000
DFA transitions / episode   : 0.01
DFA transitions in window   : 1->2: 1
epsilon (next episode)       : 0.52726
replay buffer                : 300000 samples [1: 99.6%, 2: 0.4%, 3: 0.0%, 4: 0.0%, 5: 0.0%, 6: 0.0%]
DFA state visits in window   : 1: 13130, 2: 32, 3: 0, 4: 0, 5: 0, 6: 0
DFA state visits cumulative  : 1: 353860, 2: 1568, 3: 0, 4: 0, 5: 0, 6: 0
DFA state entries in window  : 1: 100, 2: 1, 3: 0, 4: 0, 5: 0, 6: 0
DFA state entries cumulative : 1: 3200, 2: 60, 3: 0, 4: 0, 5: 0, 6: 0
transitions cumulative       : 1->2: 60
accepted directly from s0    : 0
Gym endings cumulative       : terminated=3198, truncated=2

[Episode 3300/12000 | last 100]
success rate                : 0.0% (cumulative 0.0%)
failure rate                : 0.0% (cumulative 0.0%)
completed cycles / episode  : 0.000
synthetic task reward       : 0.000
shaping reward              : -396.281
learning reward             : -396.281
episode length              : 172.6
abstract changes / episode  : 14.0
same abstract-state steps   : 91.9%
same-state shaping / episode: 0.000
changed-state shaping / ep. : -396.281
terminal shaping / episode  : 0.000
DFA transitions / episode   : 0.00
DFA transitions in window   : none
epsilon (next episode)       : 0.51682
replay buffer                : 300000 samples [1: 99.6%, 2: 0.4%, 3: 0.0%, 4: 0.0%, 5: 0.0%, 6: 0.0%]
DFA state visits in window   : 1: 17357, 2: 0, 3: 0, 4: 0, 5: 0, 6: 0
DFA state visits cumulative  : 1: 371217, 2: 1568, 3: 0, 4: 0, 5: 0, 6: 0
DFA state entries in window  : 1: 100, 2: 0, 3: 0, 4: 0, 5: 0, 6: 0
DFA state entries cumulative : 1: 3300, 2: 60, 3: 0, 4: 0, 5: 0, 6: 0
transitions cumulative       : 1->2: 60
accepted directly from s0    : 0
Gym endings cumulative       : terminated=3295, truncated=5

[Episode 3400/12000 | last 100]
success rate                : 0.0% (cumulative 0.0%)
failure rate                : 0.0% (cumulative 0.0%)
completed cycles / episode  : 0.000
synthetic task reward       : 0.000
shaping reward              : -372.062
learning reward             : -372.062
episode length              : 144.6
abstract changes / episode  : 13.7
same abstract-state steps   : 90.5%
same-state shaping / episode: 0.000
changed-state shaping / ep. : -372.062
terminal shaping / episode  : -0.904
DFA transitions / episode   : 0.02
DFA transitions in window   : 1->2: 2
epsilon (next episode)       : 0.50658
replay buffer                : 300000 samples [1: 99.6%, 2: 0.4%, 3: 0.0%, 4: 0.0%, 5: 0.0%, 6: 0.0%]
DFA state visits in window   : 1: 14524, 2: 37, 3: 0, 4: 0, 5: 0, 6: 0
DFA state visits cumulative  : 1: 385741, 2: 1605, 3: 0, 4: 0, 5: 0, 6: 0
DFA state entries in window  : 1: 100, 2: 2, 3: 0, 4: 0, 5: 0, 6: 0
DFA state entries cumulative : 1: 3400, 2: 62, 3: 0, 4: 0, 5: 0, 6: 0
transitions cumulative       : 1->2: 62
accepted directly from s0    : 0
Gym endings cumulative       : terminated=3395, truncated=5

[Episode 3500/12000 | last 100]
success rate                : 0.0% (cumulative 0.0%)
failure rate                : 0.0% (cumulative 0.0%)
completed cycles / episode  : 0.000
synthetic task reward       : 0.000
shaping reward              : -215.168
learning reward             : -215.168
episode length              : 144.0
abstract changes / episode  : 13.2
same abstract-state steps   : 90.8%
same-state shaping / episode: 0.000
changed-state shaping / ep. : -215.168
terminal shaping / episode  : -3.537
DFA transitions / episode   : 0.15
DFA transitions in window   : 1->2: 14, 2->3: 1
epsilon (next episode)       : 0.49655
replay buffer                : 300000 samples [1: 99.5%, 2: 0.4%, 3: 0.0%, 4: 0.0%, 5: 0.0%, 6: 0.0%]
DFA state visits in window   : 1: 14063, 2: 384, 3: 53, 4: 0, 5: 0, 6: 0
DFA state visits cumulative  : 1: 399804, 2: 1989, 3: 53, 4: 0, 5: 0, 6: 0
DFA state entries in window  : 1: 100, 2: 14, 3: 1, 4: 0, 5: 0, 6: 0
DFA state entries cumulative : 1: 3500, 2: 76, 3: 1, 4: 0, 5: 0, 6: 0
transitions cumulative       : 1->2: 76, 2->3: 1
accepted directly from s0    : 0
Gym endings cumulative       : terminated=3495, truncated=5

Starting autonomous greedy evaluation at episode 3500 (1000 fixed-seed episodes)...
[Greedy evaluation at episode 3500 | 1000 fixed-seed episodes]
success=0.0%, failure=0.0%, task reward=0.000, length=145.3
DFA transitions: 1->2: 31

[Episode 3600/12000 | last 100]
success rate                : 0.0% (cumulative 0.0%)
failure rate                : 0.0% (cumulative 0.0%)
completed cycles / episode  : 0.000
synthetic task reward       : 0.000
shaping reward              : -222.035
learning reward             : -222.035
episode length              : 147.0
abstract changes / episode  : 14.1
same abstract-state steps   : 90.4%
same-state shaping / episode: 0.000
changed-state shaping / ep. : -222.035
terminal shaping / episode  : -6.232
DFA transitions / episode   : 0.14
DFA transitions in window   : 1->2: 14
epsilon (next episode)       : 0.48672
replay buffer                : 300000 samples [1: 99.5%, 2: 0.5%, 3: 0.0%, 4: 0.0%, 5: 0.0%, 6: 0.0%]
DFA state visits in window   : 1: 14220, 2: 579, 3: 0, 4: 0, 5: 0, 6: 0
DFA state visits cumulative  : 1: 414024, 2: 2568, 3: 53, 4: 0, 5: 0, 6: 0
DFA state entries in window  : 1: 100, 2: 14, 3: 0, 4: 0, 5: 0, 6: 0
DFA state entries cumulative : 1: 3600, 2: 90, 3: 1, 4: 0, 5: 0, 6: 0
transitions cumulative       : 1->2: 90, 2->3: 1
accepted directly from s0    : 0
Gym endings cumulative       : terminated=3595, truncated=5

[Episode 3700/12000 | last 100]
success rate                : 0.0% (cumulative 0.0%)
failure rate                : 0.0% (cumulative 0.0%)
completed cycles / episode  : 0.000
synthetic task reward       : 0.000
shaping reward              : -296.591
learning reward             : -296.591
episode length              : 204.8
abstract changes / episode  : 15.8
same abstract-state steps   : 92.3%
same-state shaping / episode: 0.000
changed-state shaping / ep. : -296.591
terminal shaping / episode  : -6.223
DFA transitions / episode   : 0.10
DFA transitions in window   : 1->2: 9, 2->3: 1
epsilon (next episode)       : 0.47708
replay buffer                : 300000 samples [1: 99.3%, 2: 0.7%, 3: 0.0%, 4: 0.0%, 5: 0.0%, 6: 0.0%]
DFA state visits in window   : 1: 19917, 2: 611, 3: 48, 4: 0, 5: 0, 6: 0
DFA state visits cumulative  : 1: 433941, 2: 3179, 3: 101, 4: 0, 5: 0, 6: 0
DFA state entries in window  : 1: 100, 2: 9, 3: 1, 4: 0, 5: 0, 6: 0
DFA state entries cumulative : 1: 3700, 2: 99, 3: 2, 4: 0, 5: 0, 6: 0
transitions cumulative       : 1->2: 99, 2->3: 2
accepted directly from s0    : 0
Gym endings cumulative       : terminated=3693, truncated=7

[Episode 3800/12000 | last 100]
success rate                : 0.0% (cumulative 0.0%)
failure rate                : 0.0% (cumulative 0.0%)
completed cycles / episode  : 0.000
synthetic task reward       : 0.000
shaping reward              : -262.555
learning reward             : -262.555
episode length              : 208.7
abstract changes / episode  : 16.2
same abstract-state steps   : 92.2%
same-state shaping / episode: 0.000
changed-state shaping / ep. : -262.555
terminal shaping / episode  : -0.869
DFA transitions / episode   : 0.14
DFA transitions in window   : 1->2: 13, 2->3: 1
epsilon (next episode)       : 0.46763
replay buffer                : 300000 samples [1: 99.1%, 2: 0.9%, 3: 0.0%, 4: 0.0%, 5: 0.0%, 6: 0.0%]
DFA state visits in window   : 1: 20195, 2: 739, 3: 38, 4: 0, 5: 0, 6: 0
DFA state visits cumulative  : 1: 454136, 2: 3918, 3: 139, 4: 0, 5: 0, 6: 0
DFA state entries in window  : 1: 100, 2: 13, 3: 1, 4: 0, 5: 0, 6: 0
DFA state entries cumulative : 1: 3800, 2: 112, 3: 3, 4: 0, 5: 0, 6: 0
transitions cumulative       : 1->2: 112, 2->3: 3
accepted directly from s0    : 0
Gym endings cumulative       : terminated=3792, truncated=8

[Episode 3900/12000 | last 100]
success rate                : 0.0% (cumulative 0.0%)
failure rate                : 0.0% (cumulative 0.0%)
completed cycles / episode  : 0.000
synthetic task reward       : 0.000
shaping reward              : -298.139
learning reward             : -298.139
episode length              : 222.3
abstract changes / episode  : 17.6
same abstract-state steps   : 92.1%
same-state shaping / episode: 0.000
changed-state shaping / ep. : -298.139
terminal shaping / episode  : -3.591
DFA transitions / episode   : 0.10
DFA transitions in window   : 1->2: 10
epsilon (next episode)       : 0.45837
replay buffer                : 300000 samples [1: 98.8%, 2: 1.1%, 3: 0.0%, 4: 0.0%, 5: 0.0%, 6: 0.0%]
DFA state visits in window   : 1: 21495, 2: 838, 3: 0, 4: 0, 5: 0, 6: 0
DFA state visits cumulative  : 1: 475631, 2: 4756, 3: 139, 4: 0, 5: 0, 6: 0
DFA state entries in window  : 1: 100, 2: 10, 3: 0, 4: 0, 5: 0, 6: 0
DFA state entries cumulative : 1: 3900, 2: 122, 3: 3, 4: 0, 5: 0, 6: 0
transitions cumulative       : 1->2: 122, 2->3: 3
accepted directly from s0    : 0
Gym endings cumulative       : terminated=3892, truncated=8

[Episode 4000/12000 | last 100]
success rate                : 0.0% (cumulative 0.0%)
failure rate                : 0.0% (cumulative 0.0%)
completed cycles / episode  : 0.000
synthetic task reward       : 0.000
shaping reward              : -322.110
learning reward             : -322.110
episode length              : 250.5
abstract changes / episode  : 19.2
same abstract-state steps   : 92.3%
same-state shaping / episode: 0.000
changed-state shaping / ep. : -322.110
terminal shaping / episode  : -2.615
DFA transitions / episode   : 0.08
DFA transitions in window   : 1->2: 8
epsilon (next episode)       : 0.44929
replay buffer                : 300000 samples [1: 98.6%, 2: 1.4%, 3: 0.0%, 4: 0.0%, 5: 0.0%, 6: 0.0%]
DFA state visits in window   : 1: 24437, 2: 713, 3: 0, 4: 0, 5: 0, 6: 0
DFA state visits cumulative  : 1: 500068, 2: 5469, 3: 139, 4: 0, 5: 0, 6: 0
DFA state entries in window  : 1: 100, 2: 8, 3: 0, 4: 0, 5: 0, 6: 0
DFA state entries cumulative : 1: 4000, 2: 130, 3: 3, 4: 0, 5: 0, 6: 0
transitions cumulative       : 1->2: 130, 2->3: 3
accepted directly from s0    : 0
Gym endings cumulative       : terminated=3991, truncated=9

Starting autonomous greedy evaluation at episode 4000 (1000 fixed-seed episodes)...
[Greedy evaluation at episode 4000 | 1000 fixed-seed episodes]
success=0.0%, failure=0.0%, task reward=0.000, length=296.6
DFA transitions: 1->2: 793, 2->3: 21

[Episode 4100/12000 | last 100]
success rate                : 0.0% (cumulative 0.0%)
failure rate                : 0.0% (cumulative 0.0%)
completed cycles / episode  : 0.000
synthetic task reward       : 0.000
shaping reward              : -349.262
learning reward             : -349.262
episode length              : 302.3
abstract changes / episode  : 20.3
same abstract-state steps   : 93.3%
same-state shaping / episode: 0.000
changed-state shaping / ep. : -349.262
terminal shaping / episode  : 0.869
DFA transitions / episode   : 0.00
DFA transitions in window   : none
epsilon (next episode)       : 0.44040
replay buffer                : 300000 samples [1: 98.6%, 2: 1.3%, 3: 0.0%, 4: 0.0%, 5: 0.0%, 6: 0.0%]
DFA state visits in window   : 1: 30333, 2: 0, 3: 0, 4: 0, 5: 0, 6: 0
DFA state visits cumulative  : 1: 530401, 2: 5469, 3: 139, 4: 0, 5: 0, 6: 0
DFA state entries in window  : 1: 100, 2: 0, 3: 0, 4: 0, 5: 0, 6: 0
DFA state entries cumulative : 1: 4100, 2: 130, 3: 3, 4: 0, 5: 0, 6: 0
transitions cumulative       : 1->2: 130, 2->3: 3
accepted directly from s0    : 0
Gym endings cumulative       : terminated=4084, truncated=16

[Episode 4200/12000 | last 100]
success rate                : 0.0% (cumulative 0.0%)
failure rate                : 0.0% (cumulative 0.0%)
completed cycles / episode  : 0.000
synthetic task reward       : 0.000
shaping reward              : -256.094
learning reward             : -256.094
episode length              : 224.4
abstract changes / episode  : 15.7
same abstract-state steps   : 93.0%
same-state shaping / episode: 0.000
changed-state shaping / ep. : -256.094
terminal shaping / episode  : -2.678
DFA transitions / episode   : 0.06
DFA transitions in window   : 1->2: 6
epsilon (next episode)       : 0.43167
replay buffer                : 300000 samples [1: 98.5%, 2: 1.4%, 3: 0.0%, 4: 0.0%, 5: 0.0%, 6: 0.0%]
DFA state visits in window   : 1: 22188, 2: 350, 3: 0, 4: 0, 5: 0, 6: 0
DFA state visits cumulative  : 1: 552589, 2: 5819, 3: 139, 4: 0, 5: 0, 6: 0
DFA state entries in window  : 1: 100, 2: 6, 3: 0, 4: 0, 5: 0, 6: 0
DFA state entries cumulative : 1: 4200, 2: 136, 3: 3, 4: 0, 5: 0, 6: 0
transitions cumulative       : 1->2: 136, 2->3: 3
accepted directly from s0    : 0
Gym endings cumulative       : terminated=4184, truncated=16

[Episode 4300/12000 | last 100]
success rate                : 0.0% (cumulative 0.0%)
failure rate                : 0.0% (cumulative 0.0%)
completed cycles / episode  : 0.000
synthetic task reward       : 0.000
shaping reward              : -319.016
learning reward             : -319.016
episode length              : 409.8
abstract changes / episode  : 25.5
same abstract-state steps   : 93.8%
same-state shaping / episode: 0.000
changed-state shaping / ep. : -319.016
terminal shaping / episode  : -0.869
DFA transitions / episode   : 0.04
DFA transitions in window   : 1->2: 3, 2->3: 1
epsilon (next episode)       : 0.42313
replay buffer                : 300000 samples [1: 98.4%, 2: 1.5%, 3: 0.1%, 4: 0.0%, 5: 0.0%, 6: 0.0%]
DFA state visits in window   : 1: 40776, 2: 248, 3: 52, 4: 0, 5: 0, 6: 0
DFA state visits cumulative  : 1: 593365, 2: 6067, 3: 191, 4: 0, 5: 0, 6: 0
DFA state entries in window  : 1: 100, 2: 3, 3: 1, 4: 0, 5: 0, 6: 0
DFA state entries cumulative : 1: 4300, 2: 139, 3: 4, 4: 0, 5: 0, 6: 0
transitions cumulative       : 1->2: 139, 2->3: 4
accepted directly from s0    : 0
Gym endings cumulative       : terminated=4265, truncated=35

[Episode 4400/12000 | last 100]
success rate                : 0.0% (cumulative 0.0%)
failure rate                : 0.0% (cumulative 0.0%)
completed cycles / episode  : 0.000
synthetic task reward       : 0.000
shaping reward              : -344.757
learning reward             : -344.757
episode length              : 297.4
abstract changes / episode  : 21.4
same abstract-state steps   : 92.8%
same-state shaping / episode: 0.000
changed-state shaping / ep. : -344.757
terminal shaping / episode  : -1.737
DFA transitions / episode   : 0.09
DFA transitions in window   : 1->2: 6, 2->3: 3
epsilon (next episode)       : 0.41475
replay buffer                : 300000 samples [1: 98.2%, 2: 1.6%, 3: 0.2%, 4: 0.0%, 5: 0.0%, 6: 0.0%]
DFA state visits in window   : 1: 28999, 2: 326, 3: 512, 4: 0, 5: 0, 6: 0
DFA state visits cumulative  : 1: 622364, 2: 6393, 3: 703, 4: 0, 5: 0, 6: 0
DFA state entries in window  : 1: 100, 2: 6, 3: 3, 4: 0, 5: 0, 6: 0
DFA state entries cumulative : 1: 4400, 2: 145, 3: 7, 4: 0, 5: 0, 6: 0
transitions cumulative       : 1->2: 145, 2->3: 7
accepted directly from s0    : 0
Gym endings cumulative       : terminated=4359, truncated=41

[Episode 4500/12000 | last 100]
success rate                : 0.0% (cumulative 0.0%)
failure rate                : 0.0% (cumulative 0.0%)
completed cycles / episode  : 0.000
synthetic task reward       : 0.000
shaping reward              : -322.769
learning reward             : -322.769
episode length              : 368.1
abstract changes / episode  : 23.8
same abstract-state steps   : 93.5%
same-state shaping / episode: 0.000
changed-state shaping / ep. : -322.769
terminal shaping / episode  : 0.000
DFA transitions / episode   : 0.10
DFA transitions in window   : 1->2: 8, 2->3: 2
epsilon (next episode)       : 0.40653
replay buffer                : 300000 samples [1: 97.9%, 2: 1.8%, 3: 0.3%, 4: 0.0%, 5: 0.0%, 6: 0.0%]
DFA state visits in window   : 1: 36053, 2: 708, 3: 148, 4: 0, 5: 0, 6: 0
DFA state visits cumulative  : 1: 658417, 2: 7101, 3: 851, 4: 0, 5: 0, 6: 0
DFA state entries in window  : 1: 100, 2: 8, 3: 2, 4: 0, 5: 0, 6: 0
DFA state entries cumulative : 1: 4500, 2: 153, 3: 9, 4: 0, 5: 0, 6: 0
transitions cumulative       : 1->2: 153, 2->3: 9
accepted directly from s0    : 0
Gym endings cumulative       : terminated=4447, truncated=53

Starting autonomous greedy evaluation at episode 4500 (1000 fixed-seed episodes)...
[Greedy evaluation at episode 4500 | 1000 fixed-seed episodes]
success=0.0%, failure=0.0%, task reward=0.000, length=739.9
DFA transitions: 1->2: 196, 2->3: 12

[Episode 4600/12000 | last 100]
success rate                : 0.0% (cumulative 0.0%)
failure rate                : 0.0% (cumulative 0.0%)
completed cycles / episode  : 0.000
synthetic task reward       : 0.000
shaping reward              : -323.418
learning reward             : -323.418
episode length              : 347.1
abstract changes / episode  : 22.0
same abstract-state steps   : 93.7%
same-state shaping / episode: 0.000
changed-state shaping / ep. : -323.418
terminal shaping / episode  : -0.869
DFA transitions / episode   : 0.09
DFA transitions in window   : 1->2: 6, 2->3: 3
epsilon (next episode)       : 0.39848
replay buffer                : 300000 samples [1: 97.8%, 2: 1.9%, 3: 0.3%, 4: 0.0%, 5: 0.0%, 6: 0.0%]
DFA state visits in window   : 1: 34107, 2: 530, 3: 172, 4: 0, 5: 0, 6: 0
DFA state visits cumulative  : 1: 692524, 2: 7631, 3: 1023, 4: 0, 5: 0, 6: 0
DFA state entries in window  : 1: 100, 2: 6, 3: 3, 4: 0, 5: 0, 6: 0
DFA state entries cumulative : 1: 4600, 2: 159, 3: 12, 4: 0, 5: 0, 6: 0
transitions cumulative       : 1->2: 159, 2->3: 12
accepted directly from s0    : 0
Gym endings cumulative       : terminated=4538, truncated=62

[Episode 4700/12000 | last 100]
success rate                : 0.0% (cumulative 0.0%)
failure rate                : 0.0% (cumulative 0.0%)
completed cycles / episode  : 0.000
synthetic task reward       : 0.000
shaping reward              : -252.456
learning reward             : -252.456
episode length              : 338.2
abstract changes / episode  : 23.3
same abstract-state steps   : 93.1%
same-state shaping / episode: 0.000
changed-state shaping / ep. : -252.456
terminal shaping / episode  : -2.642
DFA transitions / episode   : 0.17
DFA transitions in window   : 1->2: 14, 2->3: 3
epsilon (next episode)       : 0.39059
replay buffer                : 300000 samples [1: 97.0%, 2: 2.3%, 3: 0.7%, 4: 0.0%, 5: 0.0%, 6: 0.0%]
DFA state visits in window   : 1: 30458, 2: 2387, 3: 1071, 4: 0, 5: 0, 6: 0
DFA state visits cumulative  : 1: 722982, 2: 10018, 3: 2094, 4: 0, 5: 0, 6: 0
DFA state entries in window  : 1: 100, 2: 14, 3: 3, 4: 0, 5: 0, 6: 0
DFA state entries cumulative : 1: 4700, 2: 173, 3: 15, 4: 0, 5: 0, 6: 0
transitions cumulative       : 1->2: 173, 2->3: 15
accepted directly from s0    : 0
Gym endings cumulative       : terminated=4633, truncated=67

[Episode 4800/12000 | last 100]
success rate                : 0.0% (cumulative 0.0%)
failure rate                : 0.0% (cumulative 0.0%)
completed cycles / episode  : 0.000
synthetic task reward       : 0.000
shaping reward              : -229.980
learning reward             : -229.980
episode length              : 392.3
abstract changes / episode  : 27.6
same abstract-state steps   : 93.0%
same-state shaping / episode: 0.000
changed-state shaping / ep. : -229.980
terminal shaping / episode  : -0.833
DFA transitions / episode   : 0.31
DFA transitions in window   : 1->2: 18, 2->3: 11, 3->4: 2
epsilon (next episode)       : 0.38286
replay buffer                : 300000 samples [1: 95.6%, 2: 2.8%, 3: 1.5%, 4: 0.1%, 5: 0.0%, 6: 0.0%]
DFA state visits in window   : 1: 33604, 2: 2940, 3: 2483, 4: 307, 5: 0, 6: 0
DFA state visits cumulative  : 1: 756586, 2: 12958, 3: 4577, 4: 307, 5: 0, 6: 0
DFA state entries in window  : 1: 100, 2: 18, 3: 11, 4: 2, 5: 0, 6: 0
DFA state entries cumulative : 1: 4800, 2: 191, 3: 26, 4: 2, 5: 0, 6: 0
transitions cumulative       : 1->2: 191, 2->3: 26, 3->4: 2
accepted directly from s0    : 0
Gym endings cumulative       : terminated=4723, truncated=77

[Episode 4900/12000 | last 100]
success rate                : 0.0% (cumulative 0.0%)
failure rate                : 0.0% (cumulative 0.0%)
completed cycles / episode  : 0.000
synthetic task reward       : 0.000
shaping reward              : -203.670
learning reward             : -203.670
episode length              : 326.6
abstract changes / episode  : 24.2
same abstract-state steps   : 92.6%
same-state shaping / episode: 0.000
changed-state shaping / ep. : -203.670
terminal shaping / episode  : -1.737
DFA transitions / episode   : 0.33
DFA transitions in window   : 1->2: 19, 2->3: 11, 3->4: 2, 4->5: 1
epsilon (next episode)       : 0.37527
replay buffer                : 300000 samples [1: 94.1%, 2: 3.5%, 3: 2.2%, 4: 0.2%, 5: 0.0%, 6: 0.0%]
DFA state visits in window   : 1: 27106, 2: 3022, 3: 2217, 4: 378, 5: 35, 6: 0
DFA state visits cumulative  : 1: 783692, 2: 15980, 3: 6794, 4: 685, 5: 35, 6: 0
DFA state entries in window  : 1: 100, 2: 19, 3: 11, 4: 2, 5: 1, 6: 0
DFA state entries cumulative : 1: 4900, 2: 210, 3: 37, 4: 4, 5: 1, 6: 0
transitions cumulative       : 1->2: 210, 2->3: 37, 3->4: 4, 4->5: 1
accepted directly from s0    : 0
Gym endings cumulative       : terminated=4814, truncated=86

[Episode 5000/12000 | last 100]
success rate                : 0.0% (cumulative 0.0%)
failure rate                : 0.0% (cumulative 0.0%)
completed cycles / episode  : 0.000
synthetic task reward       : 0.000
shaping reward              : -168.648
learning reward             : -168.648
episode length              : 417.1
abstract changes / episode  : 28.2
same abstract-state steps   : 93.2%
same-state shaping / episode: 0.000
changed-state shaping / ep. : -168.648
terminal shaping / episode  : -0.869
DFA transitions / episode   : 0.40
DFA transitions in window   : 1->2: 25, 2->3: 15
epsilon (next episode)       : 0.36784
replay buffer                : 300000 samples [1: 90.5%, 2: 5.4%, 3: 3.8%, 4: 0.2%, 5: 0.0%, 6: 0.0%]
DFA state visits in window   : 1: 30983, 2: 5986, 3: 4839, 4: 0, 5: 0, 6: 0
DFA state visits cumulative  : 1: 814675, 2: 21966, 3: 11633, 4: 685, 5: 35, 6: 0
DFA state entries in window  : 1: 100, 2: 25, 3: 15, 4: 0, 5: 0, 6: 0
DFA state entries cumulative : 1: 5000, 2: 235, 3: 52, 4: 4, 5: 1, 6: 0
transitions cumulative       : 1->2: 235, 2->3: 52, 3->4: 4, 4->5: 1
accepted directly from s0    : 0
Gym endings cumulative       : terminated=4899, truncated=102

Starting autonomous greedy evaluation at episode 5000 (1000 fixed-seed episodes)...
[Greedy evaluation at episode 5000 | 1000 fixed-seed episodes]
success=0.0%, failure=0.0%, task reward=0.000, length=571.1
DFA transitions: 1->2: 997

[Episode 5100/12000 | last 100]
success rate                : 0.0% (cumulative 0.0%)
failure rate                : 0.0% (cumulative 0.0%)
completed cycles / episode  : 0.000
synthetic task reward       : 0.000
shaping reward              : -111.988
learning reward             : -111.988
episode length              : 404.8
abstract changes / episode  : 27.9
same abstract-state steps   : 93.1%
same-state shaping / episode: 0.000
changed-state shaping / ep. : -111.988
terminal shaping / episode  : 0.914
DFA transitions / episode   : 0.67
DFA transitions in window   : 1->2: 42, 2->3: 21, 3->4: 4
epsilon (next episode)       : 0.36056
replay buffer                : 300000 samples [1: 85.4%, 2: 8.1%, 3: 5.8%, 4: 0.7%, 5: 0.0%, 6: 0.0%]
DFA state visits in window   : 1: 24629, 2: 8499, 3: 5960, 4: 1496, 5: 0, 6: 0
DFA state visits cumulative  : 1: 839304, 2: 30465, 3: 17593, 4: 2181, 5: 35, 6: 0
DFA state entries in window  : 1: 100, 2: 42, 3: 21, 4: 4, 5: 0, 6: 0
DFA state entries cumulative : 1: 5100, 2: 277, 3: 73, 4: 8, 5: 1, 6: 0
transitions cumulative       : 1->2: 277, 2->3: 73, 3->4: 8, 4->5: 1
accepted directly from s0    : 0
Gym endings cumulative       : terminated=4987, truncated=114

[Episode 5200/12000 | last 100]
success rate                : 0.0% (cumulative 0.0%)
failure rate                : 0.0% (cumulative 0.0%)
completed cycles / episode  : 0.000
synthetic task reward       : 0.000
shaping reward              : -97.769
learning reward             : -97.769
episode length              : 477.8
abstract changes / episode  : 31.1
same abstract-state steps   : 93.5%
same-state shaping / episode: 0.000
changed-state shaping / ep. : -97.769
terminal shaping / episode  : -1.729
DFA transitions / episode   : 0.70
DFA transitions in window   : 1->2: 38, 2->3: 26, 3->4: 6
epsilon (next episode)       : 0.35342
replay buffer                : 300000 samples [1: 80.2%, 2: 9.9%, 3: 8.6%, 4: 1.3%, 5: 0.0%, 6: 0.0%]
DFA state visits in window   : 1: 31190, 2: 5945, 3: 8960, 4: 1785, 5: 0, 6: 0
DFA state visits cumulative  : 1: 870494, 2: 36410, 3: 26553, 4: 3966, 5: 35, 6: 0
DFA state entries in window  : 1: 100, 2: 38, 3: 26, 4: 6, 5: 0, 6: 0
DFA state entries cumulative : 1: 5200, 2: 315, 3: 99, 4: 14, 5: 1, 6: 0
transitions cumulative       : 1->2: 315, 2->3: 99, 3->4: 14, 4->5: 1
accepted directly from s0    : 0
Gym endings cumulative       : terminated=5068, truncated=133

[Episode 5300/12000 | last 100]
success rate                : 0.0% (cumulative 0.0%)
failure rate                : 0.0% (cumulative 0.0%)
completed cycles / episode  : 0.000
synthetic task reward       : 0.000
shaping reward              : -113.811
learning reward             : -113.811
episode length              : 389.1
abstract changes / episode  : 28.6
same abstract-state steps   : 92.6%
same-state shaping / episode: 0.000
changed-state shaping / ep. : -113.811
terminal shaping / episode  : 0.000
DFA transitions / episode   : 0.64
DFA transitions in window   : 1->2: 42, 2->3: 20, 3->4: 2
epsilon (next episode)       : 0.34642
replay buffer                : 300000 samples [1: 75.3%, 2: 12.4%, 3: 10.8%, 4: 1.6%, 5: 0.0%, 6: 0.0%]
DFA state visits in window   : 1: 23347, 2: 8080, 3: 6830, 4: 749, 5: 0, 6: 0
DFA state visits cumulative  : 1: 893841, 2: 44490, 3: 33383, 4: 4715, 5: 35, 6: 0
DFA state entries in window  : 1: 100, 2: 42, 3: 20, 4: 2, 5: 0, 6: 0
DFA state entries cumulative : 1: 5300, 2: 357, 3: 119, 4: 16, 5: 1, 6: 0
transitions cumulative       : 1->2: 357, 2->3: 119, 3->4: 16, 4->5: 1
accepted directly from s0    : 0
Gym endings cumulative       : terminated=5160, truncated=141

[Episode 5400/12000 | last 100]
success rate                : 0.0% (cumulative 0.0%)
failure rate                : 0.0% (cumulative 0.0%)
completed cycles / episode  : 0.000
synthetic task reward       : 0.000
shaping reward              : -134.408
learning reward             : -134.408
episode length              : 433.4
abstract changes / episode  : 31.4
same abstract-state steps   : 92.8%
same-state shaping / episode: 0.000
changed-state shaping / ep. : -134.408
terminal shaping / episode  : -1.764
DFA transitions / episode   : 0.59
DFA transitions in window   : 1->2: 40, 2->3: 15, 3->4: 4
epsilon (next episode)       : 0.33956
replay buffer                : 300000 samples [1: 70.7%, 2: 15.1%, 3: 12.2%, 4: 1.9%, 5: 0.0%, 6: 0.0%]
DFA state visits in window   : 1: 27831, 2: 9716, 3: 4893, 4: 1001, 5: 0, 6: 0
DFA state visits cumulative  : 1: 921672, 2: 54206, 3: 38276, 4: 5716, 5: 35, 6: 0
DFA state entries in window  : 1: 100, 2: 40, 3: 15, 4: 4, 5: 0, 6: 0
DFA state entries cumulative : 1: 5400, 2: 397, 3: 134, 4: 20, 5: 1, 6: 0
transitions cumulative       : 1->2: 397, 2->3: 134, 3->4: 20, 4->5: 1
accepted directly from s0    : 0
Gym endings cumulative       : terminated=5248, truncated=153

[Episode 5500/12000 | last 100]
success rate                : 0.0% (cumulative 0.0%)
failure rate                : 0.0% (cumulative 0.0%)
completed cycles / episode  : 0.000
synthetic task reward       : 0.000
shaping reward              : -84.263
learning reward             : -84.263
episode length              : 438.0
abstract changes / episode  : 32.7
same abstract-state steps   : 92.5%
same-state shaping / episode: 0.000
changed-state shaping / ep. : -84.263
terminal shaping / episode  : -0.914
DFA transitions / episode   : 0.68
DFA transitions in window   : 1->2: 44, 2->3: 19, 3->4: 5
epsilon (next episode)       : 0.33283
replay buffer                : 300000 samples [1: 67.0%, 2: 17.3%, 3: 13.5%, 4: 2.3%, 5: 0.0%, 6: 0.0%]
DFA state visits in window   : 1: 27650, 2: 9629, 3: 5426, 4: 1198, 5: 0, 6: 0
DFA state visits cumulative  : 1: 949322, 2: 63835, 3: 43702, 4: 6914, 5: 35, 6: 0
DFA state entries in window  : 1: 100, 2: 44, 3: 19, 4: 5, 5: 0, 6: 0
DFA state entries cumulative : 1: 5500, 2: 441, 3: 153, 4: 25, 5: 1, 6: 0
transitions cumulative       : 1->2: 441, 2->3: 153, 3->4: 25, 4->5: 1
accepted directly from s0    : 0
Gym endings cumulative       : terminated=5331, truncated=170

Starting autonomous greedy evaluation at episode 5500 (1000 fixed-seed episodes)...
[Greedy evaluation at episode 5500 | 1000 fixed-seed episodes]
success=0.0%, failure=0.0%, task reward=0.000, length=890.2
DFA transitions: 1->2: 978, 2->3: 967, 3->4: 81, 4->5: 3

[Episode 5600/12000 | last 100]
success rate                : 0.0% (cumulative 0.0%)
failure rate                : 0.0% (cumulative 0.0%)
completed cycles / episode  : 0.000
synthetic task reward       : 0.000
shaping reward              : -98.280
learning reward             : -98.280
episode length              : 379.0
abstract changes / episode  : 29.9
same abstract-state steps   : 92.1%
same-state shaping / episode: 0.000
changed-state shaping / ep. : -98.280
terminal shaping / episode  : -0.932
DFA transitions / episode   : 0.73
DFA transitions in window   : 1->2: 36, 2->3: 25, 3->4: 8, 4->5: 4
epsilon (next episode)       : 0.32624
replay buffer                : 300000 samples [1: 64.6%, 2: 18.4%, 3: 14.4%, 4: 2.6%, 5: 0.1%, 6: 0.0%]
DFA state visits in window   : 1: 23166, 2: 6832, 3: 6366, 4: 1456, 5: 180, 6: 0
DFA state visits cumulative  : 1: 972488, 2: 70667, 3: 50068, 4: 8370, 5: 215, 6: 0
DFA state entries in window  : 1: 100, 2: 36, 3: 25, 4: 8, 5: 4, 6: 0
DFA state entries cumulative : 1: 5600, 2: 477, 3: 178, 4: 33, 5: 5, 6: 0
transitions cumulative       : 1->2: 477, 2->3: 178, 3->4: 33, 4->5: 5
accepted directly from s0    : 0
Gym endings cumulative       : terminated=5425, truncated=176

[Episode 5700/12000 | last 100]
success rate                : 1.0% (cumulative 0.0%)
failure rate                : 0.0% (cumulative 0.0%)
completed cycles / episode  : 0.000
synthetic task reward       : 100.000
shaping reward              : -79.124
learning reward             : 20.876
episode length              : 423.8
abstract changes / episode  : 31.8
same abstract-state steps   : 92.5%
same-state shaping / episode: 0.000
changed-state shaping / ep. : -79.124
terminal shaping / episode  : 1.000
DFA transitions / episode   : 0.83
DFA transitions in window   : 1->2: 35, 2->3: 25, 3->4: 15, 4->5: 7, 5->6: 1
epsilon (next episode)       : 0.31978
replay buffer                : 300000 samples [1: 62.3%, 2: 19.2%, 3: 14.9%, 4: 3.4%, 5: 0.2%, 6: 0.0%]
DFA state visits in window   : 1: 26096, 2: 7690, 3: 5689, 4: 2663, 5: 339, 6: 1
DFA state visits cumulative  : 1: 998584, 2: 78357, 3: 55757, 4: 11033, 5: 554, 6: 1
DFA state entries in window  : 1: 100, 2: 35, 3: 25, 4: 15, 5: 7, 6: 1
DFA state entries cumulative : 1: 5700, 2: 512, 3: 203, 4: 48, 5: 12, 6: 1
transitions cumulative       : 1->2: 512, 2->3: 203, 3->4: 48, 4->5: 12, 5->6: 1
accepted directly from s0    : 0
Gym endings cumulative       : terminated=5516, truncated=184

[Episode 5800/12000 | last 100]
success rate                : 0.0% (cumulative 0.0%)
failure rate                : 0.0% (cumulative 0.0%)
completed cycles / episode  : 0.000
synthetic task reward       : 0.000
shaping reward              : -68.162
learning reward             : -68.162
episode length              : 454.2
abstract changes / episode  : 34.1
same abstract-state steps   : 92.5%
same-state shaping / episode: 0.000
changed-state shaping / ep. : -68.162
terminal shaping / episode  : -2.687
DFA transitions / episode   : 0.77
DFA transitions in window   : 1->2: 43, 2->3: 24, 3->4: 7, 4->5: 3
epsilon (next episode)       : 0.31345
replay buffer                : 300000 samples [1: 62.3%, 2: 18.6%, 3: 15.7%, 4: 3.2%, 5: 0.2%, 6: 0.0%]
DFA state visits in window   : 1: 27921, 2: 7884, 3: 8694, 4: 865, 5: 156, 6: 0
DFA state visits cumulative  : 1: 1026505, 2: 86241, 3: 64451, 4: 11898, 5: 710, 6: 1
DFA state entries in window  : 1: 100, 2: 43, 3: 24, 4: 7, 5: 3, 6: 0
DFA state entries cumulative : 1: 5800, 2: 555, 3: 227, 4: 55, 5: 15, 6: 1
transitions cumulative       : 1->2: 555, 2->3: 227, 3->4: 55, 4->5: 15, 5->6: 1
accepted directly from s0    : 0
Gym endings cumulative       : terminated=5601, truncated=199

[Episode 5900/12000 | last 100]
success rate                : 0.0% (cumulative 0.0%)
failure rate                : 0.0% (cumulative 0.0%)
completed cycles / episode  : 0.000
synthetic task reward       : 0.000
shaping reward              : -60.147
learning reward             : -60.147
episode length              : 509.6
abstract changes / episode  : 37.2
same abstract-state steps   : 92.7%
same-state shaping / episode: 0.000
changed-state shaping / ep. : -60.147
terminal shaping / episode  : -0.869
DFA transitions / episode   : 0.85
DFA transitions in window   : 1->2: 50, 2->3: 27, 3->4: 5, 4->5: 3
epsilon (next episode)       : 0.30724
replay buffer                : 300000 samples [1: 61.5%, 2: 20.0%, 3: 15.0%, 4: 3.1%, 5: 0.4%, 6: 0.0%]
DFA state visits in window   : 1: 30811, 2: 10734, 3: 7691, 4: 1423, 5: 404, 6: 0
DFA state visits cumulative  : 1: 1057316, 2: 96975, 3: 72142, 4: 13321, 5: 1114, 6: 1
DFA state entries in window  : 1: 100, 2: 50, 3: 27, 4: 5, 5: 3, 6: 0
DFA state entries cumulative : 1: 5900, 2: 605, 3: 254, 4: 60, 5: 18, 6: 1
transitions cumulative       : 1->2: 605, 2->3: 254, 3->4: 60, 4->5: 18, 5->6: 1
accepted directly from s0    : 0
Gym endings cumulative       : terminated=5679, truncated=221

[Episode 6000/12000 | last 100]
success rate                : 1.0% (cumulative 0.0%)
failure rate                : 0.0% (cumulative 0.0%)
completed cycles / episode  : 0.000
synthetic task reward       : 100.000
shaping reward              : 38.087
learning reward             : 138.087
episode length              : 555.1
abstract changes / episode  : 41.1
same abstract-state steps   : 92.6%
same-state shaping / episode: 0.000
changed-state shaping / ep. : 38.087
terminal shaping / episode  : 0.086
DFA transitions / episode   : 1.23
DFA transitions in window   : 1->2: 59, 2->3: 43, 3->4: 17, 4->5: 3, 5->6: 1
epsilon (next episode)       : 0.30116
replay buffer                : 300000 samples [1: 60.4%, 2: 19.3%, 3: 15.9%, 4: 3.9%, 5: 0.4%, 6: 0.0%]
DFA state visits in window   : 1: 29362, 2: 10483, 3: 12036, 4: 3477, 5: 249, 6: 1
DFA state visits cumulative  : 1: 1086678, 2: 107458, 3: 84178, 4: 16798, 5: 1363, 6: 2
DFA state entries in window  : 1: 100, 2: 59, 3: 43, 4: 17, 5: 3, 6: 1
DFA state entries cumulative : 1: 6000, 2: 664, 3: 297, 4: 77, 5: 21, 6: 2
transitions cumulative       : 1->2: 664, 2->3: 297, 3->4: 77, 4->5: 21, 5->6: 2
accepted directly from s0    : 0
Gym endings cumulative       : terminated=5763, truncated=236

Starting autonomous greedy evaluation at episode 6000 (1000 fixed-seed episodes)...
[Greedy evaluation at episode 6000 | 1000 fixed-seed episodes]
success=6.5%, failure=0.0%, task reward=650.000, length=648.1
DFA transitions: 1->2: 934, 2->3: 926, 3->4: 868, 4->5: 72, 5->6: 65
Best policy updated from autonomous greedy evaluation at episode 6000.

[Episode 6100/12000 | last 100]
success rate                : 3.0% (cumulative 0.1%)
failure rate                : 0.0% (cumulative 0.0%)
completed cycles / episode  : 0.000
synthetic task reward       : 300.000
shaping reward              : 30.682
learning reward             : 330.682
episode length              : 519.7
abstract changes / episode  : 39.9
same abstract-state steps   : 92.3%
same-state shaping / episode: 0.000
changed-state shaping / ep. : 30.682
terminal shaping / episode  : 3.886
DFA transitions / episode   : 1.31
DFA transitions in window   : 1->2: 65, 2->3: 42, 3->4: 17, 4->5: 4, 5->6: 3
epsilon (next episode)       : 0.29519
replay buffer                : 300000 samples [1: 58.2%, 2: 19.2%, 3: 17.7%, 4: 4.5%, 5: 0.5%, 6: 0.0%]
DFA state visits in window   : 1: 26379, 2: 11329, 3: 11204, 4: 2962, 5: 197, 6: 3
DFA state visits cumulative  : 1: 1113057, 2: 118787, 3: 95382, 4: 19760, 5: 1560, 6: 5
DFA state entries in window  : 1: 100, 2: 65, 3: 42, 4: 17, 5: 4, 6: 3
DFA state entries cumulative : 1: 6100, 2: 729, 3: 339, 4: 94, 5: 25, 6: 5
transitions cumulative       : 1->2: 729, 2->3: 339, 3->4: 94, 4->5: 25, 5->6: 5
accepted directly from s0    : 0
Gym endings cumulative       : terminated=5852, truncated=244

[Episode 6200/12000 | last 100]
success rate                : 1.0% (cumulative 0.1%)
failure rate                : 0.0% (cumulative 0.0%)
completed cycles / episode  : 0.000
synthetic task reward       : 100.000
shaping reward              : -59.759
learning reward             : 40.241
episode length              : 386.4
abstract changes / episode  : 29.2
same abstract-state steps   : 92.5%
same-state shaping / episode: 0.000
changed-state shaping / ep. : -59.759
terminal shaping / episode  : -0.865
DFA transitions / episode   : 0.93
DFA transitions in window   : 1->2: 54, 2->3: 24, 3->4: 10, 4->5: 4, 5->6: 1
epsilon (next episode)       : 0.28935
replay buffer                : 300000 samples [1: 57.6%, 2: 19.6%, 3: 17.7%, 4: 4.4%, 5: 0.7%, 6: 0.0%]
DFA state visits in window   : 1: 23126, 2: 7501, 3: 5497, 4: 1744, 5: 876, 6: 1
DFA state visits cumulative  : 1: 1136183, 2: 126288, 3: 100879, 4: 21504, 5: 2436, 6: 6
DFA state entries in window  : 1: 100, 2: 54, 3: 24, 4: 10, 5: 4, 6: 1
DFA state entries cumulative : 1: 6200, 2: 783, 3: 363, 4: 104, 5: 29, 6: 6
transitions cumulative       : 1->2: 783, 2->3: 363, 3->4: 104, 4->5: 29, 5->6: 6
accepted directly from s0    : 0
Gym endings cumulative       : terminated=5947, truncated=248

[Episode 6300/12000 | last 100]
success rate                : 1.0% (cumulative 0.1%)
failure rate                : 0.0% (cumulative 0.0%)
completed cycles / episode  : 0.000
synthetic task reward       : 100.000
shaping reward              : 13.255
learning reward             : 113.255
episode length              : 435.1
abstract changes / episode  : 31.9
same abstract-state steps   : 92.7%
same-state shaping / episode: 0.000
changed-state shaping / ep. : 13.255
terminal shaping / episode  : 0.122
DFA transitions / episode   : 1.22
DFA transitions in window   : 1->2: 57, 2->3: 40, 3->4: 15, 4->5: 9, 5->6: 1
epsilon (next episode)       : 0.28362
replay buffer                : 300000 samples [1: 56.3%, 2: 19.7%, 3: 18.4%, 4: 4.6%, 5: 0.9%, 6: 0.0%]
DFA state visits in window   : 1: 24752, 2: 7143, 3: 8668, 4: 2393, 5: 653, 6: 1
DFA state visits cumulative  : 1: 1160935, 2: 133431, 3: 109547, 4: 23897, 5: 3089, 6: 7
DFA state entries in window  : 1: 100, 2: 57, 3: 40, 4: 15, 5: 9, 6: 1
DFA state entries cumulative : 1: 6300, 2: 840, 3: 403, 4: 119, 5: 38, 6: 7
transitions cumulative       : 1->2: 840, 2->3: 403, 3->4: 119, 4->5: 38, 5->6: 7
accepted directly from s0    : 0
Gym endings cumulative       : terminated=6038, truncated=256

[Episode 6400/12000 | last 100]
success rate                : 2.0% (cumulative 0.1%)
failure rate                : 0.0% (cumulative 0.0%)
completed cycles / episode  : 0.000
synthetic task reward       : 200.000
shaping reward              : 135.086
learning reward             : 335.086
episode length              : 529.6
abstract changes / episode  : 38.9
same abstract-state steps   : 92.7%
same-state shaping / episode: 0.000
changed-state shaping / ep. : 135.086
terminal shaping / episode  : 2.000
DFA transitions / episode   : 1.63
DFA transitions in window   : 1->2: 63, 2->3: 50, 3->4: 33, 4->5: 15, 5->6: 2
epsilon (next episode)       : 0.27800
replay buffer                : 300000 samples [1: 54.2%, 2: 18.6%, 3: 19.8%, 4: 6.0%, 5: 1.3%, 6: 0.0%]
DFA state visits in window   : 1: 24786, 2: 7761, 3: 12830, 4: 5983, 5: 1699, 6: 2
DFA state visits cumulative  : 1: 1185721, 2: 141192, 3: 122377, 4: 29880, 5: 4788, 6: 9
DFA state entries in window  : 1: 100, 2: 63, 3: 50, 4: 33, 5: 15, 6: 2
DFA state entries cumulative : 1: 6400, 2: 903, 3: 453, 4: 152, 5: 53, 6: 9
transitions cumulative       : 1->2: 903, 2->3: 453, 3->4: 152, 4->5: 53, 5->6: 9
accepted directly from s0    : 0
Gym endings cumulative       : terminated=6119, truncated=273

[Episode 6500/12000 | last 100]
success rate                : 2.0% (cumulative 0.2%)
failure rate                : 0.0% (cumulative 0.0%)
completed cycles / episode  : 0.000
synthetic task reward       : 200.000
shaping reward              : 18.238
learning reward             : 218.238
episode length              : 471.0
abstract changes / episode  : 34.2
same abstract-state steps   : 92.7%
same-state shaping / episode: 0.000
changed-state shaping / ep. : 18.238
terminal shaping / episode  : 2.000
DFA transitions / episode   : 1.23
DFA transitions in window   : 1->2: 61, 2->3: 35, 3->4: 17, 4->5: 8, 5->6: 2
epsilon (next episode)       : 0.27250
replay buffer                : 300000 samples [1: 51.8%, 2: 19.7%, 3: 20.2%, 4: 6.5%, 5: 1.8%, 6: 0.0%]
DFA state visits in window   : 1: 22460, 2: 11638, 3: 8944, 4: 2637, 5: 1517, 6: 2
DFA state visits cumulative  : 1: 1208181, 2: 152830, 3: 131321, 4: 32517, 5: 6305, 6: 11
DFA state entries in window  : 1: 100, 2: 61, 3: 35, 4: 17, 5: 8, 6: 2
DFA state entries cumulative : 1: 6500, 2: 964, 3: 488, 4: 169, 5: 61, 6: 11
transitions cumulative       : 1->2: 964, 2->3: 488, 3->4: 169, 4->5: 61, 5->6: 11
accepted directly from s0    : 0
Gym endings cumulative       : terminated=6201, truncated=289

Starting autonomous greedy evaluation at episode 6500 (1000 fixed-seed episodes)...
[Greedy evaluation at episode 6500 | 1000 fixed-seed episodes]
success=0.0%, failure=0.0%, task reward=0.000, length=623.1
DFA transitions: 1->2: 591, 2->3: 590, 3->4: 569

[Episode 6600/12000 | last 100]
success rate                : 4.0% (cumulative 0.2%)
failure rate                : 0.0% (cumulative 0.0%)
completed cycles / episode  : 0.000
synthetic task reward       : 400.000
shaping reward              : 180.264
learning reward             : 580.264
episode length              : 515.9
abstract changes / episode  : 36.9
same abstract-state steps   : 92.8%
same-state shaping / episode: 0.000
changed-state shaping / ep. : 180.264
terminal shaping / episode  : 2.126
DFA transitions / episode   : 1.60
DFA transitions in window   : 1->2: 64, 2->3: 49, 3->4: 32, 4->5: 11, 5->6: 4
epsilon (next episode)       : 0.26710
replay buffer                : 300000 samples [1: 51.6%, 2: 18.1%, 3: 20.7%, 4: 7.5%, 5: 2.0%, 6: 0.0%]
DFA state visits in window   : 1: 27017, 2: 6760, 3: 11136, 4: 5718, 5: 1054, 6: 4
DFA state visits cumulative  : 1: 1235198, 2: 159590, 3: 142457, 4: 38235, 5: 7359, 6: 15
DFA state entries in window  : 1: 100, 2: 64, 3: 49, 4: 32, 5: 11, 6: 4
DFA state entries cumulative : 1: 6600, 2: 1028, 3: 537, 4: 201, 5: 72, 6: 15
transitions cumulative       : 1->2: 1028, 2->3: 537, 3->4: 201, 4->5: 72, 5->6: 15
accepted directly from s0    : 0
Gym endings cumulative       : terminated=6279, truncated=307

[Episode 6700/12000 | last 100]
success rate                : 5.0% (cumulative 0.3%)
failure rate                : 0.0% (cumulative 0.0%)
completed cycles / episode  : 0.000
synthetic task reward       : 500.000
shaping reward              : 84.626
learning reward             : 584.626
episode length              : 454.9
abstract changes / episode  : 32.9
same abstract-state steps   : 92.8%
same-state shaping / episode: 0.000
changed-state shaping / ep. : 84.626
terminal shaping / episode  : 5.000
DFA transitions / episode   : 1.24
DFA transitions in window   : 1->2: 51, 2->3: 32, 3->4: 21, 4->5: 15, 5->6: 5
epsilon (next episode)       : 0.26181
replay buffer                : 300000 samples [1: 53.2%, 2: 17.5%, 3: 19.1%, 4: 7.7%, 5: 2.6%, 6: 0.0%]
DFA state visits in window   : 1: 25834, 2: 7889, 3: 6454, 4: 3471, 5: 1942, 6: 5
DFA state visits cumulative  : 1: 1261032, 2: 167479, 3: 148911, 4: 41706, 5: 9301, 6: 20
DFA state entries in window  : 1: 100, 2: 51, 3: 32, 4: 21, 5: 15, 6: 5
DFA state entries cumulative : 1: 6700, 2: 1079, 3: 569, 4: 222, 5: 87, 6: 20
transitions cumulative       : 1->2: 1079, 2->3: 569, 3->4: 222, 4->5: 87, 5->6: 20
accepted directly from s0    : 0
Gym endings cumulative       : terminated=6364, truncated=317

[Episode 6800/12000 | last 100]
success rate                : 6.0% (cumulative 0.4%)
failure rate                : 0.0% (cumulative 0.0%)
completed cycles / episode  : 0.000
synthetic task reward       : 600.000
shaping reward              : 55.423
learning reward             : 655.423
episode length              : 455.3
abstract changes / episode  : 31.0
same abstract-state steps   : 93.2%
same-state shaping / episode: 0.000
changed-state shaping / ep. : 55.423
terminal shaping / episode  : 6.000
DFA transitions / episode   : 1.24
DFA transitions in window   : 1->2: 52, 2->3: 29, 3->4: 22, 4->5: 15, 5->6: 6
epsilon (next episode)       : 0.25663
replay buffer                : 300000 samples [1: 53.6%, 2: 17.1%, 3: 18.7%, 4: 7.8%, 5: 2.9%, 6: 0.0%]
DFA state visits in window   : 1: 27005, 2: 8124, 3: 5989, 4: 2829, 5: 1673, 6: 6
DFA state visits cumulative  : 1: 1288037, 2: 175603, 3: 154900, 4: 44535, 5: 10974, 6: 26
DFA state entries in window  : 1: 100, 2: 52, 3: 29, 4: 22, 5: 15, 6: 6
DFA state entries cumulative : 1: 6800, 2: 1131, 3: 598, 4: 244, 5: 102, 6: 26
transitions cumulative       : 1->2: 1131, 2->3: 598, 3->4: 244, 4->5: 102, 5->6: 26
accepted directly from s0    : 0
Gym endings cumulative       : terminated=6446, truncated=329

[Episode 6900/12000 | last 100]
success rate                : 14.0% (cumulative 0.6%)
failure rate                : 0.0% (cumulative 0.0%)
completed cycles / episode  : 0.000
synthetic task reward       : 1400.000
shaping reward              : 348.483
learning reward             : 1748.483
episode length              : 576.4
abstract changes / episode  : 37.1
same abstract-state steps   : 93.6%
same-state shaping / episode: 0.000
changed-state shaping / ep. : 348.483
terminal shaping / episode  : 14.904
DFA transitions / episode   : 2.22
DFA transitions in window   : 1->2: 77, 2->3: 52, 3->4: 46, 4->5: 33, 5->6: 14
epsilon (next episode)       : 0.25154
replay buffer                : 300000 samples [1: 50.1%, 2: 17.7%, 3: 19.1%, 4: 9.4%, 5: 3.6%, 6: 0.0%]
DFA state visits in window   : 1: 23595, 2: 11176, 3: 12174, 4: 7657, 5: 3122, 6: 14
DFA state visits cumulative  : 1: 1311632, 2: 186779, 3: 167074, 4: 52192, 5: 14096, 6: 40
DFA state entries in window  : 1: 100, 2: 77, 3: 52, 4: 46, 5: 33, 6: 14
DFA state entries cumulative : 1: 6900, 2: 1208, 3: 650, 4: 290, 5: 135, 6: 40
transitions cumulative       : 1->2: 1208, 2->3: 650, 3->4: 290, 4->5: 135, 5->6: 40
accepted directly from s0    : 0
Gym endings cumulative       : terminated=6511, truncated=350

[Episode 7000/12000 | last 100]
success rate                : 8.0% (cumulative 0.7%)
failure rate                : 0.0% (cumulative 0.0%)
completed cycles / episode  : 0.000
synthetic task reward       : 800.000
shaping reward              : 212.373
learning reward             : 1012.373
episode length              : 476.0
abstract changes / episode  : 34.2
same abstract-state steps   : 92.8%
same-state shaping / episode: 0.000
changed-state shaping / ep. : 212.373
terminal shaping / episode  : 6.227
DFA transitions / episode   : 1.75
DFA transitions in window   : 1->2: 74, 2->3: 46, 3->4: 32, 4->5: 15, 5->6: 8
epsilon (next episode)       : 0.24656
replay buffer                : 300000 samples [1: 50.3%, 2: 19.0%, 3: 18.1%, 4: 9.1%, 5: 3.4%, 6: 0.0%]
DFA state visits in window   : 1: 22842, 2: 10792, 3: 8988, 4: 3970, 5: 1097, 6: 8
DFA state visits cumulative  : 1: 1334474, 2: 197571, 3: 176062, 4: 56162, 5: 15193, 6: 48
DFA state entries in window  : 1: 100, 2: 74, 3: 46, 4: 32, 5: 15, 6: 8
DFA state entries cumulative : 1: 7000, 2: 1282, 3: 696, 4: 322, 5: 150, 6: 48
transitions cumulative       : 1->2: 1282, 2->3: 696, 3->4: 322, 4->5: 150, 5->6: 48
accepted directly from s0    : 0
Gym endings cumulative       : terminated=6595, truncated=358

Starting autonomous greedy evaluation at episode 7000 (1000 fixed-seed episodes)...
[Greedy evaluation at episode 7000 | 1000 fixed-seed episodes]
success=0.0%, failure=0.0%, task reward=0.000, length=505.2
DFA transitions: 1->2: 780, 2->3: 761, 3->4: 728

[Episode 7100/12000 | last 100]
success rate                : 5.0% (cumulative 0.7%)
failure rate                : 0.0% (cumulative 0.0%)
completed cycles / episode  : 0.000
synthetic task reward       : 500.000
shaping reward              : 102.271
learning reward             : 602.271
episode length              : 479.6
abstract changes / episode  : 32.9
same abstract-state steps   : 93.1%
same-state shaping / episode: 0.000
changed-state shaping / ep. : 102.271
terminal shaping / episode  : 3.132
DFA transitions / episode   : 1.30
DFA transitions in window   : 1->2: 56, 2->3: 34, 3->4: 24, 4->5: 11, 5->6: 5
epsilon (next episode)       : 0.24168
replay buffer                : 300000 samples [1: 50.6%, 2: 19.4%, 3: 17.7%, 4: 9.0%, 5: 3.3%, 6: 0.0%]
DFA state visits in window   : 1: 24016, 2: 12329, 3: 7874, 4: 3076, 5: 756, 6: 5
DFA state visits cumulative  : 1: 1358490, 2: 209900, 3: 183936, 4: 59238, 5: 15949, 6: 53
DFA state entries in window  : 1: 100, 2: 56, 3: 34, 4: 24, 5: 11, 6: 5
DFA state entries cumulative : 1: 7100, 2: 1338, 3: 730, 4: 346, 5: 161, 6: 53
transitions cumulative       : 1->2: 1338, 2->3: 730, 3->4: 346, 4->5: 161, 5->6: 53
accepted directly from s0    : 0
Gym endings cumulative       : terminated=6677, truncated=371

[Episode 7200/12000 | last 100]
success rate                : 14.0% (cumulative 0.9%)
failure rate                : 0.0% (cumulative 0.0%)
completed cycles / episode  : 0.000
synthetic task reward       : 1400.000
shaping reward              : 235.397
learning reward             : 1635.397
episode length              : 520.3
abstract changes / episode  : 36.8
same abstract-state steps   : 92.9%
same-state shaping / episode: 0.000
changed-state shaping / ep. : 235.397
terminal shaping / episode  : 14.000
DFA transitions / episode   : 1.65
DFA transitions in window   : 1->2: 59, 2->3: 38, 3->4: 30, 4->5: 24, 5->6: 14
epsilon (next episode)       : 0.23689
replay buffer                : 300000 samples [1: 52.7%, 2: 19.6%, 3: 16.4%, 4: 7.9%, 5: 3.3%, 6: 0.0%]
DFA state visits in window   : 1: 33421, 2: 7535, 3: 6871, 4: 2770, 5: 1520, 6: 14
DFA state visits cumulative  : 1: 1391911, 2: 217435, 3: 190807, 4: 62008, 5: 17469, 6: 67
DFA state entries in window  : 1: 100, 2: 59, 3: 38, 4: 30, 5: 24, 6: 14
DFA state entries cumulative : 1: 7200, 2: 1397, 3: 768, 4: 376, 5: 185, 6: 67
transitions cumulative       : 1->2: 1397, 2->3: 768, 3->4: 376, 4->5: 185, 5->6: 67
accepted directly from s0    : 0
Gym endings cumulative       : terminated=6751, truncated=383

[Episode 7300/12000 | last 100]
success rate                : 11.0% (cumulative 1.1%)
failure rate                : 0.0% (cumulative 0.0%)
completed cycles / episode  : 0.000
synthetic task reward       : 1100.000
shaping reward              : 159.234
learning reward             : 1259.234
episode length              : 459.3
abstract changes / episode  : 33.2
same abstract-state steps   : 92.8%
same-state shaping / episode: 0.000
changed-state shaping / ep. : 159.234
terminal shaping / episode  : 11.000
DFA transitions / episode   : 1.29
DFA transitions in window   : 1->2: 52, 2->3: 29, 3->4: 23, 4->5: 14, 5->6: 11
epsilon (next episode)       : 0.23220
replay buffer                : 300000 samples [1: 52.7%, 2: 20.2%, 3: 16.3%, 4: 7.7%, 5: 3.0%, 6: 0.0%]
DFA state visits in window   : 1: 25567, 2: 10179, 3: 7079, 4: 2429, 5: 762, 6: 11
DFA state visits cumulative  : 1: 1417478, 2: 227614, 3: 197886, 4: 64437, 5: 18231, 6: 78
DFA state entries in window  : 1: 100, 2: 52, 3: 29, 4: 23, 5: 14, 6: 11
DFA state entries cumulative : 1: 7300, 2: 1449, 3: 797, 4: 399, 5: 199, 6: 78
transitions cumulative       : 1->2: 1449, 2->3: 797, 3->4: 399, 4->5: 199, 5->6: 78
accepted directly from s0    : 0
Gym endings cumulative       : terminated=6833, truncated=390

[Episode 7400/12000 | last 100]
success rate                : 13.0% (cumulative 1.2%)
failure rate                : 0.0% (cumulative 0.0%)
completed cycles / episode  : 0.000
synthetic task reward       : 1300.000
shaping reward              : 269.814
learning reward             : 1569.814
episode length              : 439.7
abstract changes / episode  : 30.5
same abstract-state steps   : 93.1%
same-state shaping / episode: 0.000
changed-state shaping / ep. : 269.814
terminal shaping / episode  : 12.105
DFA transitions / episode   : 1.63
DFA transitions in window   : 1->2: 60, 2->3: 37, 3->4: 32, 4->5: 21, 5->6: 13
epsilon (next episode)       : 0.22760
replay buffer                : 300000 samples [1: 50.8%, 2: 21.7%, 3: 16.7%, 4: 7.9%, 5: 2.9%, 6: 0.0%]
DFA state visits in window   : 1: 20022, 2: 12846, 3: 6570, 4: 3426, 5: 1189, 6: 13
DFA state visits cumulative  : 1: 1437500, 2: 240460, 3: 204456, 4: 67863, 5: 19420, 6: 91
DFA state entries in window  : 1: 100, 2: 60, 3: 37, 4: 32, 5: 21, 6: 13
DFA state entries cumulative : 1: 7400, 2: 1509, 3: 834, 4: 431, 5: 220, 6: 91
transitions cumulative       : 1->2: 1509, 2->3: 834, 3->4: 431, 4->5: 220, 5->6: 91
accepted directly from s0    : 0
Gym endings cumulative       : terminated=6910, truncated=400

[Episode 7500/12000 | last 100]
success rate                : 23.0% (cumulative 1.5%)
failure rate                : 0.0% (cumulative 0.0%)
completed cycles / episode  : 0.000
synthetic task reward       : 2300.000
shaping reward              : 361.441
learning reward             : 2661.441
episode length              : 580.4
abstract changes / episode  : 40.6
same abstract-state steps   : 93.0%
same-state shaping / episode: 0.000
changed-state shaping / ep. : 361.441
terminal shaping / episode  : 21.153
DFA transitions / episode   : 2.21
DFA transitions in window   : 1->2: 73, 2->3: 51, 3->4: 43, 4->5: 31, 5->6: 23
epsilon (next episode)       : 0.22310
replay buffer                : 300000 samples [1: 50.5%, 2: 22.9%, 3: 16.7%, 4: 7.2%, 5: 2.8%, 6: 0.0%]
DFA state visits in window   : 1: 24241, 2: 14740, 3: 11471, 4: 4884, 5: 2780, 6: 23
DFA state visits cumulative  : 1: 1461741, 2: 255200, 3: 215927, 4: 72747, 5: 22200, 6: 114
DFA state entries in window  : 1: 100, 2: 73, 3: 51, 4: 43, 5: 31, 6: 23
DFA state entries cumulative : 1: 7500, 2: 1582, 3: 885, 4: 474, 5: 251, 6: 114
transitions cumulative       : 1->2: 1582, 2->3: 885, 3->4: 474, 4->5: 251, 5->6: 114
accepted directly from s0    : 0
Gym endings cumulative       : terminated=6969, truncated=418

Starting autonomous greedy evaluation at episode 7500 (1000 fixed-seed episodes)...
[Greedy evaluation at episode 7500 | 1000 fixed-seed episodes]
success=0.5%, failure=0.0%, task reward=50.000, length=728.9
DFA transitions: 1->2: 711, 2->3: 371, 3->4: 177, 4->5: 9, 5->6: 5

[Episode 7600/12000 | last 100]
success rate                : 23.0% (cumulative 1.8%)
failure rate                : 0.0% (cumulative 0.0%)
completed cycles / episode  : 0.000
synthetic task reward       : 2300.000
shaping reward              : 279.972
learning reward             : 2579.972
episode length              : 474.3
abstract changes / episode  : 35.4
same abstract-state steps   : 92.5%
same-state shaping / episode: 0.000
changed-state shaping / ep. : 279.972
terminal shaping / episode  : 20.385
DFA transitions / episode   : 2.02
DFA transitions in window   : 1->2: 65, 2->3: 44, 3->4: 39, 4->5: 31, 5->6: 23
epsilon (next episode)       : 0.21868
replay buffer                : 300000 samples [1: 49.4%, 2: 23.7%, 3: 16.7%, 4: 7.3%, 5: 2.9%, 6: 0.0%]
DFA state visits in window   : 1: 20092, 2: 12566, 3: 8028, 4: 5055, 5: 1763, 6: 23
DFA state visits cumulative  : 1: 1481833, 2: 267766, 3: 223955, 4: 77802, 5: 23963, 6: 137
DFA state entries in window  : 1: 100, 2: 65, 3: 44, 4: 39, 5: 31, 6: 23
DFA state entries cumulative : 1: 7600, 2: 1647, 3: 929, 4: 513, 5: 282, 6: 137
transitions cumulative       : 1->2: 1647, 2->3: 929, 3->4: 513, 4->5: 282, 5->6: 137
accepted directly from s0    : 0
Gym endings cumulative       : terminated=7038, truncated=426

[Episode 7700/12000 | last 100]
success rate                : 23.0% (cumulative 2.1%)
failure rate                : 0.0% (cumulative 0.0%)
completed cycles / episode  : 0.000
synthetic task reward       : 2300.000
shaping reward              : 326.051
learning reward             : 2626.051
episode length              : 475.5
abstract changes / episode  : 33.5
same abstract-state steps   : 93.0%
same-state shaping / episode: 0.000
changed-state shaping / ep. : 326.051
terminal shaping / episode  : 22.131
DFA transitions / episode   : 2.09
DFA transitions in window   : 1->2: 70, 2->3: 46, 3->4: 38, 4->5: 32, 5->6: 23
epsilon (next episode)       : 0.21435
replay buffer                : 300000 samples [1: 48.4%, 2: 24.3%, 3: 16.1%, 4: 7.5%, 5: 3.6%, 6: 0.0%]
DFA state visits in window   : 1: 20453, 2: 13741, 3: 7698, 4: 3105, 5: 2631, 6: 23
DFA state visits cumulative  : 1: 1502286, 2: 281507, 3: 231653, 4: 80907, 5: 26594, 6: 160
DFA state entries in window  : 1: 100, 2: 70, 3: 46, 4: 38, 5: 32, 6: 23
DFA state entries cumulative : 1: 7700, 2: 1717, 3: 975, 4: 551, 5: 314, 6: 160
transitions cumulative       : 1->2: 1717, 2->3: 975, 3->4: 551, 4->5: 314, 5->6: 160
accepted directly from s0    : 0
Gym endings cumulative       : terminated=7106, truncated=435

[Episode 7800/12000 | last 100]
success rate                : 29.0% (cumulative 2.4%)
failure rate                : 0.0% (cumulative 0.0%)
completed cycles / episode  : 0.000
synthetic task reward       : 2900.000
shaping reward              : 383.568
learning reward             : 3283.568
episode length              : 578.8
abstract changes / episode  : 38.0
same abstract-state steps   : 93.4%
same-state shaping / episode: 0.000
changed-state shaping / ep. : 383.568
terminal shaping / episode  : 28.122
DFA transitions / episode   : 2.21
DFA transitions in window   : 1->2: 70, 2->3: 47, 3->4: 39, 4->5: 36, 5->6: 29
epsilon (next episode)       : 0.21010
replay buffer                : 300000 samples [1: 45.6%, 2: 27.0%, 3: 16.2%, 4: 7.4%, 5: 3.8%, 6: 0.0%]
DFA state visits in window   : 1: 27357, 2: 17169, 3: 7797, 4: 3412, 5: 2218, 6: 29
DFA state visits cumulative  : 1: 1529643, 2: 298676, 3: 239450, 4: 84319, 5: 28812, 6: 189
DFA state entries in window  : 1: 100, 2: 70, 3: 47, 4: 39, 5: 36, 6: 29
DFA state entries cumulative : 1: 7800, 2: 1787, 3: 1022, 4: 590, 5: 350, 6: 189
transitions cumulative       : 1->2: 1787, 2->3: 1022, 3->4: 590, 4->5: 350, 5->6: 189
accepted directly from s0    : 0
Gym endings cumulative       : terminated=7156, truncated=456

[Episode 7900/12000 | last 100]
success rate                : 25.0% (cumulative 2.7%)
failure rate                : 0.0% (cumulative 0.0%)
completed cycles / episode  : 0.000
synthetic task reward       : 2500.000
shaping reward              : 279.215
learning reward             : 2779.215
episode length              : 450.4
abstract changes / episode  : 31.2
same abstract-state steps   : 93.1%
same-state shaping / episode: 0.000
changed-state shaping / ep. : 279.215
terminal shaping / episode  : 23.236
DFA transitions / episode   : 1.83
DFA transitions in window   : 1->2: 64, 2->3: 38, 3->4: 30, 4->5: 26, 5->6: 25
epsilon (next episode)       : 0.20594
replay buffer                : 300000 samples [1: 44.9%, 2: 27.5%, 3: 16.0%, 4: 7.6%, 5: 4.0%, 6: 0.0%]
DFA state visits in window   : 1: 22798, 2: 11435, 3: 6473, 4: 2902, 5: 1506, 6: 25
DFA state visits cumulative  : 1: 1552441, 2: 310111, 3: 245923, 4: 87221, 5: 30318, 6: 214
DFA state entries in window  : 1: 100, 2: 64, 3: 38, 4: 30, 5: 26, 6: 25
DFA state entries cumulative : 1: 7900, 2: 1851, 3: 1060, 4: 620, 5: 376, 6: 214
transitions cumulative       : 1->2: 1851, 2->3: 1060, 3->4: 620, 4->5: 376, 5->6: 214
accepted directly from s0    : 0
Gym endings cumulative       : terminated=7224, truncated=463

[Episode 8000/12000 | last 100]
success rate                : 21.0% (cumulative 2.9%)
failure rate                : 0.0% (cumulative 0.0%)
completed cycles / episode  : 0.000
synthetic task reward       : 2100.000
shaping reward              : 260.087
learning reward             : 2360.087
episode length              : 438.9
abstract changes / episode  : 31.5
same abstract-state steps   : 92.8%
same-state shaping / episode: 0.000
changed-state shaping / ep. : 260.087
terminal shaping / episode  : 19.254
DFA transitions / episode   : 1.84
DFA transitions in window   : 1->2: 60, 2->3: 40, 3->4: 36, 4->5: 27, 5->6: 21
epsilon (next episode)       : 0.20186
replay buffer                : 300000 samples [1: 44.9%, 2: 26.3%, 3: 16.1%, 4: 8.5%, 5: 4.1%, 6: 0.0%]
DFA state visits in window   : 1: 19874, 2: 9229, 3: 7021, 4: 6312, 5: 1536, 6: 21
DFA state visits cumulative  : 1: 1572315, 2: 319340, 3: 252944, 4: 93533, 5: 31854, 6: 235
DFA state entries in window  : 1: 100, 2: 60, 3: 40, 4: 36, 5: 27, 6: 21
DFA state entries cumulative : 1: 8000, 2: 1911, 3: 1100, 4: 656, 5: 403, 6: 235
transitions cumulative       : 1->2: 1911, 2->3: 1100, 3->4: 656, 4->5: 403, 5->6: 235
accepted directly from s0    : 0
Gym endings cumulative       : terminated=7296, truncated=470

Starting autonomous greedy evaluation at episode 8000 (1000 fixed-seed episodes)...
[Greedy evaluation at episode 8000 | 1000 fixed-seed episodes]
success=35.0%, failure=0.0%, task reward=3500.000, length=689.5
DFA transitions: 1->2: 823, 2->3: 455, 3->4: 450, 4->5: 351, 5->6: 350
Best policy updated from autonomous greedy evaluation at episode 8000.

[Episode 8100/12000 | last 100]
success rate                : 28.0% (cumulative 3.2%)
failure rate                : 0.0% (cumulative 0.0%)
completed cycles / episode  : 0.000
synthetic task reward       : 2800.000
shaping reward              : 422.846
learning reward             : 3222.846
episode length              : 472.5
abstract changes / episode  : 33.8
same abstract-state steps   : 92.8%
same-state shaping / episode: 0.000
changed-state shaping / ep. : 422.846
terminal shaping / episode  : 28.000
DFA transitions / episode   : 2.36
DFA transitions in window   : 1->2: 73, 2->3: 56, 3->4: 46, 4->5: 33, 5->6: 28
epsilon (next episode)       : 0.19787
replay buffer                : 300000 samples [1: 45.5%, 2: 25.3%, 3: 16.6%, 4: 8.7%, 5: 3.9%, 6: 0.0%]
DFA state visits in window   : 1: 19768, 2: 9852, 3: 10613, 4: 5022, 5: 2069, 6: 28
DFA state visits cumulative  : 1: 1592083, 2: 329192, 3: 263557, 4: 98555, 5: 33923, 6: 263
DFA state entries in window  : 1: 100, 2: 73, 3: 56, 4: 46, 5: 33, 6: 28
DFA state entries cumulative : 1: 8100, 2: 1984, 3: 1156, 4: 702, 5: 436, 6: 263
transitions cumulative       : 1->2: 1984, 2->3: 1156, 3->4: 702, 4->5: 436, 5->6: 263
accepted directly from s0    : 0
Gym endings cumulative       : terminated=7364, truncated=475

[Episode 8200/12000 | last 100]
success rate                : 41.0% (cumulative 3.7%)
failure rate                : 0.0% (cumulative 0.0%)
completed cycles / episode  : 0.000
synthetic task reward       : 4100.000
shaping reward              : 474.119
learning reward             : 4574.119
episode length              : 487.2
abstract changes / episode  : 33.5
same abstract-state steps   : 93.1%
same-state shaping / episode: 0.000
changed-state shaping / ep. : 474.119
terminal shaping / episode  : 39.182
DFA transitions / episode   : 2.63
DFA transitions in window   : 1->2: 71, 2->3: 53, 3->4: 51, 4->5: 47, 5->6: 41
epsilon (next episode)       : 0.19395
replay buffer                : 300000 samples [1: 46.4%, 2: 23.9%, 3: 16.2%, 4: 9.1%, 5: 4.4%, 6: 0.0%]
DFA state visits in window   : 1: 25847, 2: 8698, 3: 6223, 4: 5123, 5: 2884, 6: 41
DFA state visits cumulative  : 1: 1617930, 2: 337890, 3: 269780, 4: 103678, 5: 36807, 6: 304
DFA state entries in window  : 1: 100, 2: 71, 3: 53, 4: 51, 5: 47, 6: 41
DFA state entries cumulative : 1: 8200, 2: 2055, 3: 1209, 4: 753, 5: 483, 6: 304
transitions cumulative       : 1->2: 2055, 2->3: 1209, 3->4: 753, 4->5: 483, 5->6: 304
accepted directly from s0    : 0
Gym endings cumulative       : terminated=7420, truncated=478

[Episode 8300/12000 | last 100]
success rate                : 40.0% (cumulative 4.1%)
failure rate                : 0.0% (cumulative 0.0%)
completed cycles / episode  : 0.000
synthetic task reward       : 4000.000
shaping reward              : 493.088
learning reward             : 4493.088
episode length              : 505.6
abstract changes / episode  : 36.2
same abstract-state steps   : 92.8%
same-state shaping / episode: 0.000
changed-state shaping / ep. : 493.088
terminal shaping / episode  : 40.000
DFA transitions / episode   : 2.83
DFA transitions in window   : 1->2: 85, 2->3: 58, 3->4: 52, 4->5: 48, 5->6: 40
epsilon (next episode)       : 0.19011
replay buffer                : 300000 samples [1: 46.4%, 2: 24.0%, 3: 15.9%, 4: 9.3%, 5: 4.4%, 6: 0.0%]
DFA state visits in window   : 1: 21702, 2: 13184, 3: 8150, 4: 4826, 5: 2762, 6: 40
DFA state visits cumulative  : 1: 1639632, 2: 351074, 3: 277930, 4: 108504, 5: 39569, 6: 344
DFA state entries in window  : 1: 100, 2: 85, 3: 58, 4: 52, 5: 48, 6: 40
DFA state entries cumulative : 1: 8300, 2: 2140, 3: 1267, 4: 805, 5: 531, 6: 344
transitions cumulative       : 1->2: 2140, 2->3: 1267, 3->4: 805, 4->5: 531, 5->6: 344
accepted directly from s0    : 0
Gym endings cumulative       : terminated=7476, truncated=482

[Episode 8400/12000 | last 100]
success rate                : 36.0% (cumulative 4.5%)
failure rate                : 0.0% (cumulative 0.0%)
completed cycles / episode  : 0.000
synthetic task reward       : 3600.000
shaping reward              : 387.080
learning reward             : 3987.080
episode length              : 447.3
abstract changes / episode  : 32.2
same abstract-state steps   : 92.8%
same-state shaping / episode: 0.000
changed-state shaping / ep. : 387.080
terminal shaping / episode  : 36.000
DFA transitions / episode   : 2.54
DFA transitions in window   : 1->2: 71, 2->3: 53, 3->4: 48, 4->5: 46, 5->6: 36
epsilon (next episode)       : 0.18634
replay buffer                : 300000 samples [1: 45.5%, 2: 23.8%, 3: 16.4%, 4: 9.7%, 5: 4.6%, 6: 0.0%]
DFA state visits in window   : 1: 18145, 2: 12088, 3: 7702, 4: 4090, 5: 2766, 6: 36
DFA state visits cumulative  : 1: 1657777, 2: 363162, 3: 285632, 4: 112594, 5: 42335, 6: 380
DFA state entries in window  : 1: 100, 2: 71, 3: 53, 4: 48, 5: 46, 6: 36
DFA state entries cumulative : 1: 8400, 2: 2211, 3: 1320, 4: 853, 5: 577, 6: 380
transitions cumulative       : 1->2: 2211, 2->3: 1320, 3->4: 853, 4->5: 577, 5->6: 380
accepted directly from s0    : 0
Gym endings cumulative       : terminated=7537, truncated=485

[Episode 8500/12000 | last 100]
success rate                : 49.0% (cumulative 5.0%)
failure rate                : 0.0% (cumulative 0.0%)
completed cycles / episode  : 0.000
synthetic task reward       : 4900.000
shaping reward              : 575.894
learning reward             : 5475.894
episode length              : 413.5
abstract changes / episode  : 29.7
same abstract-state steps   : 92.8%
same-state shaping / episode: 0.000
changed-state shaping / ep. : 575.894
terminal shaping / episode  : 49.000
DFA transitions / episode   : 3.11
DFA transitions in window   : 1->2: 76, 2->3: 64, 3->4: 62, 4->5: 60, 5->6: 49
epsilon (next episode)       : 0.18265
replay buffer                : 300000 samples [1: 45.1%, 2: 22.4%, 3: 16.6%, 4: 10.7%, 5: 5.3%, 6: 0.0%]
DFA state visits in window   : 1: 18221, 2: 7925, 3: 6628, 4: 5305, 5: 3325, 6: 49
DFA state visits cumulative  : 1: 1675998, 2: 371087, 3: 292260, 4: 117899, 5: 45660, 6: 429
DFA state entries in window  : 1: 100, 2: 76, 3: 64, 4: 62, 5: 60, 6: 49
DFA state entries cumulative : 1: 8500, 2: 2287, 3: 1384, 4: 915, 5: 637, 6: 429
transitions cumulative       : 1->2: 2287, 2->3: 1384, 3->4: 915, 4->5: 637, 5->6: 429
accepted directly from s0    : 0
Gym endings cumulative       : terminated=7587, truncated=486

Starting autonomous greedy evaluation at episode 8500 (1000 fixed-seed episodes)...
[Greedy evaluation at episode 8500 | 1000 fixed-seed episodes]
success=62.5%, failure=0.0%, task reward=6250.000, length=315.8
DFA transitions: 1->2: 752, 2->3: 750, 3->4: 750, 4->5: 747, 5->6: 625
Best policy updated from autonomous greedy evaluation at episode 8500.

[Episode 8600/12000 | last 100]
success rate                : 49.0% (cumulative 5.6%)
failure rate                : 0.0% (cumulative 0.0%)
completed cycles / episode  : 0.000
synthetic task reward       : 4900.000
shaping reward              : 482.039
learning reward             : 5382.039
episode length              : 386.5
abstract changes / episode  : 28.2
same abstract-state steps   : 92.7%
same-state shaping / episode: 0.000
changed-state shaping / ep. : 482.039
terminal shaping / episode  : 47.161
DFA transitions / episode   : 2.89
DFA transitions in window   : 1->2: 73, 2->3: 58, 3->4: 56, 4->5: 53, 5->6: 49
epsilon (next episode)       : 0.17904
replay buffer                : 300000 samples [1: 45.0%, 2: 21.7%, 3: 16.4%, 4: 11.0%, 5: 5.9%, 6: 0.0%]
DFA state visits in window   : 1: 19137, 2: 7089, 3: 5110, 4: 4749, 5: 2614, 6: 49
DFA state visits cumulative  : 1: 1695135, 2: 378176, 3: 297370, 4: 122648, 5: 48274, 6: 478
DFA state entries in window  : 1: 100, 2: 73, 3: 58, 4: 56, 5: 53, 6: 49
DFA state entries cumulative : 1: 8600, 2: 2360, 3: 1442, 4: 971, 5: 690, 6: 478
transitions cumulative       : 1->2: 2360, 2->3: 1442, 3->4: 971, 4->5: 690, 5->6: 478
accepted directly from s0    : 0
Gym endings cumulative       : terminated=7636, truncated=488

[Episode 8700/12000 | last 100]
success rate                : 55.0% (cumulative 6.1%)
failure rate                : 0.0% (cumulative 0.0%)
completed cycles / episode  : 0.000
synthetic task reward       : 5500.000
shaping reward              : 621.002
learning reward             : 6121.002
episode length              : 427.6
abstract changes / episode  : 31.5
same abstract-state steps   : 92.6%
same-state shaping / episode: 0.000
changed-state shaping / ep. : 621.002
terminal shaping / episode  : 55.000
DFA transitions / episode   : 3.39
DFA transitions in window   : 1->2: 79, 2->3: 73, 3->4: 67, 4->5: 65, 5->6: 55
epsilon (next episode)       : 0.17549
replay buffer                : 300000 samples [1: 45.8%, 2: 21.4%, 3: 15.9%, 4: 10.5%, 5: 6.3%, 6: 0.0%]
DFA state visits in window   : 1: 19714, 2: 7601, 3: 7933, 4: 4364, 5: 3195, 6: 55
DFA state visits cumulative  : 1: 1714849, 2: 385777, 3: 305303, 4: 127012, 5: 51469, 6: 533
DFA state entries in window  : 1: 100, 2: 79, 3: 73, 4: 67, 5: 65, 6: 55
DFA state entries cumulative : 1: 8700, 2: 2439, 3: 1515, 4: 1038, 5: 755, 6: 533
transitions cumulative       : 1->2: 2439, 2->3: 1515, 3->4: 1038, 4->5: 755, 5->6: 533
accepted directly from s0    : 0
Gym endings cumulative       : terminated=7680, truncated=489

[Episode 8800/12000 | last 100]
success rate                : 44.0% (cumulative 6.6%)
failure rate                : 0.0% (cumulative 0.0%)
completed cycles / episode  : 0.000
synthetic task reward       : 4400.000
shaping reward              : 489.179
learning reward             : 4889.179
episode length              : 364.3
abstract changes / episode  : 28.8
same abstract-state steps   : 92.1%
same-state shaping / episode: 0.000
changed-state shaping / ep. : 489.179
terminal shaping / episode  : 44.000
DFA transitions / episode   : 2.81
DFA transitions in window   : 1->2: 78, 2->3: 56, 3->4: 52, 4->5: 51, 5->6: 44
epsilon (next episode)       : 0.17201
replay buffer                : 300000 samples [1: 46.0%, 2: 21.8%, 3: 14.9%, 4: 10.5%, 5: 6.8%, 6: 0.0%]
DFA state visits in window   : 1: 16963, 2: 9222, 3: 4116, 4: 3268, 5: 2913, 6: 44
DFA state visits cumulative  : 1: 1731812, 2: 394999, 3: 309419, 4: 130280, 5: 54382, 6: 577
DFA state entries in window  : 1: 100, 2: 78, 3: 56, 4: 52, 5: 51, 6: 44
DFA state entries cumulative : 1: 8800, 2: 2517, 3: 1571, 4: 1090, 5: 806, 6: 577
transitions cumulative       : 1->2: 2517, 2->3: 1571, 3->4: 1090, 4->5: 806, 5->6: 577
accepted directly from s0    : 0
Gym endings cumulative       : terminated=7735, truncated=490

[Episode 8900/12000 | last 100]
success rate                : 44.0% (cumulative 7.0%)
failure rate                : 0.0% (cumulative 0.0%)
completed cycles / episode  : 0.000
synthetic task reward       : 4400.000
shaping reward              : 552.711
learning reward             : 4952.711
episode length              : 475.3
abstract changes / episode  : 37.2
same abstract-state steps   : 92.2%
same-state shaping / episode: 0.000
changed-state shaping / ep. : 552.711
terminal shaping / episode  : 44.000
DFA transitions / episode   : 3.09
DFA transitions in window   : 1->2: 83, 2->3: 67, 3->4: 61, 4->5: 54, 5->6: 44
epsilon (next episode)       : 0.16861
replay buffer                : 300000 samples [1: 46.1%, 2: 21.8%, 3: 15.2%, 4: 10.3%, 5: 6.7%, 6: 0.0%]
DFA state visits in window   : 1: 25168, 2: 9036, 3: 6450, 4: 4394, 5: 2541, 6: 44
DFA state visits cumulative  : 1: 1756980, 2: 404035, 3: 315869, 4: 134674, 5: 56923, 6: 621
DFA state entries in window  : 1: 100, 2: 83, 3: 67, 4: 61, 5: 54, 6: 44
DFA state entries cumulative : 1: 8900, 2: 2600, 3: 1638, 4: 1151, 5: 860, 6: 621
transitions cumulative       : 1->2: 2600, 2->3: 1638, 3->4: 1151, 4->5: 860, 5->6: 621
accepted directly from s0    : 0
Gym endings cumulative       : terminated=7787, truncated=494

[Episode 9000/12000 | last 100]
success rate                : 57.0% (cumulative 7.5%)
failure rate                : 0.0% (cumulative 0.0%)
completed cycles / episode  : 0.000
synthetic task reward       : 5700.000
shaping reward              : 734.567
learning reward             : 6434.567
episode length              : 462.0
abstract changes / episode  : 35.9
same abstract-state steps   : 92.2%
same-state shaping / episode: 0.000
changed-state shaping / ep. : 734.567
terminal shaping / episode  : 57.000
DFA transitions / episode   : 3.74
DFA transitions in window   : 1->2: 87, 2->3: 79, 3->4: 78, 4->5: 73, 5->6: 57
epsilon (next episode)       : 0.16527
replay buffer                : 300000 samples [1: 46.3%, 2: 20.8%, 3: 14.8%, 4: 11.1%, 5: 7.0%, 6: 0.0%]
DFA state visits in window   : 1: 20883, 2: 8534, 3: 6338, 4: 6886, 5: 3601, 6: 57
DFA state visits cumulative  : 1: 1777863, 2: 412569, 3: 322207, 4: 141560, 5: 60524, 6: 678
DFA state entries in window  : 1: 100, 2: 87, 3: 79, 4: 78, 5: 73, 6: 57
DFA state entries cumulative : 1: 9000, 2: 2687, 3: 1717, 4: 1229, 5: 933, 6: 678
transitions cumulative       : 1->2: 2687, 2->3: 1717, 3->4: 1229, 4->5: 933, 5->6: 678
accepted directly from s0    : 0
Gym endings cumulative       : terminated=7828, truncated=496

Starting autonomous greedy evaluation at episode 9000 (1000 fixed-seed episodes)...
[Greedy evaluation at episode 9000 | 1000 fixed-seed episodes]
success=87.0%, failure=0.0%, task reward=8700.000, length=357.5
DFA transitions: 1->2: 889, 2->3: 876, 3->4: 874, 4->5: 872, 5->6: 870
Best policy updated from autonomous greedy evaluation at episode 9000.

[Episode 9100/12000 | last 100]
success rate                : 42.0% (cumulative 7.9%)
failure rate                : 0.0% (cumulative 0.0%)
completed cycles / episode  : 0.000
synthetic task reward       : 4200.000
shaping reward              : 561.611
learning reward             : 4761.611
episode length              : 432.0
abstract changes / episode  : 32.5
same abstract-state steps   : 92.5%
same-state shaping / episode: 0.000
changed-state shaping / ep. : 561.611
terminal shaping / episode  : 40.218
DFA transitions / episode   : 3.14
DFA transitions in window   : 1->2: 78, 2->3: 69, 3->4: 64, 4->5: 61, 5->6: 42
epsilon (next episode)       : 0.16200
replay buffer                : 300000 samples [1: 46.8%, 2: 20.1%, 3: 14.5%, 4: 11.3%, 5: 7.3%, 6: 0.0%]
DFA state visits in window   : 1: 18663, 2: 10340, 3: 6526, 4: 4369, 5: 3356, 6: 42
DFA state visits cumulative  : 1: 1796526, 2: 422909, 3: 328733, 4: 145929, 5: 63880, 6: 720
DFA state entries in window  : 1: 100, 2: 78, 3: 69, 4: 64, 5: 61, 6: 42
DFA state entries cumulative : 1: 9100, 2: 2765, 3: 1786, 4: 1293, 5: 994, 6: 720
transitions cumulative       : 1->2: 2765, 2->3: 1786, 3->4: 1293, 4->5: 994, 5->6: 720
accepted directly from s0    : 0
Gym endings cumulative       : terminated=7881, truncated=501

[Episode 9200/12000 | last 100]
success rate                : 52.0% (cumulative 8.4%)
failure rate                : 0.0% (cumulative 0.0%)
completed cycles / episode  : 0.000
synthetic task reward       : 5200.000
shaping reward              : 711.238
learning reward             : 5911.238
episode length              : 514.0
abstract changes / episode  : 36.2
same abstract-state steps   : 92.9%
same-state shaping / episode: 0.000
changed-state shaping / ep. : 711.238
terminal shaping / episode  : 52.000
DFA transitions / episode   : 3.66
DFA transitions in window   : 1->2: 89, 2->3: 79, 3->4: 75, 4->5: 71, 5->6: 52
epsilon (next episode)       : 0.15879
replay buffer                : 300000 samples [1: 46.1%, 2: 21.1%, 3: 14.6%, 4: 11.0%, 5: 7.1%, 6: 0.0%]
DFA state visits in window   : 1: 22054, 2: 12587, 3: 7839, 4: 5490, 5: 3479, 6: 52
DFA state visits cumulative  : 1: 1818580, 2: 435496, 3: 336572, 4: 151419, 5: 67359, 6: 772
DFA state entries in window  : 1: 100, 2: 89, 3: 79, 4: 75, 5: 71, 6: 52
DFA state entries cumulative : 1: 9200, 2: 2854, 3: 1865, 4: 1368, 5: 1065, 6: 772
transitions cumulative       : 1->2: 2854, 2->3: 1865, 3->4: 1368, 4->5: 1065, 5->6: 772
accepted directly from s0    : 0
Gym endings cumulative       : terminated=7919, truncated=511

[Episode 9300/12000 | last 100]
success rate                : 63.0% (cumulative 9.0%)
failure rate                : 0.0% (cumulative 0.0%)
completed cycles / episode  : 0.000
synthetic task reward       : 6300.000
shaping reward              : 698.295
learning reward             : 6998.295
episode length              : 498.1
abstract changes / episode  : 37.3
same abstract-state steps   : 92.5%
same-state shaping / episode: 0.000
changed-state shaping / ep. : 698.295
terminal shaping / episode  : 63.000
DFA transitions / episode   : 3.69
DFA transitions in window   : 1->2: 88, 2->3: 78, 3->4: 73, 4->5: 67, 5->6: 63
epsilon (next episode)       : 0.15564
replay buffer                : 300000 samples [1: 47.0%, 2: 21.4%, 3: 14.1%, 4: 10.8%, 5: 6.8%, 6: 0.0%]
DFA state visits in window   : 1: 26500, 2: 9196, 3: 6311, 4: 5229, 5: 2616, 6: 63
DFA state visits cumulative  : 1: 1845080, 2: 444692, 3: 342883, 4: 156648, 5: 69975, 6: 835
DFA state entries in window  : 1: 100, 2: 88, 3: 78, 4: 73, 5: 67, 6: 63
DFA state entries cumulative : 1: 9300, 2: 2942, 3: 1943, 4: 1441, 5: 1132, 6: 835
transitions cumulative       : 1->2: 2942, 2->3: 1943, 3->4: 1441, 4->5: 1132, 5->6: 835
accepted directly from s0    : 0
Gym endings cumulative       : terminated=7950, truncated=517

[Episode 9400/12000 | last 100]
success rate                : 60.0% (cumulative 9.5%)
failure rate                : 0.0% (cumulative 0.0%)
completed cycles / episode  : 0.000
synthetic task reward       : 6000.000
shaping reward              : 753.911
learning reward             : 6753.911
episode length              : 470.7
abstract changes / episode  : 35.0
same abstract-state steps   : 92.6%
same-state shaping / episode: 0.000
changed-state shaping / ep. : 753.911
terminal shaping / episode  : 60.000
DFA transitions / episode   : 3.85
DFA transitions in window   : 1->2: 90, 2->3: 82, 3->4: 80, 4->5: 73, 5->6: 60
epsilon (next episode)       : 0.15256
replay buffer                : 300000 samples [1: 48.3%, 2: 20.0%, 3: 13.9%, 4: 11.3%, 5: 6.6%, 6: 0.0%]
DFA state visits in window   : 1: 24228, 2: 7190, 3: 6624, 4: 6081, 5: 2986, 6: 60
DFA state visits cumulative  : 1: 1869308, 2: 451882, 3: 349507, 4: 162729, 5: 72961, 6: 895
DFA state entries in window  : 1: 100, 2: 90, 3: 82, 4: 80, 5: 73, 6: 60
DFA state entries cumulative : 1: 9400, 2: 3032, 3: 2025, 4: 1521, 5: 1205, 6: 895
transitions cumulative       : 1->2: 3032, 2->3: 2025, 3->4: 1521, 4->5: 1205, 5->6: 895
accepted directly from s0    : 0
Gym endings cumulative       : terminated=7985, truncated=522

[Episode 9500/12000 | last 100]
success rate                : 52.0% (cumulative 10.0%)
failure rate                : 0.0% (cumulative 0.0%)
completed cycles / episode  : 0.000
synthetic task reward       : 5200.000
shaping reward              : 627.448
learning reward             : 5827.448
episode length              : 461.3
abstract changes / episode  : 36.1
same abstract-state steps   : 92.2%
same-state shaping / episode: 0.000
changed-state shaping / ep. : 627.448
terminal shaping / episode  : 50.218
DFA transitions / episode   : 3.52
DFA transitions in window   : 1->2: 89, 2->3: 78, 3->4: 70, 4->5: 63, 5->6: 52
epsilon (next episode)       : 0.14954
replay buffer                : 300000 samples [1: 47.2%, 2: 19.9%, 3: 14.8%, 4: 11.7%, 5: 6.4%, 6: 0.0%]
DFA state visits in window   : 1: 18739, 2: 9652, 3: 9702, 4: 5698, 5: 2385, 6: 52
DFA state visits cumulative  : 1: 1888047, 2: 461534, 3: 359209, 4: 168427, 5: 75346, 6: 947
DFA state entries in window  : 1: 100, 2: 89, 3: 78, 4: 70, 5: 63, 6: 52
DFA state entries cumulative : 1: 9500, 2: 3121, 3: 2103, 4: 1591, 5: 1268, 6: 947
transitions cumulative       : 1->2: 3121, 2->3: 2103, 3->4: 1591, 4->5: 1268, 5->6: 947
accepted directly from s0    : 0
Gym endings cumulative       : terminated=8030, truncated=525

Starting autonomous greedy evaluation at episode 9500 (1000 fixed-seed episodes)...
[Greedy evaluation at episode 9500 | 1000 fixed-seed episodes]
success=85.6%, failure=0.0%, task reward=8560.000, length=352.8
DFA transitions: 1->2: 904, 2->3: 889, 3->4: 859, 4->5: 858, 5->6: 856

[Episode 9600/12000 | last 100]
success rate                : 64.0% (cumulative 10.5%)
failure rate                : 0.0% (cumulative 0.0%)
completed cycles / episode  : 0.000
synthetic task reward       : 6400.000
shaping reward              : 635.890
learning reward             : 7035.890
episode length              : 360.2
abstract changes / episode  : 27.3
same abstract-state steps   : 92.4%
same-state shaping / episode: 0.000
changed-state shaping / ep. : 635.890
terminal shaping / episode  : 64.000
DFA transitions / episode   : 3.55
DFA transitions in window   : 1->2: 79, 2->3: 73, 3->4: 70, 4->5: 69, 5->6: 64
epsilon (next episode)       : 0.14658
replay buffer                : 300000 samples [1: 46.0%, 2: 19.8%, 3: 15.6%, 4: 12.1%, 5: 6.5%, 6: 0.0%]
DFA state visits in window   : 1: 17447, 2: 5417, 3: 5488, 4: 5111, 5: 2593, 6: 64
DFA state visits cumulative  : 1: 1905494, 2: 466951, 3: 364697, 4: 173538, 5: 77939, 6: 1011
DFA state entries in window  : 1: 100, 2: 79, 3: 73, 4: 70, 5: 69, 6: 64
DFA state entries cumulative : 1: 9600, 2: 3200, 3: 2176, 4: 1661, 5: 1337, 6: 1011
transitions cumulative       : 1->2: 3200, 2->3: 2176, 3->4: 1661, 4->5: 1337, 5->6: 1011
accepted directly from s0    : 0
Gym endings cumulative       : terminated=8066, truncated=525

[Episode 9700/12000 | last 100]
success rate                : 50.0% (cumulative 10.9%)
failure rate                : 0.0% (cumulative 0.0%)
completed cycles / episode  : 0.000
synthetic task reward       : 5000.000
shaping reward              : 546.874
learning reward             : 5546.874
episode length              : 445.9
abstract changes / episode  : 33.3
same abstract-state steps   : 92.5%
same-state shaping / episode: 0.000
changed-state shaping / ep. : 546.874
terminal shaping / episode  : 50.000
DFA transitions / episode   : 3.17
DFA transitions in window   : 1->2: 77, 2->3: 68, 3->4: 63, 4->5: 59, 5->6: 50
epsilon (next episode)       : 0.14368
replay buffer                : 300000 samples [1: 46.9%, 2: 19.6%, 3: 15.2%, 4: 12.1%, 5: 6.1%, 6: 0.0%]
DFA state visits in window   : 1: 21137, 2: 8923, 3: 5433, 4: 6407, 5: 2740, 6: 50
DFA state visits cumulative  : 1: 1926631, 2: 475874, 3: 370130, 4: 179945, 5: 80679, 6: 1061
DFA state entries in window  : 1: 100, 2: 77, 3: 68, 4: 63, 5: 59, 6: 50
DFA state entries cumulative : 1: 9700, 2: 3277, 3: 2244, 4: 1724, 5: 1396, 6: 1061
transitions cumulative       : 1->2: 3277, 2->3: 2244, 3->4: 1724, 4->5: 1396, 5->6: 1061
accepted directly from s0    : 0
Gym endings cumulative       : terminated=8111, truncated=530

[Episode 9800/12000 | last 100]
success rate                : 30.0% (cumulative 11.1%)
failure rate                : 0.0% (cumulative 0.0%)
completed cycles / episode  : 0.000
synthetic task reward       : 3000.000
shaping reward              : 366.442
learning reward             : 3366.442
episode length              : 448.5
abstract changes / episode  : 34.8
same abstract-state steps   : 92.3%
same-state shaping / episode: 0.000
changed-state shaping / ep. : 366.442
terminal shaping / episode  : 30.000
DFA transitions / episode   : 2.48
DFA transitions in window   : 1->2: 73, 2->3: 56, 3->4: 48, 4->5: 41, 5->6: 30
epsilon (next episode)       : 0.14083
replay buffer                : 300000 samples [1: 48.6%, 2: 18.7%, 3: 14.4%, 4: 12.4%, 5: 5.8%, 6: 0.0%]
DFA state visits in window   : 1: 25616, 2: 8657, 3: 3816, 4: 4863, 5: 1970, 6: 30
DFA state visits cumulative  : 1: 1952247, 2: 484531, 3: 373946, 4: 184808, 5: 82649, 6: 1091
DFA state entries in window  : 1: 100, 2: 73, 3: 56, 4: 48, 5: 41, 6: 30
DFA state entries cumulative : 1: 9800, 2: 3350, 3: 2300, 4: 1772, 5: 1437, 6: 1091
transitions cumulative       : 1->2: 3350, 2->3: 2300, 3->4: 1772, 4->5: 1437, 5->6: 1091
accepted directly from s0    : 0
Gym endings cumulative       : terminated=8177, truncated=534

[Episode 9900/12000 | last 100]
success rate                : 52.0% (cumulative 11.5%)
failure rate                : 0.0% (cumulative 0.0%)
completed cycles / episode  : 0.000
synthetic task reward       : 5200.000
shaping reward              : 455.562
learning reward             : 5655.562
episode length              : 441.2
abstract changes / episode  : 34.4
same abstract-state steps   : 92.2%
same-state shaping / episode: 0.000
changed-state shaping / ep. : 455.562
terminal shaping / episode  : 51.068
DFA transitions / episode   : 2.91
DFA transitions in window   : 1->2: 70, 2->3: 61, 3->4: 55, 4->5: 53, 5->6: 52
epsilon (next episode)       : 0.13804
replay buffer                : 300000 samples [1: 49.6%, 2: 18.6%, 3: 14.1%, 4: 12.3%, 5: 5.4%, 6: 0.0%]
DFA state visits in window   : 1: 21586, 2: 9696, 3: 6607, 4: 4442, 5: 1838, 6: 52
DFA state visits cumulative  : 1: 1973833, 2: 494227, 3: 380553, 4: 189250, 5: 84487, 6: 1143
DFA state entries in window  : 1: 100, 2: 70, 3: 61, 4: 55, 5: 53, 6: 52
DFA state entries cumulative : 1: 9900, 2: 3420, 3: 2361, 4: 1827, 5: 1490, 6: 1143
transitions cumulative       : 1->2: 3420, 2->3: 2361, 3->4: 1827, 4->5: 1490, 5->6: 1143
accepted directly from s0    : 0
Gym endings cumulative       : terminated=8223, truncated=536

[Episode 10000/12000 | last 100]
success rate                : 78.0% (cumulative 12.2%)
failure rate                : 0.0% (cumulative 0.0%)
completed cycles / episode  : 0.000
synthetic task reward       : 7800.000
shaping reward              : 818.970
learning reward             : 8618.970
episode length              : 441.0
abstract changes / episode  : 34.5
same abstract-state steps   : 92.2%
same-state shaping / episode: 0.000
changed-state shaping / ep. : 818.970
terminal shaping / episode  : 77.086
DFA transitions / episode   : 4.26
DFA transitions in window   : 1->2: 93, 2->3: 87, 3->4: 84, 4->5: 84, 5->6: 78
epsilon (next episode)       : 0.13531
replay buffer                : 300000 samples [1: 48.7%, 2: 19.1%, 3: 14.2%, 4: 12.1%, 5: 5.8%, 6: 0.0%]
DFA state visits in window   : 1: 21084, 2: 8758, 3: 5969, 4: 5125, 5: 3183, 6: 78
DFA state visits cumulative  : 1: 1994917, 2: 502985, 3: 386522, 4: 194375, 5: 87670, 6: 1221
DFA state entries in window  : 1: 100, 2: 93, 3: 87, 4: 84, 5: 84, 6: 78
DFA state entries cumulative : 1: 10000, 2: 3513, 3: 2448, 4: 1911, 5: 1574, 6: 1221
transitions cumulative       : 1->2: 3513, 2->3: 2448, 3->4: 1911, 4->5: 1574, 5->6: 1221
accepted directly from s0    : 0
Gym endings cumulative       : terminated=8245, truncated=536

Starting autonomous greedy evaluation at episode 10000 (1000 fixed-seed episodes)...
[Greedy evaluation at episode 10000 | 1000 fixed-seed episodes]
success=96.2%, failure=0.0%, task reward=9620.000, length=361.2
DFA transitions: 1->2: 964, 2->3: 963, 3->4: 963, 4->5: 963, 5->6: 962
Best policy updated from autonomous greedy evaluation at episode 10000.

[Episode 10100/12000 | last 100]
success rate                : 71.0% (cumulative 12.8%)
failure rate                : 0.0% (cumulative 0.0%)
completed cycles / episode  : 0.000
synthetic task reward       : 7100.000
shaping reward              : 788.849
learning reward             : 7888.849
episode length              : 396.6
abstract changes / episode  : 31.1
same abstract-state steps   : 92.1%
same-state shaping / episode: 0.000
changed-state shaping / ep. : 788.849
terminal shaping / episode  : 71.000
DFA transitions / episode   : 4.15
DFA transitions in window   : 1->2: 93, 2->3: 89, 3->4: 81, 4->5: 81, 5->6: 71
epsilon (next episode)       : 0.13263
replay buffer                : 300000 samples [1: 47.0%, 2: 20.4%, 3: 14.3%, 4: 12.2%, 5: 6.0%, 6: 0.0%]
DFA state visits in window   : 1: 15465, 2: 10206, 3: 5804, 4: 4867, 5: 3342, 6: 71
DFA state visits cumulative  : 1: 2010382, 2: 513191, 3: 392326, 4: 199242, 5: 91012, 6: 1292
DFA state entries in window  : 1: 100, 2: 93, 3: 89, 4: 81, 5: 81, 6: 71
DFA state entries cumulative : 1: 10100, 2: 3606, 3: 2537, 4: 1992, 5: 1655, 6: 1292
transitions cumulative       : 1->2: 3606, 2->3: 2537, 3->4: 1992, 4->5: 1655, 5->6: 1292
accepted directly from s0    : 0
Gym endings cumulative       : terminated=8274, truncated=536

[Episode 10200/12000 | last 100]
success rate                : 56.0% (cumulative 13.2%)
failure rate                : 0.0% (cumulative 0.0%)
completed cycles / episode  : 0.000
synthetic task reward       : 5600.000
shaping reward              : 592.674
learning reward             : 6192.674
episode length              : 447.8
abstract changes / episode  : 36.5
same abstract-state steps   : 91.8%
same-state shaping / episode: 0.000
changed-state shaping / ep. : 592.674
terminal shaping / episode  : 56.869
DFA transitions / episode   : 3.25
DFA transitions in window   : 1->2: 73, 2->3: 70, 3->4: 65, 4->5: 61, 5->6: 56
epsilon (next episode)       : 0.13000
replay buffer                : 300000 samples [1: 49.1%, 2: 19.8%, 3: 13.5%, 4: 11.6%, 5: 6.0%, 6: 0.0%]
DFA state visits in window   : 1: 24754, 2: 7319, 3: 6678, 4: 3785, 5: 2289, 6: 56
DFA state visits cumulative  : 1: 2035136, 2: 520510, 3: 399004, 4: 203027, 5: 93301, 6: 1348
DFA state entries in window  : 1: 100, 2: 73, 3: 70, 4: 65, 5: 61, 6: 56
DFA state entries cumulative : 1: 10200, 2: 3679, 3: 2607, 4: 2057, 5: 1716, 6: 1348
transitions cumulative       : 1->2: 3679, 2->3: 2607, 3->4: 2057, 4->5: 1716, 5->6: 1348
accepted directly from s0    : 0
Gym endings cumulative       : terminated=8316, truncated=538

[Episode 10300/12000 | last 100]
success rate                : 53.0% (cumulative 13.6%)
failure rate                : 0.0% (cumulative 0.0%)
completed cycles / episode  : 0.000
synthetic task reward       : 5300.000
shaping reward              : 524.075
learning reward             : 5824.075
episode length              : 469.4
abstract changes / episode  : 36.5
same abstract-state steps   : 92.2%
same-state shaping / episode: 0.000
changed-state shaping / ep. : 524.075
terminal shaping / episode  : 53.000
DFA transitions / episode   : 3.12
DFA transitions in window   : 1->2: 75, 2->3: 68, 3->4: 60, 4->5: 56, 5->6: 53
epsilon (next episode)       : 0.12743
replay buffer                : 300000 samples [1: 49.6%, 2: 19.5%, 3: 14.0%, 4: 11.4%, 5: 5.6%, 6: 0.0%]
DFA state visits in window   : 1: 23237, 2: 7204, 3: 8617, 4: 5711, 5: 2213, 6: 53
DFA state visits cumulative  : 1: 2058373, 2: 527714, 3: 407621, 4: 208738, 5: 95514, 6: 1401
DFA state entries in window  : 1: 100, 2: 75, 3: 68, 4: 60, 5: 56, 6: 53
DFA state entries cumulative : 1: 10300, 2: 3754, 3: 2675, 4: 2117, 5: 1772, 6: 1401
transitions cumulative       : 1->2: 3754, 2->3: 2675, 3->4: 2117, 4->5: 1772, 5->6: 1401
accepted directly from s0    : 0
Gym endings cumulative       : terminated=8356, truncated=545

[Episode 10400/12000 | last 100]
success rate                : 39.0% (cumulative 13.8%)
failure rate                : 0.0% (cumulative 0.0%)
completed cycles / episode  : 0.000
synthetic task reward       : 3900.000
shaping reward              : 366.920
learning reward             : 4266.920
episode length              : 364.3
abstract changes / episode  : 29.2
same abstract-state steps   : 92.0%
same-state shaping / episode: 0.000
changed-state shaping / ep. : 366.920
terminal shaping / episode  : 38.096
DFA transitions / episode   : 2.42
DFA transitions in window   : 1->2: 57, 2->3: 53, 3->4: 48, 4->5: 45, 5->6: 39
epsilon (next episode)       : 0.12490
replay buffer                : 300000 samples [1: 49.7%, 2: 19.3%, 3: 14.6%, 4: 10.8%, 5: 5.7%, 6: 0.0%]
DFA state visits in window   : 1: 18125, 2: 6231, 3: 6374, 4: 3535, 5: 2224, 6: 39
DFA state visits cumulative  : 1: 2076498, 2: 533945, 3: 413995, 4: 212273, 5: 97738, 6: 1440
DFA state entries in window  : 1: 100, 2: 57, 3: 53, 4: 48, 5: 45, 6: 39
DFA state entries cumulative : 1: 10400, 2: 3811, 3: 2728, 4: 2165, 5: 1817, 6: 1440
transitions cumulative       : 1->2: 3811, 2->3: 2728, 3->4: 2165, 4->5: 1817, 5->6: 1440
accepted directly from s0    : 0
Gym endings cumulative       : terminated=8415, truncated=547

[Episode 10500/12000 | last 100]
success rate                : 24.0% (cumulative 13.9%)
failure rate                : 0.0% (cumulative 0.0%)
completed cycles / episode  : 0.000
synthetic task reward       : 2400.000
shaping reward              : 94.290
learning reward             : 2494.290
episode length              : 254.2
abstract changes / episode  : 18.1
same abstract-state steps   : 92.9%
same-state shaping / episode: 0.000
changed-state shaping / ep. : 94.290
terminal shaping / episode  : 24.000
DFA transitions / episode   : 1.40
DFA transitions in window   : 1->2: 37, 2->3: 29, 3->4: 26, 4->5: 24, 5->6: 24
epsilon (next episode)       : 0.12243
replay buffer                : 300000 samples [1: 49.9%, 2: 19.4%, 3: 15.0%, 4: 10.2%, 5: 5.4%, 6: 0.0%]
DFA state visits in window   : 1: 15931, 2: 3938, 3: 3187, 4: 1779, 5: 661, 6: 24
DFA state visits cumulative  : 1: 2092429, 2: 537883, 3: 417182, 4: 214052, 5: 98399, 6: 1464
DFA state entries in window  : 1: 100, 2: 37, 3: 29, 4: 26, 5: 24, 6: 24
DFA state entries cumulative : 1: 10500, 2: 3848, 3: 2757, 4: 2191, 5: 1841, 6: 1464
transitions cumulative       : 1->2: 3848, 2->3: 2757, 3->4: 2191, 4->5: 1841, 5->6: 1464
accepted directly from s0    : 0
Gym endings cumulative       : terminated=8489, truncated=549

Starting autonomous greedy evaluation at episode 10500 (1000 fixed-seed episodes)...
[Greedy evaluation at episode 10500 | 1000 fixed-seed episodes]
success=9.8%, failure=0.0%, task reward=980.000, length=474.5
DFA transitions: 1->2: 425, 2->3: 102, 3->4: 102, 4->5: 101, 5->6: 98

[Episode 10600/12000 | last 100]
success rate                : 21.0% (cumulative 14.0%)
failure rate                : 0.0% (cumulative 0.0%)
completed cycles / episode  : 0.000
synthetic task reward       : 2100.000
shaping reward              : 196.263
learning reward             : 2296.263
episode length              : 355.4
abstract changes / episode  : 26.9
same abstract-state steps   : 92.4%
same-state shaping / episode: 0.000
changed-state shaping / ep. : 196.263
terminal shaping / episode  : 20.068
DFA transitions / episode   : 1.74
DFA transitions in window   : 1->2: 48, 2->3: 39, 3->4: 38, 4->5: 28, 5->6: 21
epsilon (next episode)       : 0.12001
replay buffer                : 300000 samples [1: 50.3%, 2: 19.0%, 3: 14.5%, 4: 10.6%, 5: 5.6%, 6: 0.0%]
DFA state visits in window   : 1: 19910, 2: 6816, 3: 3002, 4: 4244, 5: 1643, 6: 21
DFA state visits cumulative  : 1: 2112339, 2: 544699, 3: 420184, 4: 218296, 5: 100042, 6: 1485
DFA state entries in window  : 1: 100, 2: 48, 3: 39, 4: 38, 5: 28, 6: 21
DFA state entries cumulative : 1: 10600, 2: 3896, 3: 2796, 4: 2229, 5: 1869, 6: 1485
transitions cumulative       : 1->2: 3896, 2->3: 2796, 3->4: 2229, 4->5: 1869, 5->6: 1485
accepted directly from s0    : 0
Gym endings cumulative       : terminated=8562, truncated=555

[Episode 10700/12000 | last 100]
success rate                : 30.0% (cumulative 14.2%)
failure rate                : 0.0% (cumulative 0.0%)
completed cycles / episode  : 0.000
synthetic task reward       : 3000.000
shaping reward              : 255.075
learning reward             : 3255.075
episode length              : 367.6
abstract changes / episode  : 30.3
same abstract-state steps   : 91.8%
same-state shaping / episode: 0.000
changed-state shaping / ep. : 255.075
terminal shaping / episode  : 28.209
DFA transitions / episode   : 2.00
DFA transitions in window   : 1->2: 57, 2->3: 42, 3->4: 37, 4->5: 34, 5->6: 30
epsilon (next episode)       : 0.11763
replay buffer                : 300000 samples [1: 52.5%, 2: 18.1%, 3: 13.8%, 4: 10.3%, 5: 5.3%, 6: 0.0%]
DFA state visits in window   : 1: 23630, 2: 5871, 3: 3144, 4: 3017, 5: 1165, 6: 30
DFA state visits cumulative  : 1: 2135969, 2: 550570, 3: 423328, 4: 221313, 5: 101207, 6: 1515
DFA state entries in window  : 1: 100, 2: 57, 3: 42, 4: 37, 5: 34, 6: 30
DFA state entries cumulative : 1: 10700, 2: 3953, 3: 2838, 4: 2266, 5: 1903, 6: 1515
transitions cumulative       : 1->2: 3953, 2->3: 2838, 3->4: 2266, 4->5: 1903, 5->6: 1515
accepted directly from s0    : 0
Gym endings cumulative       : terminated=8632, truncated=555

[Episode 10800/12000 | last 100]
success rate                : 17.0% (cumulative 14.2%)
failure rate                : 0.0% (cumulative 0.0%)
completed cycles / episode  : 0.000
synthetic task reward       : 1700.000
shaping reward              : 189.491
learning reward             : 1889.491
episode length              : 277.1
abstract changes / episode  : 22.9
same abstract-state steps   : 91.7%
same-state shaping / episode: 0.000
changed-state shaping / ep. : 189.491
terminal shaping / episode  : 12.567
DFA transitions / episode   : 1.56
DFA transitions in window   : 1->2: 56, 2->3: 34, 3->4: 28, 4->5: 21, 5->6: 17
epsilon (next episode)       : 0.11530
replay buffer                : 300000 samples [1: 53.4%, 2: 17.6%, 3: 13.6%, 4: 10.3%, 5: 5.1%, 6: 0.0%]
DFA state visits in window   : 1: 16484, 2: 4042, 3: 3067, 4: 3104, 5: 1093, 6: 17
DFA state visits cumulative  : 1: 2152453, 2: 554612, 3: 426395, 4: 224417, 5: 102300, 6: 1532
DFA state entries in window  : 1: 100, 2: 56, 3: 34, 4: 28, 5: 21, 6: 17
DFA state entries cumulative : 1: 10800, 2: 4009, 3: 2872, 4: 2294, 5: 1924, 6: 1532
transitions cumulative       : 1->2: 4009, 2->3: 2872, 3->4: 2294, 4->5: 1924, 5->6: 1532
accepted directly from s0    : 0
Gym endings cumulative       : terminated=8714, truncated=556

[Episode 10900/12000 | last 100]
success rate                : 18.0% (cumulative 14.2%)
failure rate                : 0.0% (cumulative 0.0%)
completed cycles / episode  : 0.000
synthetic task reward       : 1800.000
shaping reward              : 230.146
learning reward             : 2030.146
episode length              : 286.8
abstract changes / episode  : 23.4
same abstract-state steps   : 91.8%
same-state shaping / episode: 0.000
changed-state shaping / ep. : 230.146
terminal shaping / episode  : 16.218
DFA transitions / episode   : 1.50
DFA transitions in window   : 1->2: 56, 2->3: 34, 3->4: 23, 4->5: 19, 5->6: 18
epsilon (next episode)       : 0.11302
replay buffer                : 300000 samples [1: 54.9%, 2: 17.3%, 3: 13.3%, 4: 9.9%, 5: 4.6%, 6: 0.0%]
DFA state visits in window   : 1: 16604, 2: 5326, 3: 3719, 4: 2000, 5: 1114, 6: 18
DFA state visits cumulative  : 1: 2169057, 2: 559938, 3: 430114, 4: 226417, 5: 103414, 6: 1550
DFA state entries in window  : 1: 100, 2: 56, 3: 34, 4: 23, 5: 19, 6: 18
DFA state entries cumulative : 1: 10900, 2: 4065, 3: 2906, 4: 2317, 5: 1943, 6: 1550
transitions cumulative       : 1->2: 4065, 2->3: 2906, 3->4: 2317, 4->5: 1943, 5->6: 1550
accepted directly from s0    : 0
Gym endings cumulative       : terminated=8796, truncated=556

[Episode 11000/12000 | last 100]
success rate                : 39.0% (cumulative 14.4%)
failure rate                : 0.0% (cumulative 0.0%)
completed cycles / episode  : 0.000
synthetic task reward       : 3900.000
shaping reward              : 482.643
learning reward             : 4382.643
episode length              : 408.3
abstract changes / episode  : 33.2
same abstract-state steps   : 91.9%
same-state shaping / episode: 0.000
changed-state shaping / ep. : 482.643
terminal shaping / episode  : 38.131
DFA transitions / episode   : 2.61
DFA transitions in window   : 1->2: 68, 2->3: 54, 3->4: 51, 4->5: 49, 5->6: 39
epsilon (next episode)       : 0.11078
replay buffer                : 300000 samples [1: 55.9%, 2: 16.3%, 3: 13.0%, 4: 10.1%, 5: 4.7%, 6: 0.0%]
DFA state visits in window   : 1: 22401, 2: 5959, 3: 4708, 4: 4760, 5: 3067, 6: 39
DFA state visits cumulative  : 1: 2191458, 2: 565897, 3: 434822, 4: 231177, 5: 106481, 6: 1589
DFA state entries in window  : 1: 100, 2: 68, 3: 54, 4: 51, 5: 49, 6: 39
DFA state entries cumulative : 1: 11000, 2: 4133, 3: 2960, 4: 2368, 5: 1992, 6: 1589
transitions cumulative       : 1->2: 4133, 2->3: 2960, 3->4: 2368, 4->5: 1992, 5->6: 1589
accepted directly from s0    : 0
Gym endings cumulative       : terminated=8855, truncated=558

Starting autonomous greedy evaluation at episode 11000 (1000 fixed-seed episodes)...
[Greedy evaluation at episode 11000 | 1000 fixed-seed episodes]
success=83.8%, failure=0.0%, task reward=8380.000, length=366.6
DFA transitions: 1->2: 974, 2->3: 961, 3->4: 934, 4->5: 905, 5->6: 838

[Episode 11100/12000 | last 100]
success rate                : 31.0% (cumulative 14.6%)
failure rate                : 0.0% (cumulative 0.0%)
completed cycles / episode  : 0.000
synthetic task reward       : 3100.000
shaping reward              : 389.931
learning reward             : 3489.931
episode length              : 364.6
abstract changes / episode  : 30.2
same abstract-state steps   : 91.7%
same-state shaping / episode: 0.000
changed-state shaping / ep. : 389.931
terminal shaping / episode  : 29.171
DFA transitions / episode   : 2.28
DFA transitions in window   : 1->2: 65, 2->3: 50, 3->4: 42, 4->5: 40, 5->6: 31
epsilon (next episode)       : 0.10858
replay buffer                : 300000 samples [1: 55.9%, 2: 16.3%, 3: 12.9%, 4: 10.1%, 5: 4.9%, 6: 0.0%]
DFA state visits in window   : 1: 19497, 2: 6056, 3: 5319, 4: 3454, 5: 2199, 6: 31
DFA state visits cumulative  : 1: 2210955, 2: 571953, 3: 440141, 4: 234631, 5: 108680, 6: 1620
DFA state entries in window  : 1: 100, 2: 65, 3: 50, 4: 42, 5: 40, 6: 31
DFA state entries cumulative : 1: 11100, 2: 4198, 3: 3010, 4: 2410, 5: 2032, 6: 1620
transitions cumulative       : 1->2: 4198, 2->3: 3010, 3->4: 2410, 4->5: 2032, 5->6: 1620
accepted directly from s0    : 0
Gym endings cumulative       : terminated=8921, truncated=561

[Episode 11200/12000 | last 100]
success rate                : 27.0% (cumulative 14.7%)
failure rate                : 0.0% (cumulative 0.0%)
completed cycles / episode  : 0.000
synthetic task reward       : 2700.000
shaping reward              : 265.775
learning reward             : 2965.775
episode length              : 399.8
abstract changes / episode  : 31.3
same abstract-state steps   : 92.2%
same-state shaping / episode: 0.000
changed-state shaping / ep. : 265.775
terminal shaping / episode  : 25.254
DFA transitions / episode   : 1.88
DFA transitions in window   : 1->2: 52, 2->3: 41, 3->4: 36, 4->5: 32, 5->6: 27
epsilon (next episode)       : 0.10643
replay buffer                : 300000 samples [1: 58.7%, 2: 16.0%, 3: 11.5%, 4: 9.1%, 5: 4.7%, 6: 0.0%]
DFA state visits in window   : 1: 27774, 2: 4732, 3: 3040, 4: 2873, 5: 1632, 6: 27
DFA state visits cumulative  : 1: 2238729, 2: 576685, 3: 443181, 4: 237504, 5: 110312, 6: 1647
DFA state entries in window  : 1: 100, 2: 52, 3: 41, 4: 36, 5: 32, 6: 27
DFA state entries cumulative : 1: 11200, 2: 4250, 3: 3051, 4: 2446, 5: 2064, 6: 1647
transitions cumulative       : 1->2: 4250, 2->3: 3051, 3->4: 2446, 4->5: 2064, 5->6: 1647
accepted directly from s0    : 0
Gym endings cumulative       : terminated=8987, truncated=568

[Episode 11300/12000 | last 100]
success rate                : 43.0% (cumulative 15.0%)
failure rate                : 0.0% (cumulative 0.0%)
completed cycles / episode  : 0.000
synthetic task reward       : 4300.000
shaping reward              : 378.502
learning reward             : 4678.502
episode length              : 365.3
abstract changes / episode  : 30.6
same abstract-state steps   : 91.6%
same-state shaping / episode: 0.000
changed-state shaping / ep. : 378.502
terminal shaping / episode  : 39.463
DFA transitions / episode   : 2.43
DFA transitions in window   : 1->2: 56, 2->3: 50, 3->4: 48, 4->5: 46, 5->6: 43
epsilon (next episode)       : 0.10433
replay buffer                : 300000 samples [1: 60.5%, 2: 15.1%, 3: 10.3%, 4: 9.4%, 5: 4.7%, 6: 0.0%]
DFA state visits in window   : 1: 24642, 2: 3935, 3: 2944, 4: 3436, 5: 1631, 6: 43
DFA state visits cumulative  : 1: 2263371, 2: 580620, 3: 446125, 4: 240940, 5: 111943, 6: 1690
DFA state entries in window  : 1: 100, 2: 56, 3: 50, 4: 48, 5: 46, 6: 43
DFA state entries cumulative : 1: 11300, 2: 4306, 3: 3101, 4: 2494, 5: 2110, 6: 1690
transitions cumulative       : 1->2: 4306, 2->3: 3101, 3->4: 2494, 4->5: 2110, 5->6: 1690
accepted directly from s0    : 0
Gym endings cumulative       : terminated=9042, truncated=570

[Episode 11400/12000 | last 100]
success rate                : 26.0% (cumulative 15.1%)
failure rate                : 0.0% (cumulative 0.0%)
completed cycles / episode  : 0.000
synthetic task reward       : 2600.000
shaping reward              : 280.424
learning reward             : 2880.424
episode length              : 377.2
abstract changes / episode  : 30.0
same abstract-state steps   : 92.1%
same-state shaping / episode: 0.000
changed-state shaping / ep. : 280.424
terminal shaping / episode  : 26.009
DFA transitions / episode   : 1.89
DFA transitions in window   : 1->2: 54, 2->3: 44, 3->4: 34, 4->5: 31, 5->6: 26
epsilon (next episode)       : 0.10226
replay buffer                : 300000 samples [1: 61.4%, 2: 15.0%, 3: 10.3%, 4: 8.8%, 5: 4.5%, 6: 0.0%]
DFA state visits in window   : 1: 25059, 2: 5635, 3: 3805, 4: 2214, 5: 1077, 6: 26
DFA state visits cumulative  : 1: 2288430, 2: 586255, 3: 449930, 4: 243154, 5: 113020, 6: 1716
DFA state entries in window  : 1: 100, 2: 54, 3: 44, 4: 34, 5: 31, 6: 26
DFA state entries cumulative : 1: 11400, 2: 4360, 3: 3145, 4: 2528, 5: 2141, 6: 1716
transitions cumulative       : 1->2: 4360, 2->3: 3145, 3->4: 2528, 4->5: 2141, 5->6: 1716
accepted directly from s0    : 0
Gym endings cumulative       : terminated=9114, truncated=572

[Episode 11500/12000 | last 100]
success rate                : 51.0% (cumulative 15.4%)
failure rate                : 0.0% (cumulative 0.0%)
completed cycles / episode  : 0.000
synthetic task reward       : 5100.000
shaping reward              : 641.018
learning reward             : 5741.018
episode length              : 502.2
abstract changes / episode  : 36.9
same abstract-state steps   : 92.7%
same-state shaping / episode: 0.000
changed-state shaping / ep. : 641.018
terminal shaping / episode  : 50.077
DFA transitions / episode   : 3.38
DFA transitions in window   : 1->2: 80, 2->3: 76, 3->4: 70, 4->5: 61, 5->6: 51
epsilon (next episode)       : 0.10024
replay buffer                : 300000 samples [1: 60.4%, 2: 14.9%, 3: 10.6%, 4: 9.3%, 5: 4.9%, 6: 0.0%]
DFA state visits in window   : 1: 27246, 2: 8990, 3: 5085, 4: 6154, 5: 2798, 6: 51
DFA state visits cumulative  : 1: 2315676, 2: 595245, 3: 455015, 4: 249308, 5: 115818, 6: 1767
DFA state entries in window  : 1: 100, 2: 80, 3: 76, 4: 70, 5: 61, 6: 51
DFA state entries cumulative : 1: 11500, 2: 4440, 3: 3221, 4: 2598, 5: 2202, 6: 1767
transitions cumulative       : 1->2: 4440, 2->3: 3221, 3->4: 2598, 4->5: 2202, 5->6: 1767
accepted directly from s0    : 0
Gym endings cumulative       : terminated=9160, truncated=575

Starting autonomous greedy evaluation at episode 11500 (1000 fixed-seed episodes)...
[Greedy evaluation at episode 11500 | 1000 fixed-seed episodes]
success=18.5%, failure=0.0%, task reward=1850.000, length=764.0
DFA transitions: 1->2: 800, 2->3: 512, 3->4: 373, 4->5: 224, 5->6: 185

[Episode 11600/12000 | last 100]
success rate                : 44.0% (cumulative 15.6%)
failure rate                : 0.0% (cumulative 0.0%)
completed cycles / episode  : 0.000
synthetic task reward       : 4400.000
shaping reward              : 561.504
learning reward             : 4961.504
episode length              : 397.2
abstract changes / episode  : 27.9
same abstract-state steps   : 93.0%
same-state shaping / episode: 0.000
changed-state shaping / ep. : 561.504
terminal shaping / episode  : 44.036
DFA transitions / episode   : 2.92
DFA transitions in window   : 1->2: 68, 2->3: 67, 3->4: 63, 4->5: 50, 5->6: 44
epsilon (next episode)       : 0.09825
replay buffer                : 300000 samples [1: 58.6%, 2: 15.3%, 3: 10.9%, 4: 10.1%, 5: 5.1%, 6: 0.0%]
DFA state visits in window   : 1: 19171, 2: 6707, 3: 5214, 4: 6350, 5: 2331, 6: 44
DFA state visits cumulative  : 1: 2334847, 2: 601952, 3: 460229, 4: 255658, 5: 118149, 6: 1811
DFA state entries in window  : 1: 100, 2: 68, 3: 67, 4: 63, 5: 50, 6: 44
DFA state entries cumulative : 1: 11600, 2: 4508, 3: 3288, 4: 2661, 5: 2252, 6: 1811
transitions cumulative       : 1->2: 4508, 2->3: 3288, 3->4: 2661, 4->5: 2252, 5->6: 1811
accepted directly from s0    : 0
Gym endings cumulative       : terminated=9215, truncated=576

[Episode 11700/12000 | last 100]
success rate                : 60.0% (cumulative 16.0%)
failure rate                : 0.0% (cumulative 0.0%)
completed cycles / episode  : 0.000
synthetic task reward       : 6000.000
shaping reward              : 666.274
learning reward             : 6666.274
episode length              : 380.0
abstract changes / episode  : 28.7
same abstract-state steps   : 92.4%
same-state shaping / episode: 0.000
changed-state shaping / ep. : 666.274
terminal shaping / episode  : 60.914
DFA transitions / episode   : 3.59
DFA transitions in window   : 1->2: 81, 2->3: 79, 3->4: 75, 4->5: 64, 5->6: 60
epsilon (next episode)       : 0.09631
replay buffer                : 300000 samples [1: 57.8%, 2: 15.5%, 3: 11.3%, 4: 10.3%, 5: 5.1%, 6: 0.0%]
DFA state visits in window   : 1: 17988, 2: 7174, 3: 5954, 4: 4519, 5: 2408, 6: 60
DFA state visits cumulative  : 1: 2352835, 2: 609126, 3: 466183, 4: 260177, 5: 120557, 6: 1871
DFA state entries in window  : 1: 100, 2: 81, 3: 79, 4: 75, 5: 64, 6: 60
DFA state entries cumulative : 1: 11700, 2: 4589, 3: 3367, 4: 2736, 5: 2316, 6: 1871
transitions cumulative       : 1->2: 4589, 2->3: 3367, 3->4: 2736, 4->5: 2316, 5->6: 1871
accepted directly from s0    : 0
Gym endings cumulative       : terminated=9252, truncated=579

[Episode 11800/12000 | last 100]
success rate                : 66.0% (cumulative 16.4%)
failure rate                : 0.0% (cumulative 0.0%)
completed cycles / episode  : 0.000
synthetic task reward       : 6600.000
shaping reward              : 761.975
learning reward             : 7361.975
episode length              : 411.9
abstract changes / episode  : 31.6
same abstract-state steps   : 92.3%
same-state shaping / episode: 0.000
changed-state shaping / ep. : 761.975
terminal shaping / episode  : 66.000
DFA transitions / episode   : 4.05
DFA transitions in window   : 1->2: 95, 2->3: 86, 3->4: 82, 4->5: 76, 5->6: 66
epsilon (next episode)       : 0.09440
replay buffer                : 300000 samples [1: 56.5%, 2: 16.3%, 3: 11.0%, 4: 10.8%, 5: 5.5%, 6: 0.0%]
DFA state visits in window   : 1: 18040, 2: 8981, 3: 4966, 4: 5417, 5: 3815, 6: 66
DFA state visits cumulative  : 1: 2370875, 2: 618107, 3: 471149, 4: 265594, 5: 124372, 6: 1937
DFA state entries in window  : 1: 100, 2: 95, 3: 86, 4: 82, 5: 76, 6: 66
DFA state entries cumulative : 1: 11800, 2: 4684, 3: 3453, 4: 2818, 5: 2392, 6: 1937
transitions cumulative       : 1->2: 4684, 2->3: 3453, 3->4: 2818, 4->5: 2392, 5->6: 1937
accepted directly from s0    : 0
Gym endings cumulative       : terminated=9285, truncated=580

[Episode 11900/12000 | last 100]
success rate                : 45.0% (cumulative 16.7%)
failure rate                : 0.0% (cumulative 0.0%)
completed cycles / episode  : 0.000
synthetic task reward       : 4500.000
shaping reward              : 385.339
learning reward             : 4885.339
episode length              : 302.2
abstract changes / episode  : 24.3
same abstract-state steps   : 92.0%
same-state shaping / episode: 0.000
changed-state shaping / ep. : 385.339
terminal shaping / episode  : 45.000
DFA transitions / episode   : 2.66
DFA transitions in window   : 1->2: 67, 2->3: 53, 3->4: 51, 4->5: 50, 5->6: 45
epsilon (next episode)       : 0.09253
replay buffer                : 300000 samples [1: 55.6%, 2: 17.3%, 3: 10.8%, 4: 10.8%, 5: 5.5%, 6: 0.0%]
DFA state visits in window   : 1: 15265, 2: 8019, 3: 2791, 4: 2693, 5: 1506, 6: 45
DFA state visits cumulative  : 1: 2386140, 2: 626126, 3: 473940, 4: 268287, 5: 125878, 6: 1982
DFA state entries in window  : 1: 100, 2: 67, 3: 53, 4: 51, 5: 50, 6: 45
DFA state entries cumulative : 1: 11900, 2: 4751, 3: 3506, 4: 2869, 5: 2442, 6: 1982
transitions cumulative       : 1->2: 4751, 2->3: 3506, 3->4: 2869, 4->5: 2442, 5->6: 1982
accepted directly from s0    : 0
Gym endings cumulative       : terminated=9340, truncated=580

[Episode 12000/12000 | last 100]
success rate                : 56.0% (cumulative 17.0%)
failure rate                : 0.0% (cumulative 0.0%)
completed cycles / episode  : 0.000
synthetic task reward       : 5600.000
shaping reward              : 562.925
learning reward             : 6162.925
episode length              : 410.2
abstract changes / episode  : 28.7
same abstract-state steps   : 93.0%
same-state shaping / episode: 0.000
changed-state shaping / ep. : 562.925
terminal shaping / episode  : 56.000
DFA transitions / episode   : 3.22
DFA transitions in window   : 1->2: 72, 2->3: 67, 3->4: 64, 4->5: 63, 5->6: 56
epsilon (next episode)       : 0.09070
replay buffer                : 300000 samples [1: 54.2%, 2: 18.4%, 3: 11.0%, 4: 10.7%, 5: 5.7%, 6: 0.0%]
DFA state visits in window   : 1: 24802, 2: 7344, 3: 3544, 4: 3148, 5: 2225, 6: 56
DFA state visits cumulative  : 1: 2410942, 2: 633470, 3: 477484, 4: 271435, 5: 128103, 6: 2038
DFA state entries in window  : 1: 100, 2: 72, 3: 67, 4: 64, 5: 63, 6: 56
DFA state entries cumulative : 1: 12000, 2: 4823, 3: 3573, 4: 2933, 5: 2505, 6: 2038
transitions cumulative       : 1->2: 4823, 2->3: 3573, 3->4: 2933, 4->5: 2505, 5->6: 2038
accepted directly from s0    : 0
Gym endings cumulative       : terminated=9380, truncated=584

Starting autonomous greedy evaluation at episode 12000 (1000 fixed-seed episodes)...
[Greedy evaluation at episode 12000 | 1000 fixed-seed episodes]
success=87.0%, failure=0.0%, task reward=8700.000, length=326.9
DFA transitions: 1->2: 888, 2->3: 871, 3->4: 871, 4->5: 871, 5->6: 870
Last policy saved after episode 12000. Best greedy evaluation: episode 10000, mean task reward=9620.000
