
=== NEW RUN ===
episodes=12000, shaping=True, goal_reward=10000.0, gamma=0.99
gamma_shaping=1.0, shaping_formula=gamma_shaping*Phi(next)-Phi(state)
ground_unbiased_learner=False
eval_interval=500, eval_episodes=1000, eval_seed=100000
inter_level_shaping=False, inter_level_formula=gamma*Phi(next)-Phi(state)
task_type=ltlf, task=F(wp1 & X(F(wp2 & X(F(wp3 & X(F(wp4 & X(F(g1)))))))))
regions={wp1: {'center': [-0.75, 1.0625], 'radius': 0.1}, wp2: {'center': [-0.416667, 0.8125], 'radius': 0.1}, wp3: {'center': [0, 1.0625], 'radius': 0.1}, wp4: {'center': [0.4, 0.8125], 'radius': 0.1}, g1: {'center': [0.75, 1.0625], 'radius': 0.1}}
dfa_states=[1, 2, 3, 4, 5, 6], pre_trace=1, accepting=[6], failure=[]

[Episode 1/12000 | last 1]
success rate                : 0.0% (cumulative 0.0%)
failure rate                : 0.0% (cumulative 0.0%)
completed cycles / episode  : 0.000
synthetic task reward       : 0.000
shaping reward              : -187.355
learning reward             : -187.355
episode length              : 103.0
abstract changes / episode  : 7.0
same abstract-state steps   : 93.2%
same-state shaping / episode: 0.000
changed-state shaping / ep. : -187.355
terminal shaping / episode  : 0.000
DFA transitions / episode   : 0.00
DFA transitions in window   : none
epsilon (next episode)       : 0.99980
replay buffer                : 103 samples [1: 100.0%, 2: 0.0%, 3: 0.0%, 4: 0.0%, 5: 0.0%, 6: 0.0%]
DFA state visits in window   : 1: 104, 2: 0, 3: 0, 4: 0, 5: 0, 6: 0
DFA state visits cumulative  : 1: 104, 2: 0, 3: 0, 4: 0, 5: 0, 6: 0
DFA state entries in window  : 1: 1, 2: 0, 3: 0, 4: 0, 5: 0, 6: 0
DFA state entries cumulative : 1: 1, 2: 0, 3: 0, 4: 0, 5: 0, 6: 0
transitions cumulative       : none
accepted directly from s0    : 0
Gym endings cumulative       : terminated=1, truncated=0

[Episode 100/12000 | last 100]
success rate                : 0.0% (cumulative 0.0%)
failure rate                : 0.0% (cumulative 0.0%)
completed cycles / episode  : 0.000
synthetic task reward       : 0.000
shaping reward              : -168.690
learning reward             : -168.690
episode length              : 93.8
abstract changes / episode  : 5.7
same abstract-state steps   : 93.9%
same-state shaping / episode: 0.000
changed-state shaping / ep. : -168.690
terminal shaping / episode  : 0.000
DFA transitions / episode   : 0.01
DFA transitions in window   : 1->2: 1
epsilon (next episode)       : 0.98020
replay buffer                : 9381 samples [1: 99.8%, 2: 0.2%, 3: 0.0%, 4: 0.0%, 5: 0.0%, 6: 0.0%]
DFA state visits in window   : 1: 9457, 2: 24, 3: 0, 4: 0, 5: 0, 6: 0
DFA state visits cumulative  : 1: 9457, 2: 24, 3: 0, 4: 0, 5: 0, 6: 0
DFA state entries in window  : 1: 100, 2: 1, 3: 0, 4: 0, 5: 0, 6: 0
DFA state entries cumulative : 1: 100, 2: 1, 3: 0, 4: 0, 5: 0, 6: 0
transitions cumulative       : 1->2: 1
accepted directly from s0    : 0
Gym endings cumulative       : terminated=100, truncated=0

[Episode 200/12000 | last 100]
success rate                : 0.0% (cumulative 0.0%)
failure rate                : 0.0% (cumulative 0.0%)
completed cycles / episode  : 0.000
synthetic task reward       : 0.000
shaping reward              : -161.119
learning reward             : -161.119
episode length              : 92.2
abstract changes / episode  : 5.8
same abstract-state steps   : 93.7%
same-state shaping / episode: 0.000
changed-state shaping / ep. : -161.119
terminal shaping / episode  : -1.874
DFA transitions / episode   : 0.03
DFA transitions in window   : 1->2: 3
epsilon (next episode)       : 0.96079
replay buffer                : 18597 samples [1: 99.5%, 2: 0.5%, 3: 0.0%, 4: 0.0%, 5: 0.0%, 6: 0.0%]
DFA state visits in window   : 1: 9244, 2: 72, 3: 0, 4: 0, 5: 0, 6: 0
DFA state visits cumulative  : 1: 18701, 2: 96, 3: 0, 4: 0, 5: 0, 6: 0
DFA state entries in window  : 1: 100, 2: 3, 3: 0, 4: 0, 5: 0, 6: 0
DFA state entries cumulative : 1: 200, 2: 4, 3: 0, 4: 0, 5: 0, 6: 0
transitions cumulative       : 1->2: 4
accepted directly from s0    : 0
Gym endings cumulative       : terminated=200, truncated=0

[Episode 300/12000 | last 100]
success rate                : 0.0% (cumulative 0.0%)
failure rate                : 0.0% (cumulative 0.0%)
completed cycles / episode  : 0.000
synthetic task reward       : 0.000
shaping reward              : -172.399
learning reward             : -172.399
episode length              : 93.8
abstract changes / episode  : 5.7
same abstract-state steps   : 93.9%
same-state shaping / episode: 0.000
changed-state shaping / ep. : -172.399
terminal shaping / episode  : -0.932
DFA transitions / episode   : 0.00
DFA transitions in window   : none
epsilon (next episode)       : 0.94176
replay buffer                : 27974 samples [1: 99.7%, 2: 0.3%, 3: 0.0%, 4: 0.0%, 5: 0.0%, 6: 0.0%]
DFA state visits in window   : 1: 9477, 2: 0, 3: 0, 4: 0, 5: 0, 6: 0
DFA state visits cumulative  : 1: 28178, 2: 96, 3: 0, 4: 0, 5: 0, 6: 0
DFA state entries in window  : 1: 100, 2: 0, 3: 0, 4: 0, 5: 0, 6: 0
DFA state entries cumulative : 1: 300, 2: 4, 3: 0, 4: 0, 5: 0, 6: 0
transitions cumulative       : 1->2: 4
accepted directly from s0    : 0
Gym endings cumulative       : terminated=300, truncated=0

[Episode 400/12000 | last 100]
success rate                : 0.0% (cumulative 0.0%)
failure rate                : 0.0% (cumulative 0.0%)
completed cycles / episode  : 0.000
synthetic task reward       : 0.000
shaping reward              : -175.290
learning reward             : -175.290
episode length              : 95.0
abstract changes / episode  : 6.0
same abstract-state steps   : 93.7%
same-state shaping / episode: 0.000
changed-state shaping / ep. : -175.290
terminal shaping / episode  : -0.941
DFA transitions / episode   : 0.00
DFA transitions in window   : none
epsilon (next episode)       : 0.92311
replay buffer                : 37472 samples [1: 99.8%, 2: 0.2%, 3: 0.0%, 4: 0.0%, 5: 0.0%, 6: 0.0%]
DFA state visits in window   : 1: 9598, 2: 0, 3: 0, 4: 0, 5: 0, 6: 0
DFA state visits cumulative  : 1: 37776, 2: 96, 3: 0, 4: 0, 5: 0, 6: 0
DFA state entries in window  : 1: 100, 2: 0, 3: 0, 4: 0, 5: 0, 6: 0
DFA state entries cumulative : 1: 400, 2: 4, 3: 0, 4: 0, 5: 0, 6: 0
transitions cumulative       : 1->2: 4
accepted directly from s0    : 0
Gym endings cumulative       : terminated=400, truncated=0

[Episode 500/12000 | last 100]
success rate                : 0.0% (cumulative 0.0%)
failure rate                : 0.0% (cumulative 0.0%)
completed cycles / episode  : 0.000
synthetic task reward       : 0.000
shaping reward              : -167.691
learning reward             : -167.691
episode length              : 94.0
abstract changes / episode  : 5.9
same abstract-state steps   : 93.7%
same-state shaping / episode: 0.000
changed-state shaping / ep. : -167.691
terminal shaping / episode  : -1.874
DFA transitions / episode   : 0.04
DFA transitions in window   : 1->2: 4
epsilon (next episode)       : 0.90483
replay buffer                : 46868 samples [1: 99.6%, 2: 0.4%, 3: 0.0%, 4: 0.0%, 5: 0.0%, 6: 0.0%]
DFA state visits in window   : 1: 9380, 2: 116, 3: 0, 4: 0, 5: 0, 6: 0
DFA state visits cumulative  : 1: 47156, 2: 212, 3: 0, 4: 0, 5: 0, 6: 0
DFA state entries in window  : 1: 100, 2: 4, 3: 0, 4: 0, 5: 0, 6: 0
DFA state entries cumulative : 1: 500, 2: 8, 3: 0, 4: 0, 5: 0, 6: 0
transitions cumulative       : 1->2: 8
accepted directly from s0    : 0
Gym endings cumulative       : terminated=500, truncated=0

Starting autonomous greedy evaluation at episode 500 (1000 fixed-seed episodes)...
[Greedy evaluation at episode 500 | 1000 fixed-seed episodes]
success=0.0%, failure=0.0%, task reward=0.000, length=89.5
DFA transitions: 1->2: 269
Best policy updated from autonomous greedy evaluation at episode 500.

[Episode 600/12000 | last 100]
success rate                : 0.0% (cumulative 0.0%)
failure rate                : 0.0% (cumulative 0.0%)
completed cycles / episode  : 0.000
synthetic task reward       : 0.000
shaping reward              : -163.849
learning reward             : -163.849
episode length              : 100.5
abstract changes / episode  : 6.0
same abstract-state steps   : 94.1%
same-state shaping / episode: 0.000
changed-state shaping / ep. : -163.849
terminal shaping / episode  : 0.000
DFA transitions / episode   : 0.03
DFA transitions in window   : 1->2: 3
epsilon (next episode)       : 0.88691
replay buffer                : 56921 samples [1: 99.5%, 2: 0.5%, 3: 0.0%, 4: 0.0%, 5: 0.0%, 6: 0.0%]
DFA state visits in window   : 1: 10049, 2: 104, 3: 0, 4: 0, 5: 0, 6: 0
DFA state visits cumulative  : 1: 57205, 2: 316, 3: 0, 4: 0, 5: 0, 6: 0
DFA state entries in window  : 1: 100, 2: 3, 3: 0, 4: 0, 5: 0, 6: 0
DFA state entries cumulative : 1: 600, 2: 11, 3: 0, 4: 0, 5: 0, 6: 0
transitions cumulative       : 1->2: 11
accepted directly from s0    : 0
Gym endings cumulative       : terminated=600, truncated=0

[Episode 700/12000 | last 100]
success rate                : 0.0% (cumulative 0.0%)
failure rate                : 0.0% (cumulative 0.0%)
completed cycles / episode  : 0.000
synthetic task reward       : 0.000
shaping reward              : -161.233
learning reward             : -161.233
episode length              : 106.8
abstract changes / episode  : 6.1
same abstract-state steps   : 94.3%
same-state shaping / episode: 0.000
changed-state shaping / ep. : -161.233
terminal shaping / episode  : 0.000
DFA transitions / episode   : 0.03
DFA transitions in window   : 1->2: 3
epsilon (next episode)       : 0.86935
replay buffer                : 67606 samples [1: 99.4%, 2: 0.6%, 3: 0.0%, 4: 0.0%, 5: 0.0%, 6: 0.0%]
DFA state visits in window   : 1: 10682, 2: 103, 3: 0, 4: 0, 5: 0, 6: 0
DFA state visits cumulative  : 1: 67887, 2: 419, 3: 0, 4: 0, 5: 0, 6: 0
DFA state entries in window  : 1: 100, 2: 3, 3: 0, 4: 0, 5: 0, 6: 0
DFA state entries cumulative : 1: 700, 2: 14, 3: 0, 4: 0, 5: 0, 6: 0
transitions cumulative       : 1->2: 14
accepted directly from s0    : 0
Gym endings cumulative       : terminated=699, truncated=1

[Episode 800/12000 | last 100]
success rate                : 0.0% (cumulative 0.0%)
failure rate                : 0.0% (cumulative 0.0%)
completed cycles / episode  : 0.000
synthetic task reward       : 0.000
shaping reward              : -162.099
learning reward             : -162.099
episode length              : 102.8
abstract changes / episode  : 6.0
same abstract-state steps   : 94.2%
same-state shaping / episode: 0.000
changed-state shaping / ep. : -162.099
terminal shaping / episode  : 0.932
DFA transitions / episode   : 0.01
DFA transitions in window   : 1->2: 1
epsilon (next episode)       : 0.85213
replay buffer                : 77890 samples [1: 99.4%, 2: 0.6%, 3: 0.0%, 4: 0.0%, 5: 0.0%, 6: 0.0%]
DFA state visits in window   : 1: 10352, 2: 32, 3: 0, 4: 0, 5: 0, 6: 0
DFA state visits cumulative  : 1: 78239, 2: 451, 3: 0, 4: 0, 5: 0, 6: 0
DFA state entries in window  : 1: 100, 2: 1, 3: 0, 4: 0, 5: 0, 6: 0
DFA state entries cumulative : 1: 800, 2: 15, 3: 0, 4: 0, 5: 0, 6: 0
transitions cumulative       : 1->2: 15
accepted directly from s0    : 0
Gym endings cumulative       : terminated=799, truncated=1

[Episode 900/12000 | last 100]
success rate                : 0.0% (cumulative 0.0%)
failure rate                : 0.0% (cumulative 0.0%)
completed cycles / episode  : 0.000
synthetic task reward       : 0.000
shaping reward              : -152.523
learning reward             : -152.523
episode length              : 106.8
abstract changes / episode  : 5.8
same abstract-state steps   : 94.6%
same-state shaping / episode: 0.000
changed-state shaping / ep. : -152.523
terminal shaping / episode  : -0.941
DFA transitions / episode   : 0.02
DFA transitions in window   : 1->2: 2
epsilon (next episode)       : 0.83526
replay buffer                : 88573 samples [1: 99.5%, 2: 0.5%, 3: 0.0%, 4: 0.0%, 5: 0.0%, 6: 0.0%]
DFA state visits in window   : 1: 10742, 2: 41, 3: 0, 4: 0, 5: 0, 6: 0
DFA state visits cumulative  : 1: 88981, 2: 492, 3: 0, 4: 0, 5: 0, 6: 0
DFA state entries in window  : 1: 100, 2: 2, 3: 0, 4: 0, 5: 0, 6: 0
DFA state entries cumulative : 1: 900, 2: 17, 3: 0, 4: 0, 5: 0, 6: 0
transitions cumulative       : 1->2: 17
accepted directly from s0    : 0
Gym endings cumulative       : terminated=899, truncated=1

[Episode 1000/12000 | last 100]
success rate                : 0.0% (cumulative 0.0%)
failure rate                : 0.0% (cumulative 0.0%)
completed cycles / episode  : 0.000
synthetic task reward       : 0.000
shaping reward              : -151.562
learning reward             : -151.562
episode length              : 107.3
abstract changes / episode  : 5.8
same abstract-state steps   : 94.6%
same-state shaping / episode: 0.000
changed-state shaping / ep. : -151.562
terminal shaping / episode  : -1.892
DFA transitions / episode   : 0.05
DFA transitions in window   : 1->2: 5
epsilon (next episode)       : 0.81871
replay buffer                : 99306 samples [1: 99.4%, 2: 0.6%, 3: 0.0%, 4: 0.0%, 5: 0.0%, 6: 0.0%]
DFA state visits in window   : 1: 10731, 2: 102, 3: 0, 4: 0, 5: 0, 6: 0
DFA state visits cumulative  : 1: 99712, 2: 594, 3: 0, 4: 0, 5: 0, 6: 0
DFA state entries in window  : 1: 100, 2: 5, 3: 0, 4: 0, 5: 0, 6: 0
DFA state entries cumulative : 1: 1000, 2: 22, 3: 0, 4: 0, 5: 0, 6: 0
transitions cumulative       : 1->2: 22
accepted directly from s0    : 0
Gym endings cumulative       : terminated=999, truncated=1

Starting autonomous greedy evaluation at episode 1000 (1000 fixed-seed episodes)...
[Greedy evaluation at episode 1000 | 1000 fixed-seed episodes]
success=0.0%, failure=0.0%, task reward=0.000, length=124.2
DFA transitions: none

[Episode 1100/12000 | last 100]
success rate                : 0.0% (cumulative 0.0%)
failure rate                : 0.0% (cumulative 0.0%)
completed cycles / episode  : 0.000
synthetic task reward       : 0.000
shaping reward              : -154.463
learning reward             : -154.463
episode length              : 107.0
abstract changes / episode  : 5.7
same abstract-state steps   : 94.7%
same-state shaping / episode: 0.000
changed-state shaping / ep. : -154.463
terminal shaping / episode  : 0.000
DFA transitions / episode   : 0.02
DFA transitions in window   : 1->2: 2
epsilon (next episode)       : 0.80250
replay buffer                : 110001 samples [1: 99.4%, 2: 0.6%, 3: 0.0%, 4: 0.0%, 5: 0.0%, 6: 0.0%]
DFA state visits in window   : 1: 10729, 2: 66, 3: 0, 4: 0, 5: 0, 6: 0
DFA state visits cumulative  : 1: 110441, 2: 660, 3: 0, 4: 0, 5: 0, 6: 0
DFA state entries in window  : 1: 100, 2: 2, 3: 0, 4: 0, 5: 0, 6: 0
DFA state entries cumulative : 1: 1100, 2: 24, 3: 0, 4: 0, 5: 0, 6: 0
transitions cumulative       : 1->2: 24
accepted directly from s0    : 0
Gym endings cumulative       : terminated=1099, truncated=1

[Episode 1200/12000 | last 100]
success rate                : 0.0% (cumulative 0.0%)
failure rate                : 0.0% (cumulative 0.0%)
completed cycles / episode  : 0.000
synthetic task reward       : 0.000
shaping reward              : -157.288
learning reward             : -157.288
episode length              : 119.3
abstract changes / episode  : 6.0
same abstract-state steps   : 95.0%
same-state shaping / episode: 0.000
changed-state shaping / ep. : -157.288
terminal shaping / episode  : -1.874
DFA transitions / episode   : 0.00
DFA transitions in window   : none
epsilon (next episode)       : 0.78661
replay buffer                : 121933 samples [1: 99.5%, 2: 0.5%, 3: 0.0%, 4: 0.0%, 5: 0.0%, 6: 0.0%]
DFA state visits in window   : 1: 12032, 2: 0, 3: 0, 4: 0, 5: 0, 6: 0
DFA state visits cumulative  : 1: 122473, 2: 660, 3: 0, 4: 0, 5: 0, 6: 0
DFA state entries in window  : 1: 100, 2: 0, 3: 0, 4: 0, 5: 0, 6: 0
DFA state entries cumulative : 1: 1200, 2: 24, 3: 0, 4: 0, 5: 0, 6: 0
transitions cumulative       : 1->2: 24
accepted directly from s0    : 0
Gym endings cumulative       : terminated=1198, truncated=2

[Episode 1300/12000 | last 100]
success rate                : 0.0% (cumulative 0.0%)
failure rate                : 0.0% (cumulative 0.0%)
completed cycles / episode  : 0.000
synthetic task reward       : 0.000
shaping reward              : -159.227
learning reward             : -159.227
episode length              : 118.0
abstract changes / episode  : 6.0
same abstract-state steps   : 94.9%
same-state shaping / episode: 0.000
changed-state shaping / ep. : -159.227
terminal shaping / episode  : -0.932
DFA transitions / episode   : 0.00
DFA transitions in window   : none
epsilon (next episode)       : 0.77103
replay buffer                : 133736 samples [1: 99.5%, 2: 0.5%, 3: 0.0%, 4: 0.0%, 5: 0.0%, 6: 0.0%]
DFA state visits in window   : 1: 11903, 2: 0, 3: 0, 4: 0, 5: 0, 6: 0
DFA state visits cumulative  : 1: 134376, 2: 660, 3: 0, 4: 0, 5: 0, 6: 0
DFA state entries in window  : 1: 100, 2: 0, 3: 0, 4: 0, 5: 0, 6: 0
DFA state entries cumulative : 1: 1300, 2: 24, 3: 0, 4: 0, 5: 0, 6: 0
transitions cumulative       : 1->2: 24
accepted directly from s0    : 0
Gym endings cumulative       : terminated=1298, truncated=2

[Episode 1400/12000 | last 100]
success rate                : 0.0% (cumulative 0.0%)
failure rate                : 0.0% (cumulative 0.0%)
completed cycles / episode  : 0.000
synthetic task reward       : 0.000
shaping reward              : -150.819
learning reward             : -150.819
episode length              : 126.0
abstract changes / episode  : 6.0
same abstract-state steps   : 95.2%
same-state shaping / episode: 0.000
changed-state shaping / ep. : -150.819
terminal shaping / episode  : -0.951
DFA transitions / episode   : 0.03
DFA transitions in window   : 1->2: 3
epsilon (next episode)       : 0.75576
replay buffer                : 146337 samples [1: 99.5%, 2: 0.5%, 3: 0.0%, 4: 0.0%, 5: 0.0%, 6: 0.0%]
DFA state visits in window   : 1: 12577, 2: 124, 3: 0, 4: 0, 5: 0, 6: 0
DFA state visits cumulative  : 1: 146953, 2: 784, 3: 0, 4: 0, 5: 0, 6: 0
DFA state entries in window  : 1: 100, 2: 3, 3: 0, 4: 0, 5: 0, 6: 0
DFA state entries cumulative : 1: 1400, 2: 27, 3: 0, 4: 0, 5: 0, 6: 0
transitions cumulative       : 1->2: 27
accepted directly from s0    : 0
Gym endings cumulative       : terminated=1397, truncated=3

[Episode 1500/12000 | last 100]
success rate                : 0.0% (cumulative 0.0%)
failure rate                : 0.0% (cumulative 0.0%)
completed cycles / episode  : 0.000
synthetic task reward       : 0.000
shaping reward              : -159.426
learning reward             : -159.426
episode length              : 123.8
abstract changes / episode  : 6.0
same abstract-state steps   : 95.2%
same-state shaping / episode: 0.000
changed-state shaping / ep. : -159.426
terminal shaping / episode  : 0.000
DFA transitions / episode   : 0.01
DFA transitions in window   : 1->2: 1
epsilon (next episode)       : 0.74080
replay buffer                : 158722 samples [1: 99.5%, 2: 0.5%, 3: 0.0%, 4: 0.0%, 5: 0.0%, 6: 0.0%]
DFA state visits in window   : 1: 12452, 2: 33, 3: 0, 4: 0, 5: 0, 6: 0
DFA state visits cumulative  : 1: 159405, 2: 817, 3: 0, 4: 0, 5: 0, 6: 0
DFA state entries in window  : 1: 100, 2: 1, 3: 0, 4: 0, 5: 0, 6: 0
DFA state entries cumulative : 1: 1500, 2: 28, 3: 0, 4: 0, 5: 0, 6: 0
transitions cumulative       : 1->2: 28
accepted directly from s0    : 0
Gym endings cumulative       : terminated=1497, truncated=3

Starting autonomous greedy evaluation at episode 1500 (1000 fixed-seed episodes)...
[Greedy evaluation at episode 1500 | 1000 fixed-seed episodes]
success=0.0%, failure=0.0%, task reward=0.000, length=320.1
DFA transitions: none

[Episode 1600/12000 | last 100]
success rate                : 0.0% (cumulative 0.0%)
failure rate                : 0.0% (cumulative 0.0%)
completed cycles / episode  : 0.000
synthetic task reward       : 0.000
shaping reward              : -174.178
learning reward             : -174.178
episode length              : 124.2
abstract changes / episode  : 6.0
same abstract-state steps   : 95.1%
same-state shaping / episode: 0.000
changed-state shaping / ep. : -174.178
terminal shaping / episode  : 0.000
DFA transitions / episode   : 0.01
DFA transitions in window   : 1->2: 1
epsilon (next episode)       : 0.72613
replay buffer                : 171139 samples [1: 99.5%, 2: 0.5%, 3: 0.0%, 4: 0.0%, 5: 0.0%, 6: 0.0%]
DFA state visits in window   : 1: 12470, 2: 47, 3: 0, 4: 0, 5: 0, 6: 0
DFA state visits cumulative  : 1: 171875, 2: 864, 3: 0, 4: 0, 5: 0, 6: 0
DFA state entries in window  : 1: 100, 2: 1, 3: 0, 4: 0, 5: 0, 6: 0
DFA state entries cumulative : 1: 1600, 2: 29, 3: 0, 4: 0, 5: 0, 6: 0
transitions cumulative       : 1->2: 29
accepted directly from s0    : 0
Gym endings cumulative       : terminated=1596, truncated=4

[Episode 1700/12000 | last 100]
success rate                : 0.0% (cumulative 0.0%)
failure rate                : 0.0% (cumulative 0.0%)
completed cycles / episode  : 0.000
synthetic task reward       : 0.000
shaping reward              : -167.776
learning reward             : -167.776
episode length              : 116.5
abstract changes / episode  : 5.9
same abstract-state steps   : 94.9%
same-state shaping / episode: 0.000
changed-state shaping / ep. : -167.776
terminal shaping / episode  : 0.000
DFA transitions / episode   : 0.01
DFA transitions in window   : 1->2: 1
epsilon (next episode)       : 0.71175
replay buffer                : 182790 samples [1: 99.5%, 2: 0.5%, 3: 0.0%, 4: 0.0%, 5: 0.0%, 6: 0.0%]
DFA state visits in window   : 1: 11716, 2: 35, 3: 0, 4: 0, 5: 0, 6: 0
DFA state visits cumulative  : 1: 183591, 2: 899, 3: 0, 4: 0, 5: 0, 6: 0
DFA state entries in window  : 1: 100, 2: 1, 3: 0, 4: 0, 5: 0, 6: 0
DFA state entries cumulative : 1: 1700, 2: 30, 3: 0, 4: 0, 5: 0, 6: 0
transitions cumulative       : 1->2: 30
accepted directly from s0    : 0
Gym endings cumulative       : terminated=1696, truncated=4

[Episode 1800/12000 | last 100]
success rate                : 0.0% (cumulative 0.0%)
failure rate                : 0.0% (cumulative 0.0%)
completed cycles / episode  : 0.000
synthetic task reward       : 0.000
shaping reward              : -164.942
learning reward             : -164.942
episode length              : 109.6
abstract changes / episode  : 5.8
same abstract-state steps   : 94.7%
same-state shaping / episode: 0.000
changed-state shaping / ep. : -164.942
terminal shaping / episode  : 0.000
DFA transitions / episode   : 0.00
DFA transitions in window   : none
epsilon (next episode)       : 0.69765
replay buffer                : 193753 samples [1: 99.6%, 2: 0.4%, 3: 0.0%, 4: 0.0%, 5: 0.0%, 6: 0.0%]
DFA state visits in window   : 1: 11063, 2: 0, 3: 0, 4: 0, 5: 0, 6: 0
DFA state visits cumulative  : 1: 194654, 2: 899, 3: 0, 4: 0, 5: 0, 6: 0
DFA state entries in window  : 1: 100, 2: 0, 3: 0, 4: 0, 5: 0, 6: 0
DFA state entries cumulative : 1: 1800, 2: 30, 3: 0, 4: 0, 5: 0, 6: 0
transitions cumulative       : 1->2: 30
accepted directly from s0    : 0
Gym endings cumulative       : terminated=1796, truncated=4

[Episode 1900/12000 | last 100]
success rate                : 0.0% (cumulative 0.0%)
failure rate                : 0.0% (cumulative 0.0%)
completed cycles / episode  : 0.000
synthetic task reward       : 0.000
shaping reward              : -160.358
learning reward             : -160.358
episode length              : 113.3
abstract changes / episode  : 5.7
same abstract-state steps   : 94.9%
same-state shaping / episode: 0.000
changed-state shaping / ep. : -160.358
terminal shaping / episode  : 0.000
DFA transitions / episode   : 0.00
DFA transitions in window   : none
epsilon (next episode)       : 0.68384
replay buffer                : 205082 samples [1: 99.6%, 2: 0.4%, 3: 0.0%, 4: 0.0%, 5: 0.0%, 6: 0.0%]
DFA state visits in window   : 1: 11429, 2: 0, 3: 0, 4: 0, 5: 0, 6: 0
DFA state visits cumulative  : 1: 206083, 2: 899, 3: 0, 4: 0, 5: 0, 6: 0
DFA state entries in window  : 1: 100, 2: 0, 3: 0, 4: 0, 5: 0, 6: 0
DFA state entries cumulative : 1: 1900, 2: 30, 3: 0, 4: 0, 5: 0, 6: 0
transitions cumulative       : 1->2: 30
accepted directly from s0    : 0
Gym endings cumulative       : terminated=1896, truncated=4

[Episode 2000/12000 | last 100]
success rate                : 0.0% (cumulative 0.0%)
failure rate                : 0.0% (cumulative 0.0%)
completed cycles / episode  : 0.000
synthetic task reward       : 0.000
shaping reward              : -169.622
learning reward             : -169.622
episode length              : 136.4
abstract changes / episode  : 6.1
same abstract-state steps   : 95.5%
same-state shaping / episode: 0.000
changed-state shaping / ep. : -169.622
terminal shaping / episode  : 0.000
DFA transitions / episode   : 0.00
DFA transitions in window   : none
epsilon (next episode)       : 0.67029
replay buffer                : 218721 samples [1: 99.6%, 2: 0.4%, 3: 0.0%, 4: 0.0%, 5: 0.0%, 6: 0.0%]
DFA state visits in window   : 1: 13739, 2: 0, 3: 0, 4: 0, 5: 0, 6: 0
DFA state visits cumulative  : 1: 219822, 2: 899, 3: 0, 4: 0, 5: 0, 6: 0
DFA state entries in window  : 1: 100, 2: 0, 3: 0, 4: 0, 5: 0, 6: 0
DFA state entries cumulative : 1: 2000, 2: 30, 3: 0, 4: 0, 5: 0, 6: 0
transitions cumulative       : 1->2: 30
accepted directly from s0    : 0
Gym endings cumulative       : terminated=1993, truncated=7

Starting autonomous greedy evaluation at episode 2000 (1000 fixed-seed episodes)...
[Greedy evaluation at episode 2000 | 1000 fixed-seed episodes]
success=0.0%, failure=0.0%, task reward=0.000, length=600.7
DFA transitions: none

[Episode 2100/12000 | last 100]
success rate                : 0.0% (cumulative 0.0%)
failure rate                : 0.0% (cumulative 0.0%)
completed cycles / episode  : 0.000
synthetic task reward       : 0.000
shaping reward              : -175.252
learning reward             : -175.252
episode length              : 133.2
abstract changes / episode  : 5.7
same abstract-state steps   : 95.7%
same-state shaping / episode: 0.000
changed-state shaping / ep. : -175.252
terminal shaping / episode  : 0.000
DFA transitions / episode   : 0.00
DFA transitions in window   : none
epsilon (next episode)       : 0.65702
replay buffer                : 232040 samples [1: 99.6%, 2: 0.4%, 3: 0.0%, 4: 0.0%, 5: 0.0%, 6: 0.0%]
DFA state visits in window   : 1: 13419, 2: 0, 3: 0, 4: 0, 5: 0, 6: 0
DFA state visits cumulative  : 1: 233241, 2: 899, 3: 0, 4: 0, 5: 0, 6: 0
DFA state entries in window  : 1: 100, 2: 0, 3: 0, 4: 0, 5: 0, 6: 0
DFA state entries cumulative : 1: 2100, 2: 30, 3: 0, 4: 0, 5: 0, 6: 0
transitions cumulative       : 1->2: 30
accepted directly from s0    : 0
Gym endings cumulative       : terminated=2090, truncated=10

[Episode 2200/12000 | last 100]
success rate                : 0.0% (cumulative 0.0%)
failure rate                : 0.0% (cumulative 0.0%)
completed cycles / episode  : 0.000
synthetic task reward       : 0.000
shaping reward              : -179.037
learning reward             : -179.037
episode length              : 127.1
abstract changes / episode  : 5.7
same abstract-state steps   : 95.5%
same-state shaping / episode: 0.000
changed-state shaping / ep. : -179.037
terminal shaping / episode  : -1.864
DFA transitions / episode   : 0.00
DFA transitions in window   : none
epsilon (next episode)       : 0.64401
replay buffer                : 244750 samples [1: 99.6%, 2: 0.4%, 3: 0.0%, 4: 0.0%, 5: 0.0%, 6: 0.0%]
DFA state visits in window   : 1: 12810, 2: 0, 3: 0, 4: 0, 5: 0, 6: 0
DFA state visits cumulative  : 1: 246051, 2: 899, 3: 0, 4: 0, 5: 0, 6: 0
DFA state entries in window  : 1: 100, 2: 0, 3: 0, 4: 0, 5: 0, 6: 0
DFA state entries cumulative : 1: 2200, 2: 30, 3: 0, 4: 0, 5: 0, 6: 0
transitions cumulative       : 1->2: 30
accepted directly from s0    : 0
Gym endings cumulative       : terminated=2188, truncated=12

[Episode 2300/12000 | last 100]
success rate                : 0.0% (cumulative 0.0%)
failure rate                : 0.0% (cumulative 0.0%)
completed cycles / episode  : 0.000
synthetic task reward       : 0.000
shaping reward              : -172.361
learning reward             : -172.361
episode length              : 122.2
abstract changes / episode  : 5.9
same abstract-state steps   : 95.2%
same-state shaping / episode: 0.000
changed-state shaping / ep. : -172.361
terminal shaping / episode  : 0.000
DFA transitions / episode   : 0.00
DFA transitions in window   : none
epsilon (next episode)       : 0.63125
replay buffer                : 256973 samples [1: 99.7%, 2: 0.3%, 3: 0.0%, 4: 0.0%, 5: 0.0%, 6: 0.0%]
DFA state visits in window   : 1: 12323, 2: 0, 3: 0, 4: 0, 5: 0, 6: 0
DFA state visits cumulative  : 1: 258374, 2: 899, 3: 0, 4: 0, 5: 0, 6: 0
DFA state entries in window  : 1: 100, 2: 0, 3: 0, 4: 0, 5: 0, 6: 0
DFA state entries cumulative : 1: 2300, 2: 30, 3: 0, 4: 0, 5: 0, 6: 0
transitions cumulative       : 1->2: 30
accepted directly from s0    : 0
Gym endings cumulative       : terminated=2286, truncated=14

[Episode 2400/12000 | last 100]
success rate                : 0.0% (cumulative 0.0%)
failure rate                : 0.0% (cumulative 0.0%)
completed cycles / episode  : 0.000
synthetic task reward       : 0.000
shaping reward              : -167.814
learning reward             : -167.814
episode length              : 118.9
abstract changes / episode  : 5.8
same abstract-state steps   : 95.1%
same-state shaping / episode: 0.000
changed-state shaping / ep. : -167.814
terminal shaping / episode  : 0.000
DFA transitions / episode   : 0.00
DFA transitions in window   : none
epsilon (next episode)       : 0.61875
replay buffer                : 268866 samples [1: 99.7%, 2: 0.3%, 3: 0.0%, 4: 0.0%, 5: 0.0%, 6: 0.0%]
DFA state visits in window   : 1: 11993, 2: 0, 3: 0, 4: 0, 5: 0, 6: 0
DFA state visits cumulative  : 1: 270367, 2: 899, 3: 0, 4: 0, 5: 0, 6: 0
DFA state entries in window  : 1: 100, 2: 0, 3: 0, 4: 0, 5: 0, 6: 0
DFA state entries cumulative : 1: 2400, 2: 30, 3: 0, 4: 0, 5: 0, 6: 0
transitions cumulative       : 1->2: 30
accepted directly from s0    : 0
Gym endings cumulative       : terminated=2384, truncated=16

[Episode 2500/12000 | last 100]
success rate                : 0.0% (cumulative 0.0%)
failure rate                : 0.0% (cumulative 0.0%)
completed cycles / episode  : 0.000
synthetic task reward       : 0.000
shaping reward              : -167.043
learning reward             : -167.043
episode length              : 121.0
abstract changes / episode  : 5.8
same abstract-state steps   : 95.2%
same-state shaping / episode: 0.000
changed-state shaping / ep. : -167.043
terminal shaping / episode  : 0.000
DFA transitions / episode   : 0.00
DFA transitions in window   : none
epsilon (next episode)       : 0.60650
replay buffer                : 280969 samples [1: 99.7%, 2: 0.3%, 3: 0.0%, 4: 0.0%, 5: 0.0%, 6: 0.0%]
DFA state visits in window   : 1: 12203, 2: 0, 3: 0, 4: 0, 5: 0, 6: 0
DFA state visits cumulative  : 1: 282570, 2: 899, 3: 0, 4: 0, 5: 0, 6: 0
DFA state entries in window  : 1: 100, 2: 0, 3: 0, 4: 0, 5: 0, 6: 0
DFA state entries cumulative : 1: 2500, 2: 30, 3: 0, 4: 0, 5: 0, 6: 0
transitions cumulative       : 1->2: 30
accepted directly from s0    : 0
Gym endings cumulative       : terminated=2482, truncated=18

Starting autonomous greedy evaluation at episode 2500 (1000 fixed-seed episodes)...
[Greedy evaluation at episode 2500 | 1000 fixed-seed episodes]
success=0.0%, failure=0.0%, task reward=0.000, length=845.0
DFA transitions: 1->2: 20, 2->3: 16, 3->4: 3

[Episode 2600/12000 | last 100]
success rate                : 0.0% (cumulative 0.0%)
failure rate                : 0.0% (cumulative 0.0%)
completed cycles / episode  : 0.000
synthetic task reward       : 0.000
shaping reward              : -161.366
learning reward             : -161.366
episode length              : 118.1
abstract changes / episode  : 5.6
same abstract-state steps   : 95.2%
same-state shaping / episode: 0.000
changed-state shaping / ep. : -161.366
terminal shaping / episode  : 0.000
DFA transitions / episode   : 0.00
DFA transitions in window   : none
epsilon (next episode)       : 0.59449
replay buffer                : 292782 samples [1: 99.7%, 2: 0.3%, 3: 0.0%, 4: 0.0%, 5: 0.0%, 6: 0.0%]
DFA state visits in window   : 1: 11913, 2: 0, 3: 0, 4: 0, 5: 0, 6: 0
DFA state visits cumulative  : 1: 294483, 2: 899, 3: 0, 4: 0, 5: 0, 6: 0
DFA state entries in window  : 1: 100, 2: 0, 3: 0, 4: 0, 5: 0, 6: 0
DFA state entries cumulative : 1: 2600, 2: 30, 3: 0, 4: 0, 5: 0, 6: 0
transitions cumulative       : 1->2: 30
accepted directly from s0    : 0
Gym endings cumulative       : terminated=2581, truncated=19

[Episode 2700/12000 | last 100]
success rate                : 0.0% (cumulative 0.0%)
failure rate                : 0.0% (cumulative 0.0%)
completed cycles / episode  : 0.000
synthetic task reward       : 0.000
shaping reward              : -151.028
learning reward             : -151.028
episode length              : 110.8
abstract changes / episode  : 5.6
same abstract-state steps   : 94.9%
same-state shaping / episode: 0.000
changed-state shaping / ep. : -151.028
terminal shaping / episode  : 0.000
DFA transitions / episode   : 0.00
DFA transitions in window   : none
epsilon (next episode)       : 0.58272
replay buffer                : 300000 samples [1: 99.7%, 2: 0.3%, 3: 0.0%, 4: 0.0%, 5: 0.0%, 6: 0.0%]
DFA state visits in window   : 1: 11179, 2: 0, 3: 0, 4: 0, 5: 0, 6: 0
DFA state visits cumulative  : 1: 305662, 2: 899, 3: 0, 4: 0, 5: 0, 6: 0
DFA state entries in window  : 1: 100, 2: 0, 3: 0, 4: 0, 5: 0, 6: 0
DFA state entries cumulative : 1: 2700, 2: 30, 3: 0, 4: 0, 5: 0, 6: 0
transitions cumulative       : 1->2: 30
accepted directly from s0    : 0
Gym endings cumulative       : terminated=2680, truncated=20

[Episode 2800/12000 | last 100]
success rate                : 0.0% (cumulative 0.0%)
failure rate                : 0.0% (cumulative 0.0%)
completed cycles / episode  : 0.000
synthetic task reward       : 0.000
shaping reward              : -155.660
learning reward             : -155.660
episode length              : 113.4
abstract changes / episode  : 5.6
same abstract-state steps   : 95.1%
same-state shaping / episode: 0.000
changed-state shaping / ep. : -155.660
terminal shaping / episode  : 0.000
DFA transitions / episode   : 0.00
DFA transitions in window   : none
epsilon (next episode)       : 0.57118
replay buffer                : 300000 samples [1: 99.7%, 2: 0.3%, 3: 0.0%, 4: 0.0%, 5: 0.0%, 6: 0.0%]
DFA state visits in window   : 1: 11442, 2: 0, 3: 0, 4: 0, 5: 0, 6: 0
DFA state visits cumulative  : 1: 317104, 2: 899, 3: 0, 4: 0, 5: 0, 6: 0
DFA state entries in window  : 1: 100, 2: 0, 3: 0, 4: 0, 5: 0, 6: 0
DFA state entries cumulative : 1: 2800, 2: 30, 3: 0, 4: 0, 5: 0, 6: 0
transitions cumulative       : 1->2: 30
accepted directly from s0    : 0
Gym endings cumulative       : terminated=2779, truncated=21

[Episode 2900/12000 | last 100]
success rate                : 0.0% (cumulative 0.0%)
failure rate                : 0.0% (cumulative 0.0%)
completed cycles / episode  : 0.000
synthetic task reward       : 0.000
shaping reward              : -151.969
learning reward             : -151.969
episode length              : 133.9
abstract changes / episode  : 5.6
same abstract-state steps   : 95.8%
same-state shaping / episode: 0.000
changed-state shaping / ep. : -151.969
terminal shaping / episode  : 0.932
DFA transitions / episode   : 0.00
DFA transitions in window   : none
epsilon (next episode)       : 0.55987
replay buffer                : 300000 samples [1: 99.7%, 2: 0.3%, 3: 0.0%, 4: 0.0%, 5: 0.0%, 6: 0.0%]
DFA state visits in window   : 1: 13494, 2: 0, 3: 0, 4: 0, 5: 0, 6: 0
DFA state visits cumulative  : 1: 330598, 2: 899, 3: 0, 4: 0, 5: 0, 6: 0
DFA state entries in window  : 1: 100, 2: 0, 3: 0, 4: 0, 5: 0, 6: 0
DFA state entries cumulative : 1: 2900, 2: 30, 3: 0, 4: 0, 5: 0, 6: 0
transitions cumulative       : 1->2: 30
accepted directly from s0    : 0
Gym endings cumulative       : terminated=2877, truncated=23

[Episode 3000/12000 | last 100]
success rate                : 0.0% (cumulative 0.0%)
failure rate                : 0.0% (cumulative 0.0%)
completed cycles / episode  : 0.000
synthetic task reward       : 0.000
shaping reward              : -157.599
learning reward             : -157.599
episode length              : 140.0
abstract changes / episode  : 5.9
same abstract-state steps   : 95.8%
same-state shaping / episode: 0.000
changed-state shaping / ep. : -157.599
terminal shaping / episode  : 0.000
DFA transitions / episode   : 0.00
DFA transitions in window   : none
epsilon (next episode)       : 0.54878
replay buffer                : 300000 samples [1: 99.8%, 2: 0.2%, 3: 0.0%, 4: 0.0%, 5: 0.0%, 6: 0.0%]
DFA state visits in window   : 1: 14101, 2: 0, 3: 0, 4: 0, 5: 0, 6: 0
DFA state visits cumulative  : 1: 344699, 2: 899, 3: 0, 4: 0, 5: 0, 6: 0
DFA state entries in window  : 1: 100, 2: 0, 3: 0, 4: 0, 5: 0, 6: 0
DFA state entries cumulative : 1: 3000, 2: 30, 3: 0, 4: 0, 5: 0, 6: 0
transitions cumulative       : 1->2: 30
accepted directly from s0    : 0
Gym endings cumulative       : terminated=2977, truncated=23

Starting autonomous greedy evaluation at episode 3000 (1000 fixed-seed episodes)...
[Greedy evaluation at episode 3000 | 1000 fixed-seed episodes]
success=0.0%, failure=0.0%, task reward=0.000, length=303.7
DFA transitions: none

[Episode 3100/12000 | last 100]
success rate                : 0.0% (cumulative 0.0%)
failure rate                : 0.0% (cumulative 0.0%)
completed cycles / episode  : 0.000
synthetic task reward       : 0.000
shaping reward              : -157.448
learning reward             : -157.448
episode length              : 143.1
abstract changes / episode  : 6.1
same abstract-state steps   : 95.7%
same-state shaping / episode: 0.000
changed-state shaping / ep. : -157.448
terminal shaping / episode  : 0.000
DFA transitions / episode   : 0.00
DFA transitions in window   : none
epsilon (next episode)       : 0.53791
replay buffer                : 300000 samples [1: 99.8%, 2: 0.2%, 3: 0.0%, 4: 0.0%, 5: 0.0%, 6: 0.0%]
DFA state visits in window   : 1: 14414, 2: 0, 3: 0, 4: 0, 5: 0, 6: 0
DFA state visits cumulative  : 1: 359113, 2: 899, 3: 0, 4: 0, 5: 0, 6: 0
DFA state entries in window  : 1: 100, 2: 0, 3: 0, 4: 0, 5: 0, 6: 0
DFA state entries cumulative : 1: 3100, 2: 30, 3: 0, 4: 0, 5: 0, 6: 0
transitions cumulative       : 1->2: 30
accepted directly from s0    : 0
Gym endings cumulative       : terminated=3076, truncated=24

[Episode 3200/12000 | last 100]
success rate                : 0.0% (cumulative 0.0%)
failure rate                : 0.0% (cumulative 0.0%)
completed cycles / episode  : 0.000
synthetic task reward       : 0.000
shaping reward              : -153.795
learning reward             : -153.795
episode length              : 156.8
abstract changes / episode  : 6.0
same abstract-state steps   : 96.2%
same-state shaping / episode: 0.000
changed-state shaping / ep. : -153.795
terminal shaping / episode  : 0.000
DFA transitions / episode   : 0.00
DFA transitions in window   : none
epsilon (next episode)       : 0.52726
replay buffer                : 300000 samples [1: 99.9%, 2: 0.1%, 3: 0.0%, 4: 0.0%, 5: 0.0%, 6: 0.0%]
DFA state visits in window   : 1: 15785, 2: 0, 3: 0, 4: 0, 5: 0, 6: 0
DFA state visits cumulative  : 1: 374898, 2: 899, 3: 0, 4: 0, 5: 0, 6: 0
DFA state entries in window  : 1: 100, 2: 0, 3: 0, 4: 0, 5: 0, 6: 0
DFA state entries cumulative : 1: 3200, 2: 30, 3: 0, 4: 0, 5: 0, 6: 0
transitions cumulative       : 1->2: 30
accepted directly from s0    : 0
Gym endings cumulative       : terminated=3174, truncated=26

[Episode 3300/12000 | last 100]
success rate                : 0.0% (cumulative 0.0%)
failure rate                : 0.0% (cumulative 0.0%)
completed cycles / episode  : 0.000
synthetic task reward       : 0.000
shaping reward              : -164.999
learning reward             : -164.999
episode length              : 122.6
abstract changes / episode  : 6.0
same abstract-state steps   : 95.1%
same-state shaping / episode: 0.000
changed-state shaping / ep. : -164.999
terminal shaping / episode  : 0.000
DFA transitions / episode   : 0.00
DFA transitions in window   : none
epsilon (next episode)       : 0.51682
replay buffer                : 300000 samples [1: 99.9%, 2: 0.1%, 3: 0.0%, 4: 0.0%, 5: 0.0%, 6: 0.0%]
DFA state visits in window   : 1: 12360, 2: 0, 3: 0, 4: 0, 5: 0, 6: 0
DFA state visits cumulative  : 1: 387258, 2: 899, 3: 0, 4: 0, 5: 0, 6: 0
DFA state entries in window  : 1: 100, 2: 0, 3: 0, 4: 0, 5: 0, 6: 0
DFA state entries cumulative : 1: 3300, 2: 30, 3: 0, 4: 0, 5: 0, 6: 0
transitions cumulative       : 1->2: 30
accepted directly from s0    : 0
Gym endings cumulative       : terminated=3274, truncated=26

[Episode 3400/12000 | last 100]
success rate                : 0.0% (cumulative 0.0%)
failure rate                : 0.0% (cumulative 0.0%)
completed cycles / episode  : 0.000
synthetic task reward       : 0.000
shaping reward              : -185.542
learning reward             : -185.542
episode length              : 118.3
abstract changes / episode  : 6.2
same abstract-state steps   : 94.8%
same-state shaping / episode: 0.000
changed-state shaping / ep. : -185.542
terminal shaping / episode  : 0.000
DFA transitions / episode   : 0.00
DFA transitions in window   : none
epsilon (next episode)       : 0.50658
replay buffer                : 300000 samples [1: 99.9%, 2: 0.1%, 3: 0.0%, 4: 0.0%, 5: 0.0%, 6: 0.0%]
DFA state visits in window   : 1: 11930, 2: 0, 3: 0, 4: 0, 5: 0, 6: 0
DFA state visits cumulative  : 1: 399188, 2: 899, 3: 0, 4: 0, 5: 0, 6: 0
DFA state entries in window  : 1: 100, 2: 0, 3: 0, 4: 0, 5: 0, 6: 0
DFA state entries cumulative : 1: 3400, 2: 30, 3: 0, 4: 0, 5: 0, 6: 0
transitions cumulative       : 1->2: 30
accepted directly from s0    : 0
Gym endings cumulative       : terminated=3374, truncated=26

[Episode 3500/12000 | last 100]
success rate                : 0.0% (cumulative 0.0%)
failure rate                : 0.0% (cumulative 0.0%)
completed cycles / episode  : 0.000
synthetic task reward       : 0.000
shaping reward              : -179.855
learning reward             : -179.855
episode length              : 147.9
abstract changes / episode  : 6.2
same abstract-state steps   : 95.8%
same-state shaping / episode: 0.000
changed-state shaping / ep. : -179.855
terminal shaping / episode  : 0.932
DFA transitions / episode   : 0.00
DFA transitions in window   : none
epsilon (next episode)       : 0.49655
replay buffer                : 300000 samples [1: 99.9%, 2: 0.1%, 3: 0.0%, 4: 0.0%, 5: 0.0%, 6: 0.0%]
DFA state visits in window   : 1: 14888, 2: 0, 3: 0, 4: 0, 5: 0, 6: 0
DFA state visits cumulative  : 1: 414076, 2: 899, 3: 0, 4: 0, 5: 0, 6: 0
DFA state entries in window  : 1: 100, 2: 0, 3: 0, 4: 0, 5: 0, 6: 0
DFA state entries cumulative : 1: 3500, 2: 30, 3: 0, 4: 0, 5: 0, 6: 0
transitions cumulative       : 1->2: 30
accepted directly from s0    : 0
Gym endings cumulative       : terminated=3473, truncated=27

Starting autonomous greedy evaluation at episode 3500 (1000 fixed-seed episodes)...
[Greedy evaluation at episode 3500 | 1000 fixed-seed episodes]
success=0.0%, failure=0.0%, task reward=0.000, length=167.0
DFA transitions: 1->2: 5, 2->3: 2

[Episode 3600/12000 | last 100]
success rate                : 0.0% (cumulative 0.0%)
failure rate                : 0.0% (cumulative 0.0%)
completed cycles / episode  : 0.000
synthetic task reward       : 0.000
shaping reward              : -180.665
learning reward             : -180.665
episode length              : 154.8
abstract changes / episode  : 5.7
same abstract-state steps   : 96.3%
same-state shaping / episode: 0.000
changed-state shaping / ep. : -180.665
terminal shaping / episode  : 0.000
DFA transitions / episode   : 0.00
DFA transitions in window   : none
epsilon (next episode)       : 0.48672
replay buffer                : 300000 samples [1: 99.9%, 2: 0.1%, 3: 0.0%, 4: 0.0%, 5: 0.0%, 6: 0.0%]
DFA state visits in window   : 1: 15581, 2: 0, 3: 0, 4: 0, 5: 0, 6: 0
DFA state visits cumulative  : 1: 429657, 2: 899, 3: 0, 4: 0, 5: 0, 6: 0
DFA state entries in window  : 1: 100, 2: 0, 3: 0, 4: 0, 5: 0, 6: 0
DFA state entries cumulative : 1: 3600, 2: 30, 3: 0, 4: 0, 5: 0, 6: 0
transitions cumulative       : 1->2: 30
accepted directly from s0    : 0
Gym endings cumulative       : terminated=3571, truncated=29

[Episode 3700/12000 | last 100]
success rate                : 0.0% (cumulative 0.0%)
failure rate                : 0.0% (cumulative 0.0%)
completed cycles / episode  : 0.000
synthetic task reward       : 0.000
shaping reward              : -137.270
learning reward             : -137.270
episode length              : 155.9
abstract changes / episode  : 5.0
same abstract-state steps   : 96.8%
same-state shaping / episode: 0.000
changed-state shaping / ep. : -137.270
terminal shaping / episode  : 0.000
DFA transitions / episode   : 0.04
DFA transitions in window   : 1->2: 4
epsilon (next episode)       : 0.47708
replay buffer                : 300000 samples [1: 99.9%, 2: 0.1%, 3: 0.0%, 4: 0.0%, 5: 0.0%, 6: 0.0%]
DFA state visits in window   : 1: 15554, 2: 137, 3: 0, 4: 0, 5: 0, 6: 0
DFA state visits cumulative  : 1: 445211, 2: 1036, 3: 0, 4: 0, 5: 0, 6: 0
DFA state entries in window  : 1: 100, 2: 4, 3: 0, 4: 0, 5: 0, 6: 0
DFA state entries cumulative : 1: 3700, 2: 34, 3: 0, 4: 0, 5: 0, 6: 0
transitions cumulative       : 1->2: 34
accepted directly from s0    : 0
Gym endings cumulative       : terminated=3671, truncated=29

[Episode 3800/12000 | last 100]
success rate                : 0.0% (cumulative 0.0%)
failure rate                : 0.0% (cumulative 0.0%)
completed cycles / episode  : 0.000
synthetic task reward       : 0.000
shaping reward              : -109.909
learning reward             : -109.909
episode length              : 240.9
abstract changes / episode  : 6.5
same abstract-state steps   : 97.3%
same-state shaping / episode: 0.000
changed-state shaping / ep. : -109.909
terminal shaping / episode  : -0.961
DFA transitions / episode   : 0.09
DFA transitions in window   : 1->2: 7, 2->3: 2
epsilon (next episode)       : 0.46763
replay buffer                : 300000 samples [1: 99.8%, 2: 0.2%, 3: 0.1%, 4: 0.0%, 5: 0.0%, 6: 0.0%]
DFA state visits in window   : 1: 23693, 2: 323, 3: 176, 4: 0, 5: 0, 6: 0
DFA state visits cumulative  : 1: 468904, 2: 1359, 3: 176, 4: 0, 5: 0, 6: 0
DFA state entries in window  : 1: 100, 2: 7, 3: 2, 4: 0, 5: 0, 6: 0
DFA state entries cumulative : 1: 3800, 2: 41, 3: 2, 4: 0, 5: 0, 6: 0
transitions cumulative       : 1->2: 41, 2->3: 2
accepted directly from s0    : 0
Gym endings cumulative       : terminated=3771, truncated=29

[Episode 3900/12000 | last 100]
success rate                : 0.0% (cumulative 0.0%)
failure rate                : 0.0% (cumulative 0.0%)
completed cycles / episode  : 0.000
synthetic task reward       : 0.000
shaping reward              : -161.882
learning reward             : -161.882
episode length              : 388.5
abstract changes / episode  : 10.4
same abstract-state steps   : 97.3%
same-state shaping / episode: 0.000
changed-state shaping / ep. : -161.882
terminal shaping / episode  : -0.932
DFA transitions / episode   : 0.01
DFA transitions in window   : 1->2: 1
epsilon (next episode)       : 0.45837
replay buffer                : 300000 samples [1: 99.8%, 2: 0.2%, 3: 0.1%, 4: 0.0%, 5: 0.0%, 6: 0.0%]
DFA state visits in window   : 1: 38907, 2: 40, 3: 0, 4: 0, 5: 0, 6: 0
DFA state visits cumulative  : 1: 507811, 2: 1399, 3: 176, 4: 0, 5: 0, 6: 0
DFA state entries in window  : 1: 100, 2: 1, 3: 0, 4: 0, 5: 0, 6: 0
DFA state entries cumulative : 1: 3900, 2: 42, 3: 2, 4: 0, 5: 0, 6: 0
transitions cumulative       : 1->2: 42, 2->3: 2
accepted directly from s0    : 0
Gym endings cumulative       : terminated=3862, truncated=38

[Episode 4000/12000 | last 100]
success rate                : 0.0% (cumulative 0.0%)
failure rate                : 0.0% (cumulative 0.0%)
completed cycles / episode  : 0.000
synthetic task reward       : 0.000
shaping reward              : -178.152
learning reward             : -178.152
episode length              : 231.5
abstract changes / episode  : 8.2
same abstract-state steps   : 96.4%
same-state shaping / episode: 0.000
changed-state shaping / ep. : -178.152
terminal shaping / episode  : 0.000
DFA transitions / episode   : 0.00
DFA transitions in window   : none
epsilon (next episode)       : 0.44929
replay buffer                : 300000 samples [1: 99.8%, 2: 0.2%, 3: 0.1%, 4: 0.0%, 5: 0.0%, 6: 0.0%]
DFA state visits in window   : 1: 23249, 2: 0, 3: 0, 4: 0, 5: 0, 6: 0
DFA state visits cumulative  : 1: 531060, 2: 1399, 3: 176, 4: 0, 5: 0, 6: 0
DFA state entries in window  : 1: 100, 2: 0, 3: 0, 4: 0, 5: 0, 6: 0
DFA state entries cumulative : 1: 4000, 2: 42, 3: 2, 4: 0, 5: 0, 6: 0
transitions cumulative       : 1->2: 42, 2->3: 2
accepted directly from s0    : 0
Gym endings cumulative       : terminated=3960, truncated=40

Starting autonomous greedy evaluation at episode 4000 (1000 fixed-seed episodes)...
[Greedy evaluation at episode 4000 | 1000 fixed-seed episodes]
success=0.0%, failure=0.0%, task reward=0.000, length=389.2
DFA transitions: 1->2: 8

[Episode 4100/12000 | last 100]
success rate                : 0.0% (cumulative 0.0%)
failure rate                : 0.0% (cumulative 0.0%)
completed cycles / episode  : 0.000
synthetic task reward       : 0.000
shaping reward              : -184.591
learning reward             : -184.591
episode length              : 185.1
abstract changes / episode  : 7.2
same abstract-state steps   : 96.1%
same-state shaping / episode: 0.000
changed-state shaping / ep. : -184.591
terminal shaping / episode  : -0.932
DFA transitions / episode   : 0.00
DFA transitions in window   : none
epsilon (next episode)       : 0.44040
replay buffer                : 300000 samples [1: 99.8%, 2: 0.2%, 3: 0.1%, 4: 0.0%, 5: 0.0%, 6: 0.0%]
DFA state visits in window   : 1: 18610, 2: 0, 3: 0, 4: 0, 5: 0, 6: 0
DFA state visits cumulative  : 1: 549670, 2: 1399, 3: 176, 4: 0, 5: 0, 6: 0
DFA state entries in window  : 1: 100, 2: 0, 3: 0, 4: 0, 5: 0, 6: 0
DFA state entries cumulative : 1: 4100, 2: 42, 3: 2, 4: 0, 5: 0, 6: 0
transitions cumulative       : 1->2: 42, 2->3: 2
accepted directly from s0    : 0
Gym endings cumulative       : terminated=4060, truncated=40

[Episode 4200/12000 | last 100]
success rate                : 0.0% (cumulative 0.0%)
failure rate                : 0.0% (cumulative 0.0%)
completed cycles / episode  : 0.000
synthetic task reward       : 0.000
shaping reward              : -151.780
learning reward             : -151.780
episode length              : 192.8
abstract changes / episode  : 7.4
same abstract-state steps   : 96.2%
same-state shaping / episode: 0.000
changed-state shaping / ep. : -151.780
terminal shaping / episode  : -0.932
DFA transitions / episode   : 0.06
DFA transitions in window   : 1->2: 6
epsilon (next episode)       : 0.43167
replay buffer                : 300000 samples [1: 99.7%, 2: 0.3%, 3: 0.1%, 4: 0.0%, 5: 0.0%, 6: 0.0%]
DFA state visits in window   : 1: 19085, 2: 294, 3: 0, 4: 0, 5: 0, 6: 0
DFA state visits cumulative  : 1: 568755, 2: 1693, 3: 176, 4: 0, 5: 0, 6: 0
DFA state entries in window  : 1: 100, 2: 6, 3: 0, 4: 0, 5: 0, 6: 0
DFA state entries cumulative : 1: 4200, 2: 48, 3: 2, 4: 0, 5: 0, 6: 0
transitions cumulative       : 1->2: 48, 2->3: 2
accepted directly from s0    : 0
Gym endings cumulative       : terminated=4159, truncated=41

[Episode 4300/12000 | last 100]
success rate                : 0.0% (cumulative 0.0%)
failure rate                : 0.0% (cumulative 0.0%)
completed cycles / episode  : 0.000
synthetic task reward       : 0.000
shaping reward              : -154.538
learning reward             : -154.538
episode length              : 184.2
abstract changes / episode  : 7.0
same abstract-state steps   : 96.2%
same-state shaping / episode: 0.000
changed-state shaping / ep. : -154.538
terminal shaping / episode  : -1.883
DFA transitions / episode   : 0.00
DFA transitions in window   : none
epsilon (next episode)       : 0.42313
replay buffer                : 300000 samples [1: 99.7%, 2: 0.3%, 3: 0.1%, 4: 0.0%, 5: 0.0%, 6: 0.0%]
DFA state visits in window   : 1: 18519, 2: 0, 3: 0, 4: 0, 5: 0, 6: 0
DFA state visits cumulative  : 1: 587274, 2: 1693, 3: 176, 4: 0, 5: 0, 6: 0
DFA state entries in window  : 1: 100, 2: 0, 3: 0, 4: 0, 5: 0, 6: 0
DFA state entries cumulative : 1: 4300, 2: 48, 3: 2, 4: 0, 5: 0, 6: 0
transitions cumulative       : 1->2: 48, 2->3: 2
accepted directly from s0    : 0
Gym endings cumulative       : terminated=4258, truncated=42

[Episode 4400/12000 | last 100]
success rate                : 0.0% (cumulative 0.0%)
failure rate                : 0.0% (cumulative 0.0%)
completed cycles / episode  : 0.000
synthetic task reward       : 0.000
shaping reward              : -169.669
learning reward             : -169.669
episode length              : 263.9
abstract changes / episode  : 8.2
same abstract-state steps   : 96.9%
same-state shaping / episode: 0.000
changed-state shaping / ep. : -169.669
terminal shaping / episode  : 0.000
DFA transitions / episode   : 0.03
DFA transitions in window   : 1->2: 3
epsilon (next episode)       : 0.41475
replay buffer                : 300000 samples [1: 99.6%, 2: 0.3%, 3: 0.1%, 4: 0.0%, 5: 0.0%, 6: 0.0%]
DFA state visits in window   : 1: 26335, 2: 159, 3: 0, 4: 0, 5: 0, 6: 0
DFA state visits cumulative  : 1: 613609, 2: 1852, 3: 176, 4: 0, 5: 0, 6: 0
DFA state entries in window  : 1: 100, 2: 3, 3: 0, 4: 0, 5: 0, 6: 0
DFA state entries cumulative : 1: 4400, 2: 51, 3: 2, 4: 0, 5: 0, 6: 0
transitions cumulative       : 1->2: 51, 2->3: 2
accepted directly from s0    : 0
Gym endings cumulative       : terminated=4353, truncated=47

[Episode 4500/12000 | last 100]
success rate                : 0.0% (cumulative 0.0%)
failure rate                : 0.0% (cumulative 0.0%)
completed cycles / episode  : 0.000
synthetic task reward       : 0.000
shaping reward              : -144.324
learning reward             : -144.324
episode length              : 221.3
abstract changes / episode  : 7.4
same abstract-state steps   : 96.6%
same-state shaping / episode: 0.000
changed-state shaping / ep. : -144.324
terminal shaping / episode  : 0.000
DFA transitions / episode   : 0.04
DFA transitions in window   : 1->2: 4
epsilon (next episode)       : 0.40653
replay buffer                : 300000 samples [1: 99.5%, 2: 0.4%, 3: 0.1%, 4: 0.0%, 5: 0.0%, 6: 0.0%]
DFA state visits in window   : 1: 21977, 2: 257, 3: 0, 4: 0, 5: 0, 6: 0
DFA state visits cumulative  : 1: 635586, 2: 2109, 3: 176, 4: 0, 5: 0, 6: 0
DFA state entries in window  : 1: 100, 2: 4, 3: 0, 4: 0, 5: 0, 6: 0
DFA state entries cumulative : 1: 4500, 2: 55, 3: 2, 4: 0, 5: 0, 6: 0
transitions cumulative       : 1->2: 55, 2->3: 2
accepted directly from s0    : 0
Gym endings cumulative       : terminated=4453, truncated=47

Starting autonomous greedy evaluation at episode 4500 (1000 fixed-seed episodes)...
[Greedy evaluation at episode 4500 | 1000 fixed-seed episodes]
success=0.0%, failure=0.0%, task reward=0.000, length=363.3
DFA transitions: 1->2: 2

[Episode 4600/12000 | last 100]
success rate                : 0.0% (cumulative 0.0%)
failure rate                : 0.0% (cumulative 0.0%)
completed cycles / episode  : 0.000
synthetic task reward       : 0.000
shaping reward              : -134.776
learning reward             : -134.776
episode length              : 204.1
abstract changes / episode  : 7.1
same abstract-state steps   : 96.5%
same-state shaping / episode: 0.000
changed-state shaping / ep. : -134.776
terminal shaping / episode  : 0.951
DFA transitions / episode   : 0.03
DFA transitions in window   : 1->2: 3
epsilon (next episode)       : 0.39848
replay buffer                : 300000 samples [1: 99.5%, 2: 0.5%, 3: 0.1%, 4: 0.0%, 5: 0.0%, 6: 0.0%]
DFA state visits in window   : 1: 20324, 2: 183, 3: 0, 4: 0, 5: 0, 6: 0
DFA state visits cumulative  : 1: 655910, 2: 2292, 3: 176, 4: 0, 5: 0, 6: 0
DFA state entries in window  : 1: 100, 2: 3, 3: 0, 4: 0, 5: 0, 6: 0
DFA state entries cumulative : 1: 4600, 2: 58, 3: 2, 4: 0, 5: 0, 6: 0
transitions cumulative       : 1->2: 58, 2->3: 2
accepted directly from s0    : 0
Gym endings cumulative       : terminated=4551, truncated=49

[Episode 4700/12000 | last 100]
success rate                : 0.0% (cumulative 0.0%)
failure rate                : 0.0% (cumulative 0.0%)
completed cycles / episode  : 0.000
synthetic task reward       : 0.000
shaping reward              : -91.992
learning reward             : -91.992
episode length              : 212.5
abstract changes / episode  : 6.2
same abstract-state steps   : 97.1%
same-state shaping / episode: 0.000
changed-state shaping / ep. : -91.992
terminal shaping / episode  : -0.961
DFA transitions / episode   : 0.09
DFA transitions in window   : 1->2: 9
epsilon (next episode)       : 0.39059
replay buffer                : 300000 samples [1: 99.4%, 2: 0.6%, 3: 0.1%, 4: 0.0%, 5: 0.0%, 6: 0.0%]
DFA state visits in window   : 1: 20970, 2: 379, 3: 0, 4: 0, 5: 0, 6: 0
DFA state visits cumulative  : 1: 676880, 2: 2671, 3: 176, 4: 0, 5: 0, 6: 0
DFA state entries in window  : 1: 100, 2: 9, 3: 0, 4: 0, 5: 0, 6: 0
DFA state entries cumulative : 1: 4700, 2: 67, 3: 2, 4: 0, 5: 0, 6: 0
transitions cumulative       : 1->2: 67, 2->3: 2
accepted directly from s0    : 0
Gym endings cumulative       : terminated=4649, truncated=51

[Episode 4800/12000 | last 100]
success rate                : 0.0% (cumulative 0.0%)
failure rate                : 0.0% (cumulative 0.0%)
completed cycles / episode  : 0.000
synthetic task reward       : 0.000
shaping reward              : -160.846
learning reward             : -160.846
episode length              : 418.8
abstract changes / episode  : 8.9
same abstract-state steps   : 97.9%
same-state shaping / episode: 0.000
changed-state shaping / ep. : -160.846
terminal shaping / episode  : -0.941
DFA transitions / episode   : 0.02
DFA transitions in window   : 1->2: 2
epsilon (next episode)       : 0.38286
replay buffer                : 300000 samples [1: 99.3%, 2: 0.6%, 3: 0.1%, 4: 0.0%, 5: 0.0%, 6: 0.0%]
DFA state visits in window   : 1: 41832, 2: 143, 3: 0, 4: 0, 5: 0, 6: 0
DFA state visits cumulative  : 1: 718712, 2: 2814, 3: 176, 4: 0, 5: 0, 6: 0
DFA state entries in window  : 1: 100, 2: 2, 3: 0, 4: 0, 5: 0, 6: 0
DFA state entries cumulative : 1: 4800, 2: 69, 3: 2, 4: 0, 5: 0, 6: 0
transitions cumulative       : 1->2: 69, 2->3: 2
accepted directly from s0    : 0
Gym endings cumulative       : terminated=4739, truncated=61

[Episode 4900/12000 | last 100]
success rate                : 0.0% (cumulative 0.0%)
failure rate                : 0.0% (cumulative 0.0%)
completed cycles / episode  : 0.000
synthetic task reward       : 0.000
shaping reward              : -118.411
learning reward             : -118.411
episode length              : 328.3
abstract changes / episode  : 9.4
same abstract-state steps   : 97.1%
same-state shaping / episode: 0.000
changed-state shaping / ep. : -118.411
terminal shaping / episode  : -0.941
DFA transitions / episode   : 0.06
DFA transitions in window   : 1->2: 6
epsilon (next episode)       : 0.37527
replay buffer                : 300000 samples [1: 99.2%, 2: 0.7%, 3: 0.1%, 4: 0.0%, 5: 0.0%, 6: 0.0%]
DFA state visits in window   : 1: 32347, 2: 579, 3: 0, 4: 0, 5: 0, 6: 0
DFA state visits cumulative  : 1: 751059, 2: 3393, 3: 176, 4: 0, 5: 0, 6: 0
DFA state entries in window  : 1: 100, 2: 6, 3: 0, 4: 0, 5: 0, 6: 0
DFA state entries cumulative : 1: 4900, 2: 75, 3: 2, 4: 0, 5: 0, 6: 0
transitions cumulative       : 1->2: 75, 2->3: 2
accepted directly from s0    : 0
Gym endings cumulative       : terminated=4834, truncated=66

[Episode 5000/12000 | last 100]
success rate                : 0.0% (cumulative 0.0%)
failure rate                : 0.0% (cumulative 0.0%)
completed cycles / episode  : 0.000
synthetic task reward       : 0.000
shaping reward              : -116.557
learning reward             : -116.557
episode length              : 393.2
abstract changes / episode  : 8.0
same abstract-state steps   : 98.0%
same-state shaping / episode: 0.000
changed-state shaping / ep. : -116.557
terminal shaping / episode  : 0.000
DFA transitions / episode   : 0.04
DFA transitions in window   : 1->2: 4
epsilon (next episode)       : 0.36784
replay buffer                : 300000 samples [1: 99.3%, 2: 0.7%, 3: 0.0%, 4: 0.0%, 5: 0.0%, 6: 0.0%]
DFA state visits in window   : 1: 39194, 2: 223, 3: 0, 4: 0, 5: 0, 6: 0
DFA state visits cumulative  : 1: 790253, 2: 3616, 3: 176, 4: 0, 5: 0, 6: 0
DFA state entries in window  : 1: 100, 2: 4, 3: 0, 4: 0, 5: 0, 6: 0
DFA state entries cumulative : 1: 5000, 2: 79, 3: 2, 4: 0, 5: 0, 6: 0
transitions cumulative       : 1->2: 79, 2->3: 2
accepted directly from s0    : 0
Gym endings cumulative       : terminated=4924, truncated=76

Starting autonomous greedy evaluation at episode 5000 (1000 fixed-seed episodes)...
[Greedy evaluation at episode 5000 | 1000 fixed-seed episodes]
success=0.0%, failure=0.0%, task reward=0.000, length=256.3
DFA transitions: none

[Episode 5100/12000 | last 100]
success rate                : 0.0% (cumulative 0.0%)
failure rate                : 0.0% (cumulative 0.0%)
completed cycles / episode  : 0.000
synthetic task reward       : 0.000
shaping reward              : -138.514
learning reward             : -138.514
episode length              : 473.7
abstract changes / episode  : 12.6
same abstract-state steps   : 97.3%
same-state shaping / episode: 0.000
changed-state shaping / ep. : -138.514
terminal shaping / episode  : 0.000
DFA transitions / episode   : 0.05
DFA transitions in window   : 1->2: 5
epsilon (next episode)       : 0.36056
replay buffer                : 300000 samples [1: 99.2%, 2: 0.8%, 3: 0.0%, 4: 0.0%, 5: 0.0%, 6: 0.0%]
DFA state visits in window   : 1: 47269, 2: 200, 3: 0, 4: 0, 5: 0, 6: 0
DFA state visits cumulative  : 1: 837522, 2: 3816, 3: 176, 4: 0, 5: 0, 6: 0
DFA state entries in window  : 1: 100, 2: 5, 3: 0, 4: 0, 5: 0, 6: 0
DFA state entries cumulative : 1: 5100, 2: 84, 3: 2, 4: 0, 5: 0, 6: 0
transitions cumulative       : 1->2: 84, 2->3: 2
accepted directly from s0    : 0
Gym endings cumulative       : terminated=5006, truncated=94

[Episode 5200/12000 | last 100]
success rate                : 0.0% (cumulative 0.0%)
failure rate                : 0.0% (cumulative 0.0%)
completed cycles / episode  : 0.000
synthetic task reward       : 0.000
shaping reward              : -120.587
learning reward             : -120.587
episode length              : 364.2
abstract changes / episode  : 10.1
same abstract-state steps   : 97.2%
same-state shaping / episode: 0.000
changed-state shaping / ep. : -120.587
terminal shaping / episode  : 0.000
DFA transitions / episode   : 0.02
DFA transitions in window   : 1->2: 2
epsilon (next episode)       : 0.35342
replay buffer                : 300000 samples [1: 99.3%, 2: 0.7%, 3: 0.0%, 4: 0.0%, 5: 0.0%, 6: 0.0%]
DFA state visits in window   : 1: 36459, 2: 63, 3: 0, 4: 0, 5: 0, 6: 0
DFA state visits cumulative  : 1: 873981, 2: 3879, 3: 176, 4: 0, 5: 0, 6: 0
DFA state entries in window  : 1: 100, 2: 2, 3: 0, 4: 0, 5: 0, 6: 0
DFA state entries cumulative : 1: 5200, 2: 86, 3: 2, 4: 0, 5: 0, 6: 0
transitions cumulative       : 1->2: 86, 2->3: 2
accepted directly from s0    : 0
Gym endings cumulative       : terminated=5102, truncated=98

[Episode 5300/12000 | last 100]
success rate                : 0.0% (cumulative 0.0%)
failure rate                : 0.0% (cumulative 0.0%)
completed cycles / episode  : 0.000
synthetic task reward       : 0.000
shaping reward              : -118.345
learning reward             : -118.345
episode length              : 318.7
abstract changes / episode  : 8.8
same abstract-state steps   : 97.2%
same-state shaping / episode: 0.000
changed-state shaping / ep. : -118.345
terminal shaping / episode  : -1.893
DFA transitions / episode   : 0.08
DFA transitions in window   : 1->2: 8
epsilon (next episode)       : 0.34642
replay buffer                : 300000 samples [1: 99.2%, 2: 0.8%, 3: 0.0%, 4: 0.0%, 5: 0.0%, 6: 0.0%]
DFA state visits in window   : 1: 31762, 2: 209, 3: 0, 4: 0, 5: 0, 6: 0
DFA state visits cumulative  : 1: 905743, 2: 4088, 3: 176, 4: 0, 5: 0, 6: 0
DFA state entries in window  : 1: 100, 2: 8, 3: 0, 4: 0, 5: 0, 6: 0
DFA state entries cumulative : 1: 5300, 2: 94, 3: 2, 4: 0, 5: 0, 6: 0
transitions cumulative       : 1->2: 94, 2->3: 2
accepted directly from s0    : 0
Gym endings cumulative       : terminated=5202, truncated=98

[Episode 5400/12000 | last 100]
success rate                : 0.0% (cumulative 0.0%)
failure rate                : 0.0% (cumulative 0.0%)
completed cycles / episode  : 0.000
synthetic task reward       : 0.000
shaping reward              : -125.173
learning reward             : -125.173
episode length              : 322.6
abstract changes / episode  : 9.7
same abstract-state steps   : 97.0%
same-state shaping / episode: 0.000
changed-state shaping / ep. : -125.173
terminal shaping / episode  : -0.951
DFA transitions / episode   : 0.06
DFA transitions in window   : 1->2: 6
epsilon (next episode)       : 0.33956
replay buffer                : 300000 samples [1: 99.2%, 2: 0.8%, 3: 0.0%, 4: 0.0%, 5: 0.0%, 6: 0.0%]
DFA state visits in window   : 1: 31793, 2: 563, 3: 0, 4: 0, 5: 0, 6: 0
DFA state visits cumulative  : 1: 937536, 2: 4651, 3: 176, 4: 0, 5: 0, 6: 0
DFA state entries in window  : 1: 100, 2: 6, 3: 0, 4: 0, 5: 0, 6: 0
DFA state entries cumulative : 1: 5400, 2: 100, 3: 2, 4: 0, 5: 0, 6: 0
transitions cumulative       : 1->2: 100, 2->3: 2
accepted directly from s0    : 0
Gym endings cumulative       : terminated=5301, truncated=99

[Episode 5500/12000 | last 100]
success rate                : 0.0% (cumulative 0.0%)
failure rate                : 0.0% (cumulative 0.0%)
completed cycles / episode  : 0.000
synthetic task reward       : 0.000
shaping reward              : -52.382
learning reward             : -52.382
episode length              : 314.0
abstract changes / episode  : 8.0
same abstract-state steps   : 97.4%
same-state shaping / episode: 0.000
changed-state shaping / ep. : -52.382
terminal shaping / episode  : -0.951
DFA transitions / episode   : 0.05
DFA transitions in window   : 1->2: 5
epsilon (next episode)       : 0.33283
replay buffer                : 300000 samples [1: 99.3%, 2: 0.7%, 3: 0.0%, 4: 0.0%, 5: 0.0%, 6: 0.0%]
DFA state visits in window   : 1: 31399, 2: 97, 3: 0, 4: 0, 5: 0, 6: 0
DFA state visits cumulative  : 1: 968935, 2: 4748, 3: 176, 4: 0, 5: 0, 6: 0
DFA state entries in window  : 1: 100, 2: 5, 3: 0, 4: 0, 5: 0, 6: 0
DFA state entries cumulative : 1: 5500, 2: 105, 3: 2, 4: 0, 5: 0, 6: 0
transitions cumulative       : 1->2: 105, 2->3: 2
accepted directly from s0    : 0
Gym endings cumulative       : terminated=5401, truncated=99

Starting autonomous greedy evaluation at episode 5500 (1000 fixed-seed episodes)...
[Greedy evaluation at episode 5500 | 1000 fixed-seed episodes]
success=0.0%, failure=0.0%, task reward=0.000, length=326.3
DFA transitions: 1->2: 31

[Episode 5600/12000 | last 100]
success rate                : 0.0% (cumulative 0.0%)
failure rate                : 0.0% (cumulative 0.0%)
completed cycles / episode  : 0.000
synthetic task reward       : 0.000
shaping reward              : -101.578
learning reward             : -101.578
episode length              : 354.8
abstract changes / episode  : 7.4
same abstract-state steps   : 97.9%
same-state shaping / episode: 0.000
changed-state shaping / ep. : -101.578
terminal shaping / episode  : -0.941
DFA transitions / episode   : 0.05
DFA transitions in window   : 1->2: 5
epsilon (next episode)       : 0.32624
replay buffer                : 300000 samples [1: 99.3%, 2: 0.7%, 3: 0.0%, 4: 0.0%, 5: 0.0%, 6: 0.0%]
DFA state visits in window   : 1: 35482, 2: 100, 3: 0, 4: 0, 5: 0, 6: 0
DFA state visits cumulative  : 1: 1004417, 2: 4848, 3: 176, 4: 0, 5: 0, 6: 0
DFA state entries in window  : 1: 100, 2: 5, 3: 0, 4: 0, 5: 0, 6: 0
DFA state entries cumulative : 1: 5600, 2: 110, 3: 2, 4: 0, 5: 0, 6: 0
transitions cumulative       : 1->2: 110, 2->3: 2
accepted directly from s0    : 0
Gym endings cumulative       : terminated=5501, truncated=99

[Episode 5700/12000 | last 100]
success rate                : 0.0% (cumulative 0.0%)
failure rate                : 0.0% (cumulative 0.0%)
completed cycles / episode  : 0.000
synthetic task reward       : 0.000
shaping reward              : -64.793
learning reward             : -64.793
episode length              : 345.8
abstract changes / episode  : 7.2
same abstract-state steps   : 97.9%
same-state shaping / episode: 0.000
changed-state shaping / ep. : -64.793
terminal shaping / episode  : 0.000
DFA transitions / episode   : 0.06
DFA transitions in window   : 1->2: 5, 2->3: 1
epsilon (next episode)       : 0.31978
replay buffer                : 300000 samples [1: 99.3%, 2: 0.7%, 3: 0.0%, 4: 0.0%, 5: 0.0%, 6: 0.0%]
DFA state visits in window   : 1: 34450, 2: 204, 3: 29, 4: 0, 5: 0, 6: 0
DFA state visits cumulative  : 1: 1038867, 2: 5052, 3: 205, 4: 0, 5: 0, 6: 0
DFA state entries in window  : 1: 100, 2: 5, 3: 1, 4: 0, 5: 0, 6: 0
DFA state entries cumulative : 1: 5700, 2: 115, 3: 3, 4: 0, 5: 0, 6: 0
transitions cumulative       : 1->2: 115, 2->3: 3
accepted directly from s0    : 0
Gym endings cumulative       : terminated=5601, truncated=99

[Episode 5800/12000 | last 100]
success rate                : 0.0% (cumulative 0.0%)
failure rate                : 0.0% (cumulative 0.0%)
completed cycles / episode  : 0.000
synthetic task reward       : 0.000
shaping reward              : -69.509
learning reward             : -69.509
episode length              : 334.8
abstract changes / episode  : 8.0
same abstract-state steps   : 97.6%
same-state shaping / episode: 0.000
changed-state shaping / ep. : -69.509
terminal shaping / episode  : 0.000
DFA transitions / episode   : 0.10
DFA transitions in window   : 1->2: 10
epsilon (next episode)       : 0.31345
replay buffer                : 300000 samples [1: 99.3%, 2: 0.7%, 3: 0.0%, 4: 0.0%, 5: 0.0%, 6: 0.0%]
DFA state visits in window   : 1: 32913, 2: 668, 3: 0, 4: 0, 5: 0, 6: 0
DFA state visits cumulative  : 1: 1071780, 2: 5720, 3: 205, 4: 0, 5: 0, 6: 0
DFA state entries in window  : 1: 100, 2: 10, 3: 0, 4: 0, 5: 0, 6: 0
DFA state entries cumulative : 1: 5800, 2: 125, 3: 3, 4: 0, 5: 0, 6: 0
transitions cumulative       : 1->2: 125, 2->3: 3
accepted directly from s0    : 0
Gym endings cumulative       : terminated=5700, truncated=100

[Episode 5900/12000 | last 100]
success rate                : 0.0% (cumulative 0.0%)
failure rate                : 0.0% (cumulative 0.0%)
completed cycles / episode  : 0.000
synthetic task reward       : 0.000
shaping reward              : -100.721
learning reward             : -100.721
episode length              : 259.6
abstract changes / episode  : 8.4
same abstract-state steps   : 96.7%
same-state shaping / episode: 0.000
changed-state shaping / ep. : -100.721
terminal shaping / episode  : 0.000
DFA transitions / episode   : 0.09
DFA transitions in window   : 1->2: 9
epsilon (next episode)       : 0.30724
replay buffer                : 300000 samples [1: 99.2%, 2: 0.8%, 3: 0.0%, 4: 0.0%, 5: 0.0%, 6: 0.0%]
DFA state visits in window   : 1: 25630, 2: 431, 3: 0, 4: 0, 5: 0, 6: 0
DFA state visits cumulative  : 1: 1097410, 2: 6151, 3: 205, 4: 0, 5: 0, 6: 0
DFA state entries in window  : 1: 100, 2: 9, 3: 0, 4: 0, 5: 0, 6: 0
DFA state entries cumulative : 1: 5900, 2: 134, 3: 3, 4: 0, 5: 0, 6: 0
transitions cumulative       : 1->2: 134, 2->3: 3
accepted directly from s0    : 0
Gym endings cumulative       : terminated=5799, truncated=101

[Episode 6000/12000 | last 100]
success rate                : 0.0% (cumulative 0.0%)
failure rate                : 0.0% (cumulative 0.0%)
completed cycles / episode  : 0.000
synthetic task reward       : 0.000
shaping reward              : -82.776
learning reward             : -82.776
episode length              : 221.4
abstract changes / episode  : 7.0
same abstract-state steps   : 96.8%
same-state shaping / episode: 0.000
changed-state shaping / ep. : -82.776
terminal shaping / episode  : -0.961
DFA transitions / episode   : 0.08
DFA transitions in window   : 1->2: 8
epsilon (next episode)       : 0.30116
replay buffer                : 300000 samples [1: 99.1%, 2: 0.9%, 3: 0.0%, 4: 0.0%, 5: 0.0%, 6: 0.0%]
DFA state visits in window   : 1: 21906, 2: 333, 3: 0, 4: 0, 5: 0, 6: 0
DFA state visits cumulative  : 1: 1119316, 2: 6484, 3: 205, 4: 0, 5: 0, 6: 0
DFA state entries in window  : 1: 100, 2: 8, 3: 0, 4: 0, 5: 0, 6: 0
DFA state entries cumulative : 1: 6000, 2: 142, 3: 3, 4: 0, 5: 0, 6: 0
transitions cumulative       : 1->2: 142, 2->3: 3
accepted directly from s0    : 0
Gym endings cumulative       : terminated=5899, truncated=101

Starting autonomous greedy evaluation at episode 6000 (1000 fixed-seed episodes)...
[Greedy evaluation at episode 6000 | 1000 fixed-seed episodes]
success=0.0%, failure=0.0%, task reward=0.000, length=130.4
DFA transitions: 1->2: 50

[Episode 6100/12000 | last 100]
success rate                : 0.0% (cumulative 0.0%)
failure rate                : 0.0% (cumulative 0.0%)
completed cycles / episode  : 0.000
synthetic task reward       : 0.000
shaping reward              : -51.517
learning reward             : -51.517
episode length              : 225.8
abstract changes / episode  : 5.7
same abstract-state steps   : 97.5%
same-state shaping / episode: 0.000
changed-state shaping / ep. : -51.517
terminal shaping / episode  : -1.883
DFA transitions / episode   : 0.05
DFA transitions in window   : 1->2: 5
epsilon (next episode)       : 0.29519
replay buffer                : 300000 samples [1: 99.1%, 2: 0.9%, 3: 0.0%, 4: 0.0%, 5: 0.0%, 6: 0.0%]
DFA state visits in window   : 1: 22574, 2: 104, 3: 0, 4: 0, 5: 0, 6: 0
DFA state visits cumulative  : 1: 1141890, 2: 6588, 3: 205, 4: 0, 5: 0, 6: 0
DFA state entries in window  : 1: 100, 2: 5, 3: 0, 4: 0, 5: 0, 6: 0
DFA state entries cumulative : 1: 6100, 2: 147, 3: 3, 4: 0, 5: 0, 6: 0
transitions cumulative       : 1->2: 147, 2->3: 3
accepted directly from s0    : 0
Gym endings cumulative       : terminated=5999, truncated=101

[Episode 6200/12000 | last 100]
success rate                : 0.0% (cumulative 0.0%)
failure rate                : 0.0% (cumulative 0.0%)
completed cycles / episode  : 0.000
synthetic task reward       : 0.000
shaping reward              : -3.234
learning reward             : -3.234
episode length              : 221.9
abstract changes / episode  : 5.1
same abstract-state steps   : 97.7%
same-state shaping / episode: 0.000
changed-state shaping / ep. : -3.234
terminal shaping / episode  : 0.000
DFA transitions / episode   : 0.13
DFA transitions in window   : 1->2: 13
epsilon (next episode)       : 0.28935
replay buffer                : 300000 samples [1: 99.0%, 2: 1.0%, 3: 0.0%, 4: 0.0%, 5: 0.0%, 6: 0.0%]
DFA state visits in window   : 1: 21988, 2: 298, 3: 0, 4: 0, 5: 0, 6: 0
DFA state visits cumulative  : 1: 1163878, 2: 6886, 3: 205, 4: 0, 5: 0, 6: 0
DFA state entries in window  : 1: 100, 2: 13, 3: 0, 4: 0, 5: 0, 6: 0
DFA state entries cumulative : 1: 6200, 2: 160, 3: 3, 4: 0, 5: 0, 6: 0
transitions cumulative       : 1->2: 160, 2->3: 3
accepted directly from s0    : 0
Gym endings cumulative       : terminated=6099, truncated=101

[Episode 6300/12000 | last 100]
success rate                : 0.0% (cumulative 0.0%)
failure rate                : 0.0% (cumulative 0.0%)
completed cycles / episode  : 0.000
synthetic task reward       : 0.000
shaping reward              : -37.469
learning reward             : -37.469
episode length              : 255.2
abstract changes / episode  : 6.5
same abstract-state steps   : 97.5%
same-state shaping / episode: 0.000
changed-state shaping / ep. : -37.469
terminal shaping / episode  : 0.000
DFA transitions / episode   : 0.12
DFA transitions in window   : 1->2: 12
epsilon (next episode)       : 0.28362
replay buffer                : 300000 samples [1: 98.9%, 2: 1.1%, 3: 0.0%, 4: 0.0%, 5: 0.0%, 6: 0.0%]
DFA state visits in window   : 1: 25063, 2: 560, 3: 0, 4: 0, 5: 0, 6: 0
DFA state visits cumulative  : 1: 1188941, 2: 7446, 3: 205, 4: 0, 5: 0, 6: 0
DFA state entries in window  : 1: 100, 2: 12, 3: 0, 4: 0, 5: 0, 6: 0
DFA state entries cumulative : 1: 6300, 2: 172, 3: 3, 4: 0, 5: 0, 6: 0
transitions cumulative       : 1->2: 172, 2->3: 3
accepted directly from s0    : 0
Gym endings cumulative       : terminated=6198, truncated=102

[Episode 6400/12000 | last 100]
success rate                : 0.0% (cumulative 0.0%)
failure rate                : 0.0% (cumulative 0.0%)
completed cycles / episode  : 0.000
synthetic task reward       : 0.000
shaping reward              : -52.344
learning reward             : -52.344
episode length              : 260.4
abstract changes / episode  : 7.3
same abstract-state steps   : 97.2%
same-state shaping / episode: 0.000
changed-state shaping / ep. : -52.344
terminal shaping / episode  : 0.000
DFA transitions / episode   : 0.10
DFA transitions in window   : 1->2: 10
epsilon (next episode)       : 0.27800
replay buffer                : 300000 samples [1: 98.8%, 2: 1.2%, 3: 0.0%, 4: 0.0%, 5: 0.0%, 6: 0.0%]
DFA state visits in window   : 1: 25819, 2: 324, 3: 0, 4: 0, 5: 0, 6: 0
DFA state visits cumulative  : 1: 1214760, 2: 7770, 3: 205, 4: 0, 5: 0, 6: 0
DFA state entries in window  : 1: 100, 2: 10, 3: 0, 4: 0, 5: 0, 6: 0
DFA state entries cumulative : 1: 6400, 2: 182, 3: 3, 4: 0, 5: 0, 6: 0
transitions cumulative       : 1->2: 182, 2->3: 3
accepted directly from s0    : 0
Gym endings cumulative       : terminated=6296, truncated=104

[Episode 6500/12000 | last 100]
success rate                : 0.0% (cumulative 0.0%)
failure rate                : 0.0% (cumulative 0.0%)
completed cycles / episode  : 0.000
synthetic task reward       : 0.000
shaping reward              : -11.774
learning reward             : -11.774
episode length              : 185.4
abstract changes / episode  : 5.6
same abstract-state steps   : 97.0%
same-state shaping / episode: 0.000
changed-state shaping / ep. : -11.774
terminal shaping / episode  : 0.000
DFA transitions / episode   : 0.12
DFA transitions in window   : 1->2: 12
epsilon (next episode)       : 0.27250
replay buffer                : 300000 samples [1: 98.8%, 2: 1.2%, 3: 0.0%, 4: 0.0%, 5: 0.0%, 6: 0.0%]
DFA state visits in window   : 1: 18251, 2: 388, 3: 0, 4: 0, 5: 0, 6: 0
DFA state visits cumulative  : 1: 1233011, 2: 8158, 3: 205, 4: 0, 5: 0, 6: 0
DFA state entries in window  : 1: 100, 2: 12, 3: 0, 4: 0, 5: 0, 6: 0
DFA state entries cumulative : 1: 6500, 2: 194, 3: 3, 4: 0, 5: 0, 6: 0
transitions cumulative       : 1->2: 194, 2->3: 3
accepted directly from s0    : 0
Gym endings cumulative       : terminated=6396, truncated=104

Starting autonomous greedy evaluation at episode 6500 (1000 fixed-seed episodes)...
[Greedy evaluation at episode 6500 | 1000 fixed-seed episodes]
success=0.0%, failure=0.0%, task reward=0.000, length=265.5
DFA transitions: 1->2: 82

[Episode 6600/12000 | last 100]
success rate                : 0.0% (cumulative 0.0%)
failure rate                : 0.0% (cumulative 0.0%)
completed cycles / episode  : 0.000
synthetic task reward       : 0.000
shaping reward              : -14.769
learning reward             : -14.769
episode length              : 203.4
abstract changes / episode  : 5.7
same abstract-state steps   : 97.2%
same-state shaping / episode: 0.000
changed-state shaping / ep. : -14.769
terminal shaping / episode  : -1.874
DFA transitions / episode   : 0.11
DFA transitions in window   : 1->2: 11
epsilon (next episode)       : 0.26710
replay buffer                : 300000 samples [1: 98.8%, 2: 1.2%, 3: 0.0%, 4: 0.0%, 5: 0.0%, 6: 0.0%]
DFA state visits in window   : 1: 20091, 2: 350, 3: 0, 4: 0, 5: 0, 6: 0
DFA state visits cumulative  : 1: 1253102, 2: 8508, 3: 205, 4: 0, 5: 0, 6: 0
DFA state entries in window  : 1: 100, 2: 11, 3: 0, 4: 0, 5: 0, 6: 0
DFA state entries cumulative : 1: 6600, 2: 205, 3: 3, 4: 0, 5: 0, 6: 0
transitions cumulative       : 1->2: 205, 2->3: 3
accepted directly from s0    : 0
Gym endings cumulative       : terminated=6496, truncated=104

[Episode 6700/12000 | last 100]
success rate                : 0.0% (cumulative 0.0%)
failure rate                : 0.0% (cumulative 0.0%)
completed cycles / episode  : 0.000
synthetic task reward       : 0.000
shaping reward              : -2.444
learning reward             : -2.444
episode length              : 185.2
abstract changes / episode  : 5.0
same abstract-state steps   : 97.3%
same-state shaping / episode: 0.000
changed-state shaping / ep. : -2.444
terminal shaping / episode  : -0.029
DFA transitions / episode   : 0.13
DFA transitions in window   : 1->2: 13
epsilon (next episode)       : 0.26181
replay buffer                : 300000 samples [1: 98.7%, 2: 1.3%, 3: 0.0%, 4: 0.0%, 5: 0.0%, 6: 0.0%]
DFA state visits in window   : 1: 18311, 2: 311, 3: 0, 4: 0, 5: 0, 6: 0
DFA state visits cumulative  : 1: 1271413, 2: 8819, 3: 205, 4: 0, 5: 0, 6: 0
DFA state entries in window  : 1: 100, 2: 13, 3: 0, 4: 0, 5: 0, 6: 0
DFA state entries cumulative : 1: 6700, 2: 218, 3: 3, 4: 0, 5: 0, 6: 0
transitions cumulative       : 1->2: 218, 2->3: 3
accepted directly from s0    : 0
Gym endings cumulative       : terminated=6596, truncated=104

[Episode 6800/12000 | last 100]
success rate                : 0.0% (cumulative 0.0%)
failure rate                : 0.0% (cumulative 0.0%)
completed cycles / episode  : 0.000
synthetic task reward       : 0.000
shaping reward              : -10.994
learning reward             : -10.994
episode length              : 220.8
abstract changes / episode  : 5.4
same abstract-state steps   : 97.5%
same-state shaping / episode: 0.000
changed-state shaping / ep. : -10.994
terminal shaping / episode  : 0.000
DFA transitions / episode   : 0.09
DFA transitions in window   : 1->2: 9
epsilon (next episode)       : 0.25663
replay buffer                : 300000 samples [1: 98.6%, 2: 1.4%, 3: 0.0%, 4: 0.0%, 5: 0.0%, 6: 0.0%]
DFA state visits in window   : 1: 21955, 2: 220, 3: 0, 4: 0, 5: 0, 6: 0
DFA state visits cumulative  : 1: 1293368, 2: 9039, 3: 205, 4: 0, 5: 0, 6: 0
DFA state entries in window  : 1: 100, 2: 9, 3: 0, 4: 0, 5: 0, 6: 0
DFA state entries cumulative : 1: 6800, 2: 227, 3: 3, 4: 0, 5: 0, 6: 0
transitions cumulative       : 1->2: 227, 2->3: 3
accepted directly from s0    : 0
Gym endings cumulative       : terminated=6696, truncated=104

[Episode 6900/12000 | last 100]
success rate                : 0.0% (cumulative 0.0%)
failure rate                : 0.0% (cumulative 0.0%)
completed cycles / episode  : 0.000
synthetic task reward       : 0.000
shaping reward              : 1.350
learning reward             : 1.350
episode length              : 186.3
abstract changes / episode  : 4.8
same abstract-state steps   : 97.4%
same-state shaping / episode: 0.000
changed-state shaping / ep. : 1.350
terminal shaping / episode  : -0.932
DFA transitions / episode   : 0.12
DFA transitions in window   : 1->2: 12
epsilon (next episode)       : 0.25154
replay buffer                : 300000 samples [1: 98.5%, 2: 1.5%, 3: 0.0%, 4: 0.0%, 5: 0.0%, 6: 0.0%]
DFA state visits in window   : 1: 18437, 2: 289, 3: 0, 4: 0, 5: 0, 6: 0
DFA state visits cumulative  : 1: 1311805, 2: 9328, 3: 205, 4: 0, 5: 0, 6: 0
DFA state entries in window  : 1: 100, 2: 12, 3: 0, 4: 0, 5: 0, 6: 0
DFA state entries cumulative : 1: 6900, 2: 239, 3: 3, 4: 0, 5: 0, 6: 0
transitions cumulative       : 1->2: 239, 2->3: 3
accepted directly from s0    : 0
Gym endings cumulative       : terminated=6796, truncated=104

[Episode 7000/12000 | last 100]
success rate                : 0.0% (cumulative 0.0%)
failure rate                : 0.0% (cumulative 0.0%)
completed cycles / episode  : 0.000
synthetic task reward       : 0.000
shaping reward              : 2.254
learning reward             : 2.254
episode length              : 170.0
abstract changes / episode  : 4.9
same abstract-state steps   : 97.1%
same-state shaping / episode: 0.000
changed-state shaping / ep. : 2.254
terminal shaping / episode  : -0.941
DFA transitions / episode   : 0.11
DFA transitions in window   : 1->2: 11
epsilon (next episode)       : 0.24656
replay buffer                : 300000 samples [1: 98.5%, 2: 1.5%, 3: 0.0%, 4: 0.0%, 5: 0.0%, 6: 0.0%]
DFA state visits in window   : 1: 16755, 2: 346, 3: 0, 4: 0, 5: 0, 6: 0
DFA state visits cumulative  : 1: 1328560, 2: 9674, 3: 205, 4: 0, 5: 0, 6: 0
DFA state entries in window  : 1: 100, 2: 11, 3: 0, 4: 0, 5: 0, 6: 0
DFA state entries cumulative : 1: 7000, 2: 250, 3: 3, 4: 0, 5: 0, 6: 0
transitions cumulative       : 1->2: 250, 2->3: 3
accepted directly from s0    : 0
Gym endings cumulative       : terminated=6896, truncated=104

Starting autonomous greedy evaluation at episode 7000 (1000 fixed-seed episodes)...
[Greedy evaluation at episode 7000 | 1000 fixed-seed episodes]
success=0.0%, failure=0.0%, task reward=0.000, length=196.3
DFA transitions: 1->2: 43

[Episode 7100/12000 | last 100]
success rate                : 0.0% (cumulative 0.0%)
failure rate                : 0.0% (cumulative 0.0%)
completed cycles / episode  : 0.000
synthetic task reward       : 0.000
shaping reward              : 7.095
learning reward             : 7.095
episode length              : 170.3
abstract changes / episode  : 5.5
same abstract-state steps   : 96.8%
same-state shaping / episode: 0.000
changed-state shaping / ep. : 7.095
terminal shaping / episode  : -0.951
DFA transitions / episode   : 0.16
DFA transitions in window   : 1->2: 16
epsilon (next episode)       : 0.24168
replay buffer                : 300000 samples [1: 98.5%, 2: 1.5%, 3: 0.0%, 4: 0.0%, 5: 0.0%, 6: 0.0%]
DFA state visits in window   : 1: 16771, 2: 360, 3: 0, 4: 0, 5: 0, 6: 0
DFA state visits cumulative  : 1: 1345331, 2: 10034, 3: 205, 4: 0, 5: 0, 6: 0
DFA state entries in window  : 1: 100, 2: 16, 3: 0, 4: 0, 5: 0, 6: 0
DFA state entries cumulative : 1: 7100, 2: 266, 3: 3, 4: 0, 5: 0, 6: 0
transitions cumulative       : 1->2: 266, 2->3: 3
accepted directly from s0    : 0
Gym endings cumulative       : terminated=6996, truncated=104

[Episode 7200/12000 | last 100]
success rate                : 0.0% (cumulative 0.0%)
failure rate                : 0.0% (cumulative 0.0%)
completed cycles / episode  : 0.000
synthetic task reward       : 0.000
shaping reward              : -2.368
learning reward             : -2.368
episode length              : 198.0
abstract changes / episode  : 5.5
same abstract-state steps   : 97.2%
same-state shaping / episode: 0.000
changed-state shaping / ep. : -2.368
terminal shaping / episode  : -1.902
DFA transitions / episode   : 0.13
DFA transitions in window   : 1->2: 13
epsilon (next episode)       : 0.23689
replay buffer                : 300000 samples [1: 98.5%, 2: 1.5%, 3: 0.0%, 4: 0.0%, 5: 0.0%, 6: 0.0%]
DFA state visits in window   : 1: 19570, 2: 329, 3: 0, 4: 0, 5: 0, 6: 0
DFA state visits cumulative  : 1: 1364901, 2: 10363, 3: 205, 4: 0, 5: 0, 6: 0
DFA state entries in window  : 1: 100, 2: 13, 3: 0, 4: 0, 5: 0, 6: 0
DFA state entries cumulative : 1: 7200, 2: 279, 3: 3, 4: 0, 5: 0, 6: 0
transitions cumulative       : 1->2: 279, 2->3: 3
accepted directly from s0    : 0
Gym endings cumulative       : terminated=7096, truncated=104

[Episode 7300/12000 | last 100]
success rate                : 0.0% (cumulative 0.0%)
failure rate                : 0.0% (cumulative 0.0%)
completed cycles / episode  : 0.000
synthetic task reward       : 0.000
shaping reward              : -21.369
learning reward             : -21.369
episode length              : 203.0
abstract changes / episode  : 5.5
same abstract-state steps   : 97.3%
same-state shaping / episode: 0.000
changed-state shaping / ep. : -21.369
terminal shaping / episode  : -1.921
DFA transitions / episode   : 0.11
DFA transitions in window   : 1->2: 11
epsilon (next episode)       : 0.23220
replay buffer                : 300000 samples [1: 98.5%, 2: 1.5%, 3: 0.0%, 4: 0.0%, 5: 0.0%, 6: 0.0%]
DFA state visits in window   : 1: 20140, 2: 259, 3: 0, 4: 0, 5: 0, 6: 0
DFA state visits cumulative  : 1: 1385041, 2: 10622, 3: 205, 4: 0, 5: 0, 6: 0
DFA state entries in window  : 1: 100, 2: 11, 3: 0, 4: 0, 5: 0, 6: 0
DFA state entries cumulative : 1: 7300, 2: 290, 3: 3, 4: 0, 5: 0, 6: 0
transitions cumulative       : 1->2: 290, 2->3: 3
accepted directly from s0    : 0
Gym endings cumulative       : terminated=7196, truncated=104

[Episode 7400/12000 | last 100]
success rate                : 0.0% (cumulative 0.0%)
failure rate                : 0.0% (cumulative 0.0%)
completed cycles / episode  : 0.000
synthetic task reward       : 0.000
shaping reward              : 2.234
learning reward             : 2.234
episode length              : 239.8
abstract changes / episode  : 5.9
same abstract-state steps   : 97.5%
same-state shaping / episode: 0.000
changed-state shaping / ep. : 2.234
terminal shaping / episode  : 0.000
DFA transitions / episode   : 0.05
DFA transitions in window   : 1->2: 5
epsilon (next episode)       : 0.22760
replay buffer                : 300000 samples [1: 98.6%, 2: 1.4%, 3: 0.0%, 4: 0.0%, 5: 0.0%, 6: 0.0%]
DFA state visits in window   : 1: 23954, 2: 124, 3: 0, 4: 0, 5: 0, 6: 0
DFA state visits cumulative  : 1: 1408995, 2: 10746, 3: 205, 4: 0, 5: 0, 6: 0
DFA state entries in window  : 1: 100, 2: 5, 3: 0, 4: 0, 5: 0, 6: 0
DFA state entries cumulative : 1: 7400, 2: 295, 3: 3, 4: 0, 5: 0, 6: 0
transitions cumulative       : 1->2: 295, 2->3: 3
accepted directly from s0    : 0
Gym endings cumulative       : terminated=7296, truncated=104

[Episode 7500/12000 | last 100]
success rate                : 0.0% (cumulative 0.0%)
failure rate                : 0.0% (cumulative 0.0%)
completed cycles / episode  : 0.000
synthetic task reward       : 0.000
shaping reward              : 7.037
learning reward             : 7.037
episode length              : 231.9
abstract changes / episode  : 5.3
same abstract-state steps   : 97.7%
same-state shaping / episode: 0.000
changed-state shaping / ep. : 7.037
terminal shaping / episode  : 0.000
DFA transitions / episode   : 0.02
DFA transitions in window   : 1->2: 2
epsilon (next episode)       : 0.22310
replay buffer                : 300000 samples [1: 98.6%, 2: 1.4%, 3: 0.0%, 4: 0.0%, 5: 0.0%, 6: 0.0%]
DFA state visits in window   : 1: 23254, 2: 40, 3: 0, 4: 0, 5: 0, 6: 0
DFA state visits cumulative  : 1: 1432249, 2: 10786, 3: 205, 4: 0, 5: 0, 6: 0
DFA state entries in window  : 1: 100, 2: 2, 3: 0, 4: 0, 5: 0, 6: 0
DFA state entries cumulative : 1: 7500, 2: 297, 3: 3, 4: 0, 5: 0, 6: 0
transitions cumulative       : 1->2: 297, 2->3: 3
accepted directly from s0    : 0
Gym endings cumulative       : terminated=7396, truncated=104

Starting autonomous greedy evaluation at episode 7500 (1000 fixed-seed episodes)...
[Greedy evaluation at episode 7500 | 1000 fixed-seed episodes]
success=0.0%, failure=0.0%, task reward=0.000, length=71.7
DFA transitions: 1->2: 1
Best policy updated from autonomous greedy evaluation at episode 7500.

[Episode 7600/12000 | last 100]
success rate                : 0.0% (cumulative 0.0%)
failure rate                : 0.0% (cumulative 0.0%)
completed cycles / episode  : 0.000
synthetic task reward       : 0.000
shaping reward              : -15.701
learning reward             : -15.701
episode length              : 210.2
abstract changes / episode  : 5.6
same abstract-state steps   : 97.3%
same-state shaping / episode: 0.000
changed-state shaping / ep. : -15.701
terminal shaping / episode  : 0.000
DFA transitions / episode   : 0.11
DFA transitions in window   : 1->2: 11
epsilon (next episode)       : 0.21868
replay buffer                : 300000 samples [1: 98.6%, 2: 1.4%, 3: 0.0%, 4: 0.0%, 5: 0.0%, 6: 0.0%]
DFA state visits in window   : 1: 20765, 2: 360, 3: 0, 4: 0, 5: 0, 6: 0
DFA state visits cumulative  : 1: 1453014, 2: 11146, 3: 205, 4: 0, 5: 0, 6: 0
DFA state entries in window  : 1: 100, 2: 11, 3: 0, 4: 0, 5: 0, 6: 0
DFA state entries cumulative : 1: 7600, 2: 308, 3: 3, 4: 0, 5: 0, 6: 0
transitions cumulative       : 1->2: 308, 2->3: 3
accepted directly from s0    : 0
Gym endings cumulative       : terminated=7496, truncated=104

[Episode 7700/12000 | last 100]
success rate                : 0.0% (cumulative 0.0%)
failure rate                : 0.0% (cumulative 0.0%)
completed cycles / episode  : 0.000
synthetic task reward       : 0.000
shaping reward              : -11.783
learning reward             : -11.783
episode length              : 226.8
abstract changes / episode  : 5.5
same abstract-state steps   : 97.6%
same-state shaping / episode: 0.000
changed-state shaping / ep. : -11.783
terminal shaping / episode  : 0.000
DFA transitions / episode   : 0.09
DFA transitions in window   : 1->2: 9
epsilon (next episode)       : 0.21435
replay buffer                : 300000 samples [1: 98.7%, 2: 1.3%, 3: 0.0%, 4: 0.0%, 5: 0.0%, 6: 0.0%]
DFA state visits in window   : 1: 22566, 2: 214, 3: 0, 4: 0, 5: 0, 6: 0
DFA state visits cumulative  : 1: 1475580, 2: 11360, 3: 205, 4: 0, 5: 0, 6: 0
DFA state entries in window  : 1: 100, 2: 9, 3: 0, 4: 0, 5: 0, 6: 0
DFA state entries cumulative : 1: 7700, 2: 317, 3: 3, 4: 0, 5: 0, 6: 0
transitions cumulative       : 1->2: 317, 2->3: 3
accepted directly from s0    : 0
Gym endings cumulative       : terminated=7596, truncated=104

[Episode 7800/12000 | last 100]
success rate                : 0.0% (cumulative 0.0%)
failure rate                : 0.0% (cumulative 0.0%)
completed cycles / episode  : 0.000
synthetic task reward       : 0.000
shaping reward              : -37.271
learning reward             : -37.271
episode length              : 225.8
abstract changes / episode  : 5.4
same abstract-state steps   : 97.6%
same-state shaping / episode: 0.000
changed-state shaping / ep. : -37.271
terminal shaping / episode  : -1.892
DFA transitions / episode   : 0.07
DFA transitions in window   : 1->2: 7
epsilon (next episode)       : 0.21010
replay buffer                : 300000 samples [1: 98.8%, 2: 1.2%, 3: 0.0%, 4: 0.0%, 5: 0.0%, 6: 0.0%]
DFA state visits in window   : 1: 22523, 2: 159, 3: 0, 4: 0, 5: 0, 6: 0
DFA state visits cumulative  : 1: 1498103, 2: 11519, 3: 205, 4: 0, 5: 0, 6: 0
DFA state entries in window  : 1: 100, 2: 7, 3: 0, 4: 0, 5: 0, 6: 0
DFA state entries cumulative : 1: 7800, 2: 324, 3: 3, 4: 0, 5: 0, 6: 0
transitions cumulative       : 1->2: 324, 2->3: 3
accepted directly from s0    : 0
Gym endings cumulative       : terminated=7696, truncated=104

[Episode 7900/12000 | last 100]
success rate                : 0.0% (cumulative 0.0%)
failure rate                : 0.0% (cumulative 0.0%)
completed cycles / episode  : 0.000
synthetic task reward       : 0.000
shaping reward              : -18.383
learning reward             : -18.383
episode length              : 228.2
abstract changes / episode  : 6.1
same abstract-state steps   : 97.3%
same-state shaping / episode: 0.000
changed-state shaping / ep. : -18.383
terminal shaping / episode  : -1.893
DFA transitions / episode   : 0.09
DFA transitions in window   : 1->2: 9
epsilon (next episode)       : 0.20594
replay buffer                : 300000 samples [1: 98.8%, 2: 1.2%, 3: 0.0%, 4: 0.0%, 5: 0.0%, 6: 0.0%]
DFA state visits in window   : 1: 22718, 2: 197, 3: 0, 4: 0, 5: 0, 6: 0
DFA state visits cumulative  : 1: 1520821, 2: 11716, 3: 205, 4: 0, 5: 0, 6: 0
DFA state entries in window  : 1: 100, 2: 9, 3: 0, 4: 0, 5: 0, 6: 0
DFA state entries cumulative : 1: 7900, 2: 333, 3: 3, 4: 0, 5: 0, 6: 0
transitions cumulative       : 1->2: 333, 2->3: 3
accepted directly from s0    : 0
Gym endings cumulative       : terminated=7796, truncated=104

[Episode 8000/12000 | last 100]
success rate                : 0.0% (cumulative 0.0%)
failure rate                : 0.0% (cumulative 0.0%)
completed cycles / episode  : 0.000
synthetic task reward       : 0.000
shaping reward              : -27.837
learning reward             : -27.837
episode length              : 219.8
abstract changes / episode  : 5.6
same abstract-state steps   : 97.4%
same-state shaping / episode: 0.000
changed-state shaping / ep. : -27.837
terminal shaping / episode  : -0.941
DFA transitions / episode   : 0.07
DFA transitions in window   : 1->2: 7
epsilon (next episode)       : 0.20186
replay buffer                : 300000 samples [1: 98.9%, 2: 1.1%, 3: 0.0%, 4: 0.0%, 5: 0.0%, 6: 0.0%]
DFA state visits in window   : 1: 21916, 2: 162, 3: 0, 4: 0, 5: 0, 6: 0
DFA state visits cumulative  : 1: 1542737, 2: 11878, 3: 205, 4: 0, 5: 0, 6: 0
DFA state entries in window  : 1: 100, 2: 7, 3: 0, 4: 0, 5: 0, 6: 0
DFA state entries cumulative : 1: 8000, 2: 340, 3: 3, 4: 0, 5: 0, 6: 0
transitions cumulative       : 1->2: 340, 2->3: 3
accepted directly from s0    : 0
Gym endings cumulative       : terminated=7896, truncated=104

Starting autonomous greedy evaluation at episode 8000 (1000 fixed-seed episodes)...
[Greedy evaluation at episode 8000 | 1000 fixed-seed episodes]
success=0.0%, failure=0.0%, task reward=0.000, length=198.3
DFA transitions: 1->2: 2

[Episode 8100/12000 | last 100]
success rate                : 0.0% (cumulative 0.0%)
failure rate                : 0.0% (cumulative 0.0%)
completed cycles / episode  : 0.000
synthetic task reward       : 0.000
shaping reward              : -13.771
learning reward             : -13.771
episode length              : 228.0
abstract changes / episode  : 5.7
same abstract-state steps   : 97.5%
same-state shaping / episode: 0.000
changed-state shaping / ep. : -13.771
terminal shaping / episode  : 0.000
DFA transitions / episode   : 0.05
DFA transitions in window   : 1->2: 5
epsilon (next episode)       : 0.19787
replay buffer                : 300000 samples [1: 99.0%, 2: 1.0%, 3: 0.0%, 4: 0.0%, 5: 0.0%, 6: 0.0%]
DFA state visits in window   : 1: 22821, 2: 83, 3: 0, 4: 0, 5: 0, 6: 0
DFA state visits cumulative  : 1: 1565558, 2: 11961, 3: 205, 4: 0, 5: 0, 6: 0
DFA state entries in window  : 1: 100, 2: 5, 3: 0, 4: 0, 5: 0, 6: 0
DFA state entries cumulative : 1: 8100, 2: 345, 3: 3, 4: 0, 5: 0, 6: 0
transitions cumulative       : 1->2: 345, 2->3: 3
accepted directly from s0    : 0
Gym endings cumulative       : terminated=7996, truncated=104

[Episode 8200/12000 | last 100]
success rate                : 0.0% (cumulative 0.0%)
failure rate                : 0.0% (cumulative 0.0%)
completed cycles / episode  : 0.000
synthetic task reward       : 0.000
shaping reward              : -7.171
learning reward             : -7.171
episode length              : 233.4
abstract changes / episode  : 5.5
same abstract-state steps   : 97.6%
same-state shaping / episode: 0.000
changed-state shaping / ep. : -7.171
terminal shaping / episode  : 0.000
DFA transitions / episode   : 0.08
DFA transitions in window   : 1->2: 8
epsilon (next episode)       : 0.19395
replay buffer                : 300000 samples [1: 99.0%, 2: 1.0%, 3: 0.0%, 4: 0.0%, 5: 0.0%, 6: 0.0%]
DFA state visits in window   : 1: 23251, 2: 194, 3: 0, 4: 0, 5: 0, 6: 0
DFA state visits cumulative  : 1: 1588809, 2: 12155, 3: 205, 4: 0, 5: 0, 6: 0
DFA state entries in window  : 1: 100, 2: 8, 3: 0, 4: 0, 5: 0, 6: 0
DFA state entries cumulative : 1: 8200, 2: 353, 3: 3, 4: 0, 5: 0, 6: 0
transitions cumulative       : 1->2: 353, 2->3: 3
accepted directly from s0    : 0
Gym endings cumulative       : terminated=8096, truncated=104

[Episode 8300/12000 | last 100]
success rate                : 0.0% (cumulative 0.0%)
failure rate                : 0.0% (cumulative 0.0%)
completed cycles / episode  : 0.000
synthetic task reward       : 0.000
shaping reward              : 0.475
learning reward             : 0.475
episode length              : 187.2
abstract changes / episode  : 5.3
same abstract-state steps   : 97.2%
same-state shaping / episode: 0.000
changed-state shaping / ep. : 0.475
terminal shaping / episode  : -0.932
DFA transitions / episode   : 0.08
DFA transitions in window   : 1->2: 8
epsilon (next episode)       : 0.19011
replay buffer                : 300000 samples [1: 99.0%, 2: 1.0%, 3: 0.0%, 4: 0.0%, 5: 0.0%, 6: 0.0%]
DFA state visits in window   : 1: 18565, 2: 251, 3: 0, 4: 0, 5: 0, 6: 0
DFA state visits cumulative  : 1: 1607374, 2: 12406, 3: 205, 4: 0, 5: 0, 6: 0
DFA state entries in window  : 1: 100, 2: 8, 3: 0, 4: 0, 5: 0, 6: 0
DFA state entries cumulative : 1: 8300, 2: 361, 3: 3, 4: 0, 5: 0, 6: 0
transitions cumulative       : 1->2: 361, 2->3: 3
accepted directly from s0    : 0
Gym endings cumulative       : terminated=8196, truncated=104

[Episode 8400/12000 | last 100]
success rate                : 0.0% (cumulative 0.0%)
failure rate                : 0.0% (cumulative 0.0%)
completed cycles / episode  : 0.000
synthetic task reward       : 0.000
shaping reward              : 29.757
learning reward             : 29.757
episode length              : 166.8
abstract changes / episode  : 4.7
same abstract-state steps   : 97.2%
same-state shaping / episode: 0.000
changed-state shaping / ep. : 29.757
terminal shaping / episode  : 0.000
DFA transitions / episode   : 0.18
DFA transitions in window   : 1->2: 18
epsilon (next episode)       : 0.18634
replay buffer                : 300000 samples [1: 98.9%, 2: 1.1%, 3: 0.0%, 4: 0.0%, 5: 0.0%, 6: 0.0%]
DFA state visits in window   : 1: 16258, 2: 523, 3: 0, 4: 0, 5: 0, 6: 0
DFA state visits cumulative  : 1: 1623632, 2: 12929, 3: 205, 4: 0, 5: 0, 6: 0
DFA state entries in window  : 1: 100, 2: 18, 3: 0, 4: 0, 5: 0, 6: 0
DFA state entries cumulative : 1: 8400, 2: 379, 3: 3, 4: 0, 5: 0, 6: 0
transitions cumulative       : 1->2: 379, 2->3: 3
accepted directly from s0    : 0
Gym endings cumulative       : terminated=8296, truncated=104

[Episode 8500/12000 | last 100]
success rate                : 0.0% (cumulative 0.0%)
failure rate                : 0.0% (cumulative 0.0%)
completed cycles / episode  : 0.000
synthetic task reward       : 0.000
shaping reward              : 39.153
learning reward             : 39.153
episode length              : 168.7
abstract changes / episode  : 4.5
same abstract-state steps   : 97.4%
same-state shaping / episode: 0.000
changed-state shaping / ep. : 39.153
terminal shaping / episode  : -0.941
DFA transitions / episode   : 0.13
DFA transitions in window   : 1->2: 13
epsilon (next episode)       : 0.18265
replay buffer                : 300000 samples [1: 99.0%, 2: 1.0%, 3: 0.0%, 4: 0.0%, 5: 0.0%, 6: 0.0%]
DFA state visits in window   : 1: 16696, 2: 272, 3: 0, 4: 0, 5: 0, 6: 0
DFA state visits cumulative  : 1: 1640328, 2: 13201, 3: 205, 4: 0, 5: 0, 6: 0
DFA state entries in window  : 1: 100, 2: 13, 3: 0, 4: 0, 5: 0, 6: 0
DFA state entries cumulative : 1: 8500, 2: 392, 3: 3, 4: 0, 5: 0, 6: 0
transitions cumulative       : 1->2: 392, 2->3: 3
accepted directly from s0    : 0
Gym endings cumulative       : terminated=8396, truncated=104

Starting autonomous greedy evaluation at episode 8500 (1000 fixed-seed episodes)...
[Greedy evaluation at episode 8500 | 1000 fixed-seed episodes]
success=0.0%, failure=0.0%, task reward=0.000, length=183.6
DFA transitions: 1->2: 19

[Episode 8600/12000 | last 100]
success rate                : 0.0% (cumulative 0.0%)
failure rate                : 0.0% (cumulative 0.0%)
completed cycles / episode  : 0.000
synthetic task reward       : 0.000
shaping reward              : 24.089
learning reward             : 24.089
episode length              : 176.9
abstract changes / episode  : 5.3
same abstract-state steps   : 97.0%
same-state shaping / episode: 0.000
changed-state shaping / ep. : 24.089
terminal shaping / episode  : -0.961
DFA transitions / episode   : 0.15
DFA transitions in window   : 1->2: 15
epsilon (next episode)       : 0.17904
replay buffer                : 300000 samples [1: 99.0%, 2: 1.0%, 3: 0.0%, 4: 0.0%, 5: 0.0%, 6: 0.0%]
DFA state visits in window   : 1: 17496, 2: 294, 3: 0, 4: 0, 5: 0, 6: 0
DFA state visits cumulative  : 1: 1657824, 2: 13495, 3: 205, 4: 0, 5: 0, 6: 0
DFA state entries in window  : 1: 100, 2: 15, 3: 0, 4: 0, 5: 0, 6: 0
DFA state entries cumulative : 1: 8600, 2: 407, 3: 3, 4: 0, 5: 0, 6: 0
transitions cumulative       : 1->2: 407, 2->3: 3
accepted directly from s0    : 0
Gym endings cumulative       : terminated=8496, truncated=104

[Episode 8700/12000 | last 100]
success rate                : 0.0% (cumulative 0.0%)
failure rate                : 0.0% (cumulative 0.0%)
completed cycles / episode  : 0.000
synthetic task reward       : 0.000
shaping reward              : 12.696
learning reward             : 12.696
episode length              : 171.5
abstract changes / episode  : 4.8
same abstract-state steps   : 97.2%
same-state shaping / episode: 0.000
changed-state shaping / ep. : 12.696
terminal shaping / episode  : 0.000
DFA transitions / episode   : 0.08
DFA transitions in window   : 1->2: 8
epsilon (next episode)       : 0.17549
replay buffer                : 300000 samples [1: 99.0%, 2: 1.0%, 3: 0.0%, 4: 0.0%, 5: 0.0%, 6: 0.0%]
DFA state visits in window   : 1: 17069, 2: 182, 3: 0, 4: 0, 5: 0, 6: 0
DFA state visits cumulative  : 1: 1674893, 2: 13677, 3: 205, 4: 0, 5: 0, 6: 0
DFA state entries in window  : 1: 100, 2: 8, 3: 0, 4: 0, 5: 0, 6: 0
DFA state entries cumulative : 1: 8700, 2: 415, 3: 3, 4: 0, 5: 0, 6: 0
transitions cumulative       : 1->2: 415, 2->3: 3
accepted directly from s0    : 0
Gym endings cumulative       : terminated=8596, truncated=104

[Episode 8800/12000 | last 100]
success rate                : 0.0% (cumulative 0.0%)
failure rate                : 0.0% (cumulative 0.0%)
completed cycles / episode  : 0.000
synthetic task reward       : 0.000
shaping reward              : 7.028
learning reward             : 7.028
episode length              : 155.8
abstract changes / episode  : 5.1
same abstract-state steps   : 96.7%
same-state shaping / episode: 0.000
changed-state shaping / ep. : 7.028
terminal shaping / episode  : -2.843
DFA transitions / episode   : 0.14
DFA transitions in window   : 1->2: 13, 2->3: 1
epsilon (next episode)       : 0.17201
replay buffer                : 300000 samples [1: 98.8%, 2: 1.0%, 3: 0.2%, 4: 0.0%, 5: 0.0%, 6: 0.0%]
DFA state visits in window   : 1: 14893, 2: 248, 3: 535, 4: 0, 5: 0, 6: 0
DFA state visits cumulative  : 1: 1689786, 2: 13925, 3: 740, 4: 0, 5: 0, 6: 0
DFA state entries in window  : 1: 100, 2: 13, 3: 1, 4: 0, 5: 0, 6: 0
DFA state entries cumulative : 1: 8800, 2: 428, 3: 4, 4: 0, 5: 0, 6: 0
transitions cumulative       : 1->2: 428, 2->3: 4
accepted directly from s0    : 0
Gym endings cumulative       : terminated=8696, truncated=104

[Episode 8900/12000 | last 100]
success rate                : 0.0% (cumulative 0.0%)
failure rate                : 0.0% (cumulative 0.0%)
completed cycles / episode  : 0.000
synthetic task reward       : 0.000
shaping reward              : 23.139
learning reward             : 23.139
episode length              : 150.8
abstract changes / episode  : 4.9
same abstract-state steps   : 96.7%
same-state shaping / episode: 0.000
changed-state shaping / ep. : 23.139
terminal shaping / episode  : -1.883
DFA transitions / episode   : 0.15
DFA transitions in window   : 1->2: 15
epsilon (next episode)       : 0.16861
replay buffer                : 300000 samples [1: 98.7%, 2: 1.1%, 3: 0.2%, 4: 0.0%, 5: 0.0%, 6: 0.0%]
DFA state visits in window   : 1: 14837, 2: 341, 3: 0, 4: 0, 5: 0, 6: 0
DFA state visits cumulative  : 1: 1704623, 2: 14266, 3: 740, 4: 0, 5: 0, 6: 0
DFA state entries in window  : 1: 100, 2: 15, 3: 0, 4: 0, 5: 0, 6: 0
DFA state entries cumulative : 1: 8900, 2: 443, 3: 4, 4: 0, 5: 0, 6: 0
transitions cumulative       : 1->2: 443, 2->3: 4
accepted directly from s0    : 0
Gym endings cumulative       : terminated=8796, truncated=104

[Episode 9000/12000 | last 100]
success rate                : 0.0% (cumulative 0.0%)
failure rate                : 0.0% (cumulative 0.0%)
completed cycles / episode  : 0.000
synthetic task reward       : 0.000
shaping reward              : 16.405
learning reward             : 16.405
episode length              : 151.3
abstract changes / episode  : 4.7
same abstract-state steps   : 96.9%
same-state shaping / episode: 0.000
changed-state shaping / ep. : 16.405
terminal shaping / episode  : 0.000
DFA transitions / episode   : 0.11
DFA transitions in window   : 1->2: 11
epsilon (next episode)       : 0.16527
replay buffer                : 300000 samples [1: 98.6%, 2: 1.2%, 3: 0.2%, 4: 0.0%, 5: 0.0%, 6: 0.0%]
DFA state visits in window   : 1: 14958, 2: 274, 3: 0, 4: 0, 5: 0, 6: 0
DFA state visits cumulative  : 1: 1719581, 2: 14540, 3: 740, 4: 0, 5: 0, 6: 0
DFA state entries in window  : 1: 100, 2: 11, 3: 0, 4: 0, 5: 0, 6: 0
DFA state entries cumulative : 1: 9000, 2: 454, 3: 4, 4: 0, 5: 0, 6: 0
transitions cumulative       : 1->2: 454, 2->3: 4
accepted directly from s0    : 0
Gym endings cumulative       : terminated=8896, truncated=104

Starting autonomous greedy evaluation at episode 9000 (1000 fixed-seed episodes)...
[Greedy evaluation at episode 9000 | 1000 fixed-seed episodes]
success=0.0%, failure=0.0%, task reward=0.000, length=195.3
DFA transitions: 1->2: 13

[Episode 9100/12000 | last 100]
success rate                : 0.0% (cumulative 0.0%)
failure rate                : 0.0% (cumulative 0.0%)
completed cycles / episode  : 0.000
synthetic task reward       : 0.000
shaping reward              : 33.562
learning reward             : 33.562
episode length              : 138.1
abstract changes / episode  : 4.6
same abstract-state steps   : 96.7%
same-state shaping / episode: 0.000
changed-state shaping / ep. : 33.562
terminal shaping / episode  : -0.941
DFA transitions / episode   : 0.16
DFA transitions in window   : 1->2: 16
epsilon (next episode)       : 0.16200
replay buffer                : 300000 samples [1: 98.5%, 2: 1.3%, 3: 0.2%, 4: 0.0%, 5: 0.0%, 6: 0.0%]
DFA state visits in window   : 1: 13534, 2: 377, 3: 0, 4: 0, 5: 0, 6: 0
DFA state visits cumulative  : 1: 1733115, 2: 14917, 3: 740, 4: 0, 5: 0, 6: 0
DFA state entries in window  : 1: 100, 2: 16, 3: 0, 4: 0, 5: 0, 6: 0
DFA state entries cumulative : 1: 9100, 2: 470, 3: 4, 4: 0, 5: 0, 6: 0
transitions cumulative       : 1->2: 470, 2->3: 4
accepted directly from s0    : 0
Gym endings cumulative       : terminated=8996, truncated=104

[Episode 9200/12000 | last 100]
success rate                : 0.0% (cumulative 0.0%)
failure rate                : 0.0% (cumulative 0.0%)
completed cycles / episode  : 0.000
synthetic task reward       : 0.000
shaping reward              : 7.922
learning reward             : 7.922
episode length              : 156.1
abstract changes / episode  : 5.1
same abstract-state steps   : 96.8%
same-state shaping / episode: 0.000
changed-state shaping / ep. : 7.922
terminal shaping / episode  : -0.961
DFA transitions / episode   : 0.12
DFA transitions in window   : 1->2: 12
epsilon (next episode)       : 0.15879
replay buffer                : 300000 samples [1: 98.5%, 2: 1.3%, 3: 0.2%, 4: 0.0%, 5: 0.0%, 6: 0.0%]
DFA state visits in window   : 1: 15370, 2: 342, 3: 0, 4: 0, 5: 0, 6: 0
DFA state visits cumulative  : 1: 1748485, 2: 15259, 3: 740, 4: 0, 5: 0, 6: 0
DFA state entries in window  : 1: 100, 2: 12, 3: 0, 4: 0, 5: 0, 6: 0
DFA state entries cumulative : 1: 9200, 2: 482, 3: 4, 4: 0, 5: 0, 6: 0
transitions cumulative       : 1->2: 482, 2->3: 4
accepted directly from s0    : 0
Gym endings cumulative       : terminated=9096, truncated=104

[Episode 9300/12000 | last 100]
success rate                : 0.0% (cumulative 0.0%)
failure rate                : 0.0% (cumulative 0.0%)
completed cycles / episode  : 0.000
synthetic task reward       : 0.000
shaping reward              : 11.736
learning reward             : 11.736
episode length              : 144.6
abstract changes / episode  : 4.8
same abstract-state steps   : 96.7%
same-state shaping / episode: 0.000
changed-state shaping / ep. : 11.736
terminal shaping / episode  : -0.961
DFA transitions / episode   : 0.12
DFA transitions in window   : 1->2: 11, 2->3: 1
epsilon (next episode)       : 0.15564
replay buffer                : 300000 samples [1: 98.5%, 2: 1.4%, 3: 0.2%, 4: 0.0%, 5: 0.0%, 6: 0.0%]
DFA state visits in window   : 1: 14282, 2: 242, 3: 40, 4: 0, 5: 0, 6: 0
DFA state visits cumulative  : 1: 1762767, 2: 15501, 3: 780, 4: 0, 5: 0, 6: 0
DFA state entries in window  : 1: 100, 2: 11, 3: 1, 4: 0, 5: 0, 6: 0
DFA state entries cumulative : 1: 9300, 2: 493, 3: 5, 4: 0, 5: 0, 6: 0
transitions cumulative       : 1->2: 493, 2->3: 5
accepted directly from s0    : 0
Gym endings cumulative       : terminated=9196, truncated=104

[Episode 9400/12000 | last 100]
success rate                : 0.0% (cumulative 0.0%)
failure rate                : 0.0% (cumulative 0.0%)
completed cycles / episode  : 0.000
synthetic task reward       : 0.000
shaping reward              : -0.541
learning reward             : -0.541
episode length              : 149.6
abstract changes / episode  : 5.2
same abstract-state steps   : 96.6%
same-state shaping / episode: 0.000
changed-state shaping / ep. : -0.541
terminal shaping / episode  : -0.941
DFA transitions / episode   : 0.15
DFA transitions in window   : 1->2: 15
epsilon (next episode)       : 0.15256
replay buffer                : 300000 samples [1: 98.4%, 2: 1.4%, 3: 0.2%, 4: 0.0%, 5: 0.0%, 6: 0.0%]
DFA state visits in window   : 1: 14753, 2: 302, 3: 0, 4: 0, 5: 0, 6: 0
DFA state visits cumulative  : 1: 1777520, 2: 15803, 3: 780, 4: 0, 5: 0, 6: 0
DFA state entries in window  : 1: 100, 2: 15, 3: 0, 4: 0, 5: 0, 6: 0
DFA state entries cumulative : 1: 9400, 2: 508, 3: 5, 4: 0, 5: 0, 6: 0
transitions cumulative       : 1->2: 508, 2->3: 5
accepted directly from s0    : 0
Gym endings cumulative       : terminated=9296, truncated=104

[Episode 9500/12000 | last 100]
success rate                : 0.0% (cumulative 0.0%)
failure rate                : 0.0% (cumulative 0.0%)
completed cycles / episode  : 0.000
synthetic task reward       : 0.000
shaping reward              : -9.043
learning reward             : -9.043
episode length              : 152.9
abstract changes / episode  : 5.6
same abstract-state steps   : 96.3%
same-state shaping / episode: 0.000
changed-state shaping / ep. : -9.043
terminal shaping / episode  : -0.961
DFA transitions / episode   : 0.19
DFA transitions in window   : 1->2: 19
epsilon (next episode)       : 0.14954
replay buffer                : 300000 samples [1: 98.3%, 2: 1.5%, 3: 0.2%, 4: 0.0%, 5: 0.0%, 6: 0.0%]
DFA state visits in window   : 1: 14915, 2: 471, 3: 0, 4: 0, 5: 0, 6: 0
DFA state visits cumulative  : 1: 1792435, 2: 16274, 3: 780, 4: 0, 5: 0, 6: 0
DFA state entries in window  : 1: 100, 2: 19, 3: 0, 4: 0, 5: 0, 6: 0
DFA state entries cumulative : 1: 9500, 2: 527, 3: 5, 4: 0, 5: 0, 6: 0
transitions cumulative       : 1->2: 527, 2->3: 5
accepted directly from s0    : 0
Gym endings cumulative       : terminated=9396, truncated=104

Starting autonomous greedy evaluation at episode 9500 (1000 fixed-seed episodes)...
[Greedy evaluation at episode 9500 | 1000 fixed-seed episodes]
success=0.0%, failure=0.0%, task reward=0.000, length=196.0
DFA transitions: 1->2: 136, 2->3: 6

[Episode 9600/12000 | last 100]
success rate                : 0.0% (cumulative 0.0%)
failure rate                : 0.0% (cumulative 0.0%)
completed cycles / episode  : 0.000
synthetic task reward       : 0.000
shaping reward              : -12.829
learning reward             : -12.829
episode length              : 180.4
abstract changes / episode  : 5.9
same abstract-state steps   : 96.7%
same-state shaping / episode: 0.000
changed-state shaping / ep. : -12.829
terminal shaping / episode  : -1.902
DFA transitions / episode   : 0.13
DFA transitions in window   : 1->2: 13
epsilon (next episode)       : 0.14658
replay buffer                : 300000 samples [1: 98.2%, 2: 1.6%, 3: 0.2%, 4: 0.0%, 5: 0.0%, 6: 0.0%]
DFA state visits in window   : 1: 17864, 2: 277, 3: 0, 4: 0, 5: 0, 6: 0
DFA state visits cumulative  : 1: 1810299, 2: 16551, 3: 780, 4: 0, 5: 0, 6: 0
DFA state entries in window  : 1: 100, 2: 13, 3: 0, 4: 0, 5: 0, 6: 0
DFA state entries cumulative : 1: 9600, 2: 540, 3: 5, 4: 0, 5: 0, 6: 0
transitions cumulative       : 1->2: 540, 2->3: 5
accepted directly from s0    : 0
Gym endings cumulative       : terminated=9496, truncated=104

[Episode 9700/12000 | last 100]
success rate                : 0.0% (cumulative 0.0%)
failure rate                : 0.0% (cumulative 0.0%)
completed cycles / episode  : 0.000
synthetic task reward       : 0.000
shaping reward              : -28.901
learning reward             : -28.901
episode length              : 189.8
abstract changes / episode  : 6.4
same abstract-state steps   : 96.6%
same-state shaping / episode: 0.000
changed-state shaping / ep. : -28.901
terminal shaping / episode  : -0.932
DFA transitions / episode   : 0.11
DFA transitions in window   : 1->2: 10, 2->3: 1
epsilon (next episode)       : 0.14368
replay buffer                : 300000 samples [1: 98.1%, 2: 1.7%, 3: 0.2%, 4: 0.0%, 5: 0.0%, 6: 0.0%]
DFA state visits in window   : 1: 18423, 2: 600, 3: 53, 4: 0, 5: 0, 6: 0
DFA state visits cumulative  : 1: 1828722, 2: 17151, 3: 833, 4: 0, 5: 0, 6: 0
DFA state entries in window  : 1: 100, 2: 10, 3: 1, 4: 0, 5: 0, 6: 0
DFA state entries cumulative : 1: 9700, 2: 550, 3: 6, 4: 0, 5: 0, 6: 0
transitions cumulative       : 1->2: 550, 2->3: 6
accepted directly from s0    : 0
Gym endings cumulative       : terminated=9596, truncated=104

[Episode 9800/12000 | last 100]
success rate                : 0.0% (cumulative 0.0%)
failure rate                : 0.0% (cumulative 0.0%)
completed cycles / episode  : 0.000
synthetic task reward       : 0.000
shaping reward              : -30.660
learning reward             : -30.660
episode length              : 197.1
abstract changes / episode  : 6.2
same abstract-state steps   : 96.9%
same-state shaping / episode: 0.000
changed-state shaping / ep. : -30.660
terminal shaping / episode  : 0.000
DFA transitions / episode   : 0.15
DFA transitions in window   : 1->2: 15
epsilon (next episode)       : 0.14083
replay buffer                : 300000 samples [1: 98.0%, 2: 1.8%, 3: 0.2%, 4: 0.0%, 5: 0.0%, 6: 0.0%]
DFA state visits in window   : 1: 19352, 2: 457, 3: 0, 4: 0, 5: 0, 6: 0
DFA state visits cumulative  : 1: 1848074, 2: 17608, 3: 833, 4: 0, 5: 0, 6: 0
DFA state entries in window  : 1: 100, 2: 15, 3: 0, 4: 0, 5: 0, 6: 0
DFA state entries cumulative : 1: 9800, 2: 565, 3: 6, 4: 0, 5: 0, 6: 0
transitions cumulative       : 1->2: 565, 2->3: 6
accepted directly from s0    : 0
Gym endings cumulative       : terminated=9696, truncated=104

[Episode 9900/12000 | last 100]
success rate                : 0.0% (cumulative 0.0%)
failure rate                : 0.0% (cumulative 0.0%)
completed cycles / episode  : 0.000
synthetic task reward       : 0.000
shaping reward              : 31.765
learning reward             : 31.765
episode length              : 157.0
abstract changes / episode  : 5.3
same abstract-state steps   : 96.6%
same-state shaping / episode: 0.000
changed-state shaping / ep. : 31.765
terminal shaping / episode  : 0.000
DFA transitions / episode   : 0.26
DFA transitions in window   : 1->2: 25, 2->3: 1
epsilon (next episode)       : 0.13804
replay buffer                : 300000 samples [1: 97.7%, 2: 2.1%, 3: 0.2%, 4: 0.0%, 5: 0.0%, 6: 0.0%]
DFA state visits in window   : 1: 14858, 2: 907, 3: 32, 4: 0, 5: 0, 6: 0
DFA state visits cumulative  : 1: 1862932, 2: 18515, 3: 865, 4: 0, 5: 0, 6: 0
DFA state entries in window  : 1: 100, 2: 25, 3: 1, 4: 0, 5: 0, 6: 0
DFA state entries cumulative : 1: 9900, 2: 590, 3: 7, 4: 0, 5: 0, 6: 0
transitions cumulative       : 1->2: 590, 2->3: 7
accepted directly from s0    : 0
Gym endings cumulative       : terminated=9796, truncated=104

[Episode 10000/12000 | last 100]
success rate                : 0.0% (cumulative 0.0%)
failure rate                : 0.0% (cumulative 0.0%)
completed cycles / episode  : 0.000
synthetic task reward       : 0.000
shaping reward              : 15.712
learning reward             : 15.712
episode length              : 155.1
abstract changes / episode  : 5.4
same abstract-state steps   : 96.5%
same-state shaping / episode: 0.000
changed-state shaping / ep. : 15.712
terminal shaping / episode  : -0.941
DFA transitions / episode   : 0.21
DFA transitions in window   : 1->2: 21
epsilon (next episode)       : 0.13531
replay buffer                : 300000 samples [1: 97.5%, 2: 2.2%, 3: 0.2%, 4: 0.0%, 5: 0.0%, 6: 0.0%]
DFA state visits in window   : 1: 15061, 2: 551, 3: 0, 4: 0, 5: 0, 6: 0
DFA state visits cumulative  : 1: 1877993, 2: 19066, 3: 865, 4: 0, 5: 0, 6: 0
DFA state entries in window  : 1: 100, 2: 21, 3: 0, 4: 0, 5: 0, 6: 0
DFA state entries cumulative : 1: 10000, 2: 611, 3: 7, 4: 0, 5: 0, 6: 0
transitions cumulative       : 1->2: 611, 2->3: 7
accepted directly from s0    : 0
Gym endings cumulative       : terminated=9896, truncated=104

Starting autonomous greedy evaluation at episode 10000 (1000 fixed-seed episodes)...
[Greedy evaluation at episode 10000 | 1000 fixed-seed episodes]
success=0.0%, failure=0.0%, task reward=0.000, length=236.5
DFA transitions: 1->2: 225

[Episode 10100/12000 | last 100]
success rate                : 0.0% (cumulative 0.0%)
failure rate                : 0.0% (cumulative 0.0%)
completed cycles / episode  : 0.000
synthetic task reward       : 0.000
shaping reward              : 38.346
learning reward             : 38.346
episode length              : 149.9
abstract changes / episode  : 5.0
same abstract-state steps   : 96.6%
same-state shaping / episode: 0.000
changed-state shaping / ep. : 38.346
terminal shaping / episode  : -0.961
DFA transitions / episode   : 0.26
DFA transitions in window   : 1->2: 25, 2->3: 1
epsilon (next episode)       : 0.13263
replay buffer                : 300000 samples [1: 97.4%, 2: 2.4%, 3: 0.2%, 4: 0.0%, 5: 0.0%, 6: 0.0%]
DFA state visits in window   : 1: 14438, 2: 614, 3: 37, 4: 0, 5: 0, 6: 0
DFA state visits cumulative  : 1: 1892431, 2: 19680, 3: 902, 4: 0, 5: 0, 6: 0
DFA state entries in window  : 1: 100, 2: 25, 3: 1, 4: 0, 5: 0, 6: 0
DFA state entries cumulative : 1: 10100, 2: 636, 3: 8, 4: 0, 5: 0, 6: 0
transitions cumulative       : 1->2: 636, 2->3: 8
accepted directly from s0    : 0
Gym endings cumulative       : terminated=9996, truncated=104

[Episode 10200/12000 | last 100]
success rate                : 0.0% (cumulative 0.0%)
failure rate                : 0.0% (cumulative 0.0%)
completed cycles / episode  : 0.000
synthetic task reward       : 0.000
shaping reward              : 15.646
learning reward             : 15.646
episode length              : 157.1
abstract changes / episode  : 5.5
same abstract-state steps   : 96.5%
same-state shaping / episode: 0.000
changed-state shaping / ep. : 15.646
terminal shaping / episode  : -2.834
DFA transitions / episode   : 0.22
DFA transitions in window   : 1->2: 22
epsilon (next episode)       : 0.13000
replay buffer                : 300000 samples [1: 97.4%, 2: 2.4%, 3: 0.2%, 4: 0.0%, 5: 0.0%, 6: 0.0%]
DFA state visits in window   : 1: 15345, 2: 468, 3: 0, 4: 0, 5: 0, 6: 0
DFA state visits cumulative  : 1: 1907776, 2: 20148, 3: 902, 4: 0, 5: 0, 6: 0
DFA state entries in window  : 1: 100, 2: 22, 3: 0, 4: 0, 5: 0, 6: 0
DFA state entries cumulative : 1: 10200, 2: 658, 3: 8, 4: 0, 5: 0, 6: 0
transitions cumulative       : 1->2: 658, 2->3: 8
accepted directly from s0    : 0
Gym endings cumulative       : terminated=10096, truncated=104

[Episode 10300/12000 | last 100]
success rate                : 0.0% (cumulative 0.0%)
failure rate                : 0.0% (cumulative 0.0%)
completed cycles / episode  : 0.000
synthetic task reward       : 0.000
shaping reward              : 26.886
learning reward             : 26.886
episode length              : 155.9
abstract changes / episode  : 5.4
same abstract-state steps   : 96.5%
same-state shaping / episode: 0.000
changed-state shaping / ep. : 26.886
terminal shaping / episode  : 0.000
DFA transitions / episode   : 0.23
DFA transitions in window   : 1->2: 20, 2->3: 3
epsilon (next episode)       : 0.12743
replay buffer                : 300000 samples [1: 97.3%, 2: 2.5%, 3: 0.3%, 4: 0.0%, 5: 0.0%, 6: 0.0%]
DFA state visits in window   : 1: 15016, 2: 569, 3: 104, 4: 0, 5: 0, 6: 0
DFA state visits cumulative  : 1: 1922792, 2: 20717, 3: 1006, 4: 0, 5: 0, 6: 0
DFA state entries in window  : 1: 100, 2: 20, 3: 3, 4: 0, 5: 0, 6: 0
DFA state entries cumulative : 1: 10300, 2: 678, 3: 11, 4: 0, 5: 0, 6: 0
transitions cumulative       : 1->2: 678, 2->3: 11
accepted directly from s0    : 0
Gym endings cumulative       : terminated=10196, truncated=104

[Episode 10400/12000 | last 100]
success rate                : 0.0% (cumulative 0.0%)
failure rate                : 0.0% (cumulative 0.0%)
completed cycles / episode  : 0.000
synthetic task reward       : 0.000
shaping reward              : 12.687
learning reward             : 12.687
episode length              : 154.3
abstract changes / episode  : 5.1
same abstract-state steps   : 96.7%
same-state shaping / episode: 0.000
changed-state shaping / ep. : 12.687
terminal shaping / episode  : -0.961
DFA transitions / episode   : 0.13
DFA transitions in window   : 1->2: 12, 2->3: 1
epsilon (next episode)       : 0.12490
replay buffer                : 300000 samples [1: 97.2%, 2: 2.5%, 3: 0.3%, 4: 0.0%, 5: 0.0%, 6: 0.0%]
DFA state visits in window   : 1: 15149, 2: 324, 3: 57, 4: 0, 5: 0, 6: 0
DFA state visits cumulative  : 1: 1937941, 2: 21041, 3: 1063, 4: 0, 5: 0, 6: 0
DFA state entries in window  : 1: 100, 2: 12, 3: 1, 4: 0, 5: 0, 6: 0
DFA state entries cumulative : 1: 10400, 2: 690, 3: 12, 4: 0, 5: 0, 6: 0
transitions cumulative       : 1->2: 690, 2->3: 12
accepted directly from s0    : 0
Gym endings cumulative       : terminated=10296, truncated=104

[Episode 10500/12000 | last 100]
success rate                : 0.0% (cumulative 0.0%)
failure rate                : 0.0% (cumulative 0.0%)
completed cycles / episode  : 0.000
synthetic task reward       : 0.000
shaping reward              : 34.732
learning reward             : 34.732
episode length              : 143.0
abstract changes / episode  : 4.9
same abstract-state steps   : 96.6%
same-state shaping / episode: 0.000
changed-state shaping / ep. : 34.732
terminal shaping / episode  : -0.951
DFA transitions / episode   : 0.28
DFA transitions in window   : 1->2: 28
epsilon (next episode)       : 0.12243
replay buffer                : 300000 samples [1: 97.1%, 2: 2.6%, 3: 0.3%, 4: 0.0%, 5: 0.0%, 6: 0.0%]
DFA state visits in window   : 1: 13820, 2: 583, 3: 0, 4: 0, 5: 0, 6: 0
DFA state visits cumulative  : 1: 1951761, 2: 21624, 3: 1063, 4: 0, 5: 0, 6: 0
DFA state entries in window  : 1: 100, 2: 28, 3: 0, 4: 0, 5: 0, 6: 0
DFA state entries cumulative : 1: 10500, 2: 718, 3: 12, 4: 0, 5: 0, 6: 0
transitions cumulative       : 1->2: 718, 2->3: 12
accepted directly from s0    : 0
Gym endings cumulative       : terminated=10396, truncated=104

Starting autonomous greedy evaluation at episode 10500 (1000 fixed-seed episodes)...
[Greedy evaluation at episode 10500 | 1000 fixed-seed episodes]
success=0.0%, failure=0.0%, task reward=0.000, length=152.6
DFA transitions: 1->2: 254, 2->3: 1

[Episode 10600/12000 | last 100]
success rate                : 0.0% (cumulative 0.0%)
failure rate                : 0.0% (cumulative 0.0%)
completed cycles / episode  : 0.000
synthetic task reward       : 0.000
shaping reward              : 35.445
learning reward             : 35.445
episode length              : 150.3
abstract changes / episode  : 4.5
same abstract-state steps   : 97.0%
same-state shaping / episode: 0.000
changed-state shaping / ep. : 35.445
terminal shaping / episode  : -1.883
DFA transitions / episode   : 0.18
DFA transitions in window   : 1->2: 17, 2->3: 1
epsilon (next episode)       : 0.12001
replay buffer                : 300000 samples [1: 97.0%, 2: 2.7%, 3: 0.3%, 4: 0.0%, 5: 0.0%, 6: 0.0%]
DFA state visits in window   : 1: 14700, 2: 394, 3: 37, 4: 0, 5: 0, 6: 0
DFA state visits cumulative  : 1: 1966461, 2: 22018, 3: 1100, 4: 0, 5: 0, 6: 0
DFA state entries in window  : 1: 100, 2: 17, 3: 1, 4: 0, 5: 0, 6: 0
DFA state entries cumulative : 1: 10600, 2: 735, 3: 13, 4: 0, 5: 0, 6: 0
transitions cumulative       : 1->2: 735, 2->3: 13
accepted directly from s0    : 0
Gym endings cumulative       : terminated=10496, truncated=104

[Episode 10700/12000 | last 100]
success rate                : 0.0% (cumulative 0.0%)
failure rate                : 0.0% (cumulative 0.0%)
completed cycles / episode  : 0.000
synthetic task reward       : 0.000
shaping reward              : 36.482
learning reward             : 36.482
episode length              : 149.4
abstract changes / episode  : 4.9
same abstract-state steps   : 96.7%
same-state shaping / episode: 0.000
changed-state shaping / ep. : 36.482
terminal shaping / episode  : 0.000
DFA transitions / episode   : 0.20
DFA transitions in window   : 1->2: 20
epsilon (next episode)       : 0.11763
replay buffer                : 300000 samples [1: 97.1%, 2: 2.8%, 3: 0.1%, 4: 0.0%, 5: 0.0%, 6: 0.0%]
DFA state visits in window   : 1: 14631, 2: 411, 3: 0, 4: 0, 5: 0, 6: 0
DFA state visits cumulative  : 1: 1981092, 2: 22429, 3: 1100, 4: 0, 5: 0, 6: 0
DFA state entries in window  : 1: 100, 2: 20, 3: 0, 4: 0, 5: 0, 6: 0
DFA state entries cumulative : 1: 10700, 2: 755, 3: 13, 4: 0, 5: 0, 6: 0
transitions cumulative       : 1->2: 755, 2->3: 13
accepted directly from s0    : 0
Gym endings cumulative       : terminated=10596, truncated=104

[Episode 10800/12000 | last 100]
success rate                : 0.0% (cumulative 0.0%)
failure rate                : 0.0% (cumulative 0.0%)
completed cycles / episode  : 0.000
synthetic task reward       : 0.000
shaping reward              : 13.676
learning reward             : 13.676
episode length              : 150.0
abstract changes / episode  : 4.9
same abstract-state steps   : 96.7%
same-state shaping / episode: 0.000
changed-state shaping / ep. : 13.676
terminal shaping / episode  : 0.000
DFA transitions / episode   : 0.16
DFA transitions in window   : 1->2: 16
epsilon (next episode)       : 0.11530
replay buffer                : 300000 samples [1: 97.1%, 2: 2.8%, 3: 0.1%, 4: 0.0%, 5: 0.0%, 6: 0.0%]
DFA state visits in window   : 1: 14729, 2: 374, 3: 0, 4: 0, 5: 0, 6: 0
DFA state visits cumulative  : 1: 1995821, 2: 22803, 3: 1100, 4: 0, 5: 0, 6: 0
DFA state entries in window  : 1: 100, 2: 16, 3: 0, 4: 0, 5: 0, 6: 0
DFA state entries cumulative : 1: 10800, 2: 771, 3: 13, 4: 0, 5: 0, 6: 0
transitions cumulative       : 1->2: 771, 2->3: 13
accepted directly from s0    : 0
Gym endings cumulative       : terminated=10696, truncated=104

[Episode 10900/12000 | last 100]
success rate                : 0.0% (cumulative 0.0%)
failure rate                : 0.0% (cumulative 0.0%)
completed cycles / episode  : 0.000
synthetic task reward       : 0.000
shaping reward              : 42.083
learning reward             : 42.083
episode length              : 149.6
abstract changes / episode  : 4.3
same abstract-state steps   : 97.1%
same-state shaping / episode: 0.000
changed-state shaping / ep. : 42.083
terminal shaping / episode  : 0.000
DFA transitions / episode   : 0.16
DFA transitions in window   : 1->2: 16
epsilon (next episode)       : 0.11302
replay buffer                : 300000 samples [1: 97.1%, 2: 2.8%, 3: 0.1%, 4: 0.0%, 5: 0.0%, 6: 0.0%]
DFA state visits in window   : 1: 14710, 2: 353, 3: 0, 4: 0, 5: 0, 6: 0
DFA state visits cumulative  : 1: 2010531, 2: 23156, 3: 1100, 4: 0, 5: 0, 6: 0
DFA state entries in window  : 1: 100, 2: 16, 3: 0, 4: 0, 5: 0, 6: 0
DFA state entries cumulative : 1: 10900, 2: 787, 3: 13, 4: 0, 5: 0, 6: 0
transitions cumulative       : 1->2: 787, 2->3: 13
accepted directly from s0    : 0
Gym endings cumulative       : terminated=10796, truncated=104

[Episode 11000/12000 | last 100]
success rate                : 0.0% (cumulative 0.0%)
failure rate                : 0.0% (cumulative 0.0%)
completed cycles / episode  : 0.000
synthetic task reward       : 0.000
shaping reward              : 46.924
learning reward             : 46.924
episode length              : 148.0
abstract changes / episode  : 5.0
same abstract-state steps   : 96.6%
same-state shaping / episode: 0.000
changed-state shaping / ep. : 46.924
terminal shaping / episode  : 0.000
DFA transitions / episode   : 0.22
DFA transitions in window   : 1->2: 22
epsilon (next episode)       : 0.11078
replay buffer                : 300000 samples [1: 97.1%, 2: 2.8%, 3: 0.1%, 4: 0.0%, 5: 0.0%, 6: 0.0%]
DFA state visits in window   : 1: 14412, 2: 487, 3: 0, 4: 0, 5: 0, 6: 0
DFA state visits cumulative  : 1: 2024943, 2: 23643, 3: 1100, 4: 0, 5: 0, 6: 0
DFA state entries in window  : 1: 100, 2: 22, 3: 0, 4: 0, 5: 0, 6: 0
DFA state entries cumulative : 1: 11000, 2: 809, 3: 13, 4: 0, 5: 0, 6: 0
transitions cumulative       : 1->2: 809, 2->3: 13
accepted directly from s0    : 0
Gym endings cumulative       : terminated=10896, truncated=104

Starting autonomous greedy evaluation at episode 11000 (1000 fixed-seed episodes)...
[Greedy evaluation at episode 11000 | 1000 fixed-seed episodes]
success=0.0%, failure=0.0%, task reward=0.000, length=181.7
DFA transitions: 1->2: 229

[Episode 11100/12000 | last 100]
success rate                : 0.0% (cumulative 0.0%)
failure rate                : 0.0% (cumulative 0.0%)
completed cycles / episode  : 0.000
synthetic task reward       : 0.000
shaping reward              : 18.459
learning reward             : 18.459
episode length              : 163.9
abstract changes / episode  : 4.6
same abstract-state steps   : 97.2%
same-state shaping / episode: 0.000
changed-state shaping / ep. : 18.459
terminal shaping / episode  : -0.951
DFA transitions / episode   : 0.14
DFA transitions in window   : 1->2: 14
epsilon (next episode)       : 0.10858
replay buffer                : 300000 samples [1: 97.1%, 2: 2.8%, 3: 0.1%, 4: 0.0%, 5: 0.0%, 6: 0.0%]
DFA state visits in window   : 1: 16215, 2: 274, 3: 0, 4: 0, 5: 0, 6: 0
DFA state visits cumulative  : 1: 2041158, 2: 23917, 3: 1100, 4: 0, 5: 0, 6: 0
DFA state entries in window  : 1: 100, 2: 14, 3: 0, 4: 0, 5: 0, 6: 0
DFA state entries cumulative : 1: 11100, 2: 823, 3: 13, 4: 0, 5: 0, 6: 0
transitions cumulative       : 1->2: 823, 2->3: 13
accepted directly from s0    : 0
Gym endings cumulative       : terminated=10996, truncated=104

[Episode 11200/12000 | last 100]
success rate                : 0.0% (cumulative 0.0%)
failure rate                : 0.0% (cumulative 0.0%)
completed cycles / episode  : 0.000
synthetic task reward       : 0.000
shaping reward              : -0.323
learning reward             : -0.323
episode length              : 152.5
abstract changes / episode  : 4.5
same abstract-state steps   : 97.1%
same-state shaping / episode: 0.000
changed-state shaping / ep. : -0.323
terminal shaping / episode  : -0.941
DFA transitions / episode   : 0.12
DFA transitions in window   : 1->2: 12
epsilon (next episode)       : 0.10643
replay buffer                : 300000 samples [1: 97.1%, 2: 2.8%, 3: 0.1%, 4: 0.0%, 5: 0.0%, 6: 0.0%]
DFA state visits in window   : 1: 15113, 2: 233, 3: 0, 4: 0, 5: 0, 6: 0
DFA state visits cumulative  : 1: 2056271, 2: 24150, 3: 1100, 4: 0, 5: 0, 6: 0
DFA state entries in window  : 1: 100, 2: 12, 3: 0, 4: 0, 5: 0, 6: 0
DFA state entries cumulative : 1: 11200, 2: 835, 3: 13, 4: 0, 5: 0, 6: 0
transitions cumulative       : 1->2: 835, 2->3: 13
accepted directly from s0    : 0
Gym endings cumulative       : terminated=11096, truncated=104

[Episode 11300/12000 | last 100]
success rate                : 0.0% (cumulative 0.0%)
failure rate                : 0.0% (cumulative 0.0%)
completed cycles / episode  : 0.000
synthetic task reward       : 0.000
shaping reward              : 17.432
learning reward             : 17.432
episode length              : 144.6
abstract changes / episode  : 4.3
same abstract-state steps   : 97.0%
same-state shaping / episode: 0.000
changed-state shaping / ep. : 17.432
terminal shaping / episode  : 0.000
DFA transitions / episode   : 0.18
DFA transitions in window   : 1->2: 18
epsilon (next episode)       : 0.10433
replay buffer                : 300000 samples [1: 97.1%, 2: 2.8%, 3: 0.1%, 4: 0.0%, 5: 0.0%, 6: 0.0%]
DFA state visits in window   : 1: 14063, 2: 497, 3: 0, 4: 0, 5: 0, 6: 0
DFA state visits cumulative  : 1: 2070334, 2: 24647, 3: 1100, 4: 0, 5: 0, 6: 0
DFA state entries in window  : 1: 100, 2: 18, 3: 0, 4: 0, 5: 0, 6: 0
DFA state entries cumulative : 1: 11300, 2: 853, 3: 13, 4: 0, 5: 0, 6: 0
transitions cumulative       : 1->2: 853, 2->3: 13
accepted directly from s0    : 0
Gym endings cumulative       : terminated=11196, truncated=104

[Episode 11400/12000 | last 100]
success rate                : 0.0% (cumulative 0.0%)
failure rate                : 0.0% (cumulative 0.0%)
completed cycles / episode  : 0.000
synthetic task reward       : 0.000
shaping reward              : -1.493
learning reward             : -1.493
episode length              : 160.4
abstract changes / episode  : 4.7
same abstract-state steps   : 97.1%
same-state shaping / episode: 0.000
changed-state shaping / ep. : -1.493
terminal shaping / episode  : 0.000
DFA transitions / episode   : 0.10
DFA transitions in window   : 1->2: 10
epsilon (next episode)       : 0.10226
replay buffer                : 300000 samples [1: 97.1%, 2: 2.8%, 3: 0.1%, 4: 0.0%, 5: 0.0%, 6: 0.0%]
DFA state visits in window   : 1: 15790, 2: 346, 3: 0, 4: 0, 5: 0, 6: 0
DFA state visits cumulative  : 1: 2086124, 2: 24993, 3: 1100, 4: 0, 5: 0, 6: 0
DFA state entries in window  : 1: 100, 2: 10, 3: 0, 4: 0, 5: 0, 6: 0
DFA state entries cumulative : 1: 11400, 2: 863, 3: 13, 4: 0, 5: 0, 6: 0
transitions cumulative       : 1->2: 863, 2->3: 13
accepted directly from s0    : 0
Gym endings cumulative       : terminated=11296, truncated=104

[Episode 11500/12000 | last 100]
success rate                : 0.0% (cumulative 0.0%)
failure rate                : 0.0% (cumulative 0.0%)
completed cycles / episode  : 0.000
synthetic task reward       : 0.000
shaping reward              : 21.255
learning reward             : 21.255
episode length              : 170.3
abstract changes / episode  : 5.2
same abstract-state steps   : 97.0%
same-state shaping / episode: 0.000
changed-state shaping / ep. : 21.255
terminal shaping / episode  : 0.000
DFA transitions / episode   : 0.17
DFA transitions in window   : 1->2: 16, 2->3: 1
epsilon (next episode)       : 0.10024
replay buffer                : 300000 samples [1: 97.0%, 2: 2.9%, 3: 0.1%, 4: 0.0%, 5: 0.0%, 6: 0.0%]
DFA state visits in window   : 1: 16627, 2: 454, 3: 47, 4: 0, 5: 0, 6: 0
DFA state visits cumulative  : 1: 2102751, 2: 25447, 3: 1147, 4: 0, 5: 0, 6: 0
DFA state entries in window  : 1: 100, 2: 16, 3: 1, 4: 0, 5: 0, 6: 0
DFA state entries cumulative : 1: 11500, 2: 879, 3: 14, 4: 0, 5: 0, 6: 0
transitions cumulative       : 1->2: 879, 2->3: 14
accepted directly from s0    : 0
Gym endings cumulative       : terminated=11396, truncated=104

Starting autonomous greedy evaluation at episode 11500 (1000 fixed-seed episodes)...
[Greedy evaluation at episode 11500 | 1000 fixed-seed episodes]
success=0.0%, failure=0.0%, task reward=0.000, length=183.5
DFA transitions: 1->2: 92, 2->3: 7

[Episode 11600/12000 | last 100]
success rate                : 0.0% (cumulative 0.0%)
failure rate                : 0.0% (cumulative 0.0%)
completed cycles / episode  : 0.000
synthetic task reward       : 0.000
shaping reward              : 11.783
learning reward             : 11.783
episode length              : 175.3
abstract changes / episode  : 5.5
same abstract-state steps   : 96.9%
same-state shaping / episode: 0.000
changed-state shaping / ep. : 11.783
terminal shaping / episode  : -1.902
DFA transitions / episode   : 0.14
DFA transitions in window   : 1->2: 14
epsilon (next episode)       : 0.09825
replay buffer                : 300000 samples [1: 97.0%, 2: 2.9%, 3: 0.1%, 4: 0.0%, 5: 0.0%, 6: 0.0%]
DFA state visits in window   : 1: 17031, 2: 601, 3: 0, 4: 0, 5: 0, 6: 0
DFA state visits cumulative  : 1: 2119782, 2: 26048, 3: 1147, 4: 0, 5: 0, 6: 0
DFA state entries in window  : 1: 100, 2: 14, 3: 0, 4: 0, 5: 0, 6: 0
DFA state entries cumulative : 1: 11600, 2: 893, 3: 14, 4: 0, 5: 0, 6: 0
transitions cumulative       : 1->2: 893, 2->3: 14
accepted directly from s0    : 0
Gym endings cumulative       : terminated=11496, truncated=104

[Episode 11700/12000 | last 100]
success rate                : 0.0% (cumulative 0.0%)
failure rate                : 0.0% (cumulative 0.0%)
completed cycles / episode  : 0.000
synthetic task reward       : 0.000
shaping reward              : 11.860
learning reward             : 11.860
episode length              : 156.5
abstract changes / episode  : 5.4
same abstract-state steps   : 96.5%
same-state shaping / episode: 0.000
changed-state shaping / ep. : 11.860
terminal shaping / episode  : -2.844
DFA transitions / episode   : 0.20
DFA transitions in window   : 1->2: 20
epsilon (next episode)       : 0.09631
replay buffer                : 300000 samples [1: 97.0%, 2: 2.9%, 3: 0.1%, 4: 0.0%, 5: 0.0%, 6: 0.0%]
DFA state visits in window   : 1: 15322, 2: 429, 3: 0, 4: 0, 5: 0, 6: 0
DFA state visits cumulative  : 1: 2135104, 2: 26477, 3: 1147, 4: 0, 5: 0, 6: 0
DFA state entries in window  : 1: 100, 2: 20, 3: 0, 4: 0, 5: 0, 6: 0
DFA state entries cumulative : 1: 11700, 2: 913, 3: 14, 4: 0, 5: 0, 6: 0
transitions cumulative       : 1->2: 913, 2->3: 14
accepted directly from s0    : 0
Gym endings cumulative       : terminated=11596, truncated=104

[Episode 11800/12000 | last 100]
success rate                : 0.0% (cumulative 0.0%)
failure rate                : 0.0% (cumulative 0.0%)
completed cycles / episode  : 0.000
synthetic task reward       : 0.000
shaping reward              : 30.766
learning reward             : 30.766
episode length              : 140.8
abstract changes / episode  : 4.6
same abstract-state steps   : 96.7%
same-state shaping / episode: 0.000
changed-state shaping / ep. : 30.766
terminal shaping / episode  : 0.000
DFA transitions / episode   : 0.21
DFA transitions in window   : 1->2: 21
epsilon (next episode)       : 0.09440
replay buffer                : 300000 samples [1: 97.1%, 2: 2.8%, 3: 0.1%, 4: 0.0%, 5: 0.0%, 6: 0.0%]
DFA state visits in window   : 1: 13549, 2: 626, 3: 0, 4: 0, 5: 0, 6: 0
DFA state visits cumulative  : 1: 2148653, 2: 27103, 3: 1147, 4: 0, 5: 0, 6: 0
DFA state entries in window  : 1: 100, 2: 21, 3: 0, 4: 0, 5: 0, 6: 0
DFA state entries cumulative : 1: 11800, 2: 934, 3: 14, 4: 0, 5: 0, 6: 0
transitions cumulative       : 1->2: 934, 2->3: 14
accepted directly from s0    : 0
Gym endings cumulative       : terminated=11696, truncated=104

[Episode 11900/12000 | last 100]
success rate                : 0.0% (cumulative 0.0%)
failure rate                : 0.0% (cumulative 0.0%)
completed cycles / episode  : 0.000
synthetic task reward       : 0.000
shaping reward              : 27.913
learning reward             : 27.913
episode length              : 152.4
abstract changes / episode  : 5.0
same abstract-state steps   : 96.7%
same-state shaping / episode: 0.000
changed-state shaping / ep. : 27.913
terminal shaping / episode  : 0.000
DFA transitions / episode   : 0.23
DFA transitions in window   : 1->2: 23
epsilon (next episode)       : 0.09253
replay buffer                : 300000 samples [1: 97.1%, 2: 2.8%, 3: 0.1%, 4: 0.0%, 5: 0.0%, 6: 0.0%]
DFA state visits in window   : 1: 14802, 2: 541, 3: 0, 4: 0, 5: 0, 6: 0
DFA state visits cumulative  : 1: 2163455, 2: 27644, 3: 1147, 4: 0, 5: 0, 6: 0
DFA state entries in window  : 1: 100, 2: 23, 3: 0, 4: 0, 5: 0, 6: 0
DFA state entries cumulative : 1: 11900, 2: 957, 3: 14, 4: 0, 5: 0, 6: 0
transitions cumulative       : 1->2: 957, 2->3: 14
accepted directly from s0    : 0
Gym endings cumulative       : terminated=11796, truncated=104

[Episode 12000/12000 | last 100]
success rate                : 0.0% (cumulative 0.0%)
failure rate                : 0.0% (cumulative 0.0%)
completed cycles / episode  : 0.000
synthetic task reward       : 0.000
shaping reward              : 16.520
learning reward             : 16.520
episode length              : 154.3
abstract changes / episode  : 5.0
same abstract-state steps   : 96.8%
same-state shaping / episode: 0.000
changed-state shaping / ep. : 16.520
terminal shaping / episode  : -1.883
DFA transitions / episode   : 0.17
DFA transitions in window   : 1->2: 16, 2->3: 1
epsilon (next episode)       : 0.09070
replay buffer                : 300000 samples [1: 97.1%, 2: 2.8%, 3: 0.1%, 4: 0.0%, 5: 0.0%, 6: 0.0%]
DFA state visits in window   : 1: 15047, 2: 405, 3: 79, 4: 0, 5: 0, 6: 0
DFA state visits cumulative  : 1: 2178502, 2: 28049, 3: 1226, 4: 0, 5: 0, 6: 0
DFA state entries in window  : 1: 100, 2: 16, 3: 1, 4: 0, 5: 0, 6: 0
DFA state entries cumulative : 1: 12000, 2: 973, 3: 15, 4: 0, 5: 0, 6: 0
transitions cumulative       : 1->2: 973, 2->3: 15
accepted directly from s0    : 0
Gym endings cumulative       : terminated=11896, truncated=104

Starting autonomous greedy evaluation at episode 12000 (1000 fixed-seed episodes)...
[Greedy evaluation at episode 12000 | 1000 fixed-seed episodes]
success=0.0%, failure=0.0%, task reward=0.000, length=138.4
DFA transitions: 1->2: 225
Last policy saved after episode 12000. Best greedy evaluation: episode 7500, mean task reward=0.000
