
=== NEW RUN ===
episodes=12000, shaping=True, goal_reward=10000.0, gamma=0.99
gamma_shaping=1.0, shaping_formula=gamma_shaping*Phi(next)-Phi(state)
ground_unbiased_learner=False
eval_interval=500, eval_episodes=1000, eval_seed=100000
inter_level_shaping=False, inter_level_formula=gamma*Phi(next)-Phi(state)
task_type=ltlf, task=F(wp1 & X(F(wp2 & X(F(wp3 & X(F(g1)))))))
regions={wp1: {'center': [-0.75, 1.0625], 'radius': 0.1}, wp2: {'center': [0, 0.6875], 'radius': 0.1}, wp3: {'center': [0, 1.0625], 'radius': 0.1}, g1: {'center': [0.75, 1.0625], 'radius': 0.1}}
dfa_states=[1, 2, 3, 4, 5], pre_trace=1, accepting=[5], failure=[]

[Episode 1/12000 | last 1]
success rate                : 0.0% (cumulative 0.0%)
failure rate                : 0.0% (cumulative 0.0%)
completed cycles / episode  : 0.000
synthetic task reward       : 0.000
shaping reward              : -189.247
learning reward             : -189.247
episode length              : 119.0
abstract changes / episode  : 5.0
same abstract-state steps   : 95.8%
same-state shaping / episode: 0.000
changed-state shaping / ep. : -189.247
terminal shaping / episode  : 0.000
DFA transitions / episode   : 0.00
DFA transitions in window   : none
epsilon (next episode)       : 0.99980
replay buffer                : 119 samples [1: 100.0%, 2: 0.0%, 3: 0.0%, 4: 0.0%, 5: 0.0%]
DFA state visits in window   : 1: 120, 2: 0, 3: 0, 4: 0, 5: 0
DFA state visits cumulative  : 1: 120, 2: 0, 3: 0, 4: 0, 5: 0
DFA state entries in window  : 1: 1, 2: 0, 3: 0, 4: 0, 5: 0
DFA state entries cumulative : 1: 1, 2: 0, 3: 0, 4: 0, 5: 0
transitions cumulative       : none
accepted directly from s0    : 0
Gym endings cumulative       : terminated=1, truncated=0

[Episode 100/12000 | last 100]
success rate                : 0.0% (cumulative 0.0%)
failure rate                : 0.0% (cumulative 0.0%)
completed cycles / episode  : 0.000
synthetic task reward       : 0.000
shaping reward              : -234.443
learning reward             : -234.443
episode length              : 94.1
abstract changes / episode  : 5.8
same abstract-state steps   : 93.8%
same-state shaping / episode: 0.000
changed-state shaping / ep. : -234.443
terminal shaping / episode  : 0.000
DFA transitions / episode   : 0.00
DFA transitions in window   : none
epsilon (next episode)       : 0.98020
replay buffer                : 9406 samples [1: 100.0%, 2: 0.0%, 3: 0.0%, 4: 0.0%, 5: 0.0%]
DFA state visits in window   : 1: 9506, 2: 0, 3: 0, 4: 0, 5: 0
DFA state visits cumulative  : 1: 9506, 2: 0, 3: 0, 4: 0, 5: 0
DFA state entries in window  : 1: 100, 2: 0, 3: 0, 4: 0, 5: 0
DFA state entries cumulative : 1: 100, 2: 0, 3: 0, 4: 0, 5: 0
transitions cumulative       : none
accepted directly from s0    : 0
Gym endings cumulative       : terminated=100, truncated=0

[Episode 200/12000 | last 100]
success rate                : 0.0% (cumulative 0.0%)
failure rate                : 0.0% (cumulative 0.0%)
completed cycles / episode  : 0.000
synthetic task reward       : 0.000
shaping reward              : -224.904
learning reward             : -224.904
episode length              : 89.8
abstract changes / episode  : 5.8
same abstract-state steps   : 93.6%
same-state shaping / episode: 0.000
changed-state shaping / ep. : -224.904
terminal shaping / episode  : 0.000
DFA transitions / episode   : 0.02
DFA transitions in window   : 1->2: 2
epsilon (next episode)       : 0.96079
replay buffer                : 18384 samples [1: 99.8%, 2: 0.2%, 3: 0.0%, 4: 0.0%, 5: 0.0%]
DFA state visits in window   : 1: 9038, 2: 40, 3: 0, 4: 0, 5: 0
DFA state visits cumulative  : 1: 18544, 2: 40, 3: 0, 4: 0, 5: 0
DFA state entries in window  : 1: 100, 2: 2, 3: 0, 4: 0, 5: 0
DFA state entries cumulative : 1: 200, 2: 2, 3: 0, 4: 0, 5: 0
transitions cumulative       : 1->2: 2
accepted directly from s0    : 0
Gym endings cumulative       : terminated=200, truncated=0

[Episode 300/12000 | last 100]
success rate                : 0.0% (cumulative 0.0%)
failure rate                : 0.0% (cumulative 0.0%)
completed cycles / episode  : 0.000
synthetic task reward       : 0.000
shaping reward              : -228.737
learning reward             : -228.737
episode length              : 95.2
abstract changes / episode  : 5.8
same abstract-state steps   : 94.0%
same-state shaping / episode: 0.000
changed-state shaping / ep. : -228.737
terminal shaping / episode  : -0.941
DFA transitions / episode   : 0.03
DFA transitions in window   : 1->2: 3
epsilon (next episode)       : 0.94176
replay buffer                : 27900 samples [1: 99.7%, 2: 0.3%, 3: 0.0%, 4: 0.0%, 5: 0.0%]
DFA state visits in window   : 1: 9565, 2: 51, 3: 0, 4: 0, 5: 0
DFA state visits cumulative  : 1: 28109, 2: 91, 3: 0, 4: 0, 5: 0
DFA state entries in window  : 1: 100, 2: 3, 3: 0, 4: 0, 5: 0
DFA state entries cumulative : 1: 300, 2: 5, 3: 0, 4: 0, 5: 0
transitions cumulative       : 1->2: 5
accepted directly from s0    : 0
Gym endings cumulative       : terminated=300, truncated=0

[Episode 400/12000 | last 100]
success rate                : 0.0% (cumulative 0.0%)
failure rate                : 0.0% (cumulative 0.0%)
completed cycles / episode  : 0.000
synthetic task reward       : 0.000
shaping reward              : -224.971
learning reward             : -224.971
episode length              : 94.2
abstract changes / episode  : 5.9
same abstract-state steps   : 93.8%
same-state shaping / episode: 0.000
changed-state shaping / ep. : -224.971
terminal shaping / episode  : 0.000
DFA transitions / episode   : 0.03
DFA transitions in window   : 1->2: 3
epsilon (next episode)       : 0.92311
replay buffer                : 37315 samples [1: 99.6%, 2: 0.4%, 3: 0.0%, 4: 0.0%, 5: 0.0%]
DFA state visits in window   : 1: 9441, 2: 74, 3: 0, 4: 0, 5: 0
DFA state visits cumulative  : 1: 37550, 2: 165, 3: 0, 4: 0, 5: 0
DFA state entries in window  : 1: 100, 2: 3, 3: 0, 4: 0, 5: 0
DFA state entries cumulative : 1: 400, 2: 8, 3: 0, 4: 0, 5: 0
transitions cumulative       : 1->2: 8
accepted directly from s0    : 0
Gym endings cumulative       : terminated=400, truncated=0

[Episode 500/12000 | last 100]
success rate                : 0.0% (cumulative 0.0%)
failure rate                : 0.0% (cumulative 0.0%)
completed cycles / episode  : 0.000
synthetic task reward       : 0.000
shaping reward              : -232.589
learning reward             : -232.589
episode length              : 96.8
abstract changes / episode  : 5.8
same abstract-state steps   : 94.0%
same-state shaping / episode: 0.000
changed-state shaping / ep. : -232.589
terminal shaping / episode  : -0.941
DFA transitions / episode   : 0.02
DFA transitions in window   : 1->2: 2
epsilon (next episode)       : 0.90483
replay buffer                : 46990 samples [1: 99.6%, 2: 0.4%, 3: 0.0%, 4: 0.0%, 5: 0.0%]
DFA state visits in window   : 1: 9739, 2: 36, 3: 0, 4: 0, 5: 0
DFA state visits cumulative  : 1: 47289, 2: 201, 3: 0, 4: 0, 5: 0
DFA state entries in window  : 1: 100, 2: 2, 3: 0, 4: 0, 5: 0
DFA state entries cumulative : 1: 500, 2: 10, 3: 0, 4: 0, 5: 0
transitions cumulative       : 1->2: 10
accepted directly from s0    : 0
Gym endings cumulative       : terminated=500, truncated=0

Starting autonomous greedy evaluation at episode 500 (1000 fixed-seed episodes)...
[Greedy evaluation at episode 500 | 1000 fixed-seed episodes]
success=0.0%, failure=0.0%, task reward=0.000, length=128.9
DFA transitions: 1->2: 165
Best policy updated from autonomous greedy evaluation at episode 500.

[Episode 600/12000 | last 100]
success rate                : 0.0% (cumulative 0.0%)
failure rate                : 0.0% (cumulative 0.0%)
completed cycles / episode  : 0.000
synthetic task reward       : 0.000
shaping reward              : -225.826
learning reward             : -225.826
episode length              : 99.3
abstract changes / episode  : 5.7
same abstract-state steps   : 94.2%
same-state shaping / episode: 0.000
changed-state shaping / ep. : -225.826
terminal shaping / episode  : -0.941
DFA transitions / episode   : 0.01
DFA transitions in window   : 1->2: 1
epsilon (next episode)       : 0.88691
replay buffer                : 56916 samples [1: 99.6%, 2: 0.4%, 3: 0.0%, 4: 0.0%, 5: 0.0%]
DFA state visits in window   : 1: 10007, 2: 19, 3: 0, 4: 0, 5: 0
DFA state visits cumulative  : 1: 57296, 2: 220, 3: 0, 4: 0, 5: 0
DFA state entries in window  : 1: 100, 2: 1, 3: 0, 4: 0, 5: 0
DFA state entries cumulative : 1: 600, 2: 11, 3: 0, 4: 0, 5: 0
transitions cumulative       : 1->2: 11
accepted directly from s0    : 0
Gym endings cumulative       : terminated=600, truncated=0

[Episode 700/12000 | last 100]
success rate                : 0.0% (cumulative 0.0%)
failure rate                : 0.0% (cumulative 0.0%)
completed cycles / episode  : 0.000
synthetic task reward       : 0.000
shaping reward              : -221.138
learning reward             : -221.138
episode length              : 101.9
abstract changes / episode  : 5.8
same abstract-state steps   : 94.3%
same-state shaping / episode: 0.000
changed-state shaping / ep. : -221.138
terminal shaping / episode  : 0.000
DFA transitions / episode   : 0.05
DFA transitions in window   : 1->2: 5
epsilon (next episode)       : 0.86935
replay buffer                : 67104 samples [1: 99.5%, 2: 0.5%, 3: 0.0%, 4: 0.0%, 5: 0.0%]
DFA state visits in window   : 1: 10169, 2: 119, 3: 0, 4: 0, 5: 0
DFA state visits cumulative  : 1: 67465, 2: 339, 3: 0, 4: 0, 5: 0
DFA state entries in window  : 1: 100, 2: 5, 3: 0, 4: 0, 5: 0
DFA state entries cumulative : 1: 700, 2: 16, 3: 0, 4: 0, 5: 0
transitions cumulative       : 1->2: 16
accepted directly from s0    : 0
Gym endings cumulative       : terminated=700, truncated=0

[Episode 800/12000 | last 100]
success rate                : 0.0% (cumulative 0.0%)
failure rate                : 0.0% (cumulative 0.0%)
completed cycles / episode  : 0.000
synthetic task reward       : 0.000
shaping reward              : -207.747
learning reward             : -207.747
episode length              : 107.1
abstract changes / episode  : 5.7
same abstract-state steps   : 94.6%
same-state shaping / episode: 0.000
changed-state shaping / ep. : -207.747
terminal shaping / episode  : -0.941
DFA transitions / episode   : 0.05
DFA transitions in window   : 1->2: 5
epsilon (next episode)       : 0.85213
replay buffer                : 77814 samples [1: 99.4%, 2: 0.6%, 3: 0.0%, 4: 0.0%, 5: 0.0%]
DFA state visits in window   : 1: 10670, 2: 140, 3: 0, 4: 0, 5: 0
DFA state visits cumulative  : 1: 78135, 2: 479, 3: 0, 4: 0, 5: 0
DFA state entries in window  : 1: 100, 2: 5, 3: 0, 4: 0, 5: 0
DFA state entries cumulative : 1: 800, 2: 21, 3: 0, 4: 0, 5: 0
transitions cumulative       : 1->2: 21
accepted directly from s0    : 0
Gym endings cumulative       : terminated=800, truncated=0

[Episode 900/12000 | last 100]
success rate                : 0.0% (cumulative 0.0%)
failure rate                : 0.0% (cumulative 0.0%)
completed cycles / episode  : 0.000
synthetic task reward       : 0.000
shaping reward              : -218.304
learning reward             : -218.304
episode length              : 104.7
abstract changes / episode  : 6.1
same abstract-state steps   : 94.2%
same-state shaping / episode: 0.000
changed-state shaping / ep. : -218.304
terminal shaping / episode  : 0.000
DFA transitions / episode   : 0.04
DFA transitions in window   : 1->2: 4
epsilon (next episode)       : 0.83526
replay buffer                : 88287 samples [1: 99.4%, 2: 0.6%, 3: 0.0%, 4: 0.0%, 5: 0.0%]
DFA state visits in window   : 1: 10459, 2: 114, 3: 0, 4: 0, 5: 0
DFA state visits cumulative  : 1: 88594, 2: 593, 3: 0, 4: 0, 5: 0
DFA state entries in window  : 1: 100, 2: 4, 3: 0, 4: 0, 5: 0
DFA state entries cumulative : 1: 900, 2: 25, 3: 0, 4: 0, 5: 0
transitions cumulative       : 1->2: 25
accepted directly from s0    : 0
Gym endings cumulative       : terminated=900, truncated=0

[Episode 1000/12000 | last 100]
success rate                : 0.0% (cumulative 0.0%)
failure rate                : 0.0% (cumulative 0.0%)
completed cycles / episode  : 0.000
synthetic task reward       : 0.000
shaping reward              : -212.483
learning reward             : -212.483
episode length              : 111.7
abstract changes / episode  : 5.8
same abstract-state steps   : 94.9%
same-state shaping / episode: 0.000
changed-state shaping / ep. : -212.483
terminal shaping / episode  : -0.941
DFA transitions / episode   : 0.01
DFA transitions in window   : 1->2: 1
epsilon (next episode)       : 0.81871
replay buffer                : 99458 samples [1: 99.4%, 2: 0.6%, 3: 0.0%, 4: 0.0%, 5: 0.0%]
DFA state visits in window   : 1: 11241, 2: 30, 3: 0, 4: 0, 5: 0
DFA state visits cumulative  : 1: 99835, 2: 623, 3: 0, 4: 0, 5: 0
DFA state entries in window  : 1: 100, 2: 1, 3: 0, 4: 0, 5: 0
DFA state entries cumulative : 1: 1000, 2: 26, 3: 0, 4: 0, 5: 0
transitions cumulative       : 1->2: 26
accepted directly from s0    : 0
Gym endings cumulative       : terminated=1000, truncated=0

Starting autonomous greedy evaluation at episode 1000 (1000 fixed-seed episodes)...
[Greedy evaluation at episode 1000 | 1000 fixed-seed episodes]
success=0.0%, failure=0.0%, task reward=0.000, length=126.8
DFA transitions: none
Best policy updated from autonomous greedy evaluation at episode 1000.

[Episode 1100/12000 | last 100]
success rate                : 0.0% (cumulative 0.0%)
failure rate                : 0.0% (cumulative 0.0%)
completed cycles / episode  : 0.000
synthetic task reward       : 0.000
shaping reward              : -218.285
learning reward             : -218.285
episode length              : 108.6
abstract changes / episode  : 5.8
same abstract-state steps   : 94.7%
same-state shaping / episode: 0.000
changed-state shaping / ep. : -218.285
terminal shaping / episode  : 0.000
DFA transitions / episode   : 0.02
DFA transitions in window   : 1->2: 2
epsilon (next episode)       : 0.80250
replay buffer                : 110320 samples [1: 99.4%, 2: 0.6%, 3: 0.0%, 4: 0.0%, 5: 0.0%]
DFA state visits in window   : 1: 10879, 2: 83, 3: 0, 4: 0, 5: 0
DFA state visits cumulative  : 1: 110714, 2: 706, 3: 0, 4: 0, 5: 0
DFA state entries in window  : 1: 100, 2: 2, 3: 0, 4: 0, 5: 0
DFA state entries cumulative : 1: 1100, 2: 28, 3: 0, 4: 0, 5: 0
transitions cumulative       : 1->2: 28
accepted directly from s0    : 0
Gym endings cumulative       : terminated=1100, truncated=0

[Episode 1200/12000 | last 100]
success rate                : 0.0% (cumulative 0.0%)
failure rate                : 0.0% (cumulative 0.0%)
completed cycles / episode  : 0.000
synthetic task reward       : 0.000
shaping reward              : -213.501
learning reward             : -213.501
episode length              : 112.7
abstract changes / episode  : 5.8
same abstract-state steps   : 94.9%
same-state shaping / episode: 0.000
changed-state shaping / ep. : -213.501
terminal shaping / episode  : 0.000
DFA transitions / episode   : 0.03
DFA transitions in window   : 1->2: 3
epsilon (next episode)       : 0.78661
replay buffer                : 121593 samples [1: 99.4%, 2: 0.6%, 3: 0.0%, 4: 0.0%, 5: 0.0%]
DFA state visits in window   : 1: 11261, 2: 112, 3: 0, 4: 0, 5: 0
DFA state visits cumulative  : 1: 121975, 2: 818, 3: 0, 4: 0, 5: 0
DFA state entries in window  : 1: 100, 2: 3, 3: 0, 4: 0, 5: 0
DFA state entries cumulative : 1: 1200, 2: 31, 3: 0, 4: 0, 5: 0
transitions cumulative       : 1->2: 31
accepted directly from s0    : 0
Gym endings cumulative       : terminated=1200, truncated=0

[Episode 1300/12000 | last 100]
success rate                : 0.0% (cumulative 0.0%)
failure rate                : 0.0% (cumulative 0.0%)
completed cycles / episode  : 0.000
synthetic task reward       : 0.000
shaping reward              : -201.090
learning reward             : -201.090
episode length              : 112.7
abstract changes / episode  : 5.6
same abstract-state steps   : 95.0%
same-state shaping / episode: 0.000
changed-state shaping / ep. : -201.090
terminal shaping / episode  : -0.941
DFA transitions / episode   : 0.04
DFA transitions in window   : 1->2: 4
epsilon (next episode)       : 0.77103
replay buffer                : 132861 samples [1: 99.3%, 2: 0.7%, 3: 0.0%, 4: 0.0%, 5: 0.0%]
DFA state visits in window   : 1: 11272, 2: 96, 3: 0, 4: 0, 5: 0
DFA state visits cumulative  : 1: 133247, 2: 914, 3: 0, 4: 0, 5: 0
DFA state entries in window  : 1: 100, 2: 4, 3: 0, 4: 0, 5: 0
DFA state entries cumulative : 1: 1300, 2: 35, 3: 0, 4: 0, 5: 0
transitions cumulative       : 1->2: 35
accepted directly from s0    : 0
Gym endings cumulative       : terminated=1300, truncated=0

[Episode 1400/12000 | last 100]
success rate                : 0.0% (cumulative 0.0%)
failure rate                : 0.0% (cumulative 0.0%)
completed cycles / episode  : 0.000
synthetic task reward       : 0.000
shaping reward              : -198.285
learning reward             : -198.285
episode length              : 122.6
abstract changes / episode  : 5.7
same abstract-state steps   : 95.4%
same-state shaping / episode: 0.000
changed-state shaping / ep. : -198.285
terminal shaping / episode  : 0.000
DFA transitions / episode   : 0.02
DFA transitions in window   : 1->2: 2
epsilon (next episode)       : 0.75576
replay buffer                : 145117 samples [1: 99.4%, 2: 0.6%, 3: 0.0%, 4: 0.0%, 5: 0.0%]
DFA state visits in window   : 1: 12313, 2: 43, 3: 0, 4: 0, 5: 0
DFA state visits cumulative  : 1: 145560, 2: 957, 3: 0, 4: 0, 5: 0
DFA state entries in window  : 1: 100, 2: 2, 3: 0, 4: 0, 5: 0
DFA state entries cumulative : 1: 1400, 2: 37, 3: 0, 4: 0, 5: 0
transitions cumulative       : 1->2: 37
accepted directly from s0    : 0
Gym endings cumulative       : terminated=1399, truncated=1

[Episode 1500/12000 | last 100]
success rate                : 0.0% (cumulative 0.0%)
failure rate                : 0.0% (cumulative 0.0%)
completed cycles / episode  : 0.000
synthetic task reward       : 0.000
shaping reward              : -199.293
learning reward             : -199.293
episode length              : 113.7
abstract changes / episode  : 5.5
same abstract-state steps   : 95.1%
same-state shaping / episode: 0.000
changed-state shaping / ep. : -199.293
terminal shaping / episode  : -0.951
DFA transitions / episode   : 0.03
DFA transitions in window   : 1->2: 3
epsilon (next episode)       : 0.74080
replay buffer                : 156482 samples [1: 99.3%, 2: 0.7%, 3: 0.0%, 4: 0.0%, 5: 0.0%]
DFA state visits in window   : 1: 11345, 2: 120, 3: 0, 4: 0, 5: 0
DFA state visits cumulative  : 1: 156905, 2: 1077, 3: 0, 4: 0, 5: 0
DFA state entries in window  : 1: 100, 2: 3, 3: 0, 4: 0, 5: 0
DFA state entries cumulative : 1: 1500, 2: 40, 3: 0, 4: 0, 5: 0
transitions cumulative       : 1->2: 40
accepted directly from s0    : 0
Gym endings cumulative       : terminated=1499, truncated=1

Starting autonomous greedy evaluation at episode 1500 (1000 fixed-seed episodes)...
[Greedy evaluation at episode 1500 | 1000 fixed-seed episodes]
success=0.0%, failure=0.0%, task reward=0.000, length=124.3
DFA transitions: none
Best policy updated from autonomous greedy evaluation at episode 1500.

[Episode 1600/12000 | last 100]
success rate                : 0.0% (cumulative 0.0%)
failure rate                : 0.0% (cumulative 0.0%)
completed cycles / episode  : 0.000
synthetic task reward       : 0.000
shaping reward              : -200.139
learning reward             : -200.139
episode length              : 119.4
abstract changes / episode  : 5.4
same abstract-state steps   : 95.4%
same-state shaping / episode: 0.000
changed-state shaping / ep. : -200.139
terminal shaping / episode  : 0.000
DFA transitions / episode   : 0.03
DFA transitions in window   : 1->2: 3
epsilon (next episode)       : 0.72613
replay buffer                : 168419 samples [1: 99.3%, 2: 0.7%, 3: 0.0%, 4: 0.0%, 5: 0.0%]
DFA state visits in window   : 1: 11959, 2: 78, 3: 0, 4: 0, 5: 0
DFA state visits cumulative  : 1: 168864, 2: 1155, 3: 0, 4: 0, 5: 0
DFA state entries in window  : 1: 100, 2: 3, 3: 0, 4: 0, 5: 0
DFA state entries cumulative : 1: 1600, 2: 43, 3: 0, 4: 0, 5: 0
transitions cumulative       : 1->2: 43
accepted directly from s0    : 0
Gym endings cumulative       : terminated=1599, truncated=1

[Episode 1700/12000 | last 100]
success rate                : 0.0% (cumulative 0.0%)
failure rate                : 0.0% (cumulative 0.0%)
completed cycles / episode  : 0.000
synthetic task reward       : 0.000
shaping reward              : -191.771
learning reward             : -191.771
episode length              : 126.3
abstract changes / episode  : 5.5
same abstract-state steps   : 95.6%
same-state shaping / episode: 0.000
changed-state shaping / ep. : -191.771
terminal shaping / episode  : 0.000
DFA transitions / episode   : 0.06
DFA transitions in window   : 1->2: 6
epsilon (next episode)       : 0.71175
replay buffer                : 181053 samples [1: 99.3%, 2: 0.7%, 3: 0.0%, 4: 0.0%, 5: 0.0%]
DFA state visits in window   : 1: 12587, 2: 147, 3: 0, 4: 0, 5: 0
DFA state visits cumulative  : 1: 181451, 2: 1302, 3: 0, 4: 0, 5: 0
DFA state entries in window  : 1: 100, 2: 6, 3: 0, 4: 0, 5: 0
DFA state entries cumulative : 1: 1700, 2: 49, 3: 0, 4: 0, 5: 0
transitions cumulative       : 1->2: 49
accepted directly from s0    : 0
Gym endings cumulative       : terminated=1699, truncated=1

[Episode 1800/12000 | last 100]
success rate                : 0.0% (cumulative 0.0%)
failure rate                : 0.0% (cumulative 0.0%)
completed cycles / episode  : 0.000
synthetic task reward       : 0.000
shaping reward              : -189.716
learning reward             : -189.716
episode length              : 129.8
abstract changes / episode  : 5.8
same abstract-state steps   : 95.5%
same-state shaping / episode: 0.000
changed-state shaping / ep. : -189.716
terminal shaping / episode  : 0.000
DFA transitions / episode   : 0.06
DFA transitions in window   : 1->2: 6
epsilon (next episode)       : 0.69765
replay buffer                : 194038 samples [1: 99.3%, 2: 0.7%, 3: 0.0%, 4: 0.0%, 5: 0.0%]
DFA state visits in window   : 1: 12969, 2: 116, 3: 0, 4: 0, 5: 0
DFA state visits cumulative  : 1: 194420, 2: 1418, 3: 0, 4: 0, 5: 0
DFA state entries in window  : 1: 100, 2: 6, 3: 0, 4: 0, 5: 0
DFA state entries cumulative : 1: 1800, 2: 55, 3: 0, 4: 0, 5: 0
transitions cumulative       : 1->2: 55
accepted directly from s0    : 0
Gym endings cumulative       : terminated=1799, truncated=1

[Episode 1900/12000 | last 100]
success rate                : 0.0% (cumulative 0.0%)
failure rate                : 0.0% (cumulative 0.0%)
completed cycles / episode  : 0.000
synthetic task reward       : 0.000
shaping reward              : -178.294
learning reward             : -178.294
episode length              : 129.4
abstract changes / episode  : 5.6
same abstract-state steps   : 95.7%
same-state shaping / episode: 0.000
changed-state shaping / ep. : -178.294
terminal shaping / episode  : 0.000
DFA transitions / episode   : 0.08
DFA transitions in window   : 1->2: 8
epsilon (next episode)       : 0.68384
replay buffer                : 206975 samples [1: 99.2%, 2: 0.8%, 3: 0.0%, 4: 0.0%, 5: 0.0%]
DFA state visits in window   : 1: 12655, 2: 382, 3: 0, 4: 0, 5: 0
DFA state visits cumulative  : 1: 207075, 2: 1800, 3: 0, 4: 0, 5: 0
DFA state entries in window  : 1: 100, 2: 8, 3: 0, 4: 0, 5: 0
DFA state entries cumulative : 1: 1900, 2: 63, 3: 0, 4: 0, 5: 0
transitions cumulative       : 1->2: 63
accepted directly from s0    : 0
Gym endings cumulative       : terminated=1899, truncated=1

[Episode 2000/12000 | last 100]
success rate                : 0.0% (cumulative 0.0%)
failure rate                : 0.0% (cumulative 0.0%)
completed cycles / episode  : 0.000
synthetic task reward       : 0.000
shaping reward              : -211.609
learning reward             : -211.609
episode length              : 136.0
abstract changes / episode  : 5.9
same abstract-state steps   : 95.7%
same-state shaping / episode: 0.000
changed-state shaping / ep. : -211.609
terminal shaping / episode  : 0.000
DFA transitions / episode   : 0.01
DFA transitions in window   : 1->2: 1
epsilon (next episode)       : 0.67029
replay buffer                : 220575 samples [1: 99.2%, 2: 0.8%, 3: 0.0%, 4: 0.0%, 5: 0.0%]
DFA state visits in window   : 1: 13679, 2: 21, 3: 0, 4: 0, 5: 0
DFA state visits cumulative  : 1: 220754, 2: 1821, 3: 0, 4: 0, 5: 0
DFA state entries in window  : 1: 100, 2: 1, 3: 0, 4: 0, 5: 0
DFA state entries cumulative : 1: 2000, 2: 64, 3: 0, 4: 0, 5: 0
transitions cumulative       : 1->2: 64
accepted directly from s0    : 0
Gym endings cumulative       : terminated=1999, truncated=1

Starting autonomous greedy evaluation at episode 2000 (1000 fixed-seed episodes)...
[Greedy evaluation at episode 2000 | 1000 fixed-seed episodes]
success=0.0%, failure=0.0%, task reward=0.000, length=128.3
DFA transitions: none

[Episode 2100/12000 | last 100]
success rate                : 0.0% (cumulative 0.0%)
failure rate                : 0.0% (cumulative 0.0%)
completed cycles / episode  : 0.000
synthetic task reward       : 0.000
shaping reward              : -202.108
learning reward             : -202.108
episode length              : 128.4
abstract changes / episode  : 5.9
same abstract-state steps   : 95.4%
same-state shaping / episode: 0.000
changed-state shaping / ep. : -202.108
terminal shaping / episode  : 0.000
DFA transitions / episode   : 0.06
DFA transitions in window   : 1->2: 6
epsilon (next episode)       : 0.65702
replay buffer                : 233416 samples [1: 99.2%, 2: 0.8%, 3: 0.0%, 4: 0.0%, 5: 0.0%]
DFA state visits in window   : 1: 12733, 2: 208, 3: 0, 4: 0, 5: 0
DFA state visits cumulative  : 1: 233487, 2: 2029, 3: 0, 4: 0, 5: 0
DFA state entries in window  : 1: 100, 2: 6, 3: 0, 4: 0, 5: 0
DFA state entries cumulative : 1: 2100, 2: 70, 3: 0, 4: 0, 5: 0
transitions cumulative       : 1->2: 70
accepted directly from s0    : 0
Gym endings cumulative       : terminated=2099, truncated=1

[Episode 2200/12000 | last 100]
success rate                : 0.0% (cumulative 0.0%)
failure rate                : 0.0% (cumulative 0.0%)
completed cycles / episode  : 0.000
synthetic task reward       : 0.000
shaping reward              : -194.519
learning reward             : -194.519
episode length              : 147.5
abstract changes / episode  : 5.8
same abstract-state steps   : 96.1%
same-state shaping / episode: 0.000
changed-state shaping / ep. : -194.519
terminal shaping / episode  : 0.000
DFA transitions / episode   : 0.05
DFA transitions in window   : 1->2: 5
epsilon (next episode)       : 0.64401
replay buffer                : 248165 samples [1: 99.1%, 2: 0.9%, 3: 0.0%, 4: 0.0%, 5: 0.0%]
DFA state visits in window   : 1: 14578, 2: 271, 3: 0, 4: 0, 5: 0
DFA state visits cumulative  : 1: 248065, 2: 2300, 3: 0, 4: 0, 5: 0
DFA state entries in window  : 1: 100, 2: 5, 3: 0, 4: 0, 5: 0
DFA state entries cumulative : 1: 2200, 2: 75, 3: 0, 4: 0, 5: 0
transitions cumulative       : 1->2: 75
accepted directly from s0    : 0
Gym endings cumulative       : terminated=2199, truncated=1

[Episode 2300/12000 | last 100]
success rate                : 0.0% (cumulative 0.0%)
failure rate                : 0.0% (cumulative 0.0%)
completed cycles / episode  : 0.000
synthetic task reward       : 0.000
shaping reward              : -198.371
learning reward             : -198.371
episode length              : 156.3
abstract changes / episode  : 6.0
same abstract-state steps   : 96.1%
same-state shaping / episode: 0.000
changed-state shaping / ep. : -198.371
terminal shaping / episode  : 0.000
DFA transitions / episode   : 0.06
DFA transitions in window   : 1->2: 6
epsilon (next episode)       : 0.63125
replay buffer                : 263799 samples [1: 99.0%, 2: 1.0%, 3: 0.0%, 4: 0.0%, 5: 0.0%]
DFA state visits in window   : 1: 15385, 2: 349, 3: 0, 4: 0, 5: 0
DFA state visits cumulative  : 1: 263450, 2: 2649, 3: 0, 4: 0, 5: 0
DFA state entries in window  : 1: 100, 2: 6, 3: 0, 4: 0, 5: 0
DFA state entries cumulative : 1: 2300, 2: 81, 3: 0, 4: 0, 5: 0
transitions cumulative       : 1->2: 81
accepted directly from s0    : 0
Gym endings cumulative       : terminated=2299, truncated=1

[Episode 2400/12000 | last 100]
success rate                : 0.0% (cumulative 0.0%)
failure rate                : 0.0% (cumulative 0.0%)
completed cycles / episode  : 0.000
synthetic task reward       : 0.000
shaping reward              : -199.236
learning reward             : -199.236
episode length              : 162.2
abstract changes / episode  : 6.0
same abstract-state steps   : 96.3%
same-state shaping / episode: 0.000
changed-state shaping / ep. : -199.236
terminal shaping / episode  : 0.000
DFA transitions / episode   : 0.04
DFA transitions in window   : 1->2: 4
epsilon (next episode)       : 0.61875
replay buffer                : 280016 samples [1: 99.0%, 2: 1.0%, 3: 0.0%, 4: 0.0%, 5: 0.0%]
DFA state visits in window   : 1: 16127, 2: 190, 3: 0, 4: 0, 5: 0
DFA state visits cumulative  : 1: 279577, 2: 2839, 3: 0, 4: 0, 5: 0
DFA state entries in window  : 1: 100, 2: 4, 3: 0, 4: 0, 5: 0
DFA state entries cumulative : 1: 2400, 2: 85, 3: 0, 4: 0, 5: 0
transitions cumulative       : 1->2: 85
accepted directly from s0    : 0
Gym endings cumulative       : terminated=2399, truncated=1

[Episode 2500/12000 | last 100]
success rate                : 0.0% (cumulative 0.0%)
failure rate                : 0.0% (cumulative 0.0%)
completed cycles / episode  : 0.000
synthetic task reward       : 0.000
shaping reward              : -214.395
learning reward             : -214.395
episode length              : 159.0
abstract changes / episode  : 6.3
same abstract-state steps   : 96.0%
same-state shaping / episode: 0.000
changed-state shaping / ep. : -214.395
terminal shaping / episode  : 0.000
DFA transitions / episode   : 0.02
DFA transitions in window   : 1->2: 2
epsilon (next episode)       : 0.60650
replay buffer                : 295918 samples [1: 99.0%, 2: 1.0%, 3: 0.0%, 4: 0.0%, 5: 0.0%]
DFA state visits in window   : 1: 15858, 2: 144, 3: 0, 4: 0, 5: 0
DFA state visits cumulative  : 1: 295435, 2: 2983, 3: 0, 4: 0, 5: 0
DFA state entries in window  : 1: 100, 2: 2, 3: 0, 4: 0, 5: 0
DFA state entries cumulative : 1: 2500, 2: 87, 3: 0, 4: 0, 5: 0
transitions cumulative       : 1->2: 87
accepted directly from s0    : 0
Gym endings cumulative       : terminated=2499, truncated=1

Starting autonomous greedy evaluation at episode 2500 (1000 fixed-seed episodes)...
[Greedy evaluation at episode 2500 | 1000 fixed-seed episodes]
success=0.0%, failure=0.0%, task reward=0.000, length=140.5
DFA transitions: none

[Episode 2600/12000 | last 100]
success rate                : 0.0% (cumulative 0.0%)
failure rate                : 0.0% (cumulative 0.0%)
completed cycles / episode  : 0.000
synthetic task reward       : 0.000
shaping reward              : -222.954
learning reward             : -222.954
episode length              : 181.3
abstract changes / episode  : 6.6
same abstract-state steps   : 96.4%
same-state shaping / episode: 0.000
changed-state shaping / ep. : -222.954
terminal shaping / episode  : 0.000
DFA transitions / episode   : 0.02
DFA transitions in window   : 1->2: 2
epsilon (next episode)       : 0.59449
replay buffer                : 300000 samples [1: 99.0%, 2: 1.0%, 3: 0.0%, 4: 0.0%, 5: 0.0%]
DFA state visits in window   : 1: 18120, 2: 114, 3: 0, 4: 0, 5: 0
DFA state visits cumulative  : 1: 313555, 2: 3097, 3: 0, 4: 0, 5: 0
DFA state entries in window  : 1: 100, 2: 2, 3: 0, 4: 0, 5: 0
DFA state entries cumulative : 1: 2600, 2: 89, 3: 0, 4: 0, 5: 0
transitions cumulative       : 1->2: 89
accepted directly from s0    : 0
Gym endings cumulative       : terminated=2599, truncated=1

[Episode 2700/12000 | last 100]
success rate                : 0.0% (cumulative 0.0%)
failure rate                : 0.0% (cumulative 0.0%)
completed cycles / episode  : 0.000
synthetic task reward       : 0.000
shaping reward              : -217.257
learning reward             : -217.257
episode length              : 203.1
abstract changes / episode  : 7.0
same abstract-state steps   : 96.6%
same-state shaping / episode: 0.000
changed-state shaping / ep. : -217.257
terminal shaping / episode  : 0.000
DFA transitions / episode   : 0.01
DFA transitions in window   : 1->2: 1
epsilon (next episode)       : 0.58272
replay buffer                : 300000 samples [1: 99.0%, 2: 1.0%, 3: 0.0%, 4: 0.0%, 5: 0.0%]
DFA state visits in window   : 1: 20357, 2: 54, 3: 0, 4: 0, 5: 0
DFA state visits cumulative  : 1: 333912, 2: 3151, 3: 0, 4: 0, 5: 0
DFA state entries in window  : 1: 100, 2: 1, 3: 0, 4: 0, 5: 0
DFA state entries cumulative : 1: 2700, 2: 90, 3: 0, 4: 0, 5: 0
transitions cumulative       : 1->2: 90
accepted directly from s0    : 0
Gym endings cumulative       : terminated=2699, truncated=1

[Episode 2800/12000 | last 100]
success rate                : 0.0% (cumulative 0.0%)
failure rate                : 0.0% (cumulative 0.0%)
completed cycles / episode  : 0.000
synthetic task reward       : 0.000
shaping reward              : -223.943
learning reward             : -223.943
episode length              : 206.5
abstract changes / episode  : 7.0
same abstract-state steps   : 96.6%
same-state shaping / episode: 0.000
changed-state shaping / ep. : -223.943
terminal shaping / episode  : 0.000
DFA transitions / episode   : 0.02
DFA transitions in window   : 1->2: 2
epsilon (next episode)       : 0.57118
replay buffer                : 300000 samples [1: 99.0%, 2: 1.0%, 3: 0.0%, 4: 0.0%, 5: 0.0%]
DFA state visits in window   : 1: 20516, 2: 230, 3: 0, 4: 0, 5: 0
DFA state visits cumulative  : 1: 354428, 2: 3381, 3: 0, 4: 0, 5: 0
DFA state entries in window  : 1: 100, 2: 2, 3: 0, 4: 0, 5: 0
DFA state entries cumulative : 1: 2800, 2: 92, 3: 0, 4: 0, 5: 0
transitions cumulative       : 1->2: 92
accepted directly from s0    : 0
Gym endings cumulative       : terminated=2799, truncated=1

[Episode 2900/12000 | last 100]
success rate                : 0.0% (cumulative 0.0%)
failure rate                : 0.0% (cumulative 0.0%)
completed cycles / episode  : 0.000
synthetic task reward       : 0.000
shaping reward              : -223.982
learning reward             : -223.982
episode length              : 234.9
abstract changes / episode  : 7.5
same abstract-state steps   : 96.8%
same-state shaping / episode: 0.000
changed-state shaping / ep. : -223.982
terminal shaping / episode  : 0.000
DFA transitions / episode   : 0.01
DFA transitions in window   : 1->2: 1
epsilon (next episode)       : 0.55987
replay buffer                : 300000 samples [1: 99.0%, 2: 1.0%, 3: 0.0%, 4: 0.0%, 5: 0.0%]
DFA state visits in window   : 1: 23494, 2: 101, 3: 0, 4: 0, 5: 0
DFA state visits cumulative  : 1: 377922, 2: 3482, 3: 0, 4: 0, 5: 0
DFA state entries in window  : 1: 100, 2: 1, 3: 0, 4: 0, 5: 0
DFA state entries cumulative : 1: 2900, 2: 93, 3: 0, 4: 0, 5: 0
transitions cumulative       : 1->2: 93
accepted directly from s0    : 0
Gym endings cumulative       : terminated=2898, truncated=2

[Episode 3000/12000 | last 100]
success rate                : 0.0% (cumulative 0.0%)
failure rate                : 0.0% (cumulative 0.0%)
completed cycles / episode  : 0.000
synthetic task reward       : 0.000
shaping reward              : -234.433
learning reward             : -234.433
episode length              : 241.5
abstract changes / episode  : 8.0
same abstract-state steps   : 96.7%
same-state shaping / episode: 0.000
changed-state shaping / ep. : -234.433
terminal shaping / episode  : 0.000
DFA transitions / episode   : 0.00
DFA transitions in window   : none
epsilon (next episode)       : 0.54878
replay buffer                : 300000 samples [1: 99.1%, 2: 0.9%, 3: 0.0%, 4: 0.0%, 5: 0.0%]
DFA state visits in window   : 1: 24248, 2: 0, 3: 0, 4: 0, 5: 0
DFA state visits cumulative  : 1: 402170, 2: 3482, 3: 0, 4: 0, 5: 0
DFA state entries in window  : 1: 100, 2: 0, 3: 0, 4: 0, 5: 0
DFA state entries cumulative : 1: 3000, 2: 93, 3: 0, 4: 0, 5: 0
transitions cumulative       : 1->2: 93
accepted directly from s0    : 0
Gym endings cumulative       : terminated=2995, truncated=5

Starting autonomous greedy evaluation at episode 3000 (1000 fixed-seed episodes)...
[Greedy evaluation at episode 3000 | 1000 fixed-seed episodes]
success=0.0%, failure=0.0%, task reward=0.000, length=1000.0
DFA transitions: none

[Episode 3100/12000 | last 100]
success rate                : 0.0% (cumulative 0.0%)
failure rate                : 0.0% (cumulative 0.0%)
completed cycles / episode  : 0.000
synthetic task reward       : 0.000
shaping reward              : -235.432
learning reward             : -235.432
episode length              : 214.1
abstract changes / episode  : 7.2
same abstract-state steps   : 96.6%
same-state shaping / episode: 0.000
changed-state shaping / ep. : -235.432
terminal shaping / episode  : 0.000
DFA transitions / episode   : 0.00
DFA transitions in window   : none
epsilon (next episode)       : 0.53791
replay buffer                : 300000 samples [1: 99.1%, 2: 0.9%, 3: 0.0%, 4: 0.0%, 5: 0.0%]
DFA state visits in window   : 1: 21511, 2: 0, 3: 0, 4: 0, 5: 0
DFA state visits cumulative  : 1: 423681, 2: 3482, 3: 0, 4: 0, 5: 0
DFA state entries in window  : 1: 100, 2: 0, 3: 0, 4: 0, 5: 0
DFA state entries cumulative : 1: 3100, 2: 93, 3: 0, 4: 0, 5: 0
transitions cumulative       : 1->2: 93
accepted directly from s0    : 0
Gym endings cumulative       : terminated=3091, truncated=9

[Episode 3200/12000 | last 100]
success rate                : 0.0% (cumulative 0.0%)
failure rate                : 0.0% (cumulative 0.0%)
completed cycles / episode  : 0.000
synthetic task reward       : 0.000
shaping reward              : -239.217
learning reward             : -239.217
episode length              : 198.4
abstract changes / episode  : 7.1
same abstract-state steps   : 96.4%
same-state shaping / episode: 0.000
changed-state shaping / ep. : -239.217
terminal shaping / episode  : 0.000
DFA transitions / episode   : 0.00
DFA transitions in window   : none
epsilon (next episode)       : 0.52726
replay buffer                : 300000 samples [1: 99.2%, 2: 0.8%, 3: 0.0%, 4: 0.0%, 5: 0.0%]
DFA state visits in window   : 1: 19941, 2: 0, 3: 0, 4: 0, 5: 0
DFA state visits cumulative  : 1: 443622, 2: 3482, 3: 0, 4: 0, 5: 0
DFA state entries in window  : 1: 100, 2: 0, 3: 0, 4: 0, 5: 0
DFA state entries cumulative : 1: 3200, 2: 93, 3: 0, 4: 0, 5: 0
transitions cumulative       : 1->2: 93
accepted directly from s0    : 0
Gym endings cumulative       : terminated=3188, truncated=12

[Episode 3300/12000 | last 100]
success rate                : 0.0% (cumulative 0.0%)
failure rate                : 0.0% (cumulative 0.0%)
completed cycles / episode  : 0.000
synthetic task reward       : 0.000
shaping reward              : -236.335
learning reward             : -236.335
episode length              : 201.9
abstract changes / episode  : 7.8
same abstract-state steps   : 96.2%
same-state shaping / episode: 0.000
changed-state shaping / ep. : -236.335
terminal shaping / episode  : 0.000
DFA transitions / episode   : 0.00
DFA transitions in window   : none
epsilon (next episode)       : 0.51682
replay buffer                : 300000 samples [1: 99.2%, 2: 0.8%, 3: 0.0%, 4: 0.0%, 5: 0.0%]
DFA state visits in window   : 1: 20288, 2: 0, 3: 0, 4: 0, 5: 0
DFA state visits cumulative  : 1: 463910, 2: 3482, 3: 0, 4: 0, 5: 0
DFA state entries in window  : 1: 100, 2: 0, 3: 0, 4: 0, 5: 0
DFA state entries cumulative : 1: 3300, 2: 93, 3: 0, 4: 0, 5: 0
transitions cumulative       : 1->2: 93
accepted directly from s0    : 0
Gym endings cumulative       : terminated=3287, truncated=13

[Episode 3400/12000 | last 100]
success rate                : 0.0% (cumulative 0.0%)
failure rate                : 0.0% (cumulative 0.0%)
completed cycles / episode  : 0.000
synthetic task reward       : 0.000
shaping reward              : -243.040
learning reward             : -243.040
episode length              : 131.8
abstract changes / episode  : 6.3
same abstract-state steps   : 95.2%
same-state shaping / episode: 0.000
changed-state shaping / ep. : -243.040
terminal shaping / episode  : 0.000
DFA transitions / episode   : 0.00
DFA transitions in window   : none
epsilon (next episode)       : 0.50658
replay buffer                : 300000 samples [1: 99.3%, 2: 0.7%, 3: 0.0%, 4: 0.0%, 5: 0.0%]
DFA state visits in window   : 1: 13282, 2: 0, 3: 0, 4: 0, 5: 0
DFA state visits cumulative  : 1: 477192, 2: 3482, 3: 0, 4: 0, 5: 0
DFA state entries in window  : 1: 100, 2: 0, 3: 0, 4: 0, 5: 0
DFA state entries cumulative : 1: 3400, 2: 93, 3: 0, 4: 0, 5: 0
transitions cumulative       : 1->2: 93
accepted directly from s0    : 0
Gym endings cumulative       : terminated=3387, truncated=13

[Episode 3500/12000 | last 100]
success rate                : 0.0% (cumulative 0.0%)
failure rate                : 0.0% (cumulative 0.0%)
completed cycles / episode  : 0.000
synthetic task reward       : 0.000
shaping reward              : -220.072
learning reward             : -220.072
episode length              : 129.6
abstract changes / episode  : 6.4
same abstract-state steps   : 95.1%
same-state shaping / episode: 0.000
changed-state shaping / ep. : -220.072
terminal shaping / episode  : 0.000
DFA transitions / episode   : 0.02
DFA transitions in window   : 1->2: 2
epsilon (next episode)       : 0.49655
replay buffer                : 300000 samples [1: 99.3%, 2: 0.7%, 3: 0.0%, 4: 0.0%, 5: 0.0%]
DFA state visits in window   : 1: 12998, 2: 57, 3: 0, 4: 0, 5: 0
DFA state visits cumulative  : 1: 490190, 2: 3539, 3: 0, 4: 0, 5: 0
DFA state entries in window  : 1: 100, 2: 2, 3: 0, 4: 0, 5: 0
DFA state entries cumulative : 1: 3500, 2: 95, 3: 0, 4: 0, 5: 0
transitions cumulative       : 1->2: 95
accepted directly from s0    : 0
Gym endings cumulative       : terminated=3487, truncated=13

Starting autonomous greedy evaluation at episode 3500 (1000 fixed-seed episodes)...
[Greedy evaluation at episode 3500 | 1000 fixed-seed episodes]
success=0.0%, failure=0.0%, task reward=0.000, length=176.6
DFA transitions: 1->2: 131

[Episode 3600/12000 | last 100]
success rate                : 0.0% (cumulative 0.0%)
failure rate                : 0.0% (cumulative 0.0%)
completed cycles / episode  : 0.000
synthetic task reward       : 0.000
shaping reward              : -228.756
learning reward             : -228.756
episode length              : 152.9
abstract changes / episode  : 7.2
same abstract-state steps   : 95.3%
same-state shaping / episode: 0.000
changed-state shaping / ep. : -228.756
terminal shaping / episode  : 0.000
DFA transitions / episode   : 0.03
DFA transitions in window   : 1->2: 3
epsilon (next episode)       : 0.48672
replay buffer                : 300000 samples [1: 99.4%, 2: 0.6%, 3: 0.0%, 4: 0.0%, 5: 0.0%]
DFA state visits in window   : 1: 15327, 2: 65, 3: 0, 4: 0, 5: 0
DFA state visits cumulative  : 1: 505517, 2: 3604, 3: 0, 4: 0, 5: 0
DFA state entries in window  : 1: 100, 2: 3, 3: 0, 4: 0, 5: 0
DFA state entries cumulative : 1: 3600, 2: 98, 3: 0, 4: 0, 5: 0
transitions cumulative       : 1->2: 98
accepted directly from s0    : 0
Gym endings cumulative       : terminated=3587, truncated=13

[Episode 3700/12000 | last 100]
success rate                : 0.0% (cumulative 0.0%)
failure rate                : 0.0% (cumulative 0.0%)
completed cycles / episode  : 0.000
synthetic task reward       : 0.000
shaping reward              : -224.010
learning reward             : -224.010
episode length              : 170.9
abstract changes / episode  : 6.9
same abstract-state steps   : 96.0%
same-state shaping / episode: 0.000
changed-state shaping / ep. : -224.010
terminal shaping / episode  : 0.000
DFA transitions / episode   : 0.02
DFA transitions in window   : 1->2: 2
epsilon (next episode)       : 0.47708
replay buffer                : 300000 samples [1: 99.4%, 2: 0.6%, 3: 0.0%, 4: 0.0%, 5: 0.0%]
DFA state visits in window   : 1: 17137, 2: 53, 3: 0, 4: 0, 5: 0
DFA state visits cumulative  : 1: 522654, 2: 3657, 3: 0, 4: 0, 5: 0
DFA state entries in window  : 1: 100, 2: 2, 3: 0, 4: 0, 5: 0
DFA state entries cumulative : 1: 3700, 2: 100, 3: 0, 4: 0, 5: 0
transitions cumulative       : 1->2: 100
accepted directly from s0    : 0
Gym endings cumulative       : terminated=3685, truncated=15

[Episode 3800/12000 | last 100]
success rate                : 0.0% (cumulative 0.0%)
failure rate                : 0.0% (cumulative 0.0%)
completed cycles / episode  : 0.000
synthetic task reward       : 0.000
shaping reward              : -218.295
learning reward             : -218.295
episode length              : 145.5
abstract changes / episode  : 5.9
same abstract-state steps   : 95.9%
same-state shaping / episode: 0.000
changed-state shaping / ep. : -218.295
terminal shaping / episode  : 0.000
DFA transitions / episode   : 0.04
DFA transitions in window   : 1->2: 4
epsilon (next episode)       : 0.46763
replay buffer                : 300000 samples [1: 99.4%, 2: 0.6%, 3: 0.0%, 4: 0.0%, 5: 0.0%]
DFA state visits in window   : 1: 14530, 2: 120, 3: 0, 4: 0, 5: 0
DFA state visits cumulative  : 1: 537184, 2: 3777, 3: 0, 4: 0, 5: 0
DFA state entries in window  : 1: 100, 2: 4, 3: 0, 4: 0, 5: 0
DFA state entries cumulative : 1: 3800, 2: 104, 3: 0, 4: 0, 5: 0
transitions cumulative       : 1->2: 104
accepted directly from s0    : 0
Gym endings cumulative       : terminated=3783, truncated=17

[Episode 3900/12000 | last 100]
success rate                : 0.0% (cumulative 0.0%)
failure rate                : 0.0% (cumulative 0.0%)
completed cycles / episode  : 0.000
synthetic task reward       : 0.000
shaping reward              : -180.177
learning reward             : -180.177
episode length              : 228.0
abstract changes / episode  : 7.0
same abstract-state steps   : 96.9%
same-state shaping / episode: 0.000
changed-state shaping / ep. : -180.177
terminal shaping / episode  : 0.000
DFA transitions / episode   : 0.05
DFA transitions in window   : 1->2: 5
epsilon (next episode)       : 0.45837
replay buffer                : 300000 samples [1: 99.4%, 2: 0.6%, 3: 0.0%, 4: 0.0%, 5: 0.0%]
DFA state visits in window   : 1: 22540, 2: 359, 3: 0, 4: 0, 5: 0
DFA state visits cumulative  : 1: 559724, 2: 4136, 3: 0, 4: 0, 5: 0
DFA state entries in window  : 1: 100, 2: 5, 3: 0, 4: 0, 5: 0
DFA state entries cumulative : 1: 3900, 2: 109, 3: 0, 4: 0, 5: 0
transitions cumulative       : 1->2: 109
accepted directly from s0    : 0
Gym endings cumulative       : terminated=3879, truncated=21

[Episode 4000/12000 | last 100]
success rate                : 0.0% (cumulative 0.0%)
failure rate                : 0.0% (cumulative 0.0%)
completed cycles / episode  : 0.000
synthetic task reward       : 0.000
shaping reward              : -95.555
learning reward             : -95.555
episode length              : 245.9
abstract changes / episode  : 7.4
same abstract-state steps   : 97.0%
same-state shaping / episode: 0.000
changed-state shaping / ep. : -95.555
terminal shaping / episode  : 0.000
DFA transitions / episode   : 0.03
DFA transitions in window   : 1->2: 3
epsilon (next episode)       : 0.44929
replay buffer                : 300000 samples [1: 99.5%, 2: 0.5%, 3: 0.0%, 4: 0.0%, 5: 0.0%]
DFA state visits in window   : 1: 24509, 2: 181, 3: 0, 4: 0, 5: 0
DFA state visits cumulative  : 1: 584233, 2: 4317, 3: 0, 4: 0, 5: 0
DFA state entries in window  : 1: 100, 2: 3, 3: 0, 4: 0, 5: 0
DFA state entries cumulative : 1: 4000, 2: 112, 3: 0, 4: 0, 5: 0
transitions cumulative       : 1->2: 112
accepted directly from s0    : 0
Gym endings cumulative       : terminated=3978, truncated=22

Starting autonomous greedy evaluation at episode 4000 (1000 fixed-seed episodes)...
[Greedy evaluation at episode 4000 | 1000 fixed-seed episodes]
success=0.0%, failure=0.0%, task reward=0.000, length=980.9
DFA transitions: none

[Episode 4100/12000 | last 100]
success rate                : 0.0% (cumulative 0.0%)
failure rate                : 0.0% (cumulative 0.0%)
completed cycles / episode  : 0.000
synthetic task reward       : 0.000
shaping reward              : -182.117
learning reward             : -182.117
episode length              : 401.9
abstract changes / episode  : 10.1
same abstract-state steps   : 97.5%
same-state shaping / episode: 0.000
changed-state shaping / ep. : -182.117
terminal shaping / episode  : -0.941
DFA transitions / episode   : 0.04
DFA transitions in window   : 1->2: 4
epsilon (next episode)       : 0.44040
replay buffer                : 300000 samples [1: 99.5%, 2: 0.5%, 3: 0.0%, 4: 0.0%, 5: 0.0%]
DFA state visits in window   : 1: 39847, 2: 444, 3: 0, 4: 0, 5: 0
DFA state visits cumulative  : 1: 624080, 2: 4761, 3: 0, 4: 0, 5: 0
DFA state entries in window  : 1: 100, 2: 4, 3: 0, 4: 0, 5: 0
DFA state entries cumulative : 1: 4100, 2: 116, 3: 0, 4: 0, 5: 0
transitions cumulative       : 1->2: 116
accepted directly from s0    : 0
Gym endings cumulative       : terminated=4066, truncated=34

[Episode 4200/12000 | last 100]
success rate                : 0.0% (cumulative 0.0%)
failure rate                : 0.0% (cumulative 0.0%)
completed cycles / episode  : 0.000
synthetic task reward       : 0.000
shaping reward              : -222.013
learning reward             : -222.013
episode length              : 280.5
abstract changes / episode  : 6.8
same abstract-state steps   : 97.6%
same-state shaping / episode: 0.000
changed-state shaping / ep. : -222.013
terminal shaping / episode  : 0.000
DFA transitions / episode   : 0.01
DFA transitions in window   : 1->2: 1
epsilon (next episode)       : 0.43167
replay buffer                : 300000 samples [1: 99.5%, 2: 0.5%, 3: 0.0%, 4: 0.0%, 5: 0.0%]
DFA state visits in window   : 1: 28129, 2: 22, 3: 0, 4: 0, 5: 0
DFA state visits cumulative  : 1: 652209, 2: 4783, 3: 0, 4: 0, 5: 0
DFA state entries in window  : 1: 100, 2: 1, 3: 0, 4: 0, 5: 0
DFA state entries cumulative : 1: 4200, 2: 117, 3: 0, 4: 0, 5: 0
transitions cumulative       : 1->2: 117
accepted directly from s0    : 0
Gym endings cumulative       : terminated=4150, truncated=50

[Episode 4300/12000 | last 100]
success rate                : 0.0% (cumulative 0.0%)
failure rate                : 0.0% (cumulative 0.0%)
completed cycles / episode  : 0.000
synthetic task reward       : 0.000
shaping reward              : -230.581
learning reward             : -230.581
episode length              : 279.9
abstract changes / episode  : 7.2
same abstract-state steps   : 97.4%
same-state shaping / episode: 0.000
changed-state shaping / ep. : -230.581
terminal shaping / episode  : -0.941
DFA transitions / episode   : 0.00
DFA transitions in window   : none
epsilon (next episode)       : 0.42313
replay buffer                : 300000 samples [1: 99.6%, 2: 0.4%, 3: 0.0%, 4: 0.0%, 5: 0.0%]
DFA state visits in window   : 1: 28089, 2: 0, 3: 0, 4: 0, 5: 0
DFA state visits cumulative  : 1: 680298, 2: 4783, 3: 0, 4: 0, 5: 0
DFA state entries in window  : 1: 100, 2: 0, 3: 0, 4: 0, 5: 0
DFA state entries cumulative : 1: 4300, 2: 117, 3: 0, 4: 0, 5: 0
transitions cumulative       : 1->2: 117
accepted directly from s0    : 0
Gym endings cumulative       : terminated=4238, truncated=62

[Episode 4400/12000 | last 100]
success rate                : 0.0% (cumulative 0.0%)
failure rate                : 0.0% (cumulative 0.0%)
completed cycles / episode  : 0.000
synthetic task reward       : 0.000
shaping reward              : -180.148
learning reward             : -180.148
episode length              : 195.8
abstract changes / episode  : 6.4
same abstract-state steps   : 96.7%
same-state shaping / episode: 0.000
changed-state shaping / ep. : -180.148
terminal shaping / episode  : 0.000
DFA transitions / episode   : 0.05
DFA transitions in window   : 1->2: 5
epsilon (next episode)       : 0.41475
replay buffer                : 300000 samples [1: 99.5%, 2: 0.5%, 3: 0.0%, 4: 0.0%, 5: 0.0%]
DFA state visits in window   : 1: 19449, 2: 227, 3: 0, 4: 0, 5: 0
DFA state visits cumulative  : 1: 699747, 2: 5010, 3: 0, 4: 0, 5: 0
DFA state entries in window  : 1: 100, 2: 5, 3: 0, 4: 0, 5: 0
DFA state entries cumulative : 1: 4400, 2: 122, 3: 0, 4: 0, 5: 0
transitions cumulative       : 1->2: 122
accepted directly from s0    : 0
Gym endings cumulative       : terminated=4337, truncated=63

[Episode 4500/12000 | last 100]
success rate                : 0.0% (cumulative 0.0%)
failure rate                : 0.0% (cumulative 0.0%)
completed cycles / episode  : 0.000
synthetic task reward       : 0.000
shaping reward              : -181.176
learning reward             : -181.176
episode length              : 272.8
abstract changes / episode  : 7.0
same abstract-state steps   : 97.4%
same-state shaping / episode: 0.000
changed-state shaping / ep. : -181.176
terminal shaping / episode  : -0.941
DFA transitions / episode   : 0.03
DFA transitions in window   : 1->2: 3
epsilon (next episode)       : 0.40653
replay buffer                : 300000 samples [1: 99.5%, 2: 0.5%, 3: 0.0%, 4: 0.0%, 5: 0.0%]
DFA state visits in window   : 1: 27245, 2: 131, 3: 0, 4: 0, 5: 0
DFA state visits cumulative  : 1: 726992, 2: 5141, 3: 0, 4: 0, 5: 0
DFA state entries in window  : 1: 100, 2: 3, 3: 0, 4: 0, 5: 0
DFA state entries cumulative : 1: 4500, 2: 125, 3: 0, 4: 0, 5: 0
transitions cumulative       : 1->2: 125
accepted directly from s0    : 0
Gym endings cumulative       : terminated=4436, truncated=64

Starting autonomous greedy evaluation at episode 4500 (1000 fixed-seed episodes)...
[Greedy evaluation at episode 4500 | 1000 fixed-seed episodes]
success=0.0%, failure=0.0%, task reward=0.000, length=200.0
DFA transitions: 1->2: 8

[Episode 4600/12000 | last 100]
success rate                : 0.0% (cumulative 0.0%)
failure rate                : 0.0% (cumulative 0.0%)
completed cycles / episode  : 0.000
synthetic task reward       : 0.000
shaping reward              : -235.432
learning reward             : -235.432
episode length              : 207.0
abstract changes / episode  : 6.8
same abstract-state steps   : 96.7%
same-state shaping / episode: 0.000
changed-state shaping / ep. : -235.432
terminal shaping / episode  : 0.000
DFA transitions / episode   : 0.01
DFA transitions in window   : 1->2: 1
epsilon (next episode)       : 0.39848
replay buffer                : 300000 samples [1: 99.4%, 2: 0.6%, 3: 0.0%, 4: 0.0%, 5: 0.0%]
DFA state visits in window   : 1: 20756, 2: 42, 3: 0, 4: 0, 5: 0
DFA state visits cumulative  : 1: 747748, 2: 5183, 3: 0, 4: 0, 5: 0
DFA state entries in window  : 1: 100, 2: 1, 3: 0, 4: 0, 5: 0
DFA state entries cumulative : 1: 4600, 2: 126, 3: 0, 4: 0, 5: 0
transitions cumulative       : 1->2: 126
accepted directly from s0    : 0
Gym endings cumulative       : terminated=4532, truncated=68

[Episode 4700/12000 | last 100]
success rate                : 0.0% (cumulative 0.0%)
failure rate                : 0.0% (cumulative 0.0%)
completed cycles / episode  : 0.000
synthetic task reward       : 0.000
shaping reward              : -214.452
learning reward             : -214.452
episode length              : 203.5
abstract changes / episode  : 6.3
same abstract-state steps   : 96.9%
same-state shaping / episode: 0.000
changed-state shaping / ep. : -214.452
terminal shaping / episode  : 0.000
DFA transitions / episode   : 0.00
DFA transitions in window   : none
epsilon (next episode)       : 0.39059
replay buffer                : 300000 samples [1: 99.4%, 2: 0.6%, 3: 0.0%, 4: 0.0%, 5: 0.0%]
DFA state visits in window   : 1: 20452, 2: 0, 3: 0, 4: 0, 5: 0
DFA state visits cumulative  : 1: 768200, 2: 5183, 3: 0, 4: 0, 5: 0
DFA state entries in window  : 1: 100, 2: 0, 3: 0, 4: 0, 5: 0
DFA state entries cumulative : 1: 4700, 2: 126, 3: 0, 4: 0, 5: 0
transitions cumulative       : 1->2: 126
accepted directly from s0    : 0
Gym endings cumulative       : terminated=4632, truncated=68

[Episode 4800/12000 | last 100]
success rate                : 0.0% (cumulative 0.0%)
failure rate                : 0.0% (cumulative 0.0%)
completed cycles / episode  : 0.000
synthetic task reward       : 0.000
shaping reward              : -167.910
learning reward             : -167.910
episode length              : 295.7
abstract changes / episode  : 8.5
same abstract-state steps   : 97.1%
same-state shaping / episode: 0.000
changed-state shaping / ep. : -167.910
terminal shaping / episode  : -0.961
DFA transitions / episode   : 0.07
DFA transitions in window   : 1->2: 7
epsilon (next episode)       : 0.38286
replay buffer                : 300000 samples [1: 99.4%, 2: 0.6%, 3: 0.0%, 4: 0.0%, 5: 0.0%]
DFA state visits in window   : 1: 29396, 2: 278, 3: 0, 4: 0, 5: 0
DFA state visits cumulative  : 1: 797596, 2: 5461, 3: 0, 4: 0, 5: 0
DFA state entries in window  : 1: 100, 2: 7, 3: 0, 4: 0, 5: 0
DFA state entries cumulative : 1: 4800, 2: 133, 3: 0, 4: 0, 5: 0
transitions cumulative       : 1->2: 133
accepted directly from s0    : 0
Gym endings cumulative       : terminated=4732, truncated=68

[Episode 4900/12000 | last 100]
success rate                : 0.0% (cumulative 0.0%)
failure rate                : 0.0% (cumulative 0.0%)
completed cycles / episode  : 0.000
synthetic task reward       : 0.000
shaping reward              : -149.821
learning reward             : -149.821
episode length              : 288.6
abstract changes / episode  : 8.6
same abstract-state steps   : 97.0%
same-state shaping / episode: 0.000
changed-state shaping / ep. : -149.821
terminal shaping / episode  : 0.000
DFA transitions / episode   : 0.09
DFA transitions in window   : 1->2: 9
epsilon (next episode)       : 0.37527
replay buffer                : 300000 samples [1: 99.2%, 2: 0.8%, 3: 0.0%, 4: 0.0%, 5: 0.0%]
DFA state visits in window   : 1: 28329, 2: 626, 3: 0, 4: 0, 5: 0
DFA state visits cumulative  : 1: 825925, 2: 6087, 3: 0, 4: 0, 5: 0
DFA state entries in window  : 1: 100, 2: 9, 3: 0, 4: 0, 5: 0
DFA state entries cumulative : 1: 4900, 2: 142, 3: 0, 4: 0, 5: 0
transitions cumulative       : 1->2: 142
accepted directly from s0    : 0
Gym endings cumulative       : terminated=4831, truncated=69

[Episode 5000/12000 | last 100]
success rate                : 0.0% (cumulative 0.0%)
failure rate                : 0.0% (cumulative 0.0%)
completed cycles / episode  : 0.000
synthetic task reward       : 0.000
shaping reward              : -165.123
learning reward             : -165.123
episode length              : 256.6
abstract changes / episode  : 8.1
same abstract-state steps   : 96.8%
same-state shaping / episode: 0.000
changed-state shaping / ep. : -165.123
terminal shaping / episode  : 0.000
DFA transitions / episode   : 0.08
DFA transitions in window   : 1->2: 8
epsilon (next episode)       : 0.36784
replay buffer                : 300000 samples [1: 99.1%, 2: 0.9%, 3: 0.0%, 4: 0.0%, 5: 0.0%]
DFA state visits in window   : 1: 25149, 2: 615, 3: 0, 4: 0, 5: 0
DFA state visits cumulative  : 1: 851074, 2: 6702, 3: 0, 4: 0, 5: 0
DFA state entries in window  : 1: 100, 2: 8, 3: 0, 4: 0, 5: 0
DFA state entries cumulative : 1: 5000, 2: 150, 3: 0, 4: 0, 5: 0
transitions cumulative       : 1->2: 150
accepted directly from s0    : 0
Gym endings cumulative       : terminated=4928, truncated=72

Starting autonomous greedy evaluation at episode 5000 (1000 fixed-seed episodes)...
[Greedy evaluation at episode 5000 | 1000 fixed-seed episodes]
success=0.0%, failure=0.0%, task reward=0.000, length=369.3
DFA transitions: 1->2: 5

[Episode 5100/12000 | last 100]
success rate                : 0.0% (cumulative 0.0%)
failure rate                : 0.0% (cumulative 0.0%)
completed cycles / episode  : 0.000
synthetic task reward       : 0.000
shaping reward              : -200.225
learning reward             : -200.225
episode length              : 284.9
abstract changes / episode  : 8.9
same abstract-state steps   : 96.9%
same-state shaping / episode: 0.000
changed-state shaping / ep. : -200.225
terminal shaping / episode  : 0.000
DFA transitions / episode   : 0.07
DFA transitions in window   : 1->2: 6, 2->3: 1
epsilon (next episode)       : 0.36056
replay buffer                : 300000 samples [1: 99.1%, 2: 0.9%, 3: 0.0%, 4: 0.0%, 5: 0.0%]
DFA state visits in window   : 1: 28174, 2: 382, 3: 39, 4: 0, 5: 0
DFA state visits cumulative  : 1: 879248, 2: 7084, 3: 39, 4: 0, 5: 0
DFA state entries in window  : 1: 100, 2: 6, 3: 1, 4: 0, 5: 0
DFA state entries cumulative : 1: 5100, 2: 156, 3: 1, 4: 0, 5: 0
transitions cumulative       : 1->2: 156, 2->3: 1
accepted directly from s0    : 0
Gym endings cumulative       : terminated=5027, truncated=73

[Episode 5200/12000 | last 100]
success rate                : 0.0% (cumulative 0.0%)
failure rate                : 0.0% (cumulative 0.0%)
completed cycles / episode  : 0.000
synthetic task reward       : 0.000
shaping reward              : -216.345
learning reward             : -216.345
episode length              : 203.3
abstract changes / episode  : 7.2
same abstract-state steps   : 96.5%
same-state shaping / episode: 0.000
changed-state shaping / ep. : -216.345
terminal shaping / episode  : 0.000
DFA transitions / episode   : 0.00
DFA transitions in window   : none
epsilon (next episode)       : 0.35342
replay buffer                : 300000 samples [1: 99.2%, 2: 0.8%, 3: 0.0%, 4: 0.0%, 5: 0.0%]
DFA state visits in window   : 1: 20431, 2: 0, 3: 0, 4: 0, 5: 0
DFA state visits cumulative  : 1: 899679, 2: 7084, 3: 39, 4: 0, 5: 0
DFA state entries in window  : 1: 100, 2: 0, 3: 0, 4: 0, 5: 0
DFA state entries cumulative : 1: 5200, 2: 156, 3: 1, 4: 0, 5: 0
transitions cumulative       : 1->2: 156, 2->3: 1
accepted directly from s0    : 0
Gym endings cumulative       : terminated=5126, truncated=74

[Episode 5300/12000 | last 100]
success rate                : 0.0% (cumulative 0.0%)
failure rate                : 0.0% (cumulative 0.0%)
completed cycles / episode  : 0.000
synthetic task reward       : 0.000
shaping reward              : -205.893
learning reward             : -205.893
episode length              : 189.5
abstract changes / episode  : 7.2
same abstract-state steps   : 96.2%
same-state shaping / episode: 0.000
changed-state shaping / ep. : -205.893
terminal shaping / episode  : 0.000
DFA transitions / episode   : 0.04
DFA transitions in window   : 1->2: 4
epsilon (next episode)       : 0.34642
replay buffer                : 300000 samples [1: 99.2%, 2: 0.8%, 3: 0.0%, 4: 0.0%, 5: 0.0%]
DFA state visits in window   : 1: 18877, 2: 169, 3: 0, 4: 0, 5: 0
DFA state visits cumulative  : 1: 918556, 2: 7253, 3: 39, 4: 0, 5: 0
DFA state entries in window  : 1: 100, 2: 4, 3: 0, 4: 0, 5: 0
DFA state entries cumulative : 1: 5300, 2: 160, 3: 1, 4: 0, 5: 0
transitions cumulative       : 1->2: 160, 2->3: 1
accepted directly from s0    : 0
Gym endings cumulative       : terminated=5225, truncated=75

[Episode 5400/12000 | last 100]
success rate                : 0.0% (cumulative 0.0%)
failure rate                : 0.0% (cumulative 0.0%)
completed cycles / episode  : 0.000
synthetic task reward       : 0.000
shaping reward              : -152.607
learning reward             : -152.607
episode length              : 239.7
abstract changes / episode  : 7.8
same abstract-state steps   : 96.7%
same-state shaping / episode: 0.000
changed-state shaping / ep. : -152.607
terminal shaping / episode  : 0.000
DFA transitions / episode   : 0.11
DFA transitions in window   : 1->2: 11
epsilon (next episode)       : 0.33956
replay buffer                : 300000 samples [1: 98.9%, 2: 1.1%, 3: 0.0%, 4: 0.0%, 5: 0.0%]
DFA state visits in window   : 1: 23284, 2: 785, 3: 0, 4: 0, 5: 0
DFA state visits cumulative  : 1: 941840, 2: 8038, 3: 39, 4: 0, 5: 0
DFA state entries in window  : 1: 100, 2: 11, 3: 0, 4: 0, 5: 0
DFA state entries cumulative : 1: 5400, 2: 171, 3: 1, 4: 0, 5: 0
transitions cumulative       : 1->2: 171, 2->3: 1
accepted directly from s0    : 0
Gym endings cumulative       : terminated=5325, truncated=75

[Episode 5500/12000 | last 100]
success rate                : 0.0% (cumulative 0.0%)
failure rate                : 0.0% (cumulative 0.0%)
completed cycles / episode  : 0.000
synthetic task reward       : 0.000
shaping reward              : -164.067
learning reward             : -164.067
episode length              : 340.9
abstract changes / episode  : 10.3
same abstract-state steps   : 97.0%
same-state shaping / episode: 0.000
changed-state shaping / ep. : -164.067
terminal shaping / episode  : 0.000
DFA transitions / episode   : 0.16
DFA transitions in window   : 1->2: 15, 2->3: 1
epsilon (next episode)       : 0.33283
replay buffer                : 300000 samples [1: 98.5%, 2: 1.5%, 3: 0.0%, 4: 0.0%, 5: 0.0%]
DFA state visits in window   : 1: 32912, 2: 1249, 3: 34, 4: 0, 5: 0
DFA state visits cumulative  : 1: 974752, 2: 9287, 3: 73, 4: 0, 5: 0
DFA state entries in window  : 1: 100, 2: 15, 3: 1, 4: 0, 5: 0
DFA state entries cumulative : 1: 5500, 2: 186, 3: 2, 4: 0, 5: 0
transitions cumulative       : 1->2: 186, 2->3: 2
accepted directly from s0    : 0
Gym endings cumulative       : terminated=5425, truncated=75

Starting autonomous greedy evaluation at episode 5500 (1000 fixed-seed episodes)...
[Greedy evaluation at episode 5500 | 1000 fixed-seed episodes]
success=0.0%, failure=0.0%, task reward=0.000, length=259.9
DFA transitions: 1->2: 1

[Episode 5600/12000 | last 100]
success rate                : 0.0% (cumulative 0.0%)
failure rate                : 0.0% (cumulative 0.0%)
completed cycles / episode  : 0.000
synthetic task reward       : 0.000
shaping reward              : -199.245
learning reward             : -199.245
episode length              : 262.2
abstract changes / episode  : 8.9
same abstract-state steps   : 96.6%
same-state shaping / episode: 0.000
changed-state shaping / ep. : -199.245
terminal shaping / episode  : -1.912
DFA transitions / episode   : 0.07
DFA transitions in window   : 1->2: 7
epsilon (next episode)       : 0.32624
replay buffer                : 300000 samples [1: 98.3%, 2: 1.7%, 3: 0.0%, 4: 0.0%, 5: 0.0%]
DFA state visits in window   : 1: 25552, 2: 764, 3: 0, 4: 0, 5: 0
DFA state visits cumulative  : 1: 1000304, 2: 10051, 3: 73, 4: 0, 5: 0
DFA state entries in window  : 1: 100, 2: 7, 3: 0, 4: 0, 5: 0
DFA state entries cumulative : 1: 5600, 2: 193, 3: 2, 4: 0, 5: 0
transitions cumulative       : 1->2: 193, 2->3: 2
accepted directly from s0    : 0
Gym endings cumulative       : terminated=5525, truncated=75

[Episode 5700/12000 | last 100]
success rate                : 0.0% (cumulative 0.0%)
failure rate                : 0.0% (cumulative 0.0%)
completed cycles / episode  : 0.000
synthetic task reward       : 0.000
shaping reward              : -197.305
learning reward             : -197.305
episode length              : 231.1
abstract changes / episode  : 7.8
same abstract-state steps   : 96.6%
same-state shaping / episode: 0.000
changed-state shaping / ep. : -197.305
terminal shaping / episode  : 0.000
DFA transitions / episode   : 0.07
DFA transitions in window   : 1->2: 7
epsilon (next episode)       : 0.31978
replay buffer                : 300000 samples [1: 98.2%, 2: 1.8%, 3: 0.0%, 4: 0.0%, 5: 0.0%]
DFA state visits in window   : 1: 22792, 2: 416, 3: 0, 4: 0, 5: 0
DFA state visits cumulative  : 1: 1023096, 2: 10467, 3: 73, 4: 0, 5: 0
DFA state entries in window  : 1: 100, 2: 7, 3: 0, 4: 0, 5: 0
DFA state entries cumulative : 1: 5700, 2: 200, 3: 2, 4: 0, 5: 0
transitions cumulative       : 1->2: 200, 2->3: 2
accepted directly from s0    : 0
Gym endings cumulative       : terminated=5625, truncated=75

[Episode 5800/12000 | last 100]
success rate                : 0.0% (cumulative 0.0%)
failure rate                : 0.0% (cumulative 0.0%)
completed cycles / episode  : 0.000
synthetic task reward       : 0.000
shaping reward              : -196.383
learning reward             : -196.383
episode length              : 205.5
abstract changes / episode  : 7.8
same abstract-state steps   : 96.2%
same-state shaping / episode: 0.000
changed-state shaping / ep. : -196.383
terminal shaping / episode  : -0.941
DFA transitions / episode   : 0.01
DFA transitions in window   : 1->2: 1
epsilon (next episode)       : 0.31345
replay buffer                : 300000 samples [1: 98.2%, 2: 1.8%, 3: 0.0%, 4: 0.0%, 5: 0.0%]
DFA state visits in window   : 1: 20541, 2: 106, 3: 0, 4: 0, 5: 0
DFA state visits cumulative  : 1: 1043637, 2: 10573, 3: 73, 4: 0, 5: 0
DFA state entries in window  : 1: 100, 2: 1, 3: 0, 4: 0, 5: 0
DFA state entries cumulative : 1: 5800, 2: 201, 3: 2, 4: 0, 5: 0
transitions cumulative       : 1->2: 201, 2->3: 2
accepted directly from s0    : 0
Gym endings cumulative       : terminated=5725, truncated=75

[Episode 5900/12000 | last 100]
success rate                : 0.0% (cumulative 0.0%)
failure rate                : 0.0% (cumulative 0.0%)
completed cycles / episode  : 0.000
synthetic task reward       : 0.000
shaping reward              : -209.649
learning reward             : -209.649
episode length              : 193.1
abstract changes / episode  : 7.4
same abstract-state steps   : 96.2%
same-state shaping / episode: 0.000
changed-state shaping / ep. : -209.649
terminal shaping / episode  : 0.000
DFA transitions / episode   : 0.02
DFA transitions in window   : 1->2: 2
epsilon (next episode)       : 0.30724
replay buffer                : 300000 samples [1: 98.2%, 2: 1.8%, 3: 0.0%, 4: 0.0%, 5: 0.0%]
DFA state visits in window   : 1: 19372, 2: 33, 3: 0, 4: 0, 5: 0
DFA state visits cumulative  : 1: 1063009, 2: 10606, 3: 73, 4: 0, 5: 0
DFA state entries in window  : 1: 100, 2: 2, 3: 0, 4: 0, 5: 0
DFA state entries cumulative : 1: 5900, 2: 203, 3: 2, 4: 0, 5: 0
transitions cumulative       : 1->2: 203, 2->3: 2
accepted directly from s0    : 0
Gym endings cumulative       : terminated=5824, truncated=76

[Episode 6000/12000 | last 100]
success rate                : 0.0% (cumulative 0.0%)
failure rate                : 0.0% (cumulative 0.0%)
completed cycles / episode  : 0.000
synthetic task reward       : 0.000
shaping reward              : -221.176
learning reward             : -221.176
episode length              : 213.4
abstract changes / episode  : 7.0
same abstract-state steps   : 96.7%
same-state shaping / episode: 0.000
changed-state shaping / ep. : -221.176
terminal shaping / episode  : 0.000
DFA transitions / episode   : 0.01
DFA transitions in window   : 1->2: 1
epsilon (next episode)       : 0.30116
replay buffer                : 300000 samples [1: 98.2%, 2: 1.8%, 3: 0.0%, 4: 0.0%, 5: 0.0%]
DFA state visits in window   : 1: 21419, 2: 18, 3: 0, 4: 0, 5: 0
DFA state visits cumulative  : 1: 1084428, 2: 10624, 3: 73, 4: 0, 5: 0
DFA state entries in window  : 1: 100, 2: 1, 3: 0, 4: 0, 5: 0
DFA state entries cumulative : 1: 6000, 2: 204, 3: 2, 4: 0, 5: 0
transitions cumulative       : 1->2: 204, 2->3: 2
accepted directly from s0    : 0
Gym endings cumulative       : terminated=5923, truncated=77

Starting autonomous greedy evaluation at episode 6000 (1000 fixed-seed episodes)...
[Greedy evaluation at episode 6000 | 1000 fixed-seed episodes]
success=0.0%, failure=0.0%, task reward=0.000, length=287.8
DFA transitions: 1->2: 47

[Episode 6100/12000 | last 100]
success rate                : 0.0% (cumulative 0.0%)
failure rate                : 0.0% (cumulative 0.0%)
completed cycles / episode  : 0.000
synthetic task reward       : 0.000
shaping reward              : -216.383
learning reward             : -216.383
episode length              : 255.3
abstract changes / episode  : 7.3
same abstract-state steps   : 97.1%
same-state shaping / episode: 0.000
changed-state shaping / ep. : -216.383
terminal shaping / episode  : 0.000
DFA transitions / episode   : 0.00
DFA transitions in window   : none
epsilon (next episode)       : 0.29519
replay buffer                : 300000 samples [1: 98.4%, 2: 1.5%, 3: 0.0%, 4: 0.0%, 5: 0.0%]
DFA state visits in window   : 1: 25629, 2: 0, 3: 0, 4: 0, 5: 0
DFA state visits cumulative  : 1: 1110057, 2: 10624, 3: 73, 4: 0, 5: 0
DFA state entries in window  : 1: 100, 2: 0, 3: 0, 4: 0, 5: 0
DFA state entries cumulative : 1: 6100, 2: 204, 3: 2, 4: 0, 5: 0
transitions cumulative       : 1->2: 204, 2->3: 2
accepted directly from s0    : 0
Gym endings cumulative       : terminated=6022, truncated=78

[Episode 6200/12000 | last 100]
success rate                : 0.0% (cumulative 0.0%)
failure rate                : 0.0% (cumulative 0.0%)
completed cycles / episode  : 0.000
synthetic task reward       : 0.000
shaping reward              : -203.059
learning reward             : -203.059
episode length              : 242.1
abstract changes / episode  : 7.3
same abstract-state steps   : 97.0%
same-state shaping / episode: 0.000
changed-state shaping / ep. : -203.059
terminal shaping / episode  : 0.000
DFA transitions / episode   : 0.03
DFA transitions in window   : 1->2: 2, 2->3: 1
epsilon (next episode)       : 0.28935
replay buffer                : 300000 samples [1: 98.6%, 2: 1.4%, 3: 0.0%, 4: 0.0%, 5: 0.0%]
DFA state visits in window   : 1: 24103, 2: 182, 3: 24, 4: 0, 5: 0
DFA state visits cumulative  : 1: 1134160, 2: 10806, 3: 97, 4: 0, 5: 0
DFA state entries in window  : 1: 100, 2: 2, 3: 1, 4: 0, 5: 0
DFA state entries cumulative : 1: 6200, 2: 206, 3: 3, 4: 0, 5: 0
transitions cumulative       : 1->2: 206, 2->3: 3
accepted directly from s0    : 0
Gym endings cumulative       : terminated=6122, truncated=78

[Episode 6300/12000 | last 100]
success rate                : 0.0% (cumulative 0.0%)
failure rate                : 0.0% (cumulative 0.0%)
completed cycles / episode  : 0.000
synthetic task reward       : 0.000
shaping reward              : -190.686
learning reward             : -190.686
episode length              : 282.0
abstract changes / episode  : 9.1
same abstract-state steps   : 96.8%
same-state shaping / episode: 0.000
changed-state shaping / ep. : -190.686
terminal shaping / episode  : 0.000
DFA transitions / episode   : 0.03
DFA transitions in window   : 1->2: 3
epsilon (next episode)       : 0.28362
replay buffer                : 300000 samples [1: 98.6%, 2: 1.3%, 3: 0.0%, 4: 0.0%, 5: 0.0%]
DFA state visits in window   : 1: 28134, 2: 164, 3: 0, 4: 0, 5: 0
DFA state visits cumulative  : 1: 1162294, 2: 10970, 3: 97, 4: 0, 5: 0
DFA state entries in window  : 1: 100, 2: 3, 3: 0, 4: 0, 5: 0
DFA state entries cumulative : 1: 6300, 2: 209, 3: 3, 4: 0, 5: 0
transitions cumulative       : 1->2: 209, 2->3: 3
accepted directly from s0    : 0
Gym endings cumulative       : terminated=6222, truncated=78

[Episode 6400/12000 | last 100]
success rate                : 0.0% (cumulative 0.0%)
failure rate                : 0.0% (cumulative 0.0%)
completed cycles / episode  : 0.000
synthetic task reward       : 0.000
shaping reward              : -192.588
learning reward             : -192.588
episode length              : 209.8
abstract changes / episode  : 5.8
same abstract-state steps   : 97.3%
same-state shaping / episode: 0.000
changed-state shaping / ep. : -192.588
terminal shaping / episode  : 0.000
DFA transitions / episode   : 0.02
DFA transitions in window   : 1->2: 2
epsilon (next episode)       : 0.27800
replay buffer                : 300000 samples [1: 98.6%, 2: 1.4%, 3: 0.0%, 4: 0.0%, 5: 0.0%]
DFA state visits in window   : 1: 20847, 2: 235, 3: 0, 4: 0, 5: 0
DFA state visits cumulative  : 1: 1183141, 2: 11205, 3: 97, 4: 0, 5: 0
DFA state entries in window  : 1: 100, 2: 2, 3: 0, 4: 0, 5: 0
DFA state entries cumulative : 1: 6400, 2: 211, 3: 3, 4: 0, 5: 0
transitions cumulative       : 1->2: 211, 2->3: 3
accepted directly from s0    : 0
Gym endings cumulative       : terminated=6322, truncated=78

[Episode 6500/12000 | last 100]
success rate                : 0.0% (cumulative 0.0%)
failure rate                : 0.0% (cumulative 0.0%)
completed cycles / episode  : 0.000
synthetic task reward       : 0.000
shaping reward              : -151.828
learning reward             : -151.828
episode length              : 251.3
abstract changes / episode  : 5.9
same abstract-state steps   : 97.7%
same-state shaping / episode: 0.000
changed-state shaping / ep. : -151.828
terminal shaping / episode  : 0.000
DFA transitions / episode   : 0.05
DFA transitions in window   : 1->2: 5
epsilon (next episode)       : 0.27250
replay buffer                : 300000 samples [1: 98.5%, 2: 1.4%, 3: 0.0%, 4: 0.0%, 5: 0.0%]
DFA state visits in window   : 1: 24952, 2: 278, 3: 0, 4: 0, 5: 0
DFA state visits cumulative  : 1: 1208093, 2: 11483, 3: 97, 4: 0, 5: 0
DFA state entries in window  : 1: 100, 2: 5, 3: 0, 4: 0, 5: 0
DFA state entries cumulative : 1: 6500, 2: 216, 3: 3, 4: 0, 5: 0
transitions cumulative       : 1->2: 216, 2->3: 3
accepted directly from s0    : 0
Gym endings cumulative       : terminated=6422, truncated=78

Starting autonomous greedy evaluation at episode 6500 (1000 fixed-seed episodes)...
[Greedy evaluation at episode 6500 | 1000 fixed-seed episodes]
success=0.0%, failure=0.0%, task reward=0.000, length=296.0
DFA transitions: 1->2: 16

[Episode 6600/12000 | last 100]
success rate                : 0.0% (cumulative 0.0%)
failure rate                : 0.0% (cumulative 0.0%)
completed cycles / episode  : 0.000
synthetic task reward       : 0.000
shaping reward              : -188.842
learning reward             : -188.842
episode length              : 412.4
abstract changes / episode  : 10.7
same abstract-state steps   : 97.4%
same-state shaping / episode: 0.000
changed-state shaping / ep. : -188.842
terminal shaping / episode  : 0.941
DFA transitions / episode   : 0.04
DFA transitions in window   : 1->2: 4
epsilon (next episode)       : 0.26710
replay buffer                : 300000 samples [1: 99.0%, 2: 1.0%, 3: 0.0%, 4: 0.0%, 5: 0.0%]
DFA state visits in window   : 1: 41077, 2: 267, 3: 0, 4: 0, 5: 0
DFA state visits cumulative  : 1: 1249170, 2: 11750, 3: 97, 4: 0, 5: 0
DFA state entries in window  : 1: 100, 2: 4, 3: 0, 4: 0, 5: 0
DFA state entries cumulative : 1: 6600, 2: 220, 3: 3, 4: 0, 5: 0
transitions cumulative       : 1->2: 220, 2->3: 3
accepted directly from s0    : 0
Gym endings cumulative       : terminated=6513, truncated=87

[Episode 6700/12000 | last 100]
success rate                : 0.0% (cumulative 0.0%)
failure rate                : 0.0% (cumulative 0.0%)
completed cycles / episode  : 0.000
synthetic task reward       : 0.000
shaping reward              : -181.243
learning reward             : -181.243
episode length              : 237.9
abstract changes / episode  : 8.0
same abstract-state steps   : 96.6%
same-state shaping / episode: 0.000
changed-state shaping / ep. : -181.243
terminal shaping / episode  : 0.000
DFA transitions / episode   : 0.03
DFA transitions in window   : 1->2: 3
epsilon (next episode)       : 0.26181
replay buffer                : 300000 samples [1: 99.1%, 2: 0.9%, 3: 0.0%, 4: 0.0%, 5: 0.0%]
DFA state visits in window   : 1: 23752, 2: 142, 3: 0, 4: 0, 5: 0
DFA state visits cumulative  : 1: 1272922, 2: 11892, 3: 97, 4: 0, 5: 0
DFA state entries in window  : 1: 100, 2: 3, 3: 0, 4: 0, 5: 0
DFA state entries cumulative : 1: 6700, 2: 223, 3: 3, 4: 0, 5: 0
transitions cumulative       : 1->2: 223, 2->3: 3
accepted directly from s0    : 0
Gym endings cumulative       : terminated=6612, truncated=88

[Episode 6800/12000 | last 100]
success rate                : 0.0% (cumulative 0.0%)
failure rate                : 0.0% (cumulative 0.0%)
completed cycles / episode  : 0.000
synthetic task reward       : 0.000
shaping reward              : -172.617
learning reward             : -172.617
episode length              : 234.6
abstract changes / episode  : 7.6
same abstract-state steps   : 96.8%
same-state shaping / episode: 0.000
changed-state shaping / ep. : -172.617
terminal shaping / episode  : 0.000
DFA transitions / episode   : 0.02
DFA transitions in window   : 1->2: 2
epsilon (next episode)       : 0.25663
replay buffer                : 300000 samples [1: 99.4%, 2: 0.6%, 3: 0.0%, 4: 0.0%, 5: 0.0%]
DFA state visits in window   : 1: 23518, 2: 40, 3: 0, 4: 0, 5: 0
DFA state visits cumulative  : 1: 1296440, 2: 11932, 3: 97, 4: 0, 5: 0
DFA state entries in window  : 1: 100, 2: 2, 3: 0, 4: 0, 5: 0
DFA state entries cumulative : 1: 6800, 2: 225, 3: 3, 4: 0, 5: 0
transitions cumulative       : 1->2: 225, 2->3: 3
accepted directly from s0    : 0
Gym endings cumulative       : terminated=6712, truncated=88

[Episode 6900/12000 | last 100]
success rate                : 0.0% (cumulative 0.0%)
failure rate                : 0.0% (cumulative 0.0%)
completed cycles / episode  : 0.000
synthetic task reward       : 0.000
shaping reward              : -222.195
learning reward             : -222.195
episode length              : 288.0
abstract changes / episode  : 8.5
same abstract-state steps   : 97.0%
same-state shaping / episode: 0.000
changed-state shaping / ep. : -222.195
terminal shaping / episode  : 0.000
DFA transitions / episode   : 0.01
DFA transitions in window   : 1->2: 1
epsilon (next episode)       : 0.25154
replay buffer                : 300000 samples [1: 99.5%, 2: 0.5%, 3: 0.0%, 4: 0.0%, 5: 0.0%]
DFA state visits in window   : 1: 28883, 2: 17, 3: 0, 4: 0, 5: 0
DFA state visits cumulative  : 1: 1325323, 2: 11949, 3: 97, 4: 0, 5: 0
DFA state entries in window  : 1: 100, 2: 1, 3: 0, 4: 0, 5: 0
DFA state entries cumulative : 1: 6900, 2: 226, 3: 3, 4: 0, 5: 0
transitions cumulative       : 1->2: 226, 2->3: 3
accepted directly from s0    : 0
Gym endings cumulative       : terminated=6811, truncated=89

[Episode 7000/12000 | last 100]
success rate                : 0.0% (cumulative 0.0%)
failure rate                : 0.0% (cumulative 0.0%)
completed cycles / episode  : 0.000
synthetic task reward       : 0.000
shaping reward              : -180.244
learning reward             : -180.244
episode length              : 249.4
abstract changes / episode  : 7.8
same abstract-state steps   : 96.9%
same-state shaping / episode: 0.000
changed-state shaping / ep. : -180.244
terminal shaping / episode  : 0.000
DFA transitions / episode   : 0.10
DFA transitions in window   : 1->2: 10
epsilon (next episode)       : 0.24656
replay buffer                : 300000 samples [1: 99.5%, 2: 0.5%, 3: 0.0%, 4: 0.0%, 5: 0.0%]
DFA state visits in window   : 1: 24802, 2: 241, 3: 0, 4: 0, 5: 0
DFA state visits cumulative  : 1: 1350125, 2: 12190, 3: 97, 4: 0, 5: 0
DFA state entries in window  : 1: 100, 2: 10, 3: 0, 4: 0, 5: 0
DFA state entries cumulative : 1: 7000, 2: 236, 3: 3, 4: 0, 5: 0
transitions cumulative       : 1->2: 236, 2->3: 3
accepted directly from s0    : 0
Gym endings cumulative       : terminated=6911, truncated=89

Starting autonomous greedy evaluation at episode 7000 (1000 fixed-seed episodes)...
[Greedy evaluation at episode 7000 | 1000 fixed-seed episodes]
success=0.0%, failure=0.0%, task reward=0.000, length=310.5
DFA transitions: 1->2: 32

[Episode 7100/12000 | last 100]
success rate                : 0.0% (cumulative 0.0%)
failure rate                : 0.0% (cumulative 0.0%)
completed cycles / episode  : 0.000
synthetic task reward       : 0.000
shaping reward              : -181.281
learning reward             : -181.281
episode length              : 185.4
abstract changes / episode  : 7.4
same abstract-state steps   : 96.0%
same-state shaping / episode: 0.000
changed-state shaping / ep. : -181.281
terminal shaping / episode  : 0.941
DFA transitions / episode   : 0.05
DFA transitions in window   : 1->2: 5
epsilon (next episode)       : 0.24168
replay buffer                : 300000 samples [1: 99.4%, 2: 0.6%, 3: 0.0%, 4: 0.0%, 5: 0.0%]
DFA state visits in window   : 1: 18535, 2: 106, 3: 0, 4: 0, 5: 0
DFA state visits cumulative  : 1: 1368660, 2: 12296, 3: 97, 4: 0, 5: 0
DFA state entries in window  : 1: 100, 2: 5, 3: 0, 4: 0, 5: 0
DFA state entries cumulative : 1: 7100, 2: 241, 3: 3, 4: 0, 5: 0
transitions cumulative       : 1->2: 241, 2->3: 3
accepted directly from s0    : 0
Gym endings cumulative       : terminated=7011, truncated=89

[Episode 7200/12000 | last 100]
success rate                : 0.0% (cumulative 0.0%)
failure rate                : 0.0% (cumulative 0.0%)
completed cycles / episode  : 0.000
synthetic task reward       : 0.000
shaping reward              : -200.206
learning reward             : -200.206
episode length              : 197.2
abstract changes / episode  : 7.3
same abstract-state steps   : 96.3%
same-state shaping / episode: 0.000
changed-state shaping / ep. : -200.206
terminal shaping / episode  : 0.000
DFA transitions / episode   : 0.06
DFA transitions in window   : 1->2: 6
epsilon (next episode)       : 0.23689
replay buffer                : 300000 samples [1: 99.4%, 2: 0.6%, 3: 0.0%, 4: 0.0%, 5: 0.0%]
DFA state visits in window   : 1: 19625, 2: 190, 3: 0, 4: 0, 5: 0
DFA state visits cumulative  : 1: 1388285, 2: 12486, 3: 97, 4: 0, 5: 0
DFA state entries in window  : 1: 100, 2: 6, 3: 0, 4: 0, 5: 0
DFA state entries cumulative : 1: 7200, 2: 247, 3: 3, 4: 0, 5: 0
transitions cumulative       : 1->2: 247, 2->3: 3
accepted directly from s0    : 0
Gym endings cumulative       : terminated=7111, truncated=89

[Episode 7300/12000 | last 100]
success rate                : 0.0% (cumulative 0.0%)
failure rate                : 0.0% (cumulative 0.0%)
completed cycles / episode  : 0.000
synthetic task reward       : 0.000
shaping reward              : -206.959
learning reward             : -206.959
episode length              : 187.2
abstract changes / episode  : 6.9
same abstract-state steps   : 96.3%
same-state shaping / episode: 0.000
changed-state shaping / ep. : -206.959
terminal shaping / episode  : 0.000
DFA transitions / episode   : 0.06
DFA transitions in window   : 1->2: 6
epsilon (next episode)       : 0.23220
replay buffer                : 300000 samples [1: 99.3%, 2: 0.7%, 3: 0.0%, 4: 0.0%, 5: 0.0%]
DFA state visits in window   : 1: 18564, 2: 257, 3: 0, 4: 0, 5: 0
DFA state visits cumulative  : 1: 1406849, 2: 12743, 3: 97, 4: 0, 5: 0
DFA state entries in window  : 1: 100, 2: 6, 3: 0, 4: 0, 5: 0
DFA state entries cumulative : 1: 7300, 2: 253, 3: 3, 4: 0, 5: 0
transitions cumulative       : 1->2: 253, 2->3: 3
accepted directly from s0    : 0
Gym endings cumulative       : terminated=7211, truncated=89

[Episode 7400/12000 | last 100]
success rate                : 0.0% (cumulative 0.0%)
failure rate                : 0.0% (cumulative 0.0%)
completed cycles / episode  : 0.000
synthetic task reward       : 0.000
shaping reward              : -188.794
learning reward             : -188.794
episode length              : 253.1
abstract changes / episode  : 8.2
same abstract-state steps   : 96.8%
same-state shaping / episode: 0.000
changed-state shaping / ep. : -188.794
terminal shaping / episode  : 0.000
DFA transitions / episode   : 0.02
DFA transitions in window   : 1->2: 2
epsilon (next episode)       : 0.22760
replay buffer                : 300000 samples [1: 99.3%, 2: 0.7%, 3: 0.0%, 4: 0.0%, 5: 0.0%]
DFA state visits in window   : 1: 25236, 2: 175, 3: 0, 4: 0, 5: 0
DFA state visits cumulative  : 1: 1432085, 2: 12918, 3: 97, 4: 0, 5: 0
DFA state entries in window  : 1: 100, 2: 2, 3: 0, 4: 0, 5: 0
DFA state entries cumulative : 1: 7400, 2: 255, 3: 3, 4: 0, 5: 0
transitions cumulative       : 1->2: 255, 2->3: 3
accepted directly from s0    : 0
Gym endings cumulative       : terminated=7311, truncated=89

[Episode 7500/12000 | last 100]
success rate                : 0.0% (cumulative 0.0%)
failure rate                : 0.0% (cumulative 0.0%)
completed cycles / episode  : 0.000
synthetic task reward       : 0.000
shaping reward              : -212.608
learning reward             : -212.608
episode length              : 200.0
abstract changes / episode  : 7.0
same abstract-state steps   : 96.5%
same-state shaping / episode: 0.000
changed-state shaping / ep. : -212.608
terminal shaping / episode  : 0.000
DFA transitions / episode   : 0.00
DFA transitions in window   : none
epsilon (next episode)       : 0.22310
replay buffer                : 300000 samples [1: 99.4%, 2: 0.6%, 3: 0.0%, 4: 0.0%, 5: 0.0%]
DFA state visits in window   : 1: 20096, 2: 0, 3: 0, 4: 0, 5: 0
DFA state visits cumulative  : 1: 1452181, 2: 12918, 3: 97, 4: 0, 5: 0
DFA state entries in window  : 1: 100, 2: 0, 3: 0, 4: 0, 5: 0
DFA state entries cumulative : 1: 7500, 2: 255, 3: 3, 4: 0, 5: 0
transitions cumulative       : 1->2: 255, 2->3: 3
accepted directly from s0    : 0
Gym endings cumulative       : terminated=7411, truncated=89

Starting autonomous greedy evaluation at episode 7500 (1000 fixed-seed episodes)...
[Greedy evaluation at episode 7500 | 1000 fixed-seed episodes]
success=0.0%, failure=0.0%, task reward=0.000, length=190.5
DFA transitions: 1->2: 4

[Episode 7600/12000 | last 100]
success rate                : 0.0% (cumulative 0.0%)
failure rate                : 0.0% (cumulative 0.0%)
completed cycles / episode  : 0.000
synthetic task reward       : 0.000
shaping reward              : -213.482
learning reward             : -213.482
episode length              : 194.4
abstract changes / episode  : 7.6
same abstract-state steps   : 96.1%
same-state shaping / episode: 0.000
changed-state shaping / ep. : -213.482
terminal shaping / episode  : 0.000
DFA transitions / episode   : 0.05
DFA transitions in window   : 1->2: 5
epsilon (next episode)       : 0.21868
replay buffer                : 300000 samples [1: 99.3%, 2: 0.7%, 3: 0.0%, 4: 0.0%, 5: 0.0%]
DFA state visits in window   : 1: 19438, 2: 98, 3: 0, 4: 0, 5: 0
DFA state visits cumulative  : 1: 1471619, 2: 13016, 3: 97, 4: 0, 5: 0
DFA state entries in window  : 1: 100, 2: 5, 3: 0, 4: 0, 5: 0
DFA state entries cumulative : 1: 7600, 2: 260, 3: 3, 4: 0, 5: 0
transitions cumulative       : 1->2: 260, 2->3: 3
accepted directly from s0    : 0
Gym endings cumulative       : terminated=7511, truncated=89

[Episode 7700/12000 | last 100]
success rate                : 0.0% (cumulative 0.0%)
failure rate                : 0.0% (cumulative 0.0%)
completed cycles / episode  : 0.000
synthetic task reward       : 0.000
shaping reward              : -214.558
learning reward             : -214.558
episode length              : 188.2
abstract changes / episode  : 7.6
same abstract-state steps   : 96.0%
same-state shaping / episode: 0.000
changed-state shaping / ep. : -214.558
terminal shaping / episode  : -0.970
DFA transitions / episode   : 0.08
DFA transitions in window   : 1->2: 8
epsilon (next episode)       : 0.21435
replay buffer                : 300000 samples [1: 99.3%, 2: 0.7%, 3: 0.0%, 4: 0.0%, 5: 0.0%]
DFA state visits in window   : 1: 18675, 2: 247, 3: 0, 4: 0, 5: 0
DFA state visits cumulative  : 1: 1490294, 2: 13263, 3: 97, 4: 0, 5: 0
DFA state entries in window  : 1: 100, 2: 8, 3: 0, 4: 0, 5: 0
DFA state entries cumulative : 1: 7700, 2: 268, 3: 3, 4: 0, 5: 0
transitions cumulative       : 1->2: 268, 2->3: 3
accepted directly from s0    : 0
Gym endings cumulative       : terminated=7611, truncated=89

[Episode 7800/12000 | last 100]
success rate                : 0.0% (cumulative 0.0%)
failure rate                : 0.0% (cumulative 0.0%)
completed cycles / episode  : 0.000
synthetic task reward       : 0.000
shaping reward              : -164.029
learning reward             : -164.029
episode length              : 246.1
abstract changes / episode  : 7.9
same abstract-state steps   : 96.8%
same-state shaping / episode: 0.000
changed-state shaping / ep. : -164.029
terminal shaping / episode  : -0.941
DFA transitions / episode   : 0.05
DFA transitions in window   : 1->2: 5
epsilon (next episode)       : 0.21010
replay buffer                : 300000 samples [1: 99.4%, 2: 0.6%, 3: 0.0%, 4: 0.0%, 5: 0.0%]
DFA state visits in window   : 1: 24488, 2: 220, 3: 0, 4: 0, 5: 0
DFA state visits cumulative  : 1: 1514782, 2: 13483, 3: 97, 4: 0, 5: 0
DFA state entries in window  : 1: 100, 2: 5, 3: 0, 4: 0, 5: 0
DFA state entries cumulative : 1: 7800, 2: 273, 3: 3, 4: 0, 5: 0
transitions cumulative       : 1->2: 273, 2->3: 3
accepted directly from s0    : 0
Gym endings cumulative       : terminated=7711, truncated=89

[Episode 7900/12000 | last 100]
success rate                : 0.0% (cumulative 0.0%)
failure rate                : 0.0% (cumulative 0.0%)
completed cycles / episode  : 0.000
synthetic task reward       : 0.000
shaping reward              : -178.323
learning reward             : -178.323
episode length              : 245.8
abstract changes / episode  : 6.6
same abstract-state steps   : 97.3%
same-state shaping / episode: 0.000
changed-state shaping / ep. : -178.323
terminal shaping / episode  : -2.872
DFA transitions / episode   : 0.06
DFA transitions in window   : 1->2: 6
epsilon (next episode)       : 0.20594
replay buffer                : 300000 samples [1: 99.4%, 2: 0.6%, 3: 0.0%, 4: 0.0%, 5: 0.0%]
DFA state visits in window   : 1: 24527, 2: 157, 3: 0, 4: 0, 5: 0
DFA state visits cumulative  : 1: 1539309, 2: 13640, 3: 97, 4: 0, 5: 0
DFA state entries in window  : 1: 100, 2: 6, 3: 0, 4: 0, 5: 0
DFA state entries cumulative : 1: 7900, 2: 279, 3: 3, 4: 0, 5: 0
transitions cumulative       : 1->2: 279, 2->3: 3
accepted directly from s0    : 0
Gym endings cumulative       : terminated=7811, truncated=89

[Episode 8000/12000 | last 100]
success rate                : 0.0% (cumulative 0.0%)
failure rate                : 0.0% (cumulative 0.0%)
completed cycles / episode  : 0.000
synthetic task reward       : 0.000
shaping reward              : -192.579
learning reward             : -192.579
episode length              : 235.4
abstract changes / episode  : 6.6
same abstract-state steps   : 97.2%
same-state shaping / episode: 0.000
changed-state shaping / ep. : -192.579
terminal shaping / episode  : -0.961
DFA transitions / episode   : 0.04
DFA transitions in window   : 1->2: 4
epsilon (next episode)       : 0.20186
replay buffer                : 300000 samples [1: 99.4%, 2: 0.6%, 3: 0.0%, 4: 0.0%, 5: 0.0%]
DFA state visits in window   : 1: 23544, 2: 98, 3: 0, 4: 0, 5: 0
DFA state visits cumulative  : 1: 1562853, 2: 13738, 3: 97, 4: 0, 5: 0
DFA state entries in window  : 1: 100, 2: 4, 3: 0, 4: 0, 5: 0
DFA state entries cumulative : 1: 8000, 2: 283, 3: 3, 4: 0, 5: 0
transitions cumulative       : 1->2: 283, 2->3: 3
accepted directly from s0    : 0
Gym endings cumulative       : terminated=7911, truncated=89

Starting autonomous greedy evaluation at episode 8000 (1000 fixed-seed episodes)...
[Greedy evaluation at episode 8000 | 1000 fixed-seed episodes]
success=0.0%, failure=0.0%, task reward=0.000, length=247.7
DFA transitions: 1->2: 6

[Episode 8100/12000 | last 100]
success rate                : 0.0% (cumulative 0.0%)
failure rate                : 0.0% (cumulative 0.0%)
completed cycles / episode  : 0.000
synthetic task reward       : 0.000
shaping reward              : -181.109
learning reward             : -181.109
episode length              : 221.8
abstract changes / episode  : 7.4
same abstract-state steps   : 96.7%
same-state shaping / episode: 0.000
changed-state shaping / ep. : -181.109
terminal shaping / episode  : -0.941
DFA transitions / episode   : 0.03
DFA transitions in window   : 1->2: 3
epsilon (next episode)       : 0.19787
replay buffer                : 300000 samples [1: 99.4%, 2: 0.6%, 3: 0.0%, 4: 0.0%, 5: 0.0%]
DFA state visits in window   : 1: 22227, 2: 49, 3: 0, 4: 0, 5: 0
DFA state visits cumulative  : 1: 1585080, 2: 13787, 3: 97, 4: 0, 5: 0
DFA state entries in window  : 1: 100, 2: 3, 3: 0, 4: 0, 5: 0
DFA state entries cumulative : 1: 8100, 2: 286, 3: 3, 4: 0, 5: 0
transitions cumulative       : 1->2: 286, 2->3: 3
accepted directly from s0    : 0
Gym endings cumulative       : terminated=8011, truncated=89

[Episode 8200/12000 | last 100]
success rate                : 0.0% (cumulative 0.0%)
failure rate                : 0.0% (cumulative 0.0%)
completed cycles / episode  : 0.000
synthetic task reward       : 0.000
shaping reward              : -180.206
learning reward             : -180.206
episode length              : 204.7
abstract changes / episode  : 7.1
same abstract-state steps   : 96.5%
same-state shaping / episode: 0.000
changed-state shaping / ep. : -180.206
terminal shaping / episode  : 0.000
DFA transitions / episode   : 0.06
DFA transitions in window   : 1->2: 6
epsilon (next episode)       : 0.19395
replay buffer                : 300000 samples [1: 99.4%, 2: 0.6%, 3: 0.0%, 4: 0.0%, 5: 0.0%]
DFA state visits in window   : 1: 20445, 2: 125, 3: 0, 4: 0, 5: 0
DFA state visits cumulative  : 1: 1605525, 2: 13912, 3: 97, 4: 0, 5: 0
DFA state entries in window  : 1: 100, 2: 6, 3: 0, 4: 0, 5: 0
DFA state entries cumulative : 1: 8200, 2: 292, 3: 3, 4: 0, 5: 0
transitions cumulative       : 1->2: 292, 2->3: 3
accepted directly from s0    : 0
Gym endings cumulative       : terminated=8111, truncated=89

[Episode 8300/12000 | last 100]
success rate                : 0.0% (cumulative 0.0%)
failure rate                : 0.0% (cumulative 0.0%)
completed cycles / episode  : 0.000
synthetic task reward       : 0.000
shaping reward              : -210.753
learning reward             : -210.753
episode length              : 167.4
abstract changes / episode  : 6.8
same abstract-state steps   : 95.9%
same-state shaping / episode: 0.000
changed-state shaping / ep. : -210.753
terminal shaping / episode  : 0.000
DFA transitions / episode   : 0.01
DFA transitions in window   : 1->2: 1
epsilon (next episode)       : 0.19011
replay buffer                : 300000 samples [1: 99.4%, 2: 0.6%, 3: 0.0%, 4: 0.0%, 5: 0.0%]
DFA state visits in window   : 1: 16808, 2: 30, 3: 0, 4: 0, 5: 0
DFA state visits cumulative  : 1: 1622333, 2: 13942, 3: 97, 4: 0, 5: 0
DFA state entries in window  : 1: 100, 2: 1, 3: 0, 4: 0, 5: 0
DFA state entries cumulative : 1: 8300, 2: 293, 3: 3, 4: 0, 5: 0
transitions cumulative       : 1->2: 293, 2->3: 3
accepted directly from s0    : 0
Gym endings cumulative       : terminated=8211, truncated=89

[Episode 8400/12000 | last 100]
success rate                : 0.0% (cumulative 0.0%)
failure rate                : 0.0% (cumulative 0.0%)
completed cycles / episode  : 0.000
synthetic task reward       : 0.000
shaping reward              : -206.882
learning reward             : -206.882
episode length              : 145.3
abstract changes / episode  : 6.5
same abstract-state steps   : 95.5%
same-state shaping / episode: 0.000
changed-state shaping / ep. : -206.882
terminal shaping / episode  : 0.000
DFA transitions / episode   : 0.01
DFA transitions in window   : 1->2: 1
epsilon (next episode)       : 0.18634
replay buffer                : 300000 samples [1: 99.4%, 2: 0.6%, 3: 0.0%, 4: 0.0%, 5: 0.0%]
DFA state visits in window   : 1: 14611, 2: 22, 3: 0, 4: 0, 5: 0
DFA state visits cumulative  : 1: 1636944, 2: 13964, 3: 97, 4: 0, 5: 0
DFA state entries in window  : 1: 100, 2: 1, 3: 0, 4: 0, 5: 0
DFA state entries cumulative : 1: 8400, 2: 294, 3: 3, 4: 0, 5: 0
transitions cumulative       : 1->2: 294, 2->3: 3
accepted directly from s0    : 0
Gym endings cumulative       : terminated=8311, truncated=89

[Episode 8500/12000 | last 100]
success rate                : 0.0% (cumulative 0.0%)
failure rate                : 0.0% (cumulative 0.0%)
completed cycles / episode  : 0.000
synthetic task reward       : 0.000
shaping reward              : -218.266
learning reward             : -218.266
episode length              : 172.5
abstract changes / episode  : 6.5
same abstract-state steps   : 96.2%
same-state shaping / episode: 0.000
changed-state shaping / ep. : -218.266
terminal shaping / episode  : -0.941
DFA transitions / episode   : 0.02
DFA transitions in window   : 1->2: 2
epsilon (next episode)       : 0.18265
replay buffer                : 300000 samples [1: 99.4%, 2: 0.6%, 3: 0.0%, 4: 0.0%, 5: 0.0%]
DFA state visits in window   : 1: 17302, 2: 45, 3: 0, 4: 0, 5: 0
DFA state visits cumulative  : 1: 1654246, 2: 14009, 3: 97, 4: 0, 5: 0
DFA state entries in window  : 1: 100, 2: 2, 3: 0, 4: 0, 5: 0
DFA state entries cumulative : 1: 8500, 2: 296, 3: 3, 4: 0, 5: 0
transitions cumulative       : 1->2: 296, 2->3: 3
accepted directly from s0    : 0
Gym endings cumulative       : terminated=8411, truncated=89

Starting autonomous greedy evaluation at episode 8500 (1000 fixed-seed episodes)...
[Greedy evaluation at episode 8500 | 1000 fixed-seed episodes]
success=0.0%, failure=0.0%, task reward=0.000, length=135.7
DFA transitions: 1->2: 1

[Episode 8600/12000 | last 100]
success rate                : 0.0% (cumulative 0.0%)
failure rate                : 0.0% (cumulative 0.0%)
completed cycles / episode  : 0.000
synthetic task reward       : 0.000
shaping reward              : -203.030
learning reward             : -203.030
episode length              : 200.6
abstract changes / episode  : 6.6
same abstract-state steps   : 96.7%
same-state shaping / episode: 0.000
changed-state shaping / ep. : -203.030
terminal shaping / episode  : 0.000
DFA transitions / episode   : 0.01
DFA transitions in window   : 1->2: 1
epsilon (next episode)       : 0.17904
replay buffer                : 300000 samples [1: 99.4%, 2: 0.6%, 3: 0.0%, 4: 0.0%, 5: 0.0%]
DFA state visits in window   : 1: 20144, 2: 16, 3: 0, 4: 0, 5: 0
DFA state visits cumulative  : 1: 1674390, 2: 14025, 3: 97, 4: 0, 5: 0
DFA state entries in window  : 1: 100, 2: 1, 3: 0, 4: 0, 5: 0
DFA state entries cumulative : 1: 8600, 2: 297, 3: 3, 4: 0, 5: 0
transitions cumulative       : 1->2: 297, 2->3: 3
accepted directly from s0    : 0
Gym endings cumulative       : terminated=8511, truncated=89

[Episode 8700/12000 | last 100]
success rate                : 0.0% (cumulative 0.0%)
failure rate                : 0.0% (cumulative 0.0%)
completed cycles / episode  : 0.000
synthetic task reward       : 0.000
shaping reward              : -170.744
learning reward             : -170.744
episode length              : 245.8
abstract changes / episode  : 6.8
same abstract-state steps   : 97.2%
same-state shaping / episode: 0.000
changed-state shaping / ep. : -170.744
terminal shaping / episode  : 0.000
DFA transitions / episode   : 0.03
DFA transitions in window   : 1->2: 3
epsilon (next episode)       : 0.17549
replay buffer                : 300000 samples [1: 99.5%, 2: 0.5%, 3: 0.0%, 4: 0.0%, 5: 0.0%]
DFA state visits in window   : 1: 24633, 2: 47, 3: 0, 4: 0, 5: 0
DFA state visits cumulative  : 1: 1699023, 2: 14072, 3: 97, 4: 0, 5: 0
DFA state entries in window  : 1: 100, 2: 3, 3: 0, 4: 0, 5: 0
DFA state entries cumulative : 1: 8700, 2: 300, 3: 3, 4: 0, 5: 0
transitions cumulative       : 1->2: 300, 2->3: 3
accepted directly from s0    : 0
Gym endings cumulative       : terminated=8611, truncated=89

[Episode 8800/12000 | last 100]
success rate                : 0.0% (cumulative 0.0%)
failure rate                : 0.0% (cumulative 0.0%)
completed cycles / episode  : 0.000
synthetic task reward       : 0.000
shaping reward              : -207.747
learning reward             : -207.747
episode length              : 214.8
abstract changes / episode  : 7.5
same abstract-state steps   : 96.5%
same-state shaping / episode: 0.000
changed-state shaping / ep. : -207.747
terminal shaping / episode  : -0.941
DFA transitions / episode   : 0.01
DFA transitions in window   : 1->2: 1
epsilon (next episode)       : 0.17201
replay buffer                : 300000 samples [1: 99.6%, 2: 0.4%, 3: 0.0%, 4: 0.0%, 5: 0.0%]
DFA state visits in window   : 1: 21437, 2: 144, 3: 0, 4: 0, 5: 0
DFA state visits cumulative  : 1: 1720460, 2: 14216, 3: 97, 4: 0, 5: 0
DFA state entries in window  : 1: 100, 2: 1, 3: 0, 4: 0, 5: 0
DFA state entries cumulative : 1: 8800, 2: 301, 3: 3, 4: 0, 5: 0
transitions cumulative       : 1->2: 301, 2->3: 3
accepted directly from s0    : 0
Gym endings cumulative       : terminated=8711, truncated=89

[Episode 8900/12000 | last 100]
success rate                : 0.0% (cumulative 0.0%)
failure rate                : 0.0% (cumulative 0.0%)
completed cycles / episode  : 0.000
synthetic task reward       : 0.000
shaping reward              : -196.507
learning reward             : -196.507
episode length              : 232.2
abstract changes / episode  : 7.8
same abstract-state steps   : 96.6%
same-state shaping / episode: 0.000
changed-state shaping / ep. : -196.507
terminal shaping / episode  : 0.000
DFA transitions / episode   : 0.04
DFA transitions in window   : 1->2: 4
epsilon (next episode)       : 0.16861
replay buffer                : 300000 samples [1: 99.6%, 2: 0.4%, 3: 0.0%, 4: 0.0%, 5: 0.0%]
DFA state visits in window   : 1: 23252, 2: 64, 3: 0, 4: 0, 5: 0
DFA state visits cumulative  : 1: 1743712, 2: 14280, 3: 97, 4: 0, 5: 0
DFA state entries in window  : 1: 100, 2: 4, 3: 0, 4: 0, 5: 0
DFA state entries cumulative : 1: 8900, 2: 305, 3: 3, 4: 0, 5: 0
transitions cumulative       : 1->2: 305, 2->3: 3
accepted directly from s0    : 0
Gym endings cumulative       : terminated=8811, truncated=89

[Episode 9000/12000 | last 100]
success rate                : 0.0% (cumulative 0.0%)
failure rate                : 0.0% (cumulative 0.0%)
completed cycles / episode  : 0.000
synthetic task reward       : 0.000
shaping reward              : -194.452
learning reward             : -194.452
episode length              : 218.7
abstract changes / episode  : 7.7
same abstract-state steps   : 96.5%
same-state shaping / episode: 0.000
changed-state shaping / ep. : -194.452
terminal shaping / episode  : 0.000
DFA transitions / episode   : 0.04
DFA transitions in window   : 1->2: 4
epsilon (next episode)       : 0.16527
replay buffer                : 300000 samples [1: 99.5%, 2: 0.5%, 3: 0.0%, 4: 0.0%, 5: 0.0%]
DFA state visits in window   : 1: 21733, 2: 236, 3: 0, 4: 0, 5: 0
DFA state visits cumulative  : 1: 1765445, 2: 14516, 3: 97, 4: 0, 5: 0
DFA state entries in window  : 1: 100, 2: 4, 3: 0, 4: 0, 5: 0
DFA state entries cumulative : 1: 9000, 2: 309, 3: 3, 4: 0, 5: 0
transitions cumulative       : 1->2: 309, 2->3: 3
accepted directly from s0    : 0
Gym endings cumulative       : terminated=8911, truncated=89

Starting autonomous greedy evaluation at episode 9000 (1000 fixed-seed episodes)...
[Greedy evaluation at episode 9000 | 1000 fixed-seed episodes]
success=0.0%, failure=0.0%, task reward=0.000, length=273.2
DFA transitions: 1->2: 29

[Episode 9100/12000 | last 100]
success rate                : 0.0% (cumulative 0.0%)
failure rate                : 0.0% (cumulative 0.0%)
completed cycles / episode  : 0.000
synthetic task reward       : 0.000
shaping reward              : -202.051
learning reward             : -202.051
episode length              : 213.3
abstract changes / episode  : 7.2
same abstract-state steps   : 96.6%
same-state shaping / episode: 0.000
changed-state shaping / ep. : -202.051
terminal shaping / episode  : 0.000
DFA transitions / episode   : 0.01
DFA transitions in window   : 1->2: 1
epsilon (next episode)       : 0.16200
replay buffer                : 300000 samples [1: 99.6%, 2: 0.4%, 3: 0.0%, 4: 0.0%, 5: 0.0%]
DFA state visits in window   : 1: 21403, 2: 29, 3: 0, 4: 0, 5: 0
DFA state visits cumulative  : 1: 1786848, 2: 14545, 3: 97, 4: 0, 5: 0
DFA state entries in window  : 1: 100, 2: 1, 3: 0, 4: 0, 5: 0
DFA state entries cumulative : 1: 9100, 2: 310, 3: 3, 4: 0, 5: 0
transitions cumulative       : 1->2: 310, 2->3: 3
accepted directly from s0    : 0
Gym endings cumulative       : terminated=9011, truncated=89

[Episode 9200/12000 | last 100]
success rate                : 0.0% (cumulative 0.0%)
failure rate                : 0.0% (cumulative 0.0%)
completed cycles / episode  : 0.000
synthetic task reward       : 0.000
shaping reward              : -212.531
learning reward             : -212.531
episode length              : 234.0
abstract changes / episode  : 8.6
same abstract-state steps   : 96.3%
same-state shaping / episode: 0.000
changed-state shaping / ep. : -212.531
terminal shaping / episode  : 0.000
DFA transitions / episode   : 0.05
DFA transitions in window   : 1->2: 5
epsilon (next episode)       : 0.15879
replay buffer                : 300000 samples [1: 99.6%, 2: 0.4%, 3: 0.0%, 4: 0.0%, 5: 0.0%]
DFA state visits in window   : 1: 23335, 2: 163, 3: 0, 4: 0, 5: 0
DFA state visits cumulative  : 1: 1810183, 2: 14708, 3: 97, 4: 0, 5: 0
DFA state entries in window  : 1: 100, 2: 5, 3: 0, 4: 0, 5: 0
DFA state entries cumulative : 1: 9200, 2: 315, 3: 3, 4: 0, 5: 0
transitions cumulative       : 1->2: 315, 2->3: 3
accepted directly from s0    : 0
Gym endings cumulative       : terminated=9111, truncated=89

[Episode 9300/12000 | last 100]
success rate                : 0.0% (cumulative 0.0%)
failure rate                : 0.0% (cumulative 0.0%)
completed cycles / episode  : 0.000
synthetic task reward       : 0.000
shaping reward              : -212.550
learning reward             : -212.550
episode length              : 172.4
abstract changes / episode  : 5.8
same abstract-state steps   : 96.7%
same-state shaping / episode: 0.000
changed-state shaping / ep. : -212.550
terminal shaping / episode  : 0.000
DFA transitions / episode   : 0.03
DFA transitions in window   : 1->2: 3
epsilon (next episode)       : 0.15564
replay buffer                : 300000 samples [1: 99.6%, 2: 0.4%, 3: 0.0%, 4: 0.0%, 5: 0.0%]
DFA state visits in window   : 1: 17164, 2: 180, 3: 0, 4: 0, 5: 0
DFA state visits cumulative  : 1: 1827347, 2: 14888, 3: 97, 4: 0, 5: 0
DFA state entries in window  : 1: 100, 2: 3, 3: 0, 4: 0, 5: 0
DFA state entries cumulative : 1: 9300, 2: 318, 3: 3, 4: 0, 5: 0
transitions cumulative       : 1->2: 318, 2->3: 3
accepted directly from s0    : 0
Gym endings cumulative       : terminated=9211, truncated=89

[Episode 9400/12000 | last 100]
success rate                : 0.0% (cumulative 0.0%)
failure rate                : 0.0% (cumulative 0.0%)
completed cycles / episode  : 0.000
synthetic task reward       : 0.000
shaping reward              : -206.892
learning reward             : -206.892
episode length              : 194.3
abstract changes / episode  : 5.7
same abstract-state steps   : 97.1%
same-state shaping / episode: 0.000
changed-state shaping / ep. : -206.892
terminal shaping / episode  : 0.000
DFA transitions / episode   : 0.03
DFA transitions in window   : 1->2: 3
epsilon (next episode)       : 0.15256
replay buffer                : 300000 samples [1: 99.5%, 2: 0.5%, 3: 0.0%, 4: 0.0%, 5: 0.0%]
DFA state visits in window   : 1: 19371, 2: 157, 3: 0, 4: 0, 5: 0
DFA state visits cumulative  : 1: 1846718, 2: 15045, 3: 97, 4: 0, 5: 0
DFA state entries in window  : 1: 100, 2: 3, 3: 0, 4: 0, 5: 0
DFA state entries cumulative : 1: 9400, 2: 321, 3: 3, 4: 0, 5: 0
transitions cumulative       : 1->2: 321, 2->3: 3
accepted directly from s0    : 0
Gym endings cumulative       : terminated=9311, truncated=89

[Episode 9500/12000 | last 100]
success rate                : 0.0% (cumulative 0.0%)
failure rate                : 0.0% (cumulative 0.0%)
completed cycles / episode  : 0.000
synthetic task reward       : 0.000
shaping reward              : -185.874
learning reward             : -185.874
episode length              : 188.8
abstract changes / episode  : 6.0
same abstract-state steps   : 96.8%
same-state shaping / episode: 0.000
changed-state shaping / ep. : -185.874
terminal shaping / episode  : 0.000
DFA transitions / episode   : 0.03
DFA transitions in window   : 1->2: 3
epsilon (next episode)       : 0.14954
replay buffer                : 300000 samples [1: 99.6%, 2: 0.4%, 3: 0.0%, 4: 0.0%, 5: 0.0%]
DFA state visits in window   : 1: 18935, 2: 49, 3: 0, 4: 0, 5: 0
DFA state visits cumulative  : 1: 1865653, 2: 15094, 3: 97, 4: 0, 5: 0
DFA state entries in window  : 1: 100, 2: 3, 3: 0, 4: 0, 5: 0
DFA state entries cumulative : 1: 9500, 2: 324, 3: 3, 4: 0, 5: 0
transitions cumulative       : 1->2: 324, 2->3: 3
accepted directly from s0    : 0
Gym endings cumulative       : terminated=9411, truncated=89

Starting autonomous greedy evaluation at episode 9500 (1000 fixed-seed episodes)...
[Greedy evaluation at episode 9500 | 1000 fixed-seed episodes]
success=0.0%, failure=0.0%, task reward=0.000, length=194.4
DFA transitions: 1->2: 13, 2->3: 1

[Episode 9600/12000 | last 100]
success rate                : 0.0% (cumulative 0.0%)
failure rate                : 0.0% (cumulative 0.0%)
completed cycles / episode  : 0.000
synthetic task reward       : 0.000
shaping reward              : -223.943
learning reward             : -223.943
episode length              : 188.8
abstract changes / episode  : 6.5
same abstract-state steps   : 96.5%
same-state shaping / episode: 0.000
changed-state shaping / ep. : -223.943
terminal shaping / episode  : 0.000
DFA transitions / episode   : 0.00
DFA transitions in window   : none
epsilon (next episode)       : 0.14658
replay buffer                : 300000 samples [1: 99.6%, 2: 0.4%, 3: 0.0%, 4: 0.0%, 5: 0.0%]
DFA state visits in window   : 1: 18981, 2: 0, 3: 0, 4: 0, 5: 0
DFA state visits cumulative  : 1: 1884634, 2: 15094, 3: 97, 4: 0, 5: 0
DFA state entries in window  : 1: 100, 2: 0, 3: 0, 4: 0, 5: 0
DFA state entries cumulative : 1: 9600, 2: 324, 3: 3, 4: 0, 5: 0
transitions cumulative       : 1->2: 324, 2->3: 3
accepted directly from s0    : 0
Gym endings cumulative       : terminated=9511, truncated=89

[Episode 9700/12000 | last 100]
success rate                : 0.0% (cumulative 0.0%)
failure rate                : 0.0% (cumulative 0.0%)
completed cycles / episode  : 0.000
synthetic task reward       : 0.000
shaping reward              : -171.627
learning reward             : -171.627
episode length              : 178.6
abstract changes / episode  : 5.6
same abstract-state steps   : 96.9%
same-state shaping / episode: 0.000
changed-state shaping / ep. : -171.627
terminal shaping / episode  : 0.000
DFA transitions / episode   : 0.00
DFA transitions in window   : none
epsilon (next episode)       : 0.14368
replay buffer                : 300000 samples [1: 99.6%, 2: 0.4%, 3: 0.0%, 4: 0.0%, 5: 0.0%]
DFA state visits in window   : 1: 17957, 2: 0, 3: 0, 4: 0, 5: 0
DFA state visits cumulative  : 1: 1902591, 2: 15094, 3: 97, 4: 0, 5: 0
DFA state entries in window  : 1: 100, 2: 0, 3: 0, 4: 0, 5: 0
DFA state entries cumulative : 1: 9700, 2: 324, 3: 3, 4: 0, 5: 0
transitions cumulative       : 1->2: 324, 2->3: 3
accepted directly from s0    : 0
Gym endings cumulative       : terminated=9611, truncated=89

[Episode 9800/12000 | last 100]
success rate                : 0.0% (cumulative 0.0%)
failure rate                : 0.0% (cumulative 0.0%)
completed cycles / episode  : 0.000
synthetic task reward       : 0.000
shaping reward              : -101.290
learning reward             : -101.290
episode length              : 213.8
abstract changes / episode  : 6.0
same abstract-state steps   : 97.2%
same-state shaping / episode: 0.000
changed-state shaping / ep. : -101.290
terminal shaping / episode  : 0.000
DFA transitions / episode   : 0.02
DFA transitions in window   : 1->2: 2
epsilon (next episode)       : 0.14083
replay buffer                : 300000 samples [1: 99.6%, 2: 0.4%, 3: 0.0%, 4: 0.0%, 5: 0.0%]
DFA state visits in window   : 1: 21444, 2: 35, 3: 0, 4: 0, 5: 0
DFA state visits cumulative  : 1: 1924035, 2: 15129, 3: 97, 4: 0, 5: 0
DFA state entries in window  : 1: 100, 2: 2, 3: 0, 4: 0, 5: 0
DFA state entries cumulative : 1: 9800, 2: 326, 3: 3, 4: 0, 5: 0
transitions cumulative       : 1->2: 326, 2->3: 3
accepted directly from s0    : 0
Gym endings cumulative       : terminated=9711, truncated=89

[Episode 9900/12000 | last 100]
success rate                : 0.0% (cumulative 0.0%)
failure rate                : 0.0% (cumulative 0.0%)
completed cycles / episode  : 0.000
synthetic task reward       : 0.000
shaping reward              : -110.791
learning reward             : -110.791
episode length              : 242.2
abstract changes / episode  : 6.8
same abstract-state steps   : 97.2%
same-state shaping / episode: 0.000
changed-state shaping / ep. : -110.791
terminal shaping / episode  : -0.951
DFA transitions / episode   : 0.04
DFA transitions in window   : 1->2: 4
epsilon (next episode)       : 0.13804
replay buffer                : 300000 samples [1: 99.6%, 2: 0.4%, 3: 0.0%, 4: 0.0%, 5: 0.0%]
DFA state visits in window   : 1: 24244, 2: 78, 3: 0, 4: 0, 5: 0
DFA state visits cumulative  : 1: 1948279, 2: 15207, 3: 97, 4: 0, 5: 0
DFA state entries in window  : 1: 100, 2: 4, 3: 0, 4: 0, 5: 0
DFA state entries cumulative : 1: 9900, 2: 330, 3: 3, 4: 0, 5: 0
transitions cumulative       : 1->2: 330, 2->3: 3
accepted directly from s0    : 0
Gym endings cumulative       : terminated=9811, truncated=89

[Episode 10000/12000 | last 100]
success rate                : 0.0% (cumulative 0.0%)
failure rate                : 0.0% (cumulative 0.0%)
completed cycles / episode  : 0.000
synthetic task reward       : 0.000
shaping reward              : -105.104
learning reward             : -105.104
episode length              : 214.1
abstract changes / episode  : 6.1
same abstract-state steps   : 97.1%
same-state shaping / episode: 0.000
changed-state shaping / ep. : -105.104
terminal shaping / episode  : -0.970
DFA transitions / episode   : 0.02
DFA transitions in window   : 1->2: 2
epsilon (next episode)       : 0.13531
replay buffer                : 300000 samples [1: 99.6%, 2: 0.4%, 3: 0.0%, 4: 0.0%, 5: 0.0%]
DFA state visits in window   : 1: 21464, 2: 42, 3: 0, 4: 0, 5: 0
DFA state visits cumulative  : 1: 1969743, 2: 15249, 3: 97, 4: 0, 5: 0
DFA state entries in window  : 1: 100, 2: 2, 3: 0, 4: 0, 5: 0
DFA state entries cumulative : 1: 10000, 2: 332, 3: 3, 4: 0, 5: 0
transitions cumulative       : 1->2: 332, 2->3: 3
accepted directly from s0    : 0
Gym endings cumulative       : terminated=9911, truncated=89

Starting autonomous greedy evaluation at episode 10000 (1000 fixed-seed episodes)...
[Greedy evaluation at episode 10000 | 1000 fixed-seed episodes]
success=0.0%, failure=0.0%, task reward=0.000, length=246.5
DFA transitions: 1->2: 20

[Episode 10100/12000 | last 100]
success rate                : 0.0% (cumulative 0.0%)
failure rate                : 0.0% (cumulative 0.0%)
completed cycles / episode  : 0.000
synthetic task reward       : 0.000
shaping reward              : -113.711
learning reward             : -113.711
episode length              : 220.5
abstract changes / episode  : 6.2
same abstract-state steps   : 97.2%
same-state shaping / episode: 0.000
changed-state shaping / ep. : -113.711
terminal shaping / episode  : 0.000
DFA transitions / episode   : 0.03
DFA transitions in window   : 1->2: 3
epsilon (next episode)       : 0.13263
replay buffer                : 300000 samples [1: 99.6%, 2: 0.4%, 3: 0.0%, 4: 0.0%, 5: 0.0%]
DFA state visits in window   : 1: 22025, 2: 126, 3: 0, 4: 0, 5: 0
DFA state visits cumulative  : 1: 1991768, 2: 15375, 3: 97, 4: 0, 5: 0
DFA state entries in window  : 1: 100, 2: 3, 3: 0, 4: 0, 5: 0
DFA state entries cumulative : 1: 10100, 2: 335, 3: 3, 4: 0, 5: 0
transitions cumulative       : 1->2: 335, 2->3: 3
accepted directly from s0    : 0
Gym endings cumulative       : terminated=10011, truncated=89

[Episode 10200/12000 | last 100]
success rate                : 0.0% (cumulative 0.0%)
failure rate                : 0.0% (cumulative 0.0%)
completed cycles / episode  : 0.000
synthetic task reward       : 0.000
shaping reward              : -142.203
learning reward             : -142.203
episode length              : 213.6
abstract changes / episode  : 6.4
same abstract-state steps   : 97.0%
same-state shaping / episode: 0.000
changed-state shaping / ep. : -142.203
terminal shaping / episode  : 0.000
DFA transitions / episode   : 0.03
DFA transitions in window   : 1->2: 3
epsilon (next episode)       : 0.13000
replay buffer                : 300000 samples [1: 99.6%, 2: 0.4%, 3: 0.0%, 4: 0.0%, 5: 0.0%]
DFA state visits in window   : 1: 21408, 2: 47, 3: 0, 4: 0, 5: 0
DFA state visits cumulative  : 1: 2013176, 2: 15422, 3: 97, 4: 0, 5: 0
DFA state entries in window  : 1: 100, 2: 3, 3: 0, 4: 0, 5: 0
DFA state entries cumulative : 1: 10200, 2: 338, 3: 3, 4: 0, 5: 0
transitions cumulative       : 1->2: 338, 2->3: 3
accepted directly from s0    : 0
Gym endings cumulative       : terminated=10111, truncated=89

[Episode 10300/12000 | last 100]
success rate                : 0.0% (cumulative 0.0%)
failure rate                : 0.0% (cumulative 0.0%)
completed cycles / episode  : 0.000
synthetic task reward       : 0.000
shaping reward              : -179.284
learning reward             : -179.284
episode length              : 193.4
abstract changes / episode  : 7.0
same abstract-state steps   : 96.4%
same-state shaping / episode: 0.000
changed-state shaping / ep. : -179.284
terminal shaping / episode  : -0.941
DFA transitions / episode   : 0.06
DFA transitions in window   : 1->2: 5, 2->3: 1
epsilon (next episode)       : 0.12743
replay buffer                : 300000 samples [1: 99.5%, 2: 0.5%, 3: 0.0%, 4: 0.0%, 5: 0.0%]
DFA state visits in window   : 1: 19161, 2: 260, 3: 20, 4: 0, 5: 0
DFA state visits cumulative  : 1: 2032337, 2: 15682, 3: 117, 4: 0, 5: 0
DFA state entries in window  : 1: 100, 2: 5, 3: 1, 4: 0, 5: 0
DFA state entries cumulative : 1: 10300, 2: 343, 3: 4, 4: 0, 5: 0
transitions cumulative       : 1->2: 343, 2->3: 4
accepted directly from s0    : 0
Gym endings cumulative       : terminated=10211, truncated=89

[Episode 10400/12000 | last 100]
success rate                : 0.0% (cumulative 0.0%)
failure rate                : 0.0% (cumulative 0.0%)
completed cycles / episode  : 0.000
synthetic task reward       : 0.000
shaping reward              : -167.862
learning reward             : -167.862
episode length              : 201.2
abstract changes / episode  : 6.7
same abstract-state steps   : 96.7%
same-state shaping / episode: 0.000
changed-state shaping / ep. : -167.862
terminal shaping / episode  : 0.000
DFA transitions / episode   : 0.03
DFA transitions in window   : 1->2: 3
epsilon (next episode)       : 0.12490
replay buffer                : 300000 samples [1: 99.6%, 2: 0.4%, 3: 0.0%, 4: 0.0%, 5: 0.0%]
DFA state visits in window   : 1: 20162, 2: 54, 3: 0, 4: 0, 5: 0
DFA state visits cumulative  : 1: 2052499, 2: 15736, 3: 117, 4: 0, 5: 0
DFA state entries in window  : 1: 100, 2: 3, 3: 0, 4: 0, 5: 0
DFA state entries cumulative : 1: 10400, 2: 346, 3: 4, 4: 0, 5: 0
transitions cumulative       : 1->2: 346, 2->3: 4
accepted directly from s0    : 0
Gym endings cumulative       : terminated=10311, truncated=89

[Episode 10500/12000 | last 100]
success rate                : 0.0% (cumulative 0.0%)
failure rate                : 0.0% (cumulative 0.0%)
completed cycles / episode  : 0.000
synthetic task reward       : 0.000
shaping reward              : -149.792
learning reward             : -149.792
episode length              : 194.9
abstract changes / episode  : 6.7
same abstract-state steps   : 96.5%
same-state shaping / episode: 0.000
changed-state shaping / ep. : -149.792
terminal shaping / episode  : -3.795
DFA transitions / episode   : 0.07
DFA transitions in window   : 1->2: 6, 2->3: 1
epsilon (next episode)       : 0.12243
replay buffer                : 300000 samples [1: 99.5%, 2: 0.5%, 3: 0.0%, 4: 0.0%, 5: 0.0%]
DFA state visits in window   : 1: 19299, 2: 261, 3: 27, 4: 0, 5: 0
DFA state visits cumulative  : 1: 2071798, 2: 15997, 3: 144, 4: 0, 5: 0
DFA state entries in window  : 1: 100, 2: 6, 3: 1, 4: 0, 5: 0
DFA state entries cumulative : 1: 10500, 2: 352, 3: 5, 4: 0, 5: 0
transitions cumulative       : 1->2: 352, 2->3: 5
accepted directly from s0    : 0
Gym endings cumulative       : terminated=10411, truncated=89

Starting autonomous greedy evaluation at episode 10500 (1000 fixed-seed episodes)...
[Greedy evaluation at episode 10500 | 1000 fixed-seed episodes]
success=0.0%, failure=0.0%, task reward=0.000, length=176.8
DFA transitions: 1->2: 109, 2->3: 5

[Episode 10600/12000 | last 100]
success rate                : 0.0% (cumulative 0.0%)
failure rate                : 0.0% (cumulative 0.0%)
completed cycles / episode  : 0.000
synthetic task reward       : 0.000
shaping reward              : -135.536
learning reward             : -135.536
episode length              : 197.9
abstract changes / episode  : 6.3
same abstract-state steps   : 96.8%
same-state shaping / episode: 0.000
changed-state shaping / ep. : -135.536
terminal shaping / episode  : -0.961
DFA transitions / episode   : 0.08
DFA transitions in window   : 1->2: 8
epsilon (next episode)       : 0.12001
replay buffer                : 300000 samples [1: 99.4%, 2: 0.6%, 3: 0.0%, 4: 0.0%, 5: 0.0%]
DFA state visits in window   : 1: 19464, 2: 427, 3: 0, 4: 0, 5: 0
DFA state visits cumulative  : 1: 2091262, 2: 16424, 3: 144, 4: 0, 5: 0
DFA state entries in window  : 1: 100, 2: 8, 3: 0, 4: 0, 5: 0
DFA state entries cumulative : 1: 10600, 2: 360, 3: 5, 4: 0, 5: 0
transitions cumulative       : 1->2: 360, 2->3: 5
accepted directly from s0    : 0
Gym endings cumulative       : terminated=10511, truncated=89

[Episode 10700/12000 | last 100]
success rate                : 0.0% (cumulative 0.0%)
failure rate                : 0.0% (cumulative 0.0%)
completed cycles / episode  : 0.000
synthetic task reward       : 0.000
shaping reward              : -147.967
learning reward             : -147.967
episode length              : 177.6
abstract changes / episode  : 6.1
same abstract-state steps   : 96.6%
same-state shaping / episode: 0.000
changed-state shaping / ep. : -147.967
terminal shaping / episode  : -1.902
DFA transitions / episode   : 0.05
DFA transitions in window   : 1->2: 5
epsilon (next episode)       : 0.11763
replay buffer                : 300000 samples [1: 99.4%, 2: 0.6%, 3: 0.0%, 4: 0.0%, 5: 0.0%]
DFA state visits in window   : 1: 17741, 2: 114, 3: 0, 4: 0, 5: 0
DFA state visits cumulative  : 1: 2109003, 2: 16538, 3: 144, 4: 0, 5: 0
DFA state entries in window  : 1: 100, 2: 5, 3: 0, 4: 0, 5: 0
DFA state entries cumulative : 1: 10700, 2: 365, 3: 5, 4: 0, 5: 0
transitions cumulative       : 1->2: 365, 2->3: 5
accepted directly from s0    : 0
Gym endings cumulative       : terminated=10611, truncated=89

[Episode 10800/12000 | last 100]
success rate                : 0.0% (cumulative 0.0%)
failure rate                : 0.0% (cumulative 0.0%)
completed cycles / episode  : 0.000
synthetic task reward       : 0.000
shaping reward              : -176.612
learning reward             : -176.612
episode length              : 156.5
abstract changes / episode  : 5.9
same abstract-state steps   : 96.2%
same-state shaping / episode: 0.000
changed-state shaping / ep. : -176.612
terminal shaping / episode  : 0.000
DFA transitions / episode   : 0.06
DFA transitions in window   : 1->2: 6
epsilon (next episode)       : 0.11530
replay buffer                : 300000 samples [1: 99.4%, 2: 0.6%, 3: 0.0%, 4: 0.0%, 5: 0.0%]
DFA state visits in window   : 1: 15633, 2: 119, 3: 0, 4: 0, 5: 0
DFA state visits cumulative  : 1: 2124636, 2: 16657, 3: 144, 4: 0, 5: 0
DFA state entries in window  : 1: 100, 2: 6, 3: 0, 4: 0, 5: 0
DFA state entries cumulative : 1: 10800, 2: 371, 3: 5, 4: 0, 5: 0
transitions cumulative       : 1->2: 371, 2->3: 5
accepted directly from s0    : 0
Gym endings cumulative       : terminated=10711, truncated=89

[Episode 10900/12000 | last 100]
success rate                : 0.0% (cumulative 0.0%)
failure rate                : 0.0% (cumulative 0.0%)
completed cycles / episode  : 0.000
synthetic task reward       : 0.000
shaping reward              : -148.832
learning reward             : -148.832
episode length              : 184.1
abstract changes / episode  : 6.4
same abstract-state steps   : 96.5%
same-state shaping / episode: 0.000
changed-state shaping / ep. : -148.832
terminal shaping / episode  : -1.892
DFA transitions / episode   : 0.04
DFA transitions in window   : 1->2: 4
epsilon (next episode)       : 0.11302
replay buffer                : 300000 samples [1: 99.4%, 2: 0.5%, 3: 0.0%, 4: 0.0%, 5: 0.0%]
DFA state visits in window   : 1: 18441, 2: 70, 3: 0, 4: 0, 5: 0
DFA state visits cumulative  : 1: 2143077, 2: 16727, 3: 144, 4: 0, 5: 0
DFA state entries in window  : 1: 100, 2: 4, 3: 0, 4: 0, 5: 0
DFA state entries cumulative : 1: 10900, 2: 375, 3: 5, 4: 0, 5: 0
transitions cumulative       : 1->2: 375, 2->3: 5
accepted directly from s0    : 0
Gym endings cumulative       : terminated=10811, truncated=89

[Episode 11000/12000 | last 100]
success rate                : 0.0% (cumulative 0.0%)
failure rate                : 0.0% (cumulative 0.0%)
completed cycles / episode  : 0.000
synthetic task reward       : 0.000
shaping reward              : -166.853
learning reward             : -166.853
episode length              : 214.6
abstract changes / episode  : 6.8
same abstract-state steps   : 96.8%
same-state shaping / episode: 0.000
changed-state shaping / ep. : -166.853
terminal shaping / episode  : -0.941
DFA transitions / episode   : 0.04
DFA transitions in window   : 1->2: 4
epsilon (next episode)       : 0.11078
replay buffer                : 300000 samples [1: 99.4%, 2: 0.6%, 3: 0.0%, 4: 0.0%, 5: 0.0%]
DFA state visits in window   : 1: 21401, 2: 154, 3: 0, 4: 0, 5: 0
DFA state visits cumulative  : 1: 2164478, 2: 16881, 3: 144, 4: 0, 5: 0
DFA state entries in window  : 1: 100, 2: 4, 3: 0, 4: 0, 5: 0
DFA state entries cumulative : 1: 11000, 2: 379, 3: 5, 4: 0, 5: 0
transitions cumulative       : 1->2: 379, 2->3: 5
accepted directly from s0    : 0
Gym endings cumulative       : terminated=10911, truncated=89

Starting autonomous greedy evaluation at episode 11000 (1000 fixed-seed episodes)...
[Greedy evaluation at episode 11000 | 1000 fixed-seed episodes]
success=0.0%, failure=0.0%, task reward=0.000, length=165.9
DFA transitions: 1->2: 1

[Episode 11100/12000 | last 100]
success rate                : 0.0% (cumulative 0.0%)
failure rate                : 0.0% (cumulative 0.0%)
completed cycles / episode  : 0.000
synthetic task reward       : 0.000
shaping reward              : -191.704
learning reward             : -191.704
episode length              : 204.9
abstract changes / episode  : 6.2
same abstract-state steps   : 97.0%
same-state shaping / episode: 0.000
changed-state shaping / ep. : -191.704
terminal shaping / episode  : -0.951
DFA transitions / episode   : 0.01
DFA transitions in window   : 1->2: 1
epsilon (next episode)       : 0.10858
replay buffer                : 300000 samples [1: 99.4%, 2: 0.6%, 3: 0.0%, 4: 0.0%, 5: 0.0%]
DFA state visits in window   : 1: 20578, 2: 14, 3: 0, 4: 0, 5: 0
DFA state visits cumulative  : 1: 2185056, 2: 16895, 3: 144, 4: 0, 5: 0
DFA state entries in window  : 1: 100, 2: 1, 3: 0, 4: 0, 5: 0
DFA state entries cumulative : 1: 11100, 2: 380, 3: 5, 4: 0, 5: 0
transitions cumulative       : 1->2: 380, 2->3: 5
accepted directly from s0    : 0
Gym endings cumulative       : terminated=11011, truncated=89

[Episode 11200/12000 | last 100]
success rate                : 0.0% (cumulative 0.0%)
failure rate                : 0.0% (cumulative 0.0%)
completed cycles / episode  : 0.000
synthetic task reward       : 0.000
shaping reward              : -170.715
learning reward             : -170.715
episode length              : 197.7
abstract changes / episode  : 5.9
same abstract-state steps   : 97.0%
same-state shaping / episode: 0.000
changed-state shaping / ep. : -170.715
terminal shaping / episode  : -0.941
DFA transitions / episode   : 0.04
DFA transitions in window   : 1->2: 4
epsilon (next episode)       : 0.10643
replay buffer                : 300000 samples [1: 99.4%, 2: 0.6%, 3: 0.0%, 4: 0.0%, 5: 0.0%]
DFA state visits in window   : 1: 19768, 2: 97, 3: 0, 4: 0, 5: 0
DFA state visits cumulative  : 1: 2204824, 2: 16992, 3: 144, 4: 0, 5: 0
DFA state entries in window  : 1: 100, 2: 4, 3: 0, 4: 0, 5: 0
DFA state entries cumulative : 1: 11200, 2: 384, 3: 5, 4: 0, 5: 0
transitions cumulative       : 1->2: 384, 2->3: 5
accepted directly from s0    : 0
Gym endings cumulative       : terminated=11111, truncated=89

[Episode 11300/12000 | last 100]
success rate                : 0.0% (cumulative 0.0%)
failure rate                : 0.0% (cumulative 0.0%)
completed cycles / episode  : 0.000
synthetic task reward       : 0.000
shaping reward              : -171.675
learning reward             : -171.675
episode length              : 182.0
abstract changes / episode  : 6.1
same abstract-state steps   : 96.7%
same-state shaping / episode: 0.000
changed-state shaping / ep. : -171.675
terminal shaping / episode  : 0.000
DFA transitions / episode   : 0.03
DFA transitions in window   : 1->2: 2, 2->3: 1
epsilon (next episode)       : 0.10433
replay buffer                : 300000 samples [1: 99.3%, 2: 0.6%, 3: 0.0%, 4: 0.0%, 5: 0.0%]
DFA state visits in window   : 1: 18183, 2: 75, 3: 39, 4: 0, 5: 0
DFA state visits cumulative  : 1: 2223007, 2: 17067, 3: 183, 4: 0, 5: 0
DFA state entries in window  : 1: 100, 2: 2, 3: 1, 4: 0, 5: 0
DFA state entries cumulative : 1: 11300, 2: 386, 3: 6, 4: 0, 5: 0
transitions cumulative       : 1->2: 386, 2->3: 6
accepted directly from s0    : 0
Gym endings cumulative       : terminated=11211, truncated=89

[Episode 11400/12000 | last 100]
success rate                : 0.0% (cumulative 0.0%)
failure rate                : 0.0% (cumulative 0.0%)
completed cycles / episode  : 0.000
synthetic task reward       : 0.000
shaping reward              : -155.479
learning reward             : -155.479
episode length              : 176.7
abstract changes / episode  : 5.8
same abstract-state steps   : 96.7%
same-state shaping / episode: 0.000
changed-state shaping / ep. : -155.479
terminal shaping / episode  : -0.961
DFA transitions / episode   : 0.02
DFA transitions in window   : 1->2: 2
epsilon (next episode)       : 0.10226
replay buffer                : 300000 samples [1: 99.4%, 2: 0.6%, 3: 0.0%, 4: 0.0%, 5: 0.0%]
DFA state visits in window   : 1: 17732, 2: 37, 3: 0, 4: 0, 5: 0
DFA state visits cumulative  : 1: 2240739, 2: 17104, 3: 183, 4: 0, 5: 0
DFA state entries in window  : 1: 100, 2: 2, 3: 0, 4: 0, 5: 0
DFA state entries cumulative : 1: 11400, 2: 388, 3: 6, 4: 0, 5: 0
transitions cumulative       : 1->2: 388, 2->3: 6
accepted directly from s0    : 0
Gym endings cumulative       : terminated=11311, truncated=89

[Episode 11500/12000 | last 100]
success rate                : 0.0% (cumulative 0.0%)
failure rate                : 0.0% (cumulative 0.0%)
completed cycles / episode  : 0.000
synthetic task reward       : 0.000
shaping reward              : -181.147
learning reward             : -181.147
episode length              : 172.8
abstract changes / episode  : 6.1
same abstract-state steps   : 96.5%
same-state shaping / episode: 0.000
changed-state shaping / ep. : -181.147
terminal shaping / episode  : 0.000
DFA transitions / episode   : 0.03
DFA transitions in window   : 1->2: 3
epsilon (next episode)       : 0.10024
replay buffer                : 300000 samples [1: 99.3%, 2: 0.7%, 3: 0.0%, 4: 0.0%, 5: 0.0%]
DFA state visits in window   : 1: 17235, 2: 140, 3: 0, 4: 0, 5: 0
DFA state visits cumulative  : 1: 2257974, 2: 17244, 3: 183, 4: 0, 5: 0
DFA state entries in window  : 1: 100, 2: 3, 3: 0, 4: 0, 5: 0
DFA state entries cumulative : 1: 11500, 2: 391, 3: 6, 4: 0, 5: 0
transitions cumulative       : 1->2: 391, 2->3: 6
accepted directly from s0    : 0
Gym endings cumulative       : terminated=11411, truncated=89

Starting autonomous greedy evaluation at episode 11500 (1000 fixed-seed episodes)...
[Greedy evaluation at episode 11500 | 1000 fixed-seed episodes]
success=0.0%, failure=0.0%, task reward=0.000, length=170.4
DFA transitions: 1->2: 34

[Episode 11600/12000 | last 100]
success rate                : 0.0% (cumulative 0.0%)
failure rate                : 0.0% (cumulative 0.0%)
completed cycles / episode  : 0.000
synthetic task reward       : 0.000
shaping reward              : -180.244
learning reward             : -180.244
episode length              : 150.6
abstract changes / episode  : 5.4
same abstract-state steps   : 96.4%
same-state shaping / episode: 0.000
changed-state shaping / ep. : -180.244
terminal shaping / episode  : -0.941
DFA transitions / episode   : 0.02
DFA transitions in window   : 1->2: 2
epsilon (next episode)       : 0.09825
replay buffer                : 300000 samples [1: 99.3%, 2: 0.7%, 3: 0.0%, 4: 0.0%, 5: 0.0%]
DFA state visits in window   : 1: 15130, 2: 31, 3: 0, 4: 0, 5: 0
DFA state visits cumulative  : 1: 2273104, 2: 17275, 3: 183, 4: 0, 5: 0
DFA state entries in window  : 1: 100, 2: 2, 3: 0, 4: 0, 5: 0
DFA state entries cumulative : 1: 11600, 2: 393, 3: 6, 4: 0, 5: 0
transitions cumulative       : 1->2: 393, 2->3: 6
accepted directly from s0    : 0
Gym endings cumulative       : terminated=11511, truncated=89

[Episode 11700/12000 | last 100]
success rate                : 0.0% (cumulative 0.0%)
failure rate                : 0.0% (cumulative 0.0%)
completed cycles / episode  : 0.000
synthetic task reward       : 0.000
shaping reward              : -204.904
learning reward             : -204.904
episode length              : 128.2
abstract changes / episode  : 5.5
same abstract-state steps   : 95.7%
same-state shaping / episode: 0.000
changed-state shaping / ep. : -204.904
terminal shaping / episode  : 0.000
DFA transitions / episode   : 0.02
DFA transitions in window   : 1->2: 2
epsilon (next episode)       : 0.09631
replay buffer                : 300000 samples [1: 99.3%, 2: 0.6%, 3: 0.0%, 4: 0.0%, 5: 0.0%]
DFA state visits in window   : 1: 12881, 2: 34, 3: 0, 4: 0, 5: 0
DFA state visits cumulative  : 1: 2285985, 2: 17309, 3: 183, 4: 0, 5: 0
DFA state entries in window  : 1: 100, 2: 2, 3: 0, 4: 0, 5: 0
DFA state entries cumulative : 1: 11700, 2: 395, 3: 6, 4: 0, 5: 0
transitions cumulative       : 1->2: 395, 2->3: 6
accepted directly from s0    : 0
Gym endings cumulative       : terminated=11611, truncated=89

[Episode 11800/12000 | last 100]
success rate                : 0.0% (cumulative 0.0%)
failure rate                : 0.0% (cumulative 0.0%)
completed cycles / episode  : 0.000
synthetic task reward       : 0.000
shaping reward              : -189.745
learning reward             : -189.745
episode length              : 130.9
abstract changes / episode  : 5.8
same abstract-state steps   : 95.5%
same-state shaping / episode: 0.000
changed-state shaping / ep. : -189.745
terminal shaping / episode  : 0.941
DFA transitions / episode   : 0.03
DFA transitions in window   : 1->2: 3
epsilon (next episode)       : 0.09440
replay buffer                : 300000 samples [1: 99.3%, 2: 0.6%, 3: 0.0%, 4: 0.0%, 5: 0.0%]
DFA state visits in window   : 1: 13122, 2: 73, 3: 0, 4: 0, 5: 0
DFA state visits cumulative  : 1: 2299107, 2: 17382, 3: 183, 4: 0, 5: 0
DFA state entries in window  : 1: 100, 2: 3, 3: 0, 4: 0, 5: 0
DFA state entries cumulative : 1: 11800, 2: 398, 3: 6, 4: 0, 5: 0
transitions cumulative       : 1->2: 398, 2->3: 6
accepted directly from s0    : 0
Gym endings cumulative       : terminated=11711, truncated=89

[Episode 11900/12000 | last 100]
success rate                : 0.0% (cumulative 0.0%)
failure rate                : 0.0% (cumulative 0.0%)
completed cycles / episode  : 0.000
synthetic task reward       : 0.000
shaping reward              : -207.747
learning reward             : -207.747
episode length              : 138.7
abstract changes / episode  : 6.0
same abstract-state steps   : 95.7%
same-state shaping / episode: 0.000
changed-state shaping / ep. : -207.747
terminal shaping / episode  : 0.000
DFA transitions / episode   : 0.02
DFA transitions in window   : 1->2: 2
epsilon (next episode)       : 0.09253
replay buffer                : 300000 samples [1: 99.3%, 2: 0.6%, 3: 0.0%, 4: 0.0%, 5: 0.0%]
DFA state visits in window   : 1: 13920, 2: 47, 3: 0, 4: 0, 5: 0
DFA state visits cumulative  : 1: 2313027, 2: 17429, 3: 183, 4: 0, 5: 0
DFA state entries in window  : 1: 100, 2: 2, 3: 0, 4: 0, 5: 0
DFA state entries cumulative : 1: 11900, 2: 400, 3: 6, 4: 0, 5: 0
transitions cumulative       : 1->2: 400, 2->3: 6
accepted directly from s0    : 0
Gym endings cumulative       : terminated=11811, truncated=89

[Episode 12000/12000 | last 100]
success rate                : 0.0% (cumulative 0.0%)
failure rate                : 0.0% (cumulative 0.0%)
completed cycles / episode  : 0.000
synthetic task reward       : 0.000
shaping reward              : -204.904
learning reward             : -204.904
episode length              : 140.6
abstract changes / episode  : 6.2
same abstract-state steps   : 95.6%
same-state shaping / episode: 0.000
changed-state shaping / ep. : -204.904
terminal shaping / episode  : -0.941
DFA transitions / episode   : 0.00
DFA transitions in window   : none
epsilon (next episode)       : 0.09070
replay buffer                : 300000 samples [1: 99.4%, 2: 0.6%, 3: 0.0%, 4: 0.0%, 5: 0.0%]
DFA state visits in window   : 1: 14160, 2: 0, 3: 0, 4: 0, 5: 0
DFA state visits cumulative  : 1: 2327187, 2: 17429, 3: 183, 4: 0, 5: 0
DFA state entries in window  : 1: 100, 2: 0, 3: 0, 4: 0, 5: 0
DFA state entries cumulative : 1: 12000, 2: 400, 3: 6, 4: 0, 5: 0
transitions cumulative       : 1->2: 400, 2->3: 6
accepted directly from s0    : 0
Gym endings cumulative       : terminated=11911, truncated=89

Starting autonomous greedy evaluation at episode 12000 (1000 fixed-seed episodes)...
[Greedy evaluation at episode 12000 | 1000 fixed-seed episodes]
success=0.0%, failure=0.0%, task reward=0.000, length=70.8
DFA transitions: none
Best policy updated from autonomous greedy evaluation at episode 12000.
Last policy saved after episode 12000. Best greedy evaluation: episode 12000, mean task reward=0.000
