
=== NEW RUN ===
episodes=12000, shaping=True, goal_reward=10000.0, gamma=0.99
gamma_shaping=1.0, shaping_formula=gamma_shaping*Phi(next)-Phi(state)
ground_unbiased_learner=False
eval_interval=500, eval_episodes=1000, eval_seed=100000
inter_level_shaping=False, inter_level_formula=gamma*Phi(next)-Phi(state)
task_type=ltlf, task=F(wp1 & X(F(wp2 & X(F(wp3 & X(F(g1)))))))
regions={wp1: {'center': [-0.75, 1.0625], 'radius': 0.1}, wp2: {'center': [0, 0.6875], 'radius': 0.1}, wp3: {'center': [0, 1.0625], 'radius': 0.1}, g1: {'center': [0.75, 1.0625], 'radius': 0.1}}
dfa_states=[1, 2, 3, 4, 5], pre_trace=1, accepting=[5], failure=[]

[Episode 1/12000 | last 1]
success rate                : 0.0% (cumulative 0.0%)
failure rate                : 0.0% (cumulative 0.0%)
completed cycles / episode  : 0.000
synthetic task reward       : 0.000
shaping reward              : -285.307
learning reward             : -285.307
episode length              : 107.0
abstract changes / episode  : 5.0
same abstract-state steps   : 95.3%
same-state shaping / episode: 0.000
changed-state shaping / ep. : -285.307
terminal shaping / episode  : 0.000
DFA transitions / episode   : 0.00
DFA transitions in window   : none
epsilon (next episode)       : 0.99980
replay buffer                : 107 samples [1: 100.0%, 2: 0.0%, 3: 0.0%, 4: 0.0%, 5: 0.0%]
DFA state visits in window   : 1: 108, 2: 0, 3: 0, 4: 0, 5: 0
DFA state visits cumulative  : 1: 108, 2: 0, 3: 0, 4: 0, 5: 0
DFA state entries in window  : 1: 1, 2: 0, 3: 0, 4: 0, 5: 0
DFA state entries cumulative : 1: 1, 2: 0, 3: 0, 4: 0, 5: 0
transitions cumulative       : none
accepted directly from s0    : 0
Gym endings cumulative       : terminated=1, truncated=0

[Episode 100/12000 | last 100]
success rate                : 0.0% (cumulative 0.0%)
failure rate                : 0.0% (cumulative 0.0%)
completed cycles / episode  : 0.000
synthetic task reward       : 0.000
shaping reward              : -227.805
learning reward             : -227.805
episode length              : 91.8
abstract changes / episode  : 5.7
same abstract-state steps   : 93.8%
same-state shaping / episode: 0.000
changed-state shaping / ep. : -227.805
terminal shaping / episode  : 0.000
DFA transitions / episode   : 0.02
DFA transitions in window   : 1->2: 2
epsilon (next episode)       : 0.98020
replay buffer                : 9179 samples [1: 99.4%, 2: 0.6%, 3: 0.0%, 4: 0.0%, 5: 0.0%]
DFA state visits in window   : 1: 9222, 2: 57, 3: 0, 4: 0, 5: 0
DFA state visits cumulative  : 1: 9222, 2: 57, 3: 0, 4: 0, 5: 0
DFA state entries in window  : 1: 100, 2: 2, 3: 0, 4: 0, 5: 0
DFA state entries cumulative : 1: 100, 2: 2, 3: 0, 4: 0, 5: 0
transitions cumulative       : 1->2: 2
accepted directly from s0    : 0
Gym endings cumulative       : terminated=100, truncated=0

[Episode 200/12000 | last 100]
success rate                : 0.0% (cumulative 0.0%)
failure rate                : 0.0% (cumulative 0.0%)
completed cycles / episode  : 0.000
synthetic task reward       : 0.000
shaping reward              : -233.463
learning reward             : -233.463
episode length              : 93.8
abstract changes / episode  : 6.1
same abstract-state steps   : 93.5%
same-state shaping / episode: 0.000
changed-state shaping / ep. : -233.463
terminal shaping / episode  : 0.000
DFA transitions / episode   : 0.00
DFA transitions in window   : none
epsilon (next episode)       : 0.96079
replay buffer                : 18559 samples [1: 99.7%, 2: 0.3%, 3: 0.0%, 4: 0.0%, 5: 0.0%]
DFA state visits in window   : 1: 9480, 2: 0, 3: 0, 4: 0, 5: 0
DFA state visits cumulative  : 1: 18702, 2: 57, 3: 0, 4: 0, 5: 0
DFA state entries in window  : 1: 100, 2: 0, 3: 0, 4: 0, 5: 0
DFA state entries cumulative : 1: 200, 2: 2, 3: 0, 4: 0, 5: 0
transitions cumulative       : 1->2: 2
accepted directly from s0    : 0
Gym endings cumulative       : terminated=200, truncated=0

[Episode 300/12000 | last 100]
success rate                : 0.0% (cumulative 0.0%)
failure rate                : 0.0% (cumulative 0.0%)
completed cycles / episode  : 0.000
synthetic task reward       : 0.000
shaping reward              : -216.306
learning reward             : -216.306
episode length              : 96.6
abstract changes / episode  : 6.0
same abstract-state steps   : 93.8%
same-state shaping / episode: 0.000
changed-state shaping / ep. : -216.306
terminal shaping / episode  : 0.000
DFA transitions / episode   : 0.05
DFA transitions in window   : 1->2: 5
epsilon (next episode)       : 0.94176
replay buffer                : 28218 samples [1: 99.4%, 2: 0.6%, 3: 0.0%, 4: 0.0%, 5: 0.0%]
DFA state visits in window   : 1: 9644, 2: 115, 3: 0, 4: 0, 5: 0
DFA state visits cumulative  : 1: 28346, 2: 172, 3: 0, 4: 0, 5: 0
DFA state entries in window  : 1: 100, 2: 5, 3: 0, 4: 0, 5: 0
DFA state entries cumulative : 1: 300, 2: 7, 3: 0, 4: 0, 5: 0
transitions cumulative       : 1->2: 7
accepted directly from s0    : 0
Gym endings cumulative       : terminated=300, truncated=0

[Episode 400/12000 | last 100]
success rate                : 0.0% (cumulative 0.0%)
failure rate                : 0.0% (cumulative 0.0%)
completed cycles / episode  : 0.000
synthetic task reward       : 0.000
shaping reward              : -222.051
learning reward             : -222.051
episode length              : 95.5
abstract changes / episode  : 5.7
same abstract-state steps   : 94.0%
same-state shaping / episode: 0.000
changed-state shaping / ep. : -222.051
terminal shaping / episode  : 0.000
DFA transitions / episode   : 0.03
DFA transitions in window   : 1->2: 3
epsilon (next episode)       : 0.92311
replay buffer                : 37764 samples [1: 99.4%, 2: 0.6%, 3: 0.0%, 4: 0.0%, 5: 0.0%]
DFA state visits in window   : 1: 9582, 2: 64, 3: 0, 4: 0, 5: 0
DFA state visits cumulative  : 1: 37928, 2: 236, 3: 0, 4: 0, 5: 0
DFA state entries in window  : 1: 100, 2: 3, 3: 0, 4: 0, 5: 0
DFA state entries cumulative : 1: 400, 2: 10, 3: 0, 4: 0, 5: 0
transitions cumulative       : 1->2: 10
accepted directly from s0    : 0
Gym endings cumulative       : terminated=400, truncated=0

[Episode 500/12000 | last 100]
success rate                : 0.0% (cumulative 0.0%)
failure rate                : 0.0% (cumulative 0.0%)
completed cycles / episode  : 0.000
synthetic task reward       : 0.000
shaping reward              : -221.100
learning reward             : -221.100
episode length              : 92.1
abstract changes / episode  : 5.9
same abstract-state steps   : 93.6%
same-state shaping / episode: 0.000
changed-state shaping / ep. : -221.100
terminal shaping / episode  : -0.941
DFA transitions / episode   : 0.04
DFA transitions in window   : 1->2: 4
epsilon (next episode)       : 0.90483
replay buffer                : 46976 samples [1: 99.3%, 2: 0.7%, 3: 0.0%, 4: 0.0%, 5: 0.0%]
DFA state visits in window   : 1: 9208, 2: 104, 3: 0, 4: 0, 5: 0
DFA state visits cumulative  : 1: 47136, 2: 340, 3: 0, 4: 0, 5: 0
DFA state entries in window  : 1: 100, 2: 4, 3: 0, 4: 0, 5: 0
DFA state entries cumulative : 1: 500, 2: 14, 3: 0, 4: 0, 5: 0
transitions cumulative       : 1->2: 14
accepted directly from s0    : 0
Gym endings cumulative       : terminated=500, truncated=0

Starting autonomous greedy evaluation at episode 500 (1000 fixed-seed episodes)...
[Greedy evaluation at episode 500 | 1000 fixed-seed episodes]
success=0.0%, failure=0.0%, task reward=0.000, length=124.8
DFA transitions: none
Best policy updated from autonomous greedy evaluation at episode 500.

[Episode 600/12000 | last 100]
success rate                : 0.0% (cumulative 0.0%)
failure rate                : 0.0% (cumulative 0.0%)
completed cycles / episode  : 0.000
synthetic task reward       : 0.000
shaping reward              : -219.150
learning reward             : -219.150
episode length              : 94.1
abstract changes / episode  : 5.8
same abstract-state steps   : 93.8%
same-state shaping / episode: 0.000
changed-state shaping / ep. : -219.150
terminal shaping / episode  : 0.000
DFA transitions / episode   : 0.03
DFA transitions in window   : 1->2: 3
epsilon (next episode)       : 0.88691
replay buffer                : 56389 samples [1: 99.3%, 2: 0.7%, 3: 0.0%, 4: 0.0%, 5: 0.0%]
DFA state visits in window   : 1: 9456, 2: 57, 3: 0, 4: 0, 5: 0
DFA state visits cumulative  : 1: 56592, 2: 397, 3: 0, 4: 0, 5: 0
DFA state entries in window  : 1: 100, 2: 3, 3: 0, 4: 0, 5: 0
DFA state entries cumulative : 1: 600, 2: 17, 3: 0, 4: 0, 5: 0
transitions cumulative       : 1->2: 17
accepted directly from s0    : 0
Gym endings cumulative       : terminated=600, truncated=0

[Episode 700/12000 | last 100]
success rate                : 0.0% (cumulative 0.0%)
failure rate                : 0.0% (cumulative 0.0%)
completed cycles / episode  : 0.000
synthetic task reward       : 0.000
shaping reward              : -225.893
learning reward             : -225.893
episode length              : 95.6
abstract changes / episode  : 6.0
same abstract-state steps   : 93.7%
same-state shaping / episode: 0.000
changed-state shaping / ep. : -225.893
terminal shaping / episode  : 0.000
DFA transitions / episode   : 0.03
DFA transitions in window   : 1->2: 3
epsilon (next episode)       : 0.86935
replay buffer                : 65952 samples [1: 99.3%, 2: 0.7%, 3: 0.0%, 4: 0.0%, 5: 0.0%]
DFA state visits in window   : 1: 9607, 2: 56, 3: 0, 4: 0, 5: 0
DFA state visits cumulative  : 1: 66199, 2: 453, 3: 0, 4: 0, 5: 0
DFA state entries in window  : 1: 100, 2: 3, 3: 0, 4: 0, 5: 0
DFA state entries cumulative : 1: 700, 2: 20, 3: 0, 4: 0, 5: 0
transitions cumulative       : 1->2: 20
accepted directly from s0    : 0
Gym endings cumulative       : terminated=700, truncated=0

[Episode 800/12000 | last 100]
success rate                : 0.0% (cumulative 0.0%)
failure rate                : 0.0% (cumulative 0.0%)
completed cycles / episode  : 0.000
synthetic task reward       : 0.000
shaping reward              : -217.382
learning reward             : -217.382
episode length              : 100.4
abstract changes / episode  : 5.9
same abstract-state steps   : 94.1%
same-state shaping / episode: 0.000
changed-state shaping / ep. : -217.382
terminal shaping / episode  : 0.000
DFA transitions / episode   : 0.05
DFA transitions in window   : 1->2: 5
epsilon (next episode)       : 0.85213
replay buffer                : 75988 samples [1: 99.3%, 2: 0.7%, 3: 0.0%, 4: 0.0%, 5: 0.0%]
DFA state visits in window   : 1: 10021, 2: 115, 3: 0, 4: 0, 5: 0
DFA state visits cumulative  : 1: 76220, 2: 568, 3: 0, 4: 0, 5: 0
DFA state entries in window  : 1: 100, 2: 5, 3: 0, 4: 0, 5: 0
DFA state entries cumulative : 1: 800, 2: 25, 3: 0, 4: 0, 5: 0
transitions cumulative       : 1->2: 25
accepted directly from s0    : 0
Gym endings cumulative       : terminated=800, truncated=0

[Episode 900/12000 | last 100]
success rate                : 0.0% (cumulative 0.0%)
failure rate                : 0.0% (cumulative 0.0%)
completed cycles / episode  : 0.000
synthetic task reward       : 0.000
shaping reward              : -217.324
learning reward             : -217.324
episode length              : 106.9
abstract changes / episode  : 6.0
same abstract-state steps   : 94.4%
same-state shaping / episode: 0.000
changed-state shaping / ep. : -217.324
terminal shaping / episode  : -0.941
DFA transitions / episode   : 0.02
DFA transitions in window   : 1->2: 2
epsilon (next episode)       : 0.83526
replay buffer                : 86677 samples [1: 99.3%, 2: 0.7%, 3: 0.0%, 4: 0.0%, 5: 0.0%]
DFA state visits in window   : 1: 10748, 2: 41, 3: 0, 4: 0, 5: 0
DFA state visits cumulative  : 1: 86968, 2: 609, 3: 0, 4: 0, 5: 0
DFA state entries in window  : 1: 100, 2: 2, 3: 0, 4: 0, 5: 0
DFA state entries cumulative : 1: 900, 2: 27, 3: 0, 4: 0, 5: 0
transitions cumulative       : 1->2: 27
accepted directly from s0    : 0
Gym endings cumulative       : terminated=900, truncated=0

[Episode 1000/12000 | last 100]
success rate                : 0.0% (cumulative 0.0%)
failure rate                : 0.0% (cumulative 0.0%)
completed cycles / episode  : 0.000
synthetic task reward       : 0.000
shaping reward              : -222.041
learning reward             : -222.041
episode length              : 113.5
abstract changes / episode  : 6.0
same abstract-state steps   : 94.7%
same-state shaping / episode: 0.000
changed-state shaping / ep. : -222.041
terminal shaping / episode  : -0.941
DFA transitions / episode   : 0.02
DFA transitions in window   : 1->2: 2
epsilon (next episode)       : 0.81871
replay buffer                : 98032 samples [1: 99.4%, 2: 0.6%, 3: 0.0%, 4: 0.0%, 5: 0.0%]
DFA state visits in window   : 1: 11415, 2: 40, 3: 0, 4: 0, 5: 0
DFA state visits cumulative  : 1: 98383, 2: 649, 3: 0, 4: 0, 5: 0
DFA state entries in window  : 1: 100, 2: 2, 3: 0, 4: 0, 5: 0
DFA state entries cumulative : 1: 1000, 2: 29, 3: 0, 4: 0, 5: 0
transitions cumulative       : 1->2: 29
accepted directly from s0    : 0
Gym endings cumulative       : terminated=1000, truncated=0

Starting autonomous greedy evaluation at episode 1000 (1000 fixed-seed episodes)...
[Greedy evaluation at episode 1000 | 1000 fixed-seed episodes]
success=0.0%, failure=0.0%, task reward=0.000, length=129.7
DFA transitions: 1->2: 1

[Episode 1100/12000 | last 100]
success rate                : 0.0% (cumulative 0.0%)
failure rate                : 0.0% (cumulative 0.0%)
completed cycles / episode  : 0.000
synthetic task reward       : 0.000
shaping reward              : -219.217
learning reward             : -219.217
episode length              : 110.8
abstract changes / episode  : 6.1
same abstract-state steps   : 94.5%
same-state shaping / episode: 0.000
changed-state shaping / ep. : -219.217
terminal shaping / episode  : -0.941
DFA transitions / episode   : 0.03
DFA transitions in window   : 1->2: 3
epsilon (next episode)       : 0.80250
replay buffer                : 109114 samples [1: 99.3%, 2: 0.7%, 3: 0.0%, 4: 0.0%, 5: 0.0%]
DFA state visits in window   : 1: 11080, 2: 102, 3: 0, 4: 0, 5: 0
DFA state visits cumulative  : 1: 109463, 2: 751, 3: 0, 4: 0, 5: 0
DFA state entries in window  : 1: 100, 2: 3, 3: 0, 4: 0, 5: 0
DFA state entries cumulative : 1: 1100, 2: 32, 3: 0, 4: 0, 5: 0
transitions cumulative       : 1->2: 32
accepted directly from s0    : 0
Gym endings cumulative       : terminated=1100, truncated=0

[Episode 1200/12000 | last 100]
success rate                : 0.0% (cumulative 0.0%)
failure rate                : 0.0% (cumulative 0.0%)
completed cycles / episode  : 0.000
synthetic task reward       : 0.000
shaping reward              : -232.531
learning reward             : -232.531
episode length              : 110.8
abstract changes / episode  : 6.2
same abstract-state steps   : 94.4%
same-state shaping / episode: 0.000
changed-state shaping / ep. : -232.531
terminal shaping / episode  : -0.941
DFA transitions / episode   : 0.02
DFA transitions in window   : 1->2: 2
epsilon (next episode)       : 0.78661
replay buffer                : 120198 samples [1: 99.4%, 2: 0.6%, 3: 0.0%, 4: 0.0%, 5: 0.0%]
DFA state visits in window   : 1: 11132, 2: 52, 3: 0, 4: 0, 5: 0
DFA state visits cumulative  : 1: 120595, 2: 803, 3: 0, 4: 0, 5: 0
DFA state entries in window  : 1: 100, 2: 2, 3: 0, 4: 0, 5: 0
DFA state entries cumulative : 1: 1200, 2: 34, 3: 0, 4: 0, 5: 0
transitions cumulative       : 1->2: 34
accepted directly from s0    : 0
Gym endings cumulative       : terminated=1200, truncated=0

[Episode 1300/12000 | last 100]
success rate                : 0.0% (cumulative 0.0%)
failure rate                : 0.0% (cumulative 0.0%)
completed cycles / episode  : 0.000
synthetic task reward       : 0.000
shaping reward              : -223.002
learning reward             : -223.002
episode length              : 115.4
abstract changes / episode  : 6.2
same abstract-state steps   : 94.7%
same-state shaping / episode: 0.000
changed-state shaping / ep. : -223.002
terminal shaping / episode  : -0.941
DFA transitions / episode   : 0.04
DFA transitions in window   : 1->2: 4
epsilon (next episode)       : 0.77103
replay buffer                : 131734 samples [1: 99.3%, 2: 0.7%, 3: 0.0%, 4: 0.0%, 5: 0.0%]
DFA state visits in window   : 1: 11504, 2: 132, 3: 0, 4: 0, 5: 0
DFA state visits cumulative  : 1: 132099, 2: 935, 3: 0, 4: 0, 5: 0
DFA state entries in window  : 1: 100, 2: 4, 3: 0, 4: 0, 5: 0
DFA state entries cumulative : 1: 1300, 2: 38, 3: 0, 4: 0, 5: 0
transitions cumulative       : 1->2: 38
accepted directly from s0    : 0
Gym endings cumulative       : terminated=1300, truncated=0

[Episode 1400/12000 | last 100]
success rate                : 0.0% (cumulative 0.0%)
failure rate                : 0.0% (cumulative 0.0%)
completed cycles / episode  : 0.000
synthetic task reward       : 0.000
shaping reward              : -200.244
learning reward             : -200.244
episode length              : 118.1
abstract changes / episode  : 6.0
same abstract-state steps   : 94.9%
same-state shaping / episode: 0.000
changed-state shaping / ep. : -200.244
terminal shaping / episode  : 0.000
DFA transitions / episode   : 0.03
DFA transitions in window   : 1->2: 3
epsilon (next episode)       : 0.75576
replay buffer                : 143540 samples [1: 99.3%, 2: 0.7%, 3: 0.0%, 4: 0.0%, 5: 0.0%]
DFA state visits in window   : 1: 11819, 2: 87, 3: 0, 4: 0, 5: 0
DFA state visits cumulative  : 1: 143918, 2: 1022, 3: 0, 4: 0, 5: 0
DFA state entries in window  : 1: 100, 2: 3, 3: 0, 4: 0, 5: 0
DFA state entries cumulative : 1: 1400, 2: 41, 3: 0, 4: 0, 5: 0
transitions cumulative       : 1->2: 41
accepted directly from s0    : 0
Gym endings cumulative       : terminated=1400, truncated=0

[Episode 1500/12000 | last 100]
success rate                : 0.0% (cumulative 0.0%)
failure rate                : 0.0% (cumulative 0.0%)
completed cycles / episode  : 0.000
synthetic task reward       : 0.000
shaping reward              : -188.765
learning reward             : -188.765
episode length              : 119.8
abstract changes / episode  : 6.0
same abstract-state steps   : 95.0%
same-state shaping / episode: 0.000
changed-state shaping / ep. : -188.765
terminal shaping / episode  : -2.824
DFA transitions / episode   : 0.08
DFA transitions in window   : 1->2: 8
epsilon (next episode)       : 0.74080
replay buffer                : 155522 samples [1: 99.3%, 2: 0.7%, 3: 0.0%, 4: 0.0%, 5: 0.0%]
DFA state visits in window   : 1: 11890, 2: 192, 3: 0, 4: 0, 5: 0
DFA state visits cumulative  : 1: 155808, 2: 1214, 3: 0, 4: 0, 5: 0
DFA state entries in window  : 1: 100, 2: 8, 3: 0, 4: 0, 5: 0
DFA state entries cumulative : 1: 1500, 2: 49, 3: 0, 4: 0, 5: 0
transitions cumulative       : 1->2: 49
accepted directly from s0    : 0
Gym endings cumulative       : terminated=1500, truncated=0

Starting autonomous greedy evaluation at episode 1500 (1000 fixed-seed episodes)...
[Greedy evaluation at episode 1500 | 1000 fixed-seed episodes]
success=0.0%, failure=0.0%, task reward=0.000, length=210.7
DFA transitions: none

[Episode 1600/12000 | last 100]
success rate                : 0.0% (cumulative 0.0%)
failure rate                : 0.0% (cumulative 0.0%)
completed cycles / episode  : 0.000
synthetic task reward       : 0.000
shaping reward              : -206.844
learning reward             : -206.844
episode length              : 110.5
abstract changes / episode  : 5.8
same abstract-state steps   : 94.8%
same-state shaping / episode: 0.000
changed-state shaping / ep. : -206.844
terminal shaping / episode  : -0.941
DFA transitions / episode   : 0.06
DFA transitions in window   : 1->2: 6
epsilon (next episode)       : 0.72613
replay buffer                : 166570 samples [1: 99.2%, 2: 0.8%, 3: 0.0%, 4: 0.0%, 5: 0.0%]
DFA state visits in window   : 1: 10992, 2: 156, 3: 0, 4: 0, 5: 0
DFA state visits cumulative  : 1: 166800, 2: 1370, 3: 0, 4: 0, 5: 0
DFA state entries in window  : 1: 100, 2: 6, 3: 0, 4: 0, 5: 0
DFA state entries cumulative : 1: 1600, 2: 55, 3: 0, 4: 0, 5: 0
transitions cumulative       : 1->2: 55
accepted directly from s0    : 0
Gym endings cumulative       : terminated=1600, truncated=0

[Episode 1700/12000 | last 100]
success rate                : 0.0% (cumulative 0.0%)
failure rate                : 0.0% (cumulative 0.0%)
completed cycles / episode  : 0.000
synthetic task reward       : 0.000
shaping reward              : -232.598
learning reward             : -232.598
episode length              : 110.8
abstract changes / episode  : 5.9
same abstract-state steps   : 94.7%
same-state shaping / episode: 0.000
changed-state shaping / ep. : -232.598
terminal shaping / episode  : 0.000
DFA transitions / episode   : 0.03
DFA transitions in window   : 1->2: 3
epsilon (next episode)       : 0.71175
replay buffer                : 177655 samples [1: 99.2%, 2: 0.8%, 3: 0.0%, 4: 0.0%, 5: 0.0%]
DFA state visits in window   : 1: 11069, 2: 116, 3: 0, 4: 0, 5: 0
DFA state visits cumulative  : 1: 177869, 2: 1486, 3: 0, 4: 0, 5: 0
DFA state entries in window  : 1: 100, 2: 3, 3: 0, 4: 0, 5: 0
DFA state entries cumulative : 1: 1700, 2: 58, 3: 0, 4: 0, 5: 0
transitions cumulative       : 1->2: 58
accepted directly from s0    : 0
Gym endings cumulative       : terminated=1700, truncated=0

[Episode 1800/12000 | last 100]
success rate                : 0.0% (cumulative 0.0%)
failure rate                : 0.0% (cumulative 0.0%)
completed cycles / episode  : 0.000
synthetic task reward       : 0.000
shaping reward              : -230.610
learning reward             : -230.610
episode length              : 120.5
abstract changes / episode  : 6.0
same abstract-state steps   : 95.0%
same-state shaping / episode: 0.000
changed-state shaping / ep. : -230.610
terminal shaping / episode  : 0.000
DFA transitions / episode   : 0.01
DFA transitions in window   : 1->2: 1
epsilon (next episode)       : 0.69765
replay buffer                : 189704 samples [1: 99.2%, 2: 0.8%, 3: 0.0%, 4: 0.0%, 5: 0.0%]
DFA state visits in window   : 1: 12100, 2: 49, 3: 0, 4: 0, 5: 0
DFA state visits cumulative  : 1: 189969, 2: 1535, 3: 0, 4: 0, 5: 0
DFA state entries in window  : 1: 100, 2: 1, 3: 0, 4: 0, 5: 0
DFA state entries cumulative : 1: 1800, 2: 59, 3: 0, 4: 0, 5: 0
transitions cumulative       : 1->2: 59
accepted directly from s0    : 0
Gym endings cumulative       : terminated=1800, truncated=0

[Episode 1900/12000 | last 100]
success rate                : 0.0% (cumulative 0.0%)
failure rate                : 0.0% (cumulative 0.0%)
completed cycles / episode  : 0.000
synthetic task reward       : 0.000
shaping reward              : -232.589
learning reward             : -232.589
episode length              : 108.9
abstract changes / episode  : 5.9
same abstract-state steps   : 94.6%
same-state shaping / episode: 0.000
changed-state shaping / ep. : -232.589
terminal shaping / episode  : 0.000
DFA transitions / episode   : 0.03
DFA transitions in window   : 1->2: 3
epsilon (next episode)       : 0.68384
replay buffer                : 200596 samples [1: 99.2%, 2: 0.8%, 3: 0.0%, 4: 0.0%, 5: 0.0%]
DFA state visits in window   : 1: 10841, 2: 151, 3: 0, 4: 0, 5: 0
DFA state visits cumulative  : 1: 200810, 2: 1686, 3: 0, 4: 0, 5: 0
DFA state entries in window  : 1: 100, 2: 3, 3: 0, 4: 0, 5: 0
DFA state entries cumulative : 1: 1900, 2: 62, 3: 0, 4: 0, 5: 0
transitions cumulative       : 1->2: 62
accepted directly from s0    : 0
Gym endings cumulative       : terminated=1900, truncated=0

[Episode 2000/12000 | last 100]
success rate                : 0.0% (cumulative 0.0%)
failure rate                : 0.0% (cumulative 0.0%)
completed cycles / episode  : 0.000
synthetic task reward       : 0.000
shaping reward              : -222.992
learning reward             : -222.992
episode length              : 108.3
abstract changes / episode  : 5.8
same abstract-state steps   : 94.6%
same-state shaping / episode: 0.000
changed-state shaping / ep. : -222.992
terminal shaping / episode  : -0.941
DFA transitions / episode   : 0.02
DFA transitions in window   : 1->2: 2
epsilon (next episode)       : 0.67029
replay buffer                : 211427 samples [1: 99.2%, 2: 0.8%, 3: 0.0%, 4: 0.0%, 5: 0.0%]
DFA state visits in window   : 1: 10860, 2: 71, 3: 0, 4: 0, 5: 0
DFA state visits cumulative  : 1: 211670, 2: 1757, 3: 0, 4: 0, 5: 0
DFA state entries in window  : 1: 100, 2: 2, 3: 0, 4: 0, 5: 0
DFA state entries cumulative : 1: 2000, 2: 64, 3: 0, 4: 0, 5: 0
transitions cumulative       : 1->2: 64
accepted directly from s0    : 0
Gym endings cumulative       : terminated=2000, truncated=0

Starting autonomous greedy evaluation at episode 2000 (1000 fixed-seed episodes)...
[Greedy evaluation at episode 2000 | 1000 fixed-seed episodes]
success=0.0%, failure=0.0%, task reward=0.000, length=987.2
DFA transitions: 1->2: 7

[Episode 2100/12000 | last 100]
success rate                : 0.0% (cumulative 0.0%)
failure rate                : 0.0% (cumulative 0.0%)
completed cycles / episode  : 0.000
synthetic task reward       : 0.000
shaping reward              : -239.217
learning reward             : -239.217
episode length              : 101.8
abstract changes / episode  : 5.7
same abstract-state steps   : 94.4%
same-state shaping / episode: 0.000
changed-state shaping / ep. : -239.217
terminal shaping / episode  : -0.941
DFA transitions / episode   : 0.00
DFA transitions in window   : none
epsilon (next episode)       : 0.65702
replay buffer                : 221609 samples [1: 99.2%, 2: 0.8%, 3: 0.0%, 4: 0.0%, 5: 0.0%]
DFA state visits in window   : 1: 10282, 2: 0, 3: 0, 4: 0, 5: 0
DFA state visits cumulative  : 1: 221952, 2: 1757, 3: 0, 4: 0, 5: 0
DFA state entries in window  : 1: 100, 2: 0, 3: 0, 4: 0, 5: 0
DFA state entries cumulative : 1: 2100, 2: 64, 3: 0, 4: 0, 5: 0
transitions cumulative       : 1->2: 64
accepted directly from s0    : 0
Gym endings cumulative       : terminated=2100, truncated=0

[Episode 2200/12000 | last 100]
success rate                : 0.0% (cumulative 0.0%)
failure rate                : 0.0% (cumulative 0.0%)
completed cycles / episode  : 0.000
synthetic task reward       : 0.000
shaping reward              : -233.434
learning reward             : -233.434
episode length              : 108.5
abstract changes / episode  : 5.6
same abstract-state steps   : 94.8%
same-state shaping / episode: 0.000
changed-state shaping / ep. : -233.434
terminal shaping / episode  : 0.000
DFA transitions / episode   : 0.00
DFA transitions in window   : none
epsilon (next episode)       : 0.64401
replay buffer                : 232456 samples [1: 99.3%, 2: 0.7%, 3: 0.0%, 4: 0.0%, 5: 0.0%]
DFA state visits in window   : 1: 10947, 2: 0, 3: 0, 4: 0, 5: 0
DFA state visits cumulative  : 1: 232899, 2: 1757, 3: 0, 4: 0, 5: 0
DFA state entries in window  : 1: 100, 2: 0, 3: 0, 4: 0, 5: 0
DFA state entries cumulative : 1: 2200, 2: 64, 3: 0, 4: 0, 5: 0
transitions cumulative       : 1->2: 64
accepted directly from s0    : 0
Gym endings cumulative       : terminated=2200, truncated=0

[Episode 2300/12000 | last 100]
success rate                : 0.0% (cumulative 0.0%)
failure rate                : 0.0% (cumulative 0.0%)
completed cycles / episode  : 0.000
synthetic task reward       : 0.000
shaping reward              : -230.572
learning reward             : -230.572
episode length              : 96.6
abstract changes / episode  : 5.5
same abstract-state steps   : 94.3%
same-state shaping / episode: 0.000
changed-state shaping / ep. : -230.572
terminal shaping / episode  : 0.000
DFA transitions / episode   : 0.00
DFA transitions in window   : none
epsilon (next episode)       : 0.63125
replay buffer                : 242119 samples [1: 99.3%, 2: 0.7%, 3: 0.0%, 4: 0.0%, 5: 0.0%]
DFA state visits in window   : 1: 9763, 2: 0, 3: 0, 4: 0, 5: 0
DFA state visits cumulative  : 1: 242662, 2: 1757, 3: 0, 4: 0, 5: 0
DFA state entries in window  : 1: 100, 2: 0, 3: 0, 4: 0, 5: 0
DFA state entries cumulative : 1: 2300, 2: 64, 3: 0, 4: 0, 5: 0
transitions cumulative       : 1->2: 64
accepted directly from s0    : 0
Gym endings cumulative       : terminated=2300, truncated=0

[Episode 2400/12000 | last 100]
success rate                : 0.0% (cumulative 0.0%)
failure rate                : 0.0% (cumulative 0.0%)
completed cycles / episode  : 0.000
synthetic task reward       : 0.000
shaping reward              : -234.395
learning reward             : -234.395
episode length              : 96.9
abstract changes / episode  : 5.7
same abstract-state steps   : 94.2%
same-state shaping / episode: 0.000
changed-state shaping / ep. : -234.395
terminal shaping / episode  : 0.000
DFA transitions / episode   : 0.00
DFA transitions in window   : none
epsilon (next episode)       : 0.61875
replay buffer                : 251809 samples [1: 99.3%, 2: 0.7%, 3: 0.0%, 4: 0.0%, 5: 0.0%]
DFA state visits in window   : 1: 9790, 2: 0, 3: 0, 4: 0, 5: 0
DFA state visits cumulative  : 1: 252452, 2: 1757, 3: 0, 4: 0, 5: 0
DFA state entries in window  : 1: 100, 2: 0, 3: 0, 4: 0, 5: 0
DFA state entries cumulative : 1: 2400, 2: 64, 3: 0, 4: 0, 5: 0
transitions cumulative       : 1->2: 64
accepted directly from s0    : 0
Gym endings cumulative       : terminated=2400, truncated=0

[Episode 2500/12000 | last 100]
success rate                : 0.0% (cumulative 0.0%)
failure rate                : 0.0% (cumulative 0.0%)
completed cycles / episode  : 0.000
synthetic task reward       : 0.000
shaping reward              : -244.001
learning reward             : -244.001
episode length              : 106.2
abstract changes / episode  : 5.7
same abstract-state steps   : 94.6%
same-state shaping / episode: 0.000
changed-state shaping / ep. : -244.001
terminal shaping / episode  : 0.000
DFA transitions / episode   : 0.00
DFA transitions in window   : none
epsilon (next episode)       : 0.60650
replay buffer                : 262432 samples [1: 99.4%, 2: 0.6%, 3: 0.0%, 4: 0.0%, 5: 0.0%]
DFA state visits in window   : 1: 10723, 2: 0, 3: 0, 4: 0, 5: 0
DFA state visits cumulative  : 1: 263175, 2: 1757, 3: 0, 4: 0, 5: 0
DFA state entries in window  : 1: 100, 2: 0, 3: 0, 4: 0, 5: 0
DFA state entries cumulative : 1: 2500, 2: 64, 3: 0, 4: 0, 5: 0
transitions cumulative       : 1->2: 64
accepted directly from s0    : 0
Gym endings cumulative       : terminated=2500, truncated=0

Starting autonomous greedy evaluation at episode 2500 (1000 fixed-seed episodes)...
[Greedy evaluation at episode 2500 | 1000 fixed-seed episodes]
success=0.0%, failure=0.0%, task reward=0.000, length=948.3
DFA transitions: none

[Episode 2600/12000 | last 100]
success rate                : 0.0% (cumulative 0.0%)
failure rate                : 0.0% (cumulative 0.0%)
completed cycles / episode  : 0.000
synthetic task reward       : 0.000
shaping reward              : -237.277
learning reward             : -237.277
episode length              : 102.4
abstract changes / episode  : 5.5
same abstract-state steps   : 94.6%
same-state shaping / episode: 0.000
changed-state shaping / ep. : -237.277
terminal shaping / episode  : 0.000
DFA transitions / episode   : 0.00
DFA transitions in window   : none
epsilon (next episode)       : 0.59449
replay buffer                : 272669 samples [1: 99.4%, 2: 0.6%, 3: 0.0%, 4: 0.0%, 5: 0.0%]
DFA state visits in window   : 1: 10337, 2: 0, 3: 0, 4: 0, 5: 0
DFA state visits cumulative  : 1: 273512, 2: 1757, 3: 0, 4: 0, 5: 0
DFA state entries in window  : 1: 100, 2: 0, 3: 0, 4: 0, 5: 0
DFA state entries cumulative : 1: 2600, 2: 64, 3: 0, 4: 0, 5: 0
transitions cumulative       : 1->2: 64
accepted directly from s0    : 0
Gym endings cumulative       : terminated=2600, truncated=0

[Episode 2700/12000 | last 100]
success rate                : 0.0% (cumulative 0.0%)
failure rate                : 0.0% (cumulative 0.0%)
completed cycles / episode  : 0.000
synthetic task reward       : 0.000
shaping reward              : -232.474
learning reward             : -232.474
episode length              : 106.0
abstract changes / episode  : 5.6
same abstract-state steps   : 94.7%
same-state shaping / episode: 0.000
changed-state shaping / ep. : -232.474
terminal shaping / episode  : 0.000
DFA transitions / episode   : 0.00
DFA transitions in window   : none
epsilon (next episode)       : 0.58272
replay buffer                : 283271 samples [1: 99.4%, 2: 0.6%, 3: 0.0%, 4: 0.0%, 5: 0.0%]
DFA state visits in window   : 1: 10702, 2: 0, 3: 0, 4: 0, 5: 0
DFA state visits cumulative  : 1: 284214, 2: 1757, 3: 0, 4: 0, 5: 0
DFA state entries in window  : 1: 100, 2: 0, 3: 0, 4: 0, 5: 0
DFA state entries cumulative : 1: 2700, 2: 64, 3: 0, 4: 0, 5: 0
transitions cumulative       : 1->2: 64
accepted directly from s0    : 0
Gym endings cumulative       : terminated=2700, truncated=0

[Episode 2800/12000 | last 100]
success rate                : 0.0% (cumulative 0.0%)
failure rate                : 0.0% (cumulative 0.0%)
completed cycles / episode  : 0.000
synthetic task reward       : 0.000
shaping reward              : -237.277
learning reward             : -237.277
episode length              : 99.3
abstract changes / episode  : 5.5
same abstract-state steps   : 94.5%
same-state shaping / episode: 0.000
changed-state shaping / ep. : -237.277
terminal shaping / episode  : 0.000
DFA transitions / episode   : 0.00
DFA transitions in window   : none
epsilon (next episode)       : 0.57118
replay buffer                : 293205 samples [1: 99.4%, 2: 0.6%, 3: 0.0%, 4: 0.0%, 5: 0.0%]
DFA state visits in window   : 1: 10034, 2: 0, 3: 0, 4: 0, 5: 0
DFA state visits cumulative  : 1: 294248, 2: 1757, 3: 0, 4: 0, 5: 0
DFA state entries in window  : 1: 100, 2: 0, 3: 0, 4: 0, 5: 0
DFA state entries cumulative : 1: 2800, 2: 64, 3: 0, 4: 0, 5: 0
transitions cumulative       : 1->2: 64
accepted directly from s0    : 0
Gym endings cumulative       : terminated=2800, truncated=0

[Episode 2900/12000 | last 100]
success rate                : 0.0% (cumulative 0.0%)
failure rate                : 0.0% (cumulative 0.0%)
completed cycles / episode  : 0.000
synthetic task reward       : 0.000
shaping reward              : -229.592
learning reward             : -229.592
episode length              : 107.8
abstract changes / episode  : 5.6
same abstract-state steps   : 94.8%
same-state shaping / episode: 0.000
changed-state shaping / ep. : -229.592
terminal shaping / episode  : -0.941
DFA transitions / episode   : 0.00
DFA transitions in window   : none
epsilon (next episode)       : 0.55987
replay buffer                : 300000 samples [1: 99.5%, 2: 0.5%, 3: 0.0%, 4: 0.0%, 5: 0.0%]
DFA state visits in window   : 1: 10876, 2: 0, 3: 0, 4: 0, 5: 0
DFA state visits cumulative  : 1: 305124, 2: 1757, 3: 0, 4: 0, 5: 0
DFA state entries in window  : 1: 100, 2: 0, 3: 0, 4: 0, 5: 0
DFA state entries cumulative : 1: 2900, 2: 64, 3: 0, 4: 0, 5: 0
transitions cumulative       : 1->2: 64
accepted directly from s0    : 0
Gym endings cumulative       : terminated=2900, truncated=0

[Episode 3000/12000 | last 100]
success rate                : 0.0% (cumulative 0.0%)
failure rate                : 0.0% (cumulative 0.0%)
completed cycles / episode  : 0.000
synthetic task reward       : 0.000
shaping reward              : -242.080
learning reward             : -242.080
episode length              : 123.8
abstract changes / episode  : 5.9
same abstract-state steps   : 95.3%
same-state shaping / episode: 0.000
changed-state shaping / ep. : -242.080
terminal shaping / episode  : 0.000
DFA transitions / episode   : 0.00
DFA transitions in window   : none
epsilon (next episode)       : 0.54878
replay buffer                : 300000 samples [1: 99.5%, 2: 0.5%, 3: 0.0%, 4: 0.0%, 5: 0.0%]
DFA state visits in window   : 1: 12479, 2: 0, 3: 0, 4: 0, 5: 0
DFA state visits cumulative  : 1: 317603, 2: 1757, 3: 0, 4: 0, 5: 0
DFA state entries in window  : 1: 100, 2: 0, 3: 0, 4: 0, 5: 0
DFA state entries cumulative : 1: 3000, 2: 64, 3: 0, 4: 0, 5: 0
transitions cumulative       : 1->2: 64
accepted directly from s0    : 0
Gym endings cumulative       : terminated=2999, truncated=1

Starting autonomous greedy evaluation at episode 3000 (1000 fixed-seed episodes)...
[Greedy evaluation at episode 3000 | 1000 fixed-seed episodes]
success=0.0%, failure=0.0%, task reward=0.000, length=993.2
DFA transitions: none

[Episode 3100/12000 | last 100]
success rate                : 0.0% (cumulative 0.0%)
failure rate                : 0.0% (cumulative 0.0%)
completed cycles / episode  : 0.000
synthetic task reward       : 0.000
shaping reward              : -241.119
learning reward             : -241.119
episode length              : 115.2
abstract changes / episode  : 5.5
same abstract-state steps   : 95.2%
same-state shaping / episode: 0.000
changed-state shaping / ep. : -241.119
terminal shaping / episode  : 0.000
DFA transitions / episode   : 0.00
DFA transitions in window   : none
epsilon (next episode)       : 0.53791
replay buffer                : 300000 samples [1: 99.5%, 2: 0.5%, 3: 0.0%, 4: 0.0%, 5: 0.0%]
DFA state visits in window   : 1: 11619, 2: 0, 3: 0, 4: 0, 5: 0
DFA state visits cumulative  : 1: 329222, 2: 1757, 3: 0, 4: 0, 5: 0
DFA state entries in window  : 1: 100, 2: 0, 3: 0, 4: 0, 5: 0
DFA state entries cumulative : 1: 3100, 2: 64, 3: 0, 4: 0, 5: 0
transitions cumulative       : 1->2: 64
accepted directly from s0    : 0
Gym endings cumulative       : terminated=3099, truncated=1

[Episode 3200/12000 | last 100]
success rate                : 0.0% (cumulative 0.0%)
failure rate                : 0.0% (cumulative 0.0%)
completed cycles / episode  : 0.000
synthetic task reward       : 0.000
shaping reward              : -240.159
learning reward             : -240.159
episode length              : 180.9
abstract changes / episode  : 6.0
same abstract-state steps   : 96.7%
same-state shaping / episode: 0.000
changed-state shaping / ep. : -240.159
terminal shaping / episode  : 0.000
DFA transitions / episode   : 0.00
DFA transitions in window   : none
epsilon (next episode)       : 0.52726
replay buffer                : 300000 samples [1: 99.5%, 2: 0.5%, 3: 0.0%, 4: 0.0%, 5: 0.0%]
DFA state visits in window   : 1: 18194, 2: 0, 3: 0, 4: 0, 5: 0
DFA state visits cumulative  : 1: 347416, 2: 1757, 3: 0, 4: 0, 5: 0
DFA state entries in window  : 1: 100, 2: 0, 3: 0, 4: 0, 5: 0
DFA state entries cumulative : 1: 3200, 2: 64, 3: 0, 4: 0, 5: 0
transitions cumulative       : 1->2: 64
accepted directly from s0    : 0
Gym endings cumulative       : terminated=3194, truncated=6

[Episode 3300/12000 | last 100]
success rate                : 0.0% (cumulative 0.0%)
failure rate                : 0.0% (cumulative 0.0%)
completed cycles / episode  : 0.000
synthetic task reward       : 0.000
shaping reward              : -236.345
learning reward             : -236.345
episode length              : 149.7
abstract changes / episode  : 6.1
same abstract-state steps   : 95.9%
same-state shaping / episode: 0.000
changed-state shaping / ep. : -236.345
terminal shaping / episode  : 0.000
DFA transitions / episode   : 0.01
DFA transitions in window   : 1->2: 1
epsilon (next episode)       : 0.51682
replay buffer                : 300000 samples [1: 99.6%, 2: 0.4%, 3: 0.0%, 4: 0.0%, 5: 0.0%]
DFA state visits in window   : 1: 15057, 2: 12, 3: 0, 4: 0, 5: 0
DFA state visits cumulative  : 1: 362473, 2: 1769, 3: 0, 4: 0, 5: 0
DFA state entries in window  : 1: 100, 2: 1, 3: 0, 4: 0, 5: 0
DFA state entries cumulative : 1: 3300, 2: 65, 3: 0, 4: 0, 5: 0
transitions cumulative       : 1->2: 65
accepted directly from s0    : 0
Gym endings cumulative       : terminated=3291, truncated=9

[Episode 3400/12000 | last 100]
success rate                : 0.0% (cumulative 0.0%)
failure rate                : 0.0% (cumulative 0.0%)
completed cycles / episode  : 0.000
synthetic task reward       : 0.000
shaping reward              : -205.836
learning reward             : -205.836
episode length              : 148.8
abstract changes / episode  : 6.3
same abstract-state steps   : 95.8%
same-state shaping / episode: 0.000
changed-state shaping / ep. : -205.836
terminal shaping / episode  : 0.000
DFA transitions / episode   : 0.02
DFA transitions in window   : 1->2: 2
epsilon (next episode)       : 0.50658
replay buffer                : 300000 samples [1: 99.6%, 2: 0.4%, 3: 0.0%, 4: 0.0%, 5: 0.0%]
DFA state visits in window   : 1: 14946, 2: 29, 3: 0, 4: 0, 5: 0
DFA state visits cumulative  : 1: 377419, 2: 1798, 3: 0, 4: 0, 5: 0
DFA state entries in window  : 1: 100, 2: 2, 3: 0, 4: 0, 5: 0
DFA state entries cumulative : 1: 3400, 2: 67, 3: 0, 4: 0, 5: 0
transitions cumulative       : 1->2: 67
accepted directly from s0    : 0
Gym endings cumulative       : terminated=3391, truncated=9

[Episode 3500/12000 | last 100]
success rate                : 0.0% (cumulative 0.0%)
failure rate                : 0.0% (cumulative 0.0%)
completed cycles / episode  : 0.000
synthetic task reward       : 0.000
shaping reward              : -114.662
learning reward             : -114.662
episode length              : 178.2
abstract changes / episode  : 5.5
same abstract-state steps   : 96.9%
same-state shaping / episode: 0.000
changed-state shaping / ep. : -114.662
terminal shaping / episode  : 0.000
DFA transitions / episode   : 0.09
DFA transitions in window   : 1->2: 9
epsilon (next episode)       : 0.49655
replay buffer                : 300000 samples [1: 99.6%, 2: 0.4%, 3: 0.0%, 4: 0.0%, 5: 0.0%]
DFA state visits in window   : 1: 17690, 2: 232, 3: 0, 4: 0, 5: 0
DFA state visits cumulative  : 1: 395109, 2: 2030, 3: 0, 4: 0, 5: 0
DFA state entries in window  : 1: 100, 2: 9, 3: 0, 4: 0, 5: 0
DFA state entries cumulative : 1: 3500, 2: 76, 3: 0, 4: 0, 5: 0
transitions cumulative       : 1->2: 76
accepted directly from s0    : 0
Gym endings cumulative       : terminated=3491, truncated=9

Starting autonomous greedy evaluation at episode 3500 (1000 fixed-seed episodes)...
[Greedy evaluation at episode 3500 | 1000 fixed-seed episodes]
success=0.0%, failure=0.0%, task reward=0.000, length=356.0
DFA transitions: 1->2: 7

[Episode 3600/12000 | last 100]
success rate                : 0.0% (cumulative 0.0%)
failure rate                : 0.0% (cumulative 0.0%)
completed cycles / episode  : 0.000
synthetic task reward       : 0.000
shaping reward              : -137.477
learning reward             : -137.477
episode length              : 215.8
abstract changes / episode  : 6.8
same abstract-state steps   : 96.8%
same-state shaping / episode: 0.000
changed-state shaping / ep. : -137.477
terminal shaping / episode  : 0.000
DFA transitions / episode   : 0.17
DFA transitions in window   : 1->2: 17
epsilon (next episode)       : 0.48672
replay buffer                : 300000 samples [1: 99.3%, 2: 0.7%, 3: 0.0%, 4: 0.0%, 5: 0.0%]
DFA state visits in window   : 1: 20813, 2: 863, 3: 0, 4: 0, 5: 0
DFA state visits cumulative  : 1: 415922, 2: 2893, 3: 0, 4: 0, 5: 0
DFA state entries in window  : 1: 100, 2: 17, 3: 0, 4: 0, 5: 0
DFA state entries cumulative : 1: 3600, 2: 93, 3: 0, 4: 0, 5: 0
transitions cumulative       : 1->2: 93
accepted directly from s0    : 0
Gym endings cumulative       : terminated=3590, truncated=10

[Episode 3700/12000 | last 100]
success rate                : 0.0% (cumulative 0.0%)
failure rate                : 0.0% (cumulative 0.0%)
completed cycles / episode  : 0.000
synthetic task reward       : 0.000
shaping reward              : -218.275
learning reward             : -218.275
episode length              : 233.9
abstract changes / episode  : 7.4
same abstract-state steps   : 96.8%
same-state shaping / episode: 0.000
changed-state shaping / ep. : -218.275
terminal shaping / episode  : -0.941
DFA transitions / episode   : 0.02
DFA transitions in window   : 1->2: 2
epsilon (next episode)       : 0.47708
replay buffer                : 300000 samples [1: 99.3%, 2: 0.7%, 3: 0.0%, 4: 0.0%, 5: 0.0%]
DFA state visits in window   : 1: 23302, 2: 191, 3: 0, 4: 0, 5: 0
DFA state visits cumulative  : 1: 439224, 2: 3084, 3: 0, 4: 0, 5: 0
DFA state entries in window  : 1: 100, 2: 2, 3: 0, 4: 0, 5: 0
DFA state entries cumulative : 1: 3700, 2: 95, 3: 0, 4: 0, 5: 0
transitions cumulative       : 1->2: 95
accepted directly from s0    : 0
Gym endings cumulative       : terminated=3688, truncated=12

[Episode 3800/12000 | last 100]
success rate                : 0.0% (cumulative 0.0%)
failure rate                : 0.0% (cumulative 0.0%)
completed cycles / episode  : 0.000
synthetic task reward       : 0.000
shaping reward              : -123.202
learning reward             : -123.202
episode length              : 240.0
abstract changes / episode  : 6.4
same abstract-state steps   : 97.3%
same-state shaping / episode: 0.000
changed-state shaping / ep. : -123.202
terminal shaping / episode  : 0.000
DFA transitions / episode   : 0.01
DFA transitions in window   : 1->2: 1
epsilon (next episode)       : 0.46763
replay buffer                : 300000 samples [1: 99.4%, 2: 0.6%, 3: 0.0%, 4: 0.0%, 5: 0.0%]
DFA state visits in window   : 1: 24061, 2: 36, 3: 0, 4: 0, 5: 0
DFA state visits cumulative  : 1: 463285, 2: 3120, 3: 0, 4: 0, 5: 0
DFA state entries in window  : 1: 100, 2: 1, 3: 0, 4: 0, 5: 0
DFA state entries cumulative : 1: 3800, 2: 96, 3: 0, 4: 0, 5: 0
transitions cumulative       : 1->2: 96
accepted directly from s0    : 0
Gym endings cumulative       : terminated=3787, truncated=13

[Episode 3900/12000 | last 100]
success rate                : 0.0% (cumulative 0.0%)
failure rate                : 0.0% (cumulative 0.0%)
completed cycles / episode  : 0.000
synthetic task reward       : 0.000
shaping reward              : -188.832
learning reward             : -188.832
episode length              : 409.7
abstract changes / episode  : 9.0
same abstract-state steps   : 97.8%
same-state shaping / episode: 0.000
changed-state shaping / ep. : -188.832
terminal shaping / episode  : 0.000
DFA transitions / episode   : 0.03
DFA transitions in window   : 1->2: 3
epsilon (next episode)       : 0.45837
replay buffer                : 300000 samples [1: 99.5%, 2: 0.5%, 3: 0.0%, 4: 0.0%, 5: 0.0%]
DFA state visits in window   : 1: 40876, 2: 197, 3: 0, 4: 0, 5: 0
DFA state visits cumulative  : 1: 504161, 2: 3317, 3: 0, 4: 0, 5: 0
DFA state entries in window  : 1: 100, 2: 3, 3: 0, 4: 0, 5: 0
DFA state entries cumulative : 1: 3900, 2: 99, 3: 0, 4: 0, 5: 0
transitions cumulative       : 1->2: 99
accepted directly from s0    : 0
Gym endings cumulative       : terminated=3875, truncated=25

[Episode 4000/12000 | last 100]
success rate                : 0.0% (cumulative 0.0%)
failure rate                : 0.0% (cumulative 0.0%)
completed cycles / episode  : 0.000
synthetic task reward       : 0.000
shaping reward              : -133.654
learning reward             : -133.654
episode length              : 303.6
abstract changes / episode  : 7.6
same abstract-state steps   : 97.5%
same-state shaping / episode: 0.000
changed-state shaping / ep. : -133.654
terminal shaping / episode  : 0.000
DFA transitions / episode   : 0.04
DFA transitions in window   : 1->2: 4
epsilon (next episode)       : 0.44929
replay buffer                : 300000 samples [1: 99.4%, 2: 0.6%, 3: 0.0%, 4: 0.0%, 5: 0.0%]
DFA state visits in window   : 1: 30108, 2: 349, 3: 0, 4: 0, 5: 0
DFA state visits cumulative  : 1: 534269, 2: 3666, 3: 0, 4: 0, 5: 0
DFA state entries in window  : 1: 100, 2: 4, 3: 0, 4: 0, 5: 0
DFA state entries cumulative : 1: 4000, 2: 103, 3: 0, 4: 0, 5: 0
transitions cumulative       : 1->2: 103
accepted directly from s0    : 0
Gym endings cumulative       : terminated=3973, truncated=27

Starting autonomous greedy evaluation at episode 4000 (1000 fixed-seed episodes)...
[Greedy evaluation at episode 4000 | 1000 fixed-seed episodes]
success=0.0%, failure=0.0%, task reward=0.000, length=203.6
DFA transitions: none

[Episode 4100/12000 | last 100]
success rate                : 0.0% (cumulative 0.0%)
failure rate                : 0.0% (cumulative 0.0%)
completed cycles / episode  : 0.000
synthetic task reward       : 0.000
shaping reward              : -187.833
learning reward             : -187.833
episode length              : 410.4
abstract changes / episode  : 10.4
same abstract-state steps   : 97.5%
same-state shaping / episode: 0.000
changed-state shaping / ep. : -187.833
terminal shaping / episode  : 0.000
DFA transitions / episode   : 0.08
DFA transitions in window   : 1->2: 7, 2->3: 1
epsilon (next episode)       : 0.44040
replay buffer                : 300000 samples [1: 99.0%, 2: 1.0%, 3: 0.0%, 4: 0.0%, 5: 0.0%]
DFA state visits in window   : 1: 40091, 2: 1025, 3: 22, 4: 0, 5: 0
DFA state visits cumulative  : 1: 574360, 2: 4691, 3: 22, 4: 0, 5: 0
DFA state entries in window  : 1: 100, 2: 7, 3: 1, 4: 0, 5: 0
DFA state entries cumulative : 1: 4100, 2: 110, 3: 1, 4: 0, 5: 0
transitions cumulative       : 1->2: 110, 2->3: 1
accepted directly from s0    : 0
Gym endings cumulative       : terminated=4061, truncated=39

[Episode 4200/12000 | last 100]
success rate                : 0.0% (cumulative 0.0%)
failure rate                : 0.0% (cumulative 0.0%)
completed cycles / episode  : 0.000
synthetic task reward       : 0.000
shaping reward              : -226.921
learning reward             : -226.921
episode length              : 303.9
abstract changes / episode  : 10.9
same abstract-state steps   : 96.4%
same-state shaping / episode: 0.000
changed-state shaping / ep. : -226.921
terminal shaping / episode  : 0.000
DFA transitions / episode   : 0.03
DFA transitions in window   : 1->2: 3
epsilon (next episode)       : 0.43167
replay buffer                : 300000 samples [1: 99.0%, 2: 1.0%, 3: 0.0%, 4: 0.0%, 5: 0.0%]
DFA state visits in window   : 1: 30373, 2: 116, 3: 0, 4: 0, 5: 0
DFA state visits cumulative  : 1: 604733, 2: 4807, 3: 22, 4: 0, 5: 0
DFA state entries in window  : 1: 100, 2: 3, 3: 0, 4: 0, 5: 0
DFA state entries cumulative : 1: 4200, 2: 113, 3: 1, 4: 0, 5: 0
transitions cumulative       : 1->2: 113, 2->3: 1
accepted directly from s0    : 0
Gym endings cumulative       : terminated=4159, truncated=41

[Episode 4300/12000 | last 100]
success rate                : 0.0% (cumulative 0.0%)
failure rate                : 0.0% (cumulative 0.0%)
completed cycles / episode  : 0.000
synthetic task reward       : 0.000
shaping reward              : -191.666
learning reward             : -191.666
episode length              : 324.0
abstract changes / episode  : 10.6
same abstract-state steps   : 96.7%
same-state shaping / episode: 0.000
changed-state shaping / ep. : -191.666
terminal shaping / episode  : 0.000
DFA transitions / episode   : 0.07
DFA transitions in window   : 1->2: 6, 2->3: 1
epsilon (next episode)       : 0.42313
replay buffer                : 300000 samples [1: 98.9%, 2: 1.1%, 3: 0.0%, 4: 0.0%, 5: 0.0%]
DFA state visits in window   : 1: 32142, 2: 337, 3: 23, 4: 0, 5: 0
DFA state visits cumulative  : 1: 636875, 2: 5144, 3: 45, 4: 0, 5: 0
DFA state entries in window  : 1: 100, 2: 6, 3: 1, 4: 0, 5: 0
DFA state entries cumulative : 1: 4300, 2: 119, 3: 2, 4: 0, 5: 0
transitions cumulative       : 1->2: 119, 2->3: 2
accepted directly from s0    : 0
Gym endings cumulative       : terminated=4252, truncated=48

[Episode 4400/12000 | last 100]
success rate                : 0.0% (cumulative 0.0%)
failure rate                : 0.0% (cumulative 0.0%)
completed cycles / episode  : 0.000
synthetic task reward       : 0.000
shaping reward              : -156.516
learning reward             : -156.516
episode length              : 306.6
abstract changes / episode  : 10.4
same abstract-state steps   : 96.6%
same-state shaping / episode: 0.000
changed-state shaping / ep. : -156.516
terminal shaping / episode  : 0.951
DFA transitions / episode   : 0.17
DFA transitions in window   : 1->2: 16, 2->3: 1
epsilon (next episode)       : 0.41475
replay buffer                : 300000 samples [1: 98.4%, 2: 1.6%, 3: 0.0%, 4: 0.0%, 5: 0.0%]
DFA state visits in window   : 1: 29334, 2: 1405, 3: 22, 4: 0, 5: 0
DFA state visits cumulative  : 1: 666209, 2: 6549, 3: 67, 4: 0, 5: 0
DFA state entries in window  : 1: 100, 2: 16, 3: 1, 4: 0, 5: 0
DFA state entries cumulative : 1: 4400, 2: 135, 3: 3, 4: 0, 5: 0
transitions cumulative       : 1->2: 135, 2->3: 3
accepted directly from s0    : 0
Gym endings cumulative       : terminated=4350, truncated=50

[Episode 4500/12000 | last 100]
success rate                : 0.0% (cumulative 0.0%)
failure rate                : 0.0% (cumulative 0.0%)
completed cycles / episode  : 0.000
synthetic task reward       : 0.000
shaping reward              : -128.956
learning reward             : -128.956
episode length              : 275.1
abstract changes / episode  : 8.3
same abstract-state steps   : 97.0%
same-state shaping / episode: 0.000
changed-state shaping / ep. : -128.956
terminal shaping / episode  : -0.941
DFA transitions / episode   : 0.04
DFA transitions in window   : 1->2: 4
epsilon (next episode)       : 0.40653
replay buffer                : 300000 samples [1: 98.5%, 2: 1.5%, 3: 0.0%, 4: 0.0%, 5: 0.0%]
DFA state visits in window   : 1: 27494, 2: 114, 3: 0, 4: 0, 5: 0
DFA state visits cumulative  : 1: 693703, 2: 6663, 3: 67, 4: 0, 5: 0
DFA state entries in window  : 1: 100, 2: 4, 3: 0, 4: 0, 5: 0
DFA state entries cumulative : 1: 4500, 2: 139, 3: 3, 4: 0, 5: 0
transitions cumulative       : 1->2: 139, 2->3: 3
accepted directly from s0    : 0
Gym endings cumulative       : terminated=4449, truncated=51

Starting autonomous greedy evaluation at episode 4500 (1000 fixed-seed episodes)...
[Greedy evaluation at episode 4500 | 1000 fixed-seed episodes]
success=0.0%, failure=0.0%, task reward=0.000, length=299.1
DFA transitions: 1->2: 34

[Episode 4600/12000 | last 100]
success rate                : 0.0% (cumulative 0.0%)
failure rate                : 0.0% (cumulative 0.0%)
completed cycles / episode  : 0.000
synthetic task reward       : 0.000
shaping reward              : -161.319
learning reward             : -161.319
episode length              : 517.0
abstract changes / episode  : 13.3
same abstract-state steps   : 97.4%
same-state shaping / episode: 0.000
changed-state shaping / ep. : -161.319
terminal shaping / episode  : 0.000
DFA transitions / episode   : 0.09
DFA transitions in window   : 1->2: 9
epsilon (next episode)       : 0.39848
replay buffer                : 300000 samples [1: 98.6%, 2: 1.4%, 3: 0.0%, 4: 0.0%, 5: 0.0%]
DFA state visits in window   : 1: 51061, 2: 740, 3: 0, 4: 0, 5: 0
DFA state visits cumulative  : 1: 744764, 2: 7403, 3: 67, 4: 0, 5: 0
DFA state entries in window  : 1: 100, 2: 9, 3: 0, 4: 0, 5: 0
DFA state entries cumulative : 1: 4600, 2: 148, 3: 3, 4: 0, 5: 0
transitions cumulative       : 1->2: 148, 2->3: 3
accepted directly from s0    : 0
Gym endings cumulative       : terminated=4538, truncated=62

[Episode 4700/12000 | last 100]
success rate                : 0.0% (cumulative 0.0%)
failure rate                : 0.0% (cumulative 0.0%)
completed cycles / episode  : 0.000
synthetic task reward       : 0.000
shaping reward              : -142.299
learning reward             : -142.299
episode length              : 344.4
abstract changes / episode  : 11.0
same abstract-state steps   : 96.8%
same-state shaping / episode: 0.000
changed-state shaping / ep. : -142.299
terminal shaping / episode  : 0.000
DFA transitions / episode   : 0.10
DFA transitions in window   : 1->2: 10
epsilon (next episode)       : 0.39059
replay buffer                : 300000 samples [1: 98.3%, 2: 1.7%, 3: 0.0%, 4: 0.0%, 5: 0.0%]
DFA state visits in window   : 1: 33609, 2: 929, 3: 0, 4: 0, 5: 0
DFA state visits cumulative  : 1: 778373, 2: 8332, 3: 67, 4: 0, 5: 0
DFA state entries in window  : 1: 100, 2: 10, 3: 0, 4: 0, 5: 0
DFA state entries cumulative : 1: 4700, 2: 158, 3: 3, 4: 0, 5: 0
transitions cumulative       : 1->2: 158, 2->3: 3
accepted directly from s0    : 0
Gym endings cumulative       : terminated=4637, truncated=63

[Episode 4800/12000 | last 100]
success rate                : 0.0% (cumulative 0.0%)
failure rate                : 0.0% (cumulative 0.0%)
completed cycles / episode  : 0.000
synthetic task reward       : 0.000
shaping reward              : -130.829
learning reward             : -130.829
episode length              : 306.6
abstract changes / episode  : 10.2
same abstract-state steps   : 96.7%
same-state shaping / episode: 0.000
changed-state shaping / ep. : -130.829
terminal shaping / episode  : 0.019
DFA transitions / episode   : 0.07
DFA transitions in window   : 1->2: 7
epsilon (next episode)       : 0.38286
replay buffer                : 300000 samples [1: 98.1%, 2: 1.9%, 3: 0.0%, 4: 0.0%, 5: 0.0%]
DFA state visits in window   : 1: 30096, 2: 668, 3: 0, 4: 0, 5: 0
DFA state visits cumulative  : 1: 808469, 2: 9000, 3: 67, 4: 0, 5: 0
DFA state entries in window  : 1: 100, 2: 7, 3: 0, 4: 0, 5: 0
DFA state entries cumulative : 1: 4800, 2: 165, 3: 3, 4: 0, 5: 0
transitions cumulative       : 1->2: 165, 2->3: 3
accepted directly from s0    : 0
Gym endings cumulative       : terminated=4737, truncated=63

[Episode 4900/12000 | last 100]
success rate                : 0.0% (cumulative 0.0%)
failure rate                : 0.0% (cumulative 0.0%)
completed cycles / episode  : 0.000
synthetic task reward       : 0.000
shaping reward              : -144.172
learning reward             : -144.172
episode length              : 362.1
abstract changes / episode  : 12.3
same abstract-state steps   : 96.6%
same-state shaping / episode: 0.000
changed-state shaping / ep. : -144.172
terminal shaping / episode  : 0.000
DFA transitions / episode   : 0.07
DFA transitions in window   : 1->2: 6, 2->3: 1
epsilon (next episode)       : 0.37527
replay buffer                : 300000 samples [1: 98.4%, 2: 1.6%, 3: 0.0%, 4: 0.0%, 5: 0.0%]
DFA state visits in window   : 1: 35927, 2: 348, 3: 33, 4: 0, 5: 0
DFA state visits cumulative  : 1: 844396, 2: 9348, 3: 100, 4: 0, 5: 0
DFA state entries in window  : 1: 100, 2: 6, 3: 1, 4: 0, 5: 0
DFA state entries cumulative : 1: 4900, 2: 171, 3: 4, 4: 0, 5: 0
transitions cumulative       : 1->2: 171, 2->3: 4
accepted directly from s0    : 0
Gym endings cumulative       : terminated=4830, truncated=70

[Episode 5000/12000 | last 100]
success rate                : 0.0% (cumulative 0.0%)
failure rate                : 0.0% (cumulative 0.0%)
completed cycles / episode  : 0.000
synthetic task reward       : 0.000
shaping reward              : -60.444
learning reward             : -60.444
episode length              : 243.9
abstract changes / episode  : 7.1
same abstract-state steps   : 97.1%
same-state shaping / episode: 0.000
changed-state shaping / ep. : -60.444
terminal shaping / episode  : 0.000
DFA transitions / episode   : 0.03
DFA transitions in window   : 1->2: 3
epsilon (next episode)       : 0.36784
replay buffer                : 300000 samples [1: 98.4%, 2: 1.6%, 3: 0.0%, 4: 0.0%, 5: 0.0%]
DFA state visits in window   : 1: 24228, 2: 262, 3: 0, 4: 0, 5: 0
DFA state visits cumulative  : 1: 868624, 2: 9610, 3: 100, 4: 0, 5: 0
DFA state entries in window  : 1: 100, 2: 3, 3: 0, 4: 0, 5: 0
DFA state entries cumulative : 1: 5000, 2: 174, 3: 4, 4: 0, 5: 0
transitions cumulative       : 1->2: 174, 2->3: 4
accepted directly from s0    : 0
Gym endings cumulative       : terminated=4930, truncated=70

Starting autonomous greedy evaluation at episode 5000 (1000 fixed-seed episodes)...
[Greedy evaluation at episode 5000 | 1000 fixed-seed episodes]
success=0.0%, failure=0.0%, task reward=0.000, length=161.3
DFA transitions: none

[Episode 5100/12000 | last 100]
success rate                : 0.0% (cumulative 0.0%)
failure rate                : 0.0% (cumulative 0.0%)
completed cycles / episode  : 0.000
synthetic task reward       : 0.000
shaping reward              : -69.954
learning reward             : -69.954
episode length              : 303.7
abstract changes / episode  : 9.6
same abstract-state steps   : 96.8%
same-state shaping / episode: 0.000
changed-state shaping / ep. : -69.954
terminal shaping / episode  : 0.000
DFA transitions / episode   : 0.12
DFA transitions in window   : 1->2: 12
epsilon (next episode)       : 0.36056
replay buffer                : 300000 samples [1: 98.1%, 2: 1.9%, 3: 0.0%, 4: 0.0%, 5: 0.0%]
DFA state visits in window   : 1: 29514, 2: 957, 3: 0, 4: 0, 5: 0
DFA state visits cumulative  : 1: 898138, 2: 10567, 3: 100, 4: 0, 5: 0
DFA state entries in window  : 1: 100, 2: 12, 3: 0, 4: 0, 5: 0
DFA state entries cumulative : 1: 5100, 2: 186, 3: 4, 4: 0, 5: 0
transitions cumulative       : 1->2: 186, 2->3: 4
accepted directly from s0    : 0
Gym endings cumulative       : terminated=5030, truncated=70

[Episode 5200/12000 | last 100]
success rate                : 0.0% (cumulative 0.0%)
failure rate                : 0.0% (cumulative 0.0%)
completed cycles / episode  : 0.000
synthetic task reward       : 0.000
shaping reward              : -132.789
learning reward             : -132.789
episode length              : 324.2
abstract changes / episode  : 11.5
same abstract-state steps   : 96.5%
same-state shaping / episode: 0.000
changed-state shaping / ep. : -132.789
terminal shaping / episode  : 0.000
DFA transitions / episode   : 0.15
DFA transitions in window   : 1->2: 13, 2->3: 2
epsilon (next episode)       : 0.35342
replay buffer                : 300000 samples [1: 97.8%, 2: 2.2%, 3: 0.0%, 4: 0.0%, 5: 0.0%]
DFA state visits in window   : 1: 31349, 2: 1115, 3: 56, 4: 0, 5: 0
DFA state visits cumulative  : 1: 929487, 2: 11682, 3: 156, 4: 0, 5: 0
DFA state entries in window  : 1: 100, 2: 13, 3: 2, 4: 0, 5: 0
DFA state entries cumulative : 1: 5200, 2: 199, 3: 6, 4: 0, 5: 0
transitions cumulative       : 1->2: 199, 2->3: 6
accepted directly from s0    : 0
Gym endings cumulative       : terminated=5127, truncated=73

[Episode 5300/12000 | last 100]
success rate                : 0.0% (cumulative 0.0%)
failure rate                : 0.0% (cumulative 0.0%)
completed cycles / episode  : 0.000
synthetic task reward       : 0.000
shaping reward              : -129.042
learning reward             : -129.042
episode length              : 292.4
abstract changes / episode  : 10.2
same abstract-state steps   : 96.5%
same-state shaping / episode: 0.000
changed-state shaping / ep. : -129.042
terminal shaping / episode  : 0.951
DFA transitions / episode   : 0.10
DFA transitions in window   : 1->2: 10
epsilon (next episode)       : 0.34642
replay buffer                : 300000 samples [1: 98.1%, 2: 1.9%, 3: 0.0%, 4: 0.0%, 5: 0.0%]
DFA state visits in window   : 1: 28792, 2: 550, 3: 0, 4: 0, 5: 0
DFA state visits cumulative  : 1: 958279, 2: 12232, 3: 156, 4: 0, 5: 0
DFA state entries in window  : 1: 100, 2: 10, 3: 0, 4: 0, 5: 0
DFA state entries cumulative : 1: 5300, 2: 209, 3: 6, 4: 0, 5: 0
transitions cumulative       : 1->2: 209, 2->3: 6
accepted directly from s0    : 0
Gym endings cumulative       : terminated=5226, truncated=74

[Episode 5400/12000 | last 100]
success rate                : 0.0% (cumulative 0.0%)
failure rate                : 0.0% (cumulative 0.0%)
completed cycles / episode  : 0.000
synthetic task reward       : 0.000
shaping reward              : -101.520
learning reward             : -101.520
episode length              : 272.4
abstract changes / episode  : 10.2
same abstract-state steps   : 96.3%
same-state shaping / episode: 0.000
changed-state shaping / ep. : -101.520
terminal shaping / episode  : 0.961
DFA transitions / episode   : 0.19
DFA transitions in window   : 1->2: 17, 2->3: 2
epsilon (next episode)       : 0.33956
replay buffer                : 300000 samples [1: 97.6%, 2: 2.4%, 3: 0.0%, 4: 0.0%, 5: 0.0%]
DFA state visits in window   : 1: 25705, 2: 1596, 3: 34, 4: 0, 5: 0
DFA state visits cumulative  : 1: 983984, 2: 13828, 3: 190, 4: 0, 5: 0
DFA state entries in window  : 1: 100, 2: 17, 3: 2, 4: 0, 5: 0
DFA state entries cumulative : 1: 5400, 2: 226, 3: 8, 4: 0, 5: 0
transitions cumulative       : 1->2: 226, 2->3: 8
accepted directly from s0    : 0
Gym endings cumulative       : terminated=5325, truncated=75

[Episode 5500/12000 | last 100]
success rate                : 0.0% (cumulative 0.0%)
failure rate                : 0.0% (cumulative 0.0%)
completed cycles / episode  : 0.000
synthetic task reward       : 0.000
shaping reward              : -83.460
learning reward             : -83.460
episode length              : 232.7
abstract changes / episode  : 9.1
same abstract-state steps   : 96.1%
same-state shaping / episode: 0.000
changed-state shaping / ep. : -83.460
terminal shaping / episode  : 0.951
DFA transitions / episode   : 0.15
DFA transitions in window   : 1->2: 15
epsilon (next episode)       : 0.33283
replay buffer                : 300000 samples [1: 97.4%, 2: 2.6%, 3: 0.0%, 4: 0.0%, 5: 0.0%]
DFA state visits in window   : 1: 22189, 2: 1177, 3: 0, 4: 0, 5: 0
DFA state visits cumulative  : 1: 1006173, 2: 15005, 3: 190, 4: 0, 5: 0
DFA state entries in window  : 1: 100, 2: 15, 3: 0, 4: 0, 5: 0
DFA state entries cumulative : 1: 5500, 2: 241, 3: 8, 4: 0, 5: 0
transitions cumulative       : 1->2: 241, 2->3: 8
accepted directly from s0    : 0
Gym endings cumulative       : terminated=5425, truncated=75

Starting autonomous greedy evaluation at episode 5500 (1000 fixed-seed episodes)...
[Greedy evaluation at episode 5500 | 1000 fixed-seed episodes]
success=0.0%, failure=0.0%, task reward=0.000, length=245.5
DFA transitions: 1->2: 54

[Episode 5600/12000 | last 100]
success rate                : 0.0% (cumulative 0.0%)
failure rate                : 0.0% (cumulative 0.0%)
completed cycles / episode  : 0.000
synthetic task reward       : 0.000
shaping reward              : -73.950
learning reward             : -73.950
episode length              : 248.4
abstract changes / episode  : 9.5
same abstract-state steps   : 96.2%
same-state shaping / episode: 0.000
changed-state shaping / ep. : -73.950
terminal shaping / episode  : -0.941
DFA transitions / episode   : 0.18
DFA transitions in window   : 1->2: 17, 2->3: 1
epsilon (next episode)       : 0.32624
replay buffer                : 300000 samples [1: 97.1%, 2: 2.9%, 3: 0.1%, 4: 0.0%, 5: 0.0%]
DFA state visits in window   : 1: 23834, 2: 1073, 3: 35, 4: 0, 5: 0
DFA state visits cumulative  : 1: 1030007, 2: 16078, 3: 225, 4: 0, 5: 0
DFA state entries in window  : 1: 100, 2: 17, 3: 1, 4: 0, 5: 0
DFA state entries cumulative : 1: 5600, 2: 258, 3: 9, 4: 0, 5: 0
transitions cumulative       : 1->2: 258, 2->3: 9
accepted directly from s0    : 0
Gym endings cumulative       : terminated=5525, truncated=75

[Episode 5700/12000 | last 100]
success rate                : 0.0% (cumulative 0.0%)
failure rate                : 0.0% (cumulative 0.0%)
completed cycles / episode  : 0.000
synthetic task reward       : 0.000
shaping reward              : -108.254
learning reward             : -108.254
episode length              : 298.0
abstract changes / episode  : 10.6
same abstract-state steps   : 96.5%
same-state shaping / episode: 0.000
changed-state shaping / ep. : -108.254
terminal shaping / episode  : 0.951
DFA transitions / episode   : 0.11
DFA transitions in window   : 1->2: 10, 2->3: 1
epsilon (next episode)       : 0.31978
replay buffer                : 300000 samples [1: 97.2%, 2: 2.8%, 3: 0.1%, 4: 0.0%, 5: 0.0%]
DFA state visits in window   : 1: 29301, 2: 573, 3: 23, 4: 0, 5: 0
DFA state visits cumulative  : 1: 1059308, 2: 16651, 3: 248, 4: 0, 5: 0
DFA state entries in window  : 1: 100, 2: 10, 3: 1, 4: 0, 5: 0
DFA state entries cumulative : 1: 5700, 2: 268, 3: 10, 4: 0, 5: 0
transitions cumulative       : 1->2: 268, 2->3: 10
accepted directly from s0    : 0
Gym endings cumulative       : terminated=5625, truncated=75

[Episode 5800/12000 | last 100]
success rate                : 0.0% (cumulative 0.0%)
failure rate                : 0.0% (cumulative 0.0%)
completed cycles / episode  : 0.000
synthetic task reward       : 0.000
shaping reward              : -59.608
learning reward             : -59.608
episode length              : 306.1
abstract changes / episode  : 10.6
same abstract-state steps   : 96.5%
same-state shaping / episode: 0.000
changed-state shaping / ep. : -59.608
terminal shaping / episode  : 0.000
DFA transitions / episode   : 0.21
DFA transitions in window   : 1->2: 20, 2->3: 1
epsilon (next episode)       : 0.31345
replay buffer                : 300000 samples [1: 96.9%, 2: 3.1%, 3: 0.1%, 4: 0.0%, 5: 0.0%]
DFA state visits in window   : 1: 29217, 2: 1452, 3: 36, 4: 0, 5: 0
DFA state visits cumulative  : 1: 1088525, 2: 18103, 3: 284, 4: 0, 5: 0
DFA state entries in window  : 1: 100, 2: 20, 3: 1, 4: 0, 5: 0
DFA state entries cumulative : 1: 5800, 2: 288, 3: 11, 4: 0, 5: 0
transitions cumulative       : 1->2: 288, 2->3: 11
accepted directly from s0    : 0
Gym endings cumulative       : terminated=5725, truncated=75

[Episode 5900/12000 | last 100]
success rate                : 0.0% (cumulative 0.0%)
failure rate                : 0.0% (cumulative 0.0%)
completed cycles / episode  : 0.000
synthetic task reward       : 0.000
shaping reward              : -44.363
learning reward             : -44.363
episode length              : 338.4
abstract changes / episode  : 11.9
same abstract-state steps   : 96.5%
same-state shaping / episode: 0.000
changed-state shaping / ep. : -44.363
terminal shaping / episode  : 0.000
DFA transitions / episode   : 0.23
DFA transitions in window   : 1->2: 20, 2->3: 3
epsilon (next episode)       : 0.30724
replay buffer                : 300000 samples [1: 96.4%, 2: 3.5%, 3: 0.1%, 4: 0.0%, 5: 0.0%]
DFA state visits in window   : 1: 32047, 2: 1791, 3: 107, 4: 0, 5: 0
DFA state visits cumulative  : 1: 1120572, 2: 19894, 3: 391, 4: 0, 5: 0
DFA state entries in window  : 1: 100, 2: 20, 3: 3, 4: 0, 5: 0
DFA state entries cumulative : 1: 5900, 2: 308, 3: 14, 4: 0, 5: 0
transitions cumulative       : 1->2: 308, 2->3: 14
accepted directly from s0    : 0
Gym endings cumulative       : terminated=5824, truncated=76

[Episode 6000/12000 | last 100]
success rate                : 0.0% (cumulative 0.0%)
failure rate                : 0.0% (cumulative 0.0%)
completed cycles / episode  : 0.000
synthetic task reward       : 0.000
shaping reward              : -76.688
learning reward             : -76.688
episode length              : 391.0
abstract changes / episode  : 14.0
same abstract-state steps   : 96.4%
same-state shaping / episode: 0.000
changed-state shaping / ep. : -76.688
terminal shaping / episode  : 0.000
DFA transitions / episode   : 0.19
DFA transitions in window   : 1->2: 17, 2->3: 2
epsilon (next episode)       : 0.30116
replay buffer                : 300000 samples [1: 96.1%, 2: 3.7%, 3: 0.1%, 4: 0.0%, 5: 0.0%]
DFA state visits in window   : 1: 38047, 2: 1005, 3: 150, 4: 0, 5: 0
DFA state visits cumulative  : 1: 1158619, 2: 20899, 3: 541, 4: 0, 5: 0
DFA state entries in window  : 1: 100, 2: 17, 3: 2, 4: 0, 5: 0
DFA state entries cumulative : 1: 6000, 2: 325, 3: 16, 4: 0, 5: 0
transitions cumulative       : 1->2: 325, 2->3: 16
accepted directly from s0    : 0
Gym endings cumulative       : terminated=5920, truncated=80

Starting autonomous greedy evaluation at episode 6000 (1000 fixed-seed episodes)...
[Greedy evaluation at episode 6000 | 1000 fixed-seed episodes]
success=0.0%, failure=0.0%, task reward=0.000, length=594.5
DFA transitions: 1->2: 4

[Episode 6100/12000 | last 100]
success rate                : 0.0% (cumulative 0.0%)
failure rate                : 0.0% (cumulative 0.0%)
completed cycles / episode  : 0.000
synthetic task reward       : 0.000
shaping reward              : -86.150
learning reward             : -86.150
episode length              : 357.5
abstract changes / episode  : 12.5
same abstract-state steps   : 96.5%
same-state shaping / episode: 0.000
changed-state shaping / ep. : -86.150
terminal shaping / episode  : 0.000
DFA transitions / episode   : 0.17
DFA transitions in window   : 1->2: 13, 2->3: 4
epsilon (next episode)       : 0.29519
replay buffer                : 300000 samples [1: 96.1%, 2: 3.8%, 3: 0.2%, 4: 0.0%, 5: 0.0%]
DFA state visits in window   : 1: 34653, 2: 1060, 3: 136, 4: 0, 5: 0
DFA state visits cumulative  : 1: 1193272, 2: 21959, 3: 677, 4: 0, 5: 0
DFA state entries in window  : 1: 100, 2: 13, 3: 4, 4: 0, 5: 0
DFA state entries cumulative : 1: 6100, 2: 338, 3: 20, 4: 0, 5: 0
transitions cumulative       : 1->2: 338, 2->3: 20
accepted directly from s0    : 0
Gym endings cumulative       : terminated=6018, truncated=82

[Episode 6200/12000 | last 100]
success rate                : 0.0% (cumulative 0.0%)
failure rate                : 0.0% (cumulative 0.0%)
completed cycles / episode  : 0.000
synthetic task reward       : 0.000
shaping reward              : -73.749
learning reward             : -73.749
episode length              : 401.8
abstract changes / episode  : 13.0
same abstract-state steps   : 96.8%
same-state shaping / episode: 0.000
changed-state shaping / ep. : -73.749
terminal shaping / episode  : 0.961
DFA transitions / episode   : 0.16
DFA transitions in window   : 1->2: 16
epsilon (next episode)       : 0.28935
replay buffer                : 300000 samples [1: 95.8%, 2: 4.0%, 3: 0.2%, 4: 0.0%, 5: 0.0%]
DFA state visits in window   : 1: 38186, 2: 2089, 3: 0, 4: 0, 5: 0
DFA state visits cumulative  : 1: 1231458, 2: 24048, 3: 677, 4: 0, 5: 0
DFA state entries in window  : 1: 100, 2: 16, 3: 0, 4: 0, 5: 0
DFA state entries cumulative : 1: 6200, 2: 354, 3: 20, 4: 0, 5: 0
transitions cumulative       : 1->2: 354, 2->3: 20
accepted directly from s0    : 0
Gym endings cumulative       : terminated=6112, truncated=88

[Episode 6300/12000 | last 100]
success rate                : 0.0% (cumulative 0.0%)
failure rate                : 0.0% (cumulative 0.0%)
completed cycles / episode  : 0.000
synthetic task reward       : 0.000
shaping reward              : -115.795
learning reward             : -115.795
episode length              : 508.2
abstract changes / episode  : 17.2
same abstract-state steps   : 96.6%
same-state shaping / episode: 0.000
changed-state shaping / ep. : -115.795
terminal shaping / episode  : 0.000
DFA transitions / episode   : 0.15
DFA transitions in window   : 1->2: 15
epsilon (next episode)       : 0.28362
replay buffer                : 300000 samples [1: 96.2%, 2: 3.6%, 3: 0.2%, 4: 0.0%, 5: 0.0%]
DFA state visits in window   : 1: 49915, 2: 1001, 3: 0, 4: 0, 5: 0
DFA state visits cumulative  : 1: 1281373, 2: 25049, 3: 677, 4: 0, 5: 0
DFA state entries in window  : 1: 100, 2: 15, 3: 0, 4: 0, 5: 0
DFA state entries cumulative : 1: 6300, 2: 369, 3: 20, 4: 0, 5: 0
transitions cumulative       : 1->2: 369, 2->3: 20
accepted directly from s0    : 0
Gym endings cumulative       : terminated=6196, truncated=104

[Episode 6400/12000 | last 100]
success rate                : 0.0% (cumulative 0.0%)
failure rate                : 0.0% (cumulative 0.0%)
completed cycles / episode  : 0.000
synthetic task reward       : 0.000
shaping reward              : -83.268
learning reward             : -83.268
episode length              : 355.7
abstract changes / episode  : 12.2
same abstract-state steps   : 96.6%
same-state shaping / episode: 0.000
changed-state shaping / ep. : -83.268
terminal shaping / episode  : 0.000
DFA transitions / episode   : 0.12
DFA transitions in window   : 1->2: 12
epsilon (next episode)       : 0.27800
replay buffer                : 300000 samples [1: 96.6%, 2: 3.3%, 3: 0.1%, 4: 0.0%, 5: 0.0%]
DFA state visits in window   : 1: 35027, 2: 639, 3: 0, 4: 0, 5: 0
DFA state visits cumulative  : 1: 1316400, 2: 25688, 3: 677, 4: 0, 5: 0
DFA state entries in window  : 1: 100, 2: 12, 3: 0, 4: 0, 5: 0
DFA state entries cumulative : 1: 6400, 2: 381, 3: 20, 4: 0, 5: 0
transitions cumulative       : 1->2: 381, 2->3: 20
accepted directly from s0    : 0
Gym endings cumulative       : terminated=6289, truncated=111

[Episode 6500/12000 | last 100]
success rate                : 0.0% (cumulative 0.0%)
failure rate                : 0.0% (cumulative 0.0%)
completed cycles / episode  : 0.000
synthetic task reward       : 0.000
shaping reward              : -72.855
learning reward             : -72.855
episode length              : 354.4
abstract changes / episode  : 12.5
same abstract-state steps   : 96.5%
same-state shaping / episode: 0.000
changed-state shaping / ep. : -72.855
terminal shaping / episode  : 0.000
DFA transitions / episode   : 0.19
DFA transitions in window   : 1->2: 18, 2->3: 1
epsilon (next episode)       : 0.27250
replay buffer                : 300000 samples [1: 96.5%, 2: 3.4%, 3: 0.2%, 4: 0.0%, 5: 0.0%]
DFA state visits in window   : 1: 34201, 2: 1303, 3: 33, 4: 0, 5: 0
DFA state visits cumulative  : 1: 1350601, 2: 26991, 3: 710, 4: 0, 5: 0
DFA state entries in window  : 1: 100, 2: 18, 3: 1, 4: 0, 5: 0
DFA state entries cumulative : 1: 6500, 2: 399, 3: 21, 4: 0, 5: 0
transitions cumulative       : 1->2: 399, 2->3: 21
accepted directly from s0    : 0
Gym endings cumulative       : terminated=6383, truncated=117

Starting autonomous greedy evaluation at episode 6500 (1000 fixed-seed episodes)...
[Greedy evaluation at episode 6500 | 1000 fixed-seed episodes]
success=0.0%, failure=0.0%, task reward=0.000, length=779.1
DFA transitions: 1->2: 206, 2->3: 8

[Episode 6600/12000 | last 100]
success rate                : 0.0% (cumulative 0.0%)
failure rate                : 0.0% (cumulative 0.0%)
completed cycles / episode  : 0.000
synthetic task reward       : 0.000
shaping reward              : -71.077
learning reward             : -71.077
episode length              : 276.8
abstract changes / episode  : 10.3
same abstract-state steps   : 96.3%
same-state shaping / episode: 0.000
changed-state shaping / ep. : -71.077
terminal shaping / episode  : 0.000
DFA transitions / episode   : 0.21
DFA transitions in window   : 1->2: 19, 2->3: 2
epsilon (next episode)       : 0.26710
replay buffer                : 300000 samples [1: 96.1%, 2: 3.8%, 3: 0.2%, 4: 0.0%, 5: 0.0%]
DFA state visits in window   : 1: 25522, 2: 2146, 3: 113, 4: 0, 5: 0
DFA state visits cumulative  : 1: 1376123, 2: 29137, 3: 823, 4: 0, 5: 0
DFA state entries in window  : 1: 100, 2: 19, 3: 2, 4: 0, 5: 0
DFA state entries cumulative : 1: 6600, 2: 418, 3: 23, 4: 0, 5: 0
transitions cumulative       : 1->2: 418, 2->3: 23
accepted directly from s0    : 0
Gym endings cumulative       : terminated=6483, truncated=117

[Episode 6700/12000 | last 100]
success rate                : 0.0% (cumulative 0.0%)
failure rate                : 0.0% (cumulative 0.0%)
completed cycles / episode  : 0.000
synthetic task reward       : 0.000
shaping reward              : -31.029
learning reward             : -31.029
episode length              : 245.5
abstract changes / episode  : 8.7
same abstract-state steps   : 96.5%
same-state shaping / episode: 0.000
changed-state shaping / ep. : -31.029
terminal shaping / episode  : 0.000
DFA transitions / episode   : 0.20
DFA transitions in window   : 1->2: 18, 2->3: 2
epsilon (next episode)       : 0.26181
replay buffer                : 300000 samples [1: 96.1%, 2: 3.7%, 3: 0.2%, 4: 0.0%, 5: 0.0%]
DFA state visits in window   : 1: 23217, 2: 1259, 3: 174, 4: 0, 5: 0
DFA state visits cumulative  : 1: 1399340, 2: 30396, 3: 997, 4: 0, 5: 0
DFA state entries in window  : 1: 100, 2: 18, 3: 2, 4: 0, 5: 0
DFA state entries cumulative : 1: 6700, 2: 436, 3: 25, 4: 0, 5: 0
transitions cumulative       : 1->2: 436, 2->3: 25
accepted directly from s0    : 0
Gym endings cumulative       : terminated=6583, truncated=117

[Episode 6800/12000 | last 100]
success rate                : 0.0% (cumulative 0.0%)
failure rate                : 0.0% (cumulative 0.0%)
completed cycles / episode  : 0.000
synthetic task reward       : 0.000
shaping reward              : -48.253
learning reward             : -48.253
episode length              : 246.9
abstract changes / episode  : 8.5
same abstract-state steps   : 96.6%
same-state shaping / episode: 0.000
changed-state shaping / ep. : -48.253
terminal shaping / episode  : 0.000
DFA transitions / episode   : 0.16
DFA transitions in window   : 1->2: 15, 2->3: 1
epsilon (next episode)       : 0.25663
replay buffer                : 300000 samples [1: 96.1%, 2: 3.8%, 3: 0.2%, 4: 0.0%, 5: 0.0%]
DFA state visits in window   : 1: 23245, 2: 1435, 3: 115, 4: 0, 5: 0
DFA state visits cumulative  : 1: 1422585, 2: 31831, 3: 1112, 4: 0, 5: 0
DFA state entries in window  : 1: 100, 2: 15, 3: 1, 4: 0, 5: 0
DFA state entries cumulative : 1: 6800, 2: 451, 3: 26, 4: 0, 5: 0
transitions cumulative       : 1->2: 451, 2->3: 26
accepted directly from s0    : 0
Gym endings cumulative       : terminated=6683, truncated=117

[Episode 6900/12000 | last 100]
success rate                : 0.0% (cumulative 0.0%)
failure rate                : 0.0% (cumulative 0.0%)
completed cycles / episode  : 0.000
synthetic task reward       : 0.000
shaping reward              : -24.420
learning reward             : -24.420
episode length              : 220.4
abstract changes / episode  : 7.9
same abstract-state steps   : 96.4%
same-state shaping / episode: 0.000
changed-state shaping / ep. : -24.420
terminal shaping / episode  : 0.961
DFA transitions / episode   : 0.21
DFA transitions in window   : 1->2: 20, 2->3: 1
epsilon (next episode)       : 0.25154
replay buffer                : 300000 samples [1: 95.6%, 2: 4.2%, 3: 0.2%, 4: 0.0%, 5: 0.0%]
DFA state visits in window   : 1: 20391, 2: 1718, 3: 36, 4: 0, 5: 0
DFA state visits cumulative  : 1: 1442976, 2: 33549, 3: 1148, 4: 0, 5: 0
DFA state entries in window  : 1: 100, 2: 20, 3: 1, 4: 0, 5: 0
DFA state entries cumulative : 1: 6900, 2: 471, 3: 27, 4: 0, 5: 0
transitions cumulative       : 1->2: 471, 2->3: 27
accepted directly from s0    : 0
Gym endings cumulative       : terminated=6783, truncated=117

[Episode 7000/12000 | last 100]
success rate                : 0.0% (cumulative 0.0%)
failure rate                : 0.0% (cumulative 0.0%)
completed cycles / episode  : 0.000
synthetic task reward       : 0.000
shaping reward              : -58.666
learning reward             : -58.666
episode length              : 286.5
abstract changes / episode  : 11.1
same abstract-state steps   : 96.1%
same-state shaping / episode: 0.000
changed-state shaping / ep. : -58.666
terminal shaping / episode  : -1.883
DFA transitions / episode   : 0.27
DFA transitions in window   : 1->2: 23, 2->3: 4
epsilon (next episode)       : 0.24656
replay buffer                : 300000 samples [1: 95.1%, 2: 4.7%, 3: 0.2%, 4: 0.0%, 5: 0.0%]
DFA state visits in window   : 1: 26259, 2: 2271, 3: 216, 4: 0, 5: 0
DFA state visits cumulative  : 1: 1469235, 2: 35820, 3: 1364, 4: 0, 5: 0
DFA state entries in window  : 1: 100, 2: 23, 3: 4, 4: 0, 5: 0
DFA state entries cumulative : 1: 7000, 2: 494, 3: 31, 4: 0, 5: 0
transitions cumulative       : 1->2: 494, 2->3: 31
accepted directly from s0    : 0
Gym endings cumulative       : terminated=6883, truncated=117

Starting autonomous greedy evaluation at episode 7000 (1000 fixed-seed episodes)...
[Greedy evaluation at episode 7000 | 1000 fixed-seed episodes]
success=0.0%, failure=0.0%, task reward=0.000, length=457.0
DFA transitions: 1->2: 459, 2->3: 212, 3->4: 2

[Episode 7100/12000 | last 100]
success rate                : 0.0% (cumulative 0.0%)
failure rate                : 0.0% (cumulative 0.0%)
completed cycles / episode  : 0.000
synthetic task reward       : 0.000
shaping reward              : -62.423
learning reward             : -62.423
episode length              : 374.9
abstract changes / episode  : 13.7
same abstract-state steps   : 96.4%
same-state shaping / episode: 0.000
changed-state shaping / ep. : -62.423
terminal shaping / episode  : -0.970
DFA transitions / episode   : 0.37
DFA transitions in window   : 1->2: 28, 2->3: 9
epsilon (next episode)       : 0.24168
replay buffer                : 300000 samples [1: 94.5%, 2: 5.1%, 3: 0.4%, 4: 0.0%, 5: 0.0%]
DFA state visits in window   : 1: 34094, 2: 3103, 3: 389, 4: 0, 5: 0
DFA state visits cumulative  : 1: 1503329, 2: 38923, 3: 1753, 4: 0, 5: 0
DFA state entries in window  : 1: 100, 2: 28, 3: 9, 4: 0, 5: 0
DFA state entries cumulative : 1: 7100, 2: 522, 3: 40, 4: 0, 5: 0
transitions cumulative       : 1->2: 522, 2->3: 40
accepted directly from s0    : 0
Gym endings cumulative       : terminated=6978, truncated=122

[Episode 7200/12000 | last 100]
success rate                : 0.0% (cumulative 0.0%)
failure rate                : 0.0% (cumulative 0.0%)
completed cycles / episode  : 0.000
synthetic task reward       : 0.000
shaping reward              : -43.421
learning reward             : -43.421
episode length              : 339.7
abstract changes / episode  : 13.0
same abstract-state steps   : 96.2%
same-state shaping / episode: 0.000
changed-state shaping / ep. : -43.421
terminal shaping / episode  : -0.961
DFA transitions / episode   : 0.43
DFA transitions in window   : 1->2: 34, 2->3: 9
epsilon (next episode)       : 0.23689
replay buffer                : 300000 samples [1: 93.3%, 2: 6.2%, 3: 0.4%, 4: 0.0%, 5: 0.0%]
DFA state visits in window   : 1: 29158, 2: 4649, 3: 262, 4: 0, 5: 0
DFA state visits cumulative  : 1: 1532487, 2: 43572, 3: 2015, 4: 0, 5: 0
DFA state entries in window  : 1: 100, 2: 34, 3: 9, 4: 0, 5: 0
DFA state entries cumulative : 1: 7200, 2: 556, 3: 49, 4: 0, 5: 0
transitions cumulative       : 1->2: 556, 2->3: 49
accepted directly from s0    : 0
Gym endings cumulative       : terminated=7075, truncated=125

[Episode 7300/12000 | last 100]
success rate                : 0.0% (cumulative 0.0%)
failure rate                : 0.0% (cumulative 0.0%)
completed cycles / episode  : 0.000
synthetic task reward       : 0.000
shaping reward              : -27.196
learning reward             : -27.196
episode length              : 362.2
abstract changes / episode  : 14.7
same abstract-state steps   : 95.9%
same-state shaping / episode: 0.000
changed-state shaping / ep. : -27.196
terminal shaping / episode  : -0.961
DFA transitions / episode   : 0.56
DFA transitions in window   : 1->2: 46, 2->3: 10
epsilon (next episode)       : 0.23220
replay buffer                : 300000 samples [1: 91.4%, 2: 8.1%, 3: 0.5%, 4: 0.0%, 5: 0.0%]
DFA state visits in window   : 1: 29956, 2: 6021, 3: 343, 4: 0, 5: 0
DFA state visits cumulative  : 1: 1562443, 2: 49593, 3: 2358, 4: 0, 5: 0
DFA state entries in window  : 1: 100, 2: 46, 3: 10, 4: 0, 5: 0
DFA state entries cumulative : 1: 7300, 2: 602, 3: 59, 4: 0, 5: 0
transitions cumulative       : 1->2: 602, 2->3: 59
accepted directly from s0    : 0
Gym endings cumulative       : terminated=7174, truncated=126

[Episode 7400/12000 | last 100]
success rate                : 0.0% (cumulative 0.0%)
failure rate                : 0.0% (cumulative 0.0%)
completed cycles / episode  : 0.000
synthetic task reward       : 0.000
shaping reward              : -32.864
learning reward             : -32.864
episode length              : 294.6
abstract changes / episode  : 11.6
same abstract-state steps   : 96.1%
same-state shaping / episode: 0.000
changed-state shaping / ep. : -32.864
terminal shaping / episode  : 0.961
DFA transitions / episode   : 0.41
DFA transitions in window   : 1->2: 35, 2->3: 6
epsilon (next episode)       : 0.22760
replay buffer                : 300000 samples [1: 90.0%, 2: 9.4%, 3: 0.6%, 4: 0.0%, 5: 0.0%]
DFA state visits in window   : 1: 24925, 2: 4397, 3: 233, 4: 0, 5: 0
DFA state visits cumulative  : 1: 1587368, 2: 53990, 3: 2591, 4: 0, 5: 0
DFA state entries in window  : 1: 100, 2: 35, 3: 6, 4: 0, 5: 0
DFA state entries cumulative : 1: 7400, 2: 637, 3: 65, 4: 0, 5: 0
transitions cumulative       : 1->2: 637, 2->3: 65
accepted directly from s0    : 0
Gym endings cumulative       : terminated=7274, truncated=126

[Episode 7500/12000 | last 100]
success rate                : 0.0% (cumulative 0.0%)
failure rate                : 0.0% (cumulative 0.0%)
completed cycles / episode  : 0.000
synthetic task reward       : 0.000
shaping reward              : -41.500
learning reward             : -41.500
episode length              : 367.6
abstract changes / episode  : 14.1
same abstract-state steps   : 96.2%
same-state shaping / episode: 0.000
changed-state shaping / ep. : -41.500
terminal shaping / episode  : 0.000
DFA transitions / episode   : 0.47
DFA transitions in window   : 1->2: 41, 2->3: 6
epsilon (next episode)       : 0.22310
replay buffer                : 300000 samples [1: 89.0%, 2: 10.2%, 3: 0.7%, 4: 0.0%, 5: 0.0%]
DFA state visits in window   : 1: 32518, 2: 3944, 3: 394, 4: 0, 5: 0
DFA state visits cumulative  : 1: 1619886, 2: 57934, 3: 2985, 4: 0, 5: 0
DFA state entries in window  : 1: 100, 2: 41, 3: 6, 4: 0, 5: 0
DFA state entries cumulative : 1: 7500, 2: 678, 3: 71, 4: 0, 5: 0
transitions cumulative       : 1->2: 678, 2->3: 71
accepted directly from s0    : 0
Gym endings cumulative       : terminated=7372, truncated=128

Starting autonomous greedy evaluation at episode 7500 (1000 fixed-seed episodes)...
[Greedy evaluation at episode 7500 | 1000 fixed-seed episodes]
success=0.0%, failure=0.0%, task reward=0.000, length=453.1
DFA transitions: 1->2: 172, 2->3: 2

[Episode 7600/12000 | last 100]
success rate                : 0.0% (cumulative 0.0%)
failure rate                : 0.0% (cumulative 0.0%)
completed cycles / episode  : 0.000
synthetic task reward       : 0.000
shaping reward              : -19.588
learning reward             : -19.588
episode length              : 418.7
abstract changes / episode  : 16.5
same abstract-state steps   : 96.0%
same-state shaping / episode: 0.000
changed-state shaping / ep. : -19.588
terminal shaping / episode  : -0.951
DFA transitions / episode   : 0.49
DFA transitions in window   : 1->2: 47, 2->3: 2
epsilon (next episode)       : 0.21868
replay buffer                : 300000 samples [1: 88.2%, 2: 11.1%, 3: 0.7%, 4: 0.0%, 5: 0.0%]
DFA state visits in window   : 1: 36305, 2: 5511, 3: 153, 4: 0, 5: 0
DFA state visits cumulative  : 1: 1656191, 2: 63445, 3: 3138, 4: 0, 5: 0
DFA state entries in window  : 1: 100, 2: 47, 3: 2, 4: 0, 5: 0
DFA state entries cumulative : 1: 7600, 2: 725, 3: 73, 4: 0, 5: 0
transitions cumulative       : 1->2: 725, 2->3: 73
accepted directly from s0    : 0
Gym endings cumulative       : terminated=7467, truncated=133

[Episode 7700/12000 | last 100]
success rate                : 0.0% (cumulative 0.0%)
failure rate                : 0.0% (cumulative 0.0%)
completed cycles / episode  : 0.000
synthetic task reward       : 0.000
shaping reward              : -4.401
learning reward             : -4.401
episode length              : 341.6
abstract changes / episode  : 12.9
same abstract-state steps   : 96.2%
same-state shaping / episode: 0.000
changed-state shaping / ep. : -4.401
terminal shaping / episode  : 0.000
DFA transitions / episode   : 0.52
DFA transitions in window   : 1->2: 50, 2->3: 2
epsilon (next episode)       : 0.21435
replay buffer                : 300000 samples [1: 87.0%, 2: 12.3%, 3: 0.7%, 4: 0.0%, 5: 0.0%]
DFA state visits in window   : 1: 28450, 2: 5599, 3: 213, 4: 0, 5: 0
DFA state visits cumulative  : 1: 1684641, 2: 69044, 3: 3351, 4: 0, 5: 0
DFA state entries in window  : 1: 100, 2: 50, 3: 2, 4: 0, 5: 0
DFA state entries cumulative : 1: 7700, 2: 775, 3: 75, 4: 0, 5: 0
transitions cumulative       : 1->2: 775, 2->3: 75
accepted directly from s0    : 0
Gym endings cumulative       : terminated=7566, truncated=134

[Episode 7800/12000 | last 100]
success rate                : 0.0% (cumulative 0.0%)
failure rate                : 0.0% (cumulative 0.0%)
completed cycles / episode  : 0.000
synthetic task reward       : 0.000
shaping reward              : 9.960
learning reward             : 9.960
episode length              : 344.4
abstract changes / episode  : 13.1
same abstract-state steps   : 96.2%
same-state shaping / episode: 0.000
changed-state shaping / ep. : 9.960
terminal shaping / episode  : 1.902
DFA transitions / episode   : 0.58
DFA transitions in window   : 1->2: 53, 2->3: 5
epsilon (next episode)       : 0.21010
replay buffer                : 300000 samples [1: 85.6%, 2: 13.6%, 3: 0.8%, 4: 0.0%, 5: 0.0%]
DFA state visits in window   : 1: 27688, 2: 6502, 3: 350, 4: 0, 5: 0
DFA state visits cumulative  : 1: 1712329, 2: 75546, 3: 3701, 4: 0, 5: 0
DFA state entries in window  : 1: 100, 2: 53, 3: 5, 4: 0, 5: 0
DFA state entries cumulative : 1: 7800, 2: 828, 3: 80, 4: 0, 5: 0
transitions cumulative       : 1->2: 828, 2->3: 80
accepted directly from s0    : 0
Gym endings cumulative       : terminated=7666, truncated=134

[Episode 7900/12000 | last 100]
success rate                : 0.0% (cumulative 0.0%)
failure rate                : 0.0% (cumulative 0.0%)
completed cycles / episode  : 0.000
synthetic task reward       : 0.000
shaping reward              : 3.236
learning reward             : 3.236
episode length              : 304.0
abstract changes / episode  : 11.5
same abstract-state steps   : 96.2%
same-state shaping / episode: 0.000
changed-state shaping / ep. : 3.236
terminal shaping / episode  : 0.000
DFA transitions / episode   : 0.48
DFA transitions in window   : 1->2: 44, 2->3: 4
epsilon (next episode)       : 0.20594
replay buffer                : 300000 samples [1: 85.2%, 2: 14.1%, 3: 0.8%, 4: 0.0%, 5: 0.0%]
DFA state visits in window   : 1: 25608, 2: 4639, 3: 251, 4: 0, 5: 0
DFA state visits cumulative  : 1: 1737937, 2: 80185, 3: 3952, 4: 0, 5: 0
DFA state entries in window  : 1: 100, 2: 44, 3: 4, 4: 0, 5: 0
DFA state entries cumulative : 1: 7900, 2: 872, 3: 84, 4: 0, 5: 0
transitions cumulative       : 1->2: 872, 2->3: 84
accepted directly from s0    : 0
Gym endings cumulative       : terminated=7765, truncated=135

[Episode 8000/12000 | last 100]
success rate                : 0.0% (cumulative 0.0%)
failure rate                : 0.0% (cumulative 0.0%)
completed cycles / episode  : 0.000
synthetic task reward       : 0.000
shaping reward              : -15.822
learning reward             : -15.822
episode length              : 384.1
abstract changes / episode  : 14.2
same abstract-state steps   : 96.3%
same-state shaping / episode: 0.000
changed-state shaping / ep. : -15.822
terminal shaping / episode  : 0.000
DFA transitions / episode   : 0.47
DFA transitions in window   : 1->2: 46, 2->3: 1
epsilon (next episode)       : 0.20186
replay buffer                : 300000 samples [1: 84.5%, 2: 14.7%, 3: 0.7%, 4: 0.0%, 5: 0.0%]
DFA state visits in window   : 1: 33493, 2: 4974, 3: 43, 4: 0, 5: 0
DFA state visits cumulative  : 1: 1771430, 2: 85159, 3: 3995, 4: 0, 5: 0
DFA state entries in window  : 1: 100, 2: 46, 3: 1, 4: 0, 5: 0
DFA state entries cumulative : 1: 8000, 2: 918, 3: 85, 4: 0, 5: 0
transitions cumulative       : 1->2: 918, 2->3: 85
accepted directly from s0    : 0
Gym endings cumulative       : terminated=7862, truncated=138

Starting autonomous greedy evaluation at episode 8000 (1000 fixed-seed episodes)...
[Greedy evaluation at episode 8000 | 1000 fixed-seed episodes]
success=0.0%, failure=0.0%, task reward=0.000, length=331.6
DFA transitions: 1->2: 823, 2->3: 9

[Episode 8100/12000 | last 100]
success rate                : 0.0% (cumulative 0.0%)
failure rate                : 0.0% (cumulative 0.0%)
completed cycles / episode  : 0.000
synthetic task reward       : 0.000
shaping reward              : -4.496
learning reward             : -4.496
episode length              : 380.6
abstract changes / episode  : 13.4
same abstract-state steps   : 96.5%
same-state shaping / episode: 0.000
changed-state shaping / ep. : -4.496
terminal shaping / episode  : 0.000
DFA transitions / episode   : 0.44
DFA transitions in window   : 1->2: 40, 2->3: 4
epsilon (next episode)       : 0.19787
replay buffer                : 300000 samples [1: 85.4%, 2: 14.0%, 3: 0.6%, 4: 0.0%, 5: 0.0%]
DFA state visits in window   : 1: 33896, 2: 4145, 3: 123, 4: 0, 5: 0
DFA state visits cumulative  : 1: 1805326, 2: 89304, 3: 4118, 4: 0, 5: 0
DFA state entries in window  : 1: 100, 2: 40, 3: 4, 4: 0, 5: 0
DFA state entries cumulative : 1: 8100, 2: 958, 3: 89, 4: 0, 5: 0
transitions cumulative       : 1->2: 958, 2->3: 89
accepted directly from s0    : 0
Gym endings cumulative       : terminated=7957, truncated=143

[Episode 8200/12000 | last 100]
success rate                : 0.0% (cumulative 0.0%)
failure rate                : 0.0% (cumulative 0.0%)
completed cycles / episode  : 0.000
synthetic task reward       : 0.000
shaping reward              : -1.509
learning reward             : -1.509
episode length              : 432.1
abstract changes / episode  : 14.1
same abstract-state steps   : 96.7%
same-state shaping / episode: 0.000
changed-state shaping / ep. : -1.509
terminal shaping / episode  : 0.000
DFA transitions / episode   : 0.48
DFA transitions in window   : 1->2: 43, 2->3: 5
epsilon (next episode)       : 0.19395
replay buffer                : 300000 samples [1: 86.3%, 2: 13.2%, 3: 0.5%, 4: 0.0%, 5: 0.0%]
DFA state visits in window   : 1: 38980, 2: 4192, 3: 134, 4: 0, 5: 0
DFA state visits cumulative  : 1: 1844306, 2: 93496, 3: 4252, 4: 0, 5: 0
DFA state entries in window  : 1: 100, 2: 43, 3: 5, 4: 0, 5: 0
DFA state entries cumulative : 1: 8200, 2: 1001, 3: 94, 4: 0, 5: 0
transitions cumulative       : 1->2: 1001, 2->3: 94
accepted directly from s0    : 0
Gym endings cumulative       : terminated=8050, truncated=150

[Episode 8300/12000 | last 100]
success rate                : 0.0% (cumulative 0.0%)
failure rate                : 0.0% (cumulative 0.0%)
completed cycles / episode  : 0.000
synthetic task reward       : 0.000
shaping reward              : -12.903
learning reward             : -12.903
episode length              : 327.1
abstract changes / episode  : 12.9
same abstract-state steps   : 96.0%
same-state shaping / episode: 0.000
changed-state shaping / ep. : -12.903
terminal shaping / episode  : 0.961
DFA transitions / episode   : 0.38
DFA transitions in window   : 1->2: 34, 2->3: 4
epsilon (next episode)       : 0.19011
replay buffer                : 300000 samples [1: 86.4%, 2: 13.1%, 3: 0.5%, 4: 0.0%, 5: 0.0%]
DFA state visits in window   : 1: 29529, 2: 3157, 3: 127, 4: 0, 5: 0
DFA state visits cumulative  : 1: 1873835, 2: 96653, 3: 4379, 4: 0, 5: 0
DFA state entries in window  : 1: 100, 2: 34, 3: 4, 4: 0, 5: 0
DFA state entries cumulative : 1: 8300, 2: 1035, 3: 98, 4: 0, 5: 0
transitions cumulative       : 1->2: 1035, 2->3: 98
accepted directly from s0    : 0
Gym endings cumulative       : terminated=8149, truncated=151

[Episode 8400/12000 | last 100]
success rate                : 0.0% (cumulative 0.0%)
failure rate                : 0.0% (cumulative 0.0%)
completed cycles / episode  : 0.000
synthetic task reward       : 0.000
shaping reward              : -3.450
learning reward             : -3.450
episode length              : 348.9
abstract changes / episode  : 13.0
same abstract-state steps   : 96.3%
same-state shaping / episode: 0.000
changed-state shaping / ep. : -3.450
terminal shaping / episode  : 0.961
DFA transitions / episode   : 0.54
DFA transitions in window   : 1->2: 45, 2->3: 9
epsilon (next episode)       : 0.18634
replay buffer                : 300000 samples [1: 86.4%, 2: 13.0%, 3: 0.6%, 4: 0.0%, 5: 0.0%]
DFA state visits in window   : 1: 30404, 2: 4142, 3: 439, 4: 0, 5: 0
DFA state visits cumulative  : 1: 1904239, 2: 100795, 3: 4818, 4: 0, 5: 0
DFA state entries in window  : 1: 100, 2: 45, 3: 9, 4: 0, 5: 0
DFA state entries cumulative : 1: 8400, 2: 1080, 3: 107, 4: 0, 5: 0
transitions cumulative       : 1->2: 1080, 2->3: 107
accepted directly from s0    : 0
Gym endings cumulative       : terminated=8246, truncated=154

[Episode 8500/12000 | last 100]
success rate                : 0.0% (cumulative 0.0%)
failure rate                : 0.0% (cumulative 0.0%)
completed cycles / episode  : 0.000
synthetic task reward       : 0.000
shaping reward              : -11.106
learning reward             : -11.106
episode length              : 414.6
abstract changes / episode  : 14.8
same abstract-state steps   : 96.4%
same-state shaping / episode: 0.000
changed-state shaping / ep. : -11.106
terminal shaping / episode  : 0.951
DFA transitions / episode   : 0.67
DFA transitions in window   : 1->2: 53, 2->3: 14
epsilon (next episode)       : 0.18265
replay buffer                : 300000 samples [1: 86.8%, 2: 12.5%, 3: 0.7%, 4: 0.0%, 5: 0.0%]
DFA state visits in window   : 1: 36126, 2: 4927, 3: 503, 4: 0, 5: 0
DFA state visits cumulative  : 1: 1940365, 2: 105722, 3: 5321, 4: 0, 5: 0
DFA state entries in window  : 1: 100, 2: 53, 3: 14, 4: 0, 5: 0
DFA state entries cumulative : 1: 8500, 2: 1133, 3: 121, 4: 0, 5: 0
transitions cumulative       : 1->2: 1133, 2->3: 121
accepted directly from s0    : 0
Gym endings cumulative       : terminated=8343, truncated=157

Starting autonomous greedy evaluation at episode 8500 (1000 fixed-seed episodes)...
[Greedy evaluation at episode 8500 | 1000 fixed-seed episodes]
success=0.0%, failure=0.0%, task reward=0.000, length=414.3
DFA transitions: 1->2: 340, 2->3: 15

[Episode 8600/12000 | last 100]
success rate                : 0.0% (cumulative 0.0%)
failure rate                : 0.0% (cumulative 0.0%)
completed cycles / episode  : 0.000
synthetic task reward       : 0.000
shaping reward              : -14.756
learning reward             : -14.756
episode length              : 437.7
abstract changes / episode  : 14.8
same abstract-state steps   : 96.6%
same-state shaping / episode: 0.000
changed-state shaping / ep. : -14.756
terminal shaping / episode  : 0.000
DFA transitions / episode   : 0.81
DFA transitions in window   : 1->2: 61, 2->3: 20
epsilon (next episode)       : 0.17904
replay buffer                : 300000 samples [1: 87.2%, 2: 12.0%, 3: 0.7%, 4: 0.0%, 5: 0.0%]
DFA state visits in window   : 1: 36484, 2: 6621, 3: 768, 4: 0, 5: 0
DFA state visits cumulative  : 1: 1976849, 2: 112343, 3: 6089, 4: 0, 5: 0
DFA state entries in window  : 1: 100, 2: 61, 3: 20, 4: 0, 5: 0
DFA state entries cumulative : 1: 8600, 2: 1194, 3: 141, 4: 0, 5: 0
transitions cumulative       : 1->2: 1194, 2->3: 141
accepted directly from s0    : 0
Gym endings cumulative       : terminated=8436, truncated=164

[Episode 8700/12000 | last 100]
success rate                : 0.0% (cumulative 0.0%)
failure rate                : 0.0% (cumulative 0.0%)
completed cycles / episode  : 0.000
synthetic task reward       : 0.000
shaping reward              : -62.317
learning reward             : -62.317
episode length              : 281.7
abstract changes / episode  : 10.7
same abstract-state steps   : 96.2%
same-state shaping / episode: 0.000
changed-state shaping / ep. : -62.317
terminal shaping / episode  : 0.000
DFA transitions / episode   : 0.39
DFA transitions in window   : 1->2: 31, 2->3: 8
epsilon (next episode)       : 0.17549
replay buffer                : 300000 samples [1: 87.5%, 2: 11.7%, 3: 0.8%, 4: 0.0%, 5: 0.0%]
DFA state visits in window   : 1: 24701, 2: 3247, 3: 325, 4: 0, 5: 0
DFA state visits cumulative  : 1: 2001550, 2: 115590, 3: 6414, 4: 0, 5: 0
DFA state entries in window  : 1: 100, 2: 31, 3: 8, 4: 0, 5: 0
DFA state entries cumulative : 1: 8700, 2: 1225, 3: 149, 4: 0, 5: 0
transitions cumulative       : 1->2: 1225, 2->3: 149
accepted directly from s0    : 0
Gym endings cumulative       : terminated=8536, truncated=164

[Episode 8800/12000 | last 100]
success rate                : 0.0% (cumulative 0.0%)
failure rate                : 0.0% (cumulative 0.0%)
completed cycles / episode  : 0.000
synthetic task reward       : 0.000
shaping reward              : -21.308
learning reward             : -21.308
episode length              : 392.8
abstract changes / episode  : 11.3
same abstract-state steps   : 97.1%
same-state shaping / episode: 0.000
changed-state shaping / ep. : -21.308
terminal shaping / episode  : 0.970
DFA transitions / episode   : 0.44
DFA transitions in window   : 1->2: 33, 2->3: 11
epsilon (next episode)       : 0.17201
replay buffer                : 300000 samples [1: 87.8%, 2: 11.2%, 3: 1.0%, 4: 0.0%, 5: 0.0%]
DFA state visits in window   : 1: 35111, 2: 3627, 3: 637, 4: 0, 5: 0
DFA state visits cumulative  : 1: 2036661, 2: 119217, 3: 7051, 4: 0, 5: 0
DFA state entries in window  : 1: 100, 2: 33, 3: 11, 4: 0, 5: 0
DFA state entries cumulative : 1: 8800, 2: 1258, 3: 160, 4: 0, 5: 0
transitions cumulative       : 1->2: 1258, 2->3: 160
accepted directly from s0    : 0
Gym endings cumulative       : terminated=8631, truncated=169

[Episode 8900/12000 | last 100]
success rate                : 0.0% (cumulative 0.0%)
failure rate                : 0.0% (cumulative 0.0%)
completed cycles / episode  : 0.000
synthetic task reward       : 0.000
shaping reward              : 27.991
learning reward             : 27.991
episode length              : 527.5
abstract changes / episode  : 14.5
same abstract-state steps   : 97.2%
same-state shaping / episode: 0.000
changed-state shaping / ep. : 27.991
terminal shaping / episode  : 0.961
DFA transitions / episode   : 0.65
DFA transitions in window   : 1->2: 64, 2->3: 1
epsilon (next episode)       : 0.16861
replay buffer                : 300000 samples [1: 87.2%, 2: 11.9%, 3: 0.9%, 4: 0.0%, 5: 0.0%]
DFA state visits in window   : 1: 45035, 2: 7781, 3: 34, 4: 0, 5: 0
DFA state visits cumulative  : 1: 2081696, 2: 126998, 3: 7085, 4: 0, 5: 0
DFA state entries in window  : 1: 100, 2: 64, 3: 1, 4: 0, 5: 0
DFA state entries cumulative : 1: 8900, 2: 1322, 3: 161, 4: 0, 5: 0
transitions cumulative       : 1->2: 1322, 2->3: 161
accepted directly from s0    : 0
Gym endings cumulative       : terminated=8710, truncated=190

[Episode 9000/12000 | last 100]
success rate                : 0.0% (cumulative 0.0%)
failure rate                : 0.0% (cumulative 0.0%)
completed cycles / episode  : 0.000
synthetic task reward       : 0.000
shaping reward              : 8.030
learning reward             : 8.030
episode length              : 313.0
abstract changes / episode  : 12.0
same abstract-state steps   : 96.2%
same-state shaping / episode: 0.000
changed-state shaping / ep. : 8.030
terminal shaping / episode  : 0.000
DFA transitions / episode   : 0.57
DFA transitions in window   : 1->2: 53, 2->3: 4
epsilon (next episode)       : 0.16527
replay buffer                : 300000 samples [1: 86.1%, 2: 12.9%, 3: 1.0%, 4: 0.0%, 5: 0.0%]
DFA state visits in window   : 1: 25324, 2: 5932, 3: 148, 4: 0, 5: 0
DFA state visits cumulative  : 1: 2107020, 2: 132930, 3: 7233, 4: 0, 5: 0
DFA state entries in window  : 1: 100, 2: 53, 3: 4, 4: 0, 5: 0
DFA state entries cumulative : 1: 9000, 2: 1375, 3: 165, 4: 0, 5: 0
transitions cumulative       : 1->2: 1375, 2->3: 165
accepted directly from s0    : 0
Gym endings cumulative       : terminated=8808, truncated=192

Starting autonomous greedy evaluation at episode 9000 (1000 fixed-seed episodes)...
[Greedy evaluation at episode 9000 | 1000 fixed-seed episodes]
success=0.0%, failure=0.0%, task reward=0.000, length=332.9
DFA transitions: 1->2: 898, 2->3: 9

[Episode 9100/12000 | last 100]
success rate                : 0.0% (cumulative 0.0%)
failure rate                : 0.0% (cumulative 0.0%)
completed cycles / episode  : 0.000
synthetic task reward       : 0.000
shaping reward              : 20.489
learning reward             : 20.489
episode length              : 361.6
abstract changes / episode  : 12.7
same abstract-state steps   : 96.5%
same-state shaping / episode: 0.000
changed-state shaping / ep. : 20.489
terminal shaping / episode  : 0.000
DFA transitions / episode   : 0.66
DFA transitions in window   : 1->2: 62, 2->3: 4
epsilon (next episode)       : 0.16200
replay buffer                : 300000 samples [1: 85.4%, 2: 13.7%, 3: 1.0%, 4: 0.0%, 5: 0.0%]
DFA state visits in window   : 1: 30349, 2: 5787, 3: 119, 4: 0, 5: 0
DFA state visits cumulative  : 1: 2137369, 2: 138717, 3: 7352, 4: 0, 5: 0
DFA state entries in window  : 1: 100, 2: 62, 3: 4, 4: 0, 5: 0
DFA state entries cumulative : 1: 9100, 2: 1437, 3: 169, 4: 0, 5: 0
transitions cumulative       : 1->2: 1437, 2->3: 169
accepted directly from s0    : 0
Gym endings cumulative       : terminated=8907, truncated=193

[Episode 9200/12000 | last 100]
success rate                : 0.0% (cumulative 0.0%)
failure rate                : 0.0% (cumulative 0.0%)
completed cycles / episode  : 0.000
synthetic task reward       : 0.000
shaping reward              : -7.254
learning reward             : -7.254
episode length              : 400.0
abstract changes / episode  : 10.6
same abstract-state steps   : 97.3%
same-state shaping / episode: 0.000
changed-state shaping / ep. : -7.254
terminal shaping / episode  : 0.000
DFA transitions / episode   : 0.29
DFA transitions in window   : 1->2: 27, 2->3: 2
epsilon (next episode)       : 0.15879
replay buffer                : 300000 samples [1: 86.2%, 2: 13.0%, 3: 0.8%, 4: 0.0%, 5: 0.0%]
DFA state visits in window   : 1: 37399, 2: 2593, 3: 110, 4: 0, 5: 0
DFA state visits cumulative  : 1: 2174768, 2: 141310, 3: 7462, 4: 0, 5: 0
DFA state entries in window  : 1: 100, 2: 27, 3: 2, 4: 0, 5: 0
DFA state entries cumulative : 1: 9200, 2: 1464, 3: 171, 4: 0, 5: 0
transitions cumulative       : 1->2: 1464, 2->3: 171
accepted directly from s0    : 0
Gym endings cumulative       : terminated=9005, truncated=195

[Episode 9300/12000 | last 100]
success rate                : 0.0% (cumulative 0.0%)
failure rate                : 0.0% (cumulative 0.0%)
completed cycles / episode  : 0.000
synthetic task reward       : 0.000
shaping reward              : 23.275
learning reward             : 23.275
episode length              : 429.0
abstract changes / episode  : 13.6
same abstract-state steps   : 96.8%
same-state shaping / episode: 0.000
changed-state shaping / ep. : 23.275
terminal shaping / episode  : 0.000
DFA transitions / episode   : 0.70
DFA transitions in window   : 1->2: 68, 2->3: 2
epsilon (next episode)       : 0.15564
replay buffer                : 300000 samples [1: 86.4%, 2: 12.9%, 3: 0.7%, 4: 0.0%, 5: 0.0%]
DFA state visits in window   : 1: 36557, 2: 6349, 3: 90, 4: 0, 5: 0
DFA state visits cumulative  : 1: 2211325, 2: 147659, 3: 7552, 4: 0, 5: 0
DFA state entries in window  : 1: 100, 2: 68, 3: 2, 4: 0, 5: 0
DFA state entries cumulative : 1: 9300, 2: 1532, 3: 173, 4: 0, 5: 0
transitions cumulative       : 1->2: 1532, 2->3: 173
accepted directly from s0    : 0
Gym endings cumulative       : terminated=9100, truncated=200

[Episode 9400/12000 | last 100]
success rate                : 0.0% (cumulative 0.0%)
failure rate                : 0.0% (cumulative 0.0%)
completed cycles / episode  : 0.000
synthetic task reward       : 0.000
shaping reward              : -4.305
learning reward             : -4.305
episode length              : 346.4
abstract changes / episode  : 8.6
same abstract-state steps   : 97.5%
same-state shaping / episode: 0.000
changed-state shaping / ep. : -4.305
terminal shaping / episode  : -0.961
DFA transitions / episode   : 0.16
DFA transitions in window   : 1->2: 15, 2->3: 1
epsilon (next episode)       : 0.15256
replay buffer                : 300000 samples [1: 87.9%, 2: 11.6%, 3: 0.5%, 4: 0.0%, 5: 0.0%]
DFA state visits in window   : 1: 33900, 2: 815, 3: 21, 4: 0, 5: 0
DFA state visits cumulative  : 1: 2245225, 2: 148474, 3: 7573, 4: 0, 5: 0
DFA state entries in window  : 1: 100, 2: 15, 3: 1, 4: 0, 5: 0
DFA state entries cumulative : 1: 9400, 2: 1547, 3: 174, 4: 0, 5: 0
transitions cumulative       : 1->2: 1547, 2->3: 174
accepted directly from s0    : 0
Gym endings cumulative       : terminated=9199, truncated=201

[Episode 9500/12000 | last 100]
success rate                : 0.0% (cumulative 0.0%)
failure rate                : 0.0% (cumulative 0.0%)
completed cycles / episode  : 0.000
synthetic task reward       : 0.000
shaping reward              : -44.277
learning reward             : -44.277
episode length              : 333.5
abstract changes / episode  : 8.6
same abstract-state steps   : 97.4%
same-state shaping / episode: 0.000
changed-state shaping / ep. : -44.277
terminal shaping / episode  : 0.000
DFA transitions / episode   : 0.24
DFA transitions in window   : 1->2: 24
epsilon (next episode)       : 0.14954
replay buffer                : 300000 samples [1: 88.4%, 2: 11.3%, 3: 0.3%, 4: 0.0%, 5: 0.0%]
DFA state visits in window   : 1: 31488, 2: 1963, 3: 0, 4: 0, 5: 0
DFA state visits cumulative  : 1: 2276713, 2: 150437, 3: 7573, 4: 0, 5: 0
DFA state entries in window  : 1: 100, 2: 24, 3: 0, 4: 0, 5: 0
DFA state entries cumulative : 1: 9500, 2: 1571, 3: 174, 4: 0, 5: 0
transitions cumulative       : 1->2: 1571, 2->3: 174
accepted directly from s0    : 0
Gym endings cumulative       : terminated=9299, truncated=201

Starting autonomous greedy evaluation at episode 9500 (1000 fixed-seed episodes)...
[Greedy evaluation at episode 9500 | 1000 fixed-seed episodes]
success=0.0%, failure=0.0%, task reward=0.000, length=395.6
DFA transitions: 1->2: 161

[Episode 9600/12000 | last 100]
success rate                : 0.0% (cumulative 0.0%)
failure rate                : 0.0% (cumulative 0.0%)
completed cycles / episode  : 0.000
synthetic task reward       : 0.000
shaping reward              : -55.545
learning reward             : -55.545
episode length              : 394.4
abstract changes / episode  : 7.6
same abstract-state steps   : 98.1%
same-state shaping / episode: 0.000
changed-state shaping / ep. : -55.545
terminal shaping / episode  : 0.000
DFA transitions / episode   : 0.08
DFA transitions in window   : 1->2: 7, 2->3: 1
epsilon (next episode)       : 0.14658
replay buffer                : 300000 samples [1: 89.6%, 2: 10.2%, 3: 0.2%, 4: 0.0%, 5: 0.0%]
DFA state visits in window   : 1: 39157, 2: 343, 3: 41, 4: 0, 5: 0
DFA state visits cumulative  : 1: 2315870, 2: 150780, 3: 7614, 4: 0, 5: 0
DFA state entries in window  : 1: 100, 2: 7, 3: 1, 4: 0, 5: 0
DFA state entries cumulative : 1: 9600, 2: 1578, 3: 175, 4: 0, 5: 0
transitions cumulative       : 1->2: 1578, 2->3: 175
accepted directly from s0    : 0
Gym endings cumulative       : terminated=9396, truncated=204

[Episode 9700/12000 | last 100]
success rate                : 0.0% (cumulative 0.0%)
failure rate                : 0.0% (cumulative 0.0%)
completed cycles / episode  : 0.000
synthetic task reward       : 0.000
shaping reward              : -36.688
learning reward             : -36.688
episode length              : 525.5
abstract changes / episode  : 9.8
same abstract-state steps   : 98.1%
same-state shaping / episode: 0.000
changed-state shaping / ep. : -36.688
terminal shaping / episode  : 0.000
DFA transitions / episode   : 0.06
DFA transitions in window   : 1->2: 6
epsilon (next episode)       : 0.14368
replay buffer                : 300000 samples [1: 92.5%, 2: 7.3%, 3: 0.2%, 4: 0.0%, 5: 0.0%]
DFA state visits in window   : 1: 52462, 2: 184, 3: 0, 4: 0, 5: 0
DFA state visits cumulative  : 1: 2368332, 2: 150964, 3: 7614, 4: 0, 5: 0
DFA state entries in window  : 1: 100, 2: 6, 3: 0, 4: 0, 5: 0
DFA state entries cumulative : 1: 9700, 2: 1584, 3: 175, 4: 0, 5: 0
transitions cumulative       : 1->2: 1584, 2->3: 175
accepted directly from s0    : 0
Gym endings cumulative       : terminated=9469, truncated=231

[Episode 9800/12000 | last 100]
success rate                : 0.0% (cumulative 0.0%)
failure rate                : 0.0% (cumulative 0.0%)
completed cycles / episode  : 0.000
synthetic task reward       : 0.000
shaping reward              : -21.500
learning reward             : -21.500
episode length              : 302.0
abstract changes / episode  : 8.1
same abstract-state steps   : 97.3%
same-state shaping / episode: 0.000
changed-state shaping / ep. : -21.500
terminal shaping / episode  : 0.000
DFA transitions / episode   : 0.22
DFA transitions in window   : 1->2: 21, 2->3: 1
epsilon (next episode)       : 0.14083
replay buffer                : 300000 samples [1: 94.0%, 2: 5.9%, 3: 0.1%, 4: 0.0%, 5: 0.0%]
DFA state visits in window   : 1: 28513, 2: 1750, 3: 40, 4: 0, 5: 0
DFA state visits cumulative  : 1: 2396845, 2: 152714, 3: 7654, 4: 0, 5: 0
DFA state entries in window  : 1: 100, 2: 21, 3: 1, 4: 0, 5: 0
DFA state entries cumulative : 1: 9800, 2: 1605, 3: 176, 4: 0, 5: 0
transitions cumulative       : 1->2: 1605, 2->3: 176
accepted directly from s0    : 0
Gym endings cumulative       : terminated=9569, truncated=231

[Episode 9900/12000 | last 100]
success rate                : 0.0% (cumulative 0.0%)
failure rate                : 0.0% (cumulative 0.0%)
completed cycles / episode  : 0.000
synthetic task reward       : 0.000
shaping reward              : -89.974
learning reward             : -89.974
episode length              : 309.9
abstract changes / episode  : 8.9
same abstract-state steps   : 97.1%
same-state shaping / episode: 0.000
changed-state shaping / ep. : -89.974
terminal shaping / episode  : -0.961
DFA transitions / episode   : 0.14
DFA transitions in window   : 1->2: 14
epsilon (next episode)       : 0.13804
replay buffer                : 300000 samples [1: 95.2%, 2: 4.8%, 3: 0.1%, 4: 0.0%, 5: 0.0%]
DFA state visits in window   : 1: 30187, 2: 899, 3: 0, 4: 0, 5: 0
DFA state visits cumulative  : 1: 2427032, 2: 153613, 3: 7654, 4: 0, 5: 0
DFA state entries in window  : 1: 100, 2: 14, 3: 0, 4: 0, 5: 0
DFA state entries cumulative : 1: 9900, 2: 1619, 3: 176, 4: 0, 5: 0
transitions cumulative       : 1->2: 1619, 2->3: 176
accepted directly from s0    : 0
Gym endings cumulative       : terminated=9668, truncated=232

[Episode 10000/12000 | last 100]
success rate                : 0.0% (cumulative 0.0%)
failure rate                : 0.0% (cumulative 0.0%)
completed cycles / episode  : 0.000
synthetic task reward       : 0.000
shaping reward              : -25.295
learning reward             : -25.295
episode length              : 515.6
abstract changes / episode  : 10.0
same abstract-state steps   : 98.1%
same-state shaping / episode: 0.000
changed-state shaping / ep. : -25.295
terminal shaping / episode  : -0.961
DFA transitions / episode   : 0.16
DFA transitions in window   : 1->2: 16
epsilon (next episode)       : 0.13531
replay buffer                : 300000 samples [1: 96.3%, 2: 3.6%, 3: 0.1%, 4: 0.0%, 5: 0.0%]
DFA state visits in window   : 1: 50858, 2: 802, 3: 0, 4: 0, 5: 0
DFA state visits cumulative  : 1: 2477890, 2: 154415, 3: 7654, 4: 0, 5: 0
DFA state entries in window  : 1: 100, 2: 16, 3: 0, 4: 0, 5: 0
DFA state entries cumulative : 1: 10000, 2: 1635, 3: 176, 4: 0, 5: 0
transitions cumulative       : 1->2: 1635, 2->3: 176
accepted directly from s0    : 0
Gym endings cumulative       : terminated=9755, truncated=245

Starting autonomous greedy evaluation at episode 10000 (1000 fixed-seed episodes)...
[Greedy evaluation at episode 10000 | 1000 fixed-seed episodes]
success=0.0%, failure=0.0%, task reward=0.000, length=285.8
DFA transitions: 1->2: 47

[Episode 10100/12000 | last 100]
success rate                : 0.0% (cumulative 0.0%)
failure rate                : 0.0% (cumulative 0.0%)
completed cycles / episode  : 0.000
synthetic task reward       : 0.000
shaping reward              : 5.234
learning reward             : 5.234
episode length              : 381.4
abstract changes / episode  : 8.0
same abstract-state steps   : 97.9%
same-state shaping / episode: 0.000
changed-state shaping / ep. : 5.234
terminal shaping / episode  : 0.000
DFA transitions / episode   : 0.13
DFA transitions in window   : 1->2: 13
epsilon (next episode)       : 0.13263
replay buffer                : 300000 samples [1: 97.7%, 2: 2.3%, 3: 0.0%, 4: 0.0%, 5: 0.0%]
DFA state visits in window   : 1: 37522, 2: 713, 3: 0, 4: 0, 5: 0
DFA state visits cumulative  : 1: 2515412, 2: 155128, 3: 7654, 4: 0, 5: 0
DFA state entries in window  : 1: 100, 2: 13, 3: 0, 4: 0, 5: 0
DFA state entries cumulative : 1: 10100, 2: 1648, 3: 176, 4: 0, 5: 0
transitions cumulative       : 1->2: 1648, 2->3: 176
accepted directly from s0    : 0
Gym endings cumulative       : terminated=9849, truncated=251

[Episode 10200/12000 | last 100]
success rate                : 0.0% (cumulative 0.0%)
failure rate                : 0.0% (cumulative 0.0%)
completed cycles / episode  : 0.000
synthetic task reward       : 0.000
shaping reward              : 1.353
learning reward             : 1.353
episode length              : 365.7
abstract changes / episode  : 8.0
same abstract-state steps   : 97.8%
same-state shaping / episode: 0.000
changed-state shaping / ep. : 1.353
terminal shaping / episode  : 0.000
DFA transitions / episode   : 0.24
DFA transitions in window   : 1->2: 21, 2->3: 3
epsilon (next episode)       : 0.13000
replay buffer                : 300000 samples [1: 97.5%, 2: 2.5%, 3: 0.0%, 4: 0.0%, 5: 0.0%]
DFA state visits in window   : 1: 34619, 2: 1979, 3: 71, 4: 0, 5: 0
DFA state visits cumulative  : 1: 2550031, 2: 157107, 3: 7725, 4: 0, 5: 0
DFA state entries in window  : 1: 100, 2: 21, 3: 3, 4: 0, 5: 0
DFA state entries cumulative : 1: 10200, 2: 1669, 3: 179, 4: 0, 5: 0
transitions cumulative       : 1->2: 1669, 2->3: 179
accepted directly from s0    : 0
Gym endings cumulative       : terminated=9942, truncated=258

[Episode 10300/12000 | last 100]
success rate                : 0.0% (cumulative 0.0%)
failure rate                : 0.0% (cumulative 0.0%)
completed cycles / episode  : 0.000
synthetic task reward       : 0.000
shaping reward              : -33.882
learning reward             : -33.882
episode length              : 379.5
abstract changes / episode  : 9.5
same abstract-state steps   : 97.5%
same-state shaping / episode: 0.000
changed-state shaping / ep. : -33.882
terminal shaping / episode  : -0.951
DFA transitions / episode   : 0.22
DFA transitions in window   : 1->2: 20, 2->3: 2
epsilon (next episode)       : 0.12743
replay buffer                : 300000 samples [1: 97.2%, 2: 2.7%, 3: 0.1%, 4: 0.0%, 5: 0.0%]
DFA state visits in window   : 1: 36121, 2: 1870, 3: 58, 4: 0, 5: 0
DFA state visits cumulative  : 1: 2586152, 2: 158977, 3: 7783, 4: 0, 5: 0
DFA state entries in window  : 1: 100, 2: 20, 3: 2, 4: 0, 5: 0
DFA state entries cumulative : 1: 10300, 2: 1689, 3: 181, 4: 0, 5: 0
transitions cumulative       : 1->2: 1689, 2->3: 181
accepted directly from s0    : 0
Gym endings cumulative       : terminated=10033, truncated=267

[Episode 10400/12000 | last 100]
success rate                : 0.0% (cumulative 0.0%)
failure rate                : 0.0% (cumulative 0.0%)
completed cycles / episode  : 0.000
synthetic task reward       : 0.000
shaping reward              : -38.561
learning reward             : -38.561
episode length              : 340.9
abstract changes / episode  : 8.2
same abstract-state steps   : 97.6%
same-state shaping / episode: 0.000
changed-state shaping / ep. : -38.561
terminal shaping / episode  : 0.000
DFA transitions / episode   : 0.18
DFA transitions in window   : 1->2: 17, 2->3: 1
epsilon (next episode)       : 0.12490
replay buffer                : 300000 samples [1: 96.9%, 2: 3.0%, 3: 0.1%, 4: 0.0%, 5: 0.0%]
DFA state visits in window   : 1: 33147, 2: 1030, 3: 14, 4: 0, 5: 0
DFA state visits cumulative  : 1: 2619299, 2: 160007, 3: 7797, 4: 0, 5: 0
DFA state entries in window  : 1: 100, 2: 17, 3: 1, 4: 0, 5: 0
DFA state entries cumulative : 1: 10400, 2: 1706, 3: 182, 4: 0, 5: 0
transitions cumulative       : 1->2: 1706, 2->3: 182
accepted directly from s0    : 0
Gym endings cumulative       : terminated=10125, truncated=275

[Episode 10500/12000 | last 100]
success rate                : 0.0% (cumulative 0.0%)
failure rate                : 0.0% (cumulative 0.0%)
completed cycles / episode  : 0.000
synthetic task reward       : 0.000
shaping reward              : -35.727
learning reward             : -35.727
episode length              : 338.5
abstract changes / episode  : 7.6
same abstract-state steps   : 97.8%
same-state shaping / episode: 0.000
changed-state shaping / ep. : -35.727
terminal shaping / episode  : 0.000
DFA transitions / episode   : 0.25
DFA transitions in window   : 1->2: 24, 2->3: 1
epsilon (next episode)       : 0.12243
replay buffer                : 300000 samples [1: 96.3%, 2: 3.7%, 3: 0.1%, 4: 0.0%, 5: 0.0%]
DFA state visits in window   : 1: 31916, 2: 2018, 3: 14, 4: 0, 5: 0
DFA state visits cumulative  : 1: 2651215, 2: 162025, 3: 7811, 4: 0, 5: 0
DFA state entries in window  : 1: 100, 2: 24, 3: 1, 4: 0, 5: 0
DFA state entries cumulative : 1: 10500, 2: 1730, 3: 183, 4: 0, 5: 0
transitions cumulative       : 1->2: 1730, 2->3: 183
accepted directly from s0    : 0
Gym endings cumulative       : terminated=10220, truncated=280

Starting autonomous greedy evaluation at episode 10500 (1000 fixed-seed episodes)...
[Greedy evaluation at episode 10500 | 1000 fixed-seed episodes]
success=0.0%, failure=0.0%, task reward=0.000, length=247.5
DFA transitions: 1->2: 481

[Episode 10600/12000 | last 100]
success rate                : 0.0% (cumulative 0.0%)
failure rate                : 0.0% (cumulative 0.0%)
completed cycles / episode  : 0.000
synthetic task reward       : 0.000
shaping reward              : -22.355
learning reward             : -22.355
episode length              : 349.2
abstract changes / episode  : 9.4
same abstract-state steps   : 97.3%
same-state shaping / episode: 0.000
changed-state shaping / ep. : -22.355
terminal shaping / episode  : -2.844
DFA transitions / episode   : 0.27
DFA transitions in window   : 1->2: 26, 2->3: 1
epsilon (next episode)       : 0.12001
replay buffer                : 300000 samples [1: 96.4%, 2: 3.5%, 3: 0.1%, 4: 0.0%, 5: 0.0%]
DFA state visits in window   : 1: 33674, 2: 1299, 3: 44, 4: 0, 5: 0
DFA state visits cumulative  : 1: 2684889, 2: 163324, 3: 7855, 4: 0, 5: 0
DFA state entries in window  : 1: 100, 2: 26, 3: 1, 4: 0, 5: 0
DFA state entries cumulative : 1: 10600, 2: 1756, 3: 184, 4: 0, 5: 0
transitions cumulative       : 1->2: 1756, 2->3: 184
accepted directly from s0    : 0
Gym endings cumulative       : terminated=10316, truncated=285

[Episode 10700/12000 | last 100]
success rate                : 0.0% (cumulative 0.0%)
failure rate                : 0.0% (cumulative 0.0%)
completed cycles / episode  : 0.000
synthetic task reward       : 0.000
shaping reward              : -68.081
learning reward             : -68.081
episode length              : 376.8
abstract changes / episode  : 10.6
same abstract-state steps   : 97.2%
same-state shaping / episode: 0.000
changed-state shaping / ep. : -68.081
terminal shaping / episode  : -1.902
DFA transitions / episode   : 0.19
DFA transitions in window   : 1->2: 19
epsilon (next episode)       : 0.11763
replay buffer                : 300000 samples [1: 96.5%, 2: 3.4%, 3: 0.1%, 4: 0.0%, 5: 0.0%]
DFA state visits in window   : 1: 36999, 2: 780, 3: 0, 4: 0, 5: 0
DFA state visits cumulative  : 1: 2721888, 2: 164104, 3: 7855, 4: 0, 5: 0
DFA state entries in window  : 1: 100, 2: 19, 3: 0, 4: 0, 5: 0
DFA state entries cumulative : 1: 10700, 2: 1775, 3: 184, 4: 0, 5: 0
transitions cumulative       : 1->2: 1775, 2->3: 184
accepted directly from s0    : 0
Gym endings cumulative       : terminated=10414, truncated=287

[Episode 10800/12000 | last 100]
success rate                : 0.0% (cumulative 0.0%)
failure rate                : 0.0% (cumulative 0.0%)
completed cycles / episode  : 0.000
synthetic task reward       : 0.000
shaping reward              : -51.020
learning reward             : -51.020
episode length              : 382.4
abstract changes / episode  : 9.8
same abstract-state steps   : 97.4%
same-state shaping / episode: 0.000
changed-state shaping / ep. : -51.020
terminal shaping / episode  : 0.000
DFA transitions / episode   : 0.26
DFA transitions in window   : 1->2: 25, 2->3: 1
epsilon (next episode)       : 0.11530
replay buffer                : 300000 samples [1: 96.1%, 2: 3.8%, 3: 0.1%, 4: 0.0%, 5: 0.0%]
DFA state visits in window   : 1: 36448, 2: 1874, 3: 22, 4: 0, 5: 0
DFA state visits cumulative  : 1: 2758336, 2: 165978, 3: 7877, 4: 0, 5: 0
DFA state entries in window  : 1: 100, 2: 25, 3: 1, 4: 0, 5: 0
DFA state entries cumulative : 1: 10800, 2: 1800, 3: 185, 4: 0, 5: 0
transitions cumulative       : 1->2: 1800, 2->3: 185
accepted directly from s0    : 0
Gym endings cumulative       : terminated=10509, truncated=292

[Episode 10900/12000 | last 100]
success rate                : 0.0% (cumulative 0.0%)
failure rate                : 0.0% (cumulative 0.0%)
completed cycles / episode  : 0.000
synthetic task reward       : 0.000
shaping reward              : -45.141
learning reward             : -45.141
episode length              : 319.3
abstract changes / episode  : 8.4
same abstract-state steps   : 97.4%
same-state shaping / episode: 0.000
changed-state shaping / ep. : -45.141
terminal shaping / episode  : -0.941
DFA transitions / episode   : 0.36
DFA transitions in window   : 1->2: 36
epsilon (next episode)       : 0.11302
replay buffer                : 300000 samples [1: 95.5%, 2: 4.5%, 3: 0.1%, 4: 0.0%, 5: 0.0%]
DFA state visits in window   : 1: 29536, 2: 2490, 3: 0, 4: 0, 5: 0
DFA state visits cumulative  : 1: 2787872, 2: 168468, 3: 7877, 4: 0, 5: 0
DFA state entries in window  : 1: 100, 2: 36, 3: 0, 4: 0, 5: 0
DFA state entries cumulative : 1: 10900, 2: 1836, 3: 185, 4: 0, 5: 0
transitions cumulative       : 1->2: 1836, 2->3: 185
accepted directly from s0    : 0
Gym endings cumulative       : terminated=10607, truncated=294

[Episode 11000/12000 | last 100]
success rate                : 0.0% (cumulative 0.0%)
failure rate                : 0.0% (cumulative 0.0%)
completed cycles / episode  : 0.000
synthetic task reward       : 0.000
shaping reward              : -50.915
learning reward             : -50.915
episode length              : 396.1
abstract changes / episode  : 8.9
same abstract-state steps   : 97.8%
same-state shaping / episode: 0.000
changed-state shaping / ep. : -50.915
terminal shaping / episode  : 0.000
DFA transitions / episode   : 0.09
DFA transitions in window   : 1->2: 9
epsilon (next episode)       : 0.11078
replay buffer                : 300000 samples [1: 95.5%, 2: 4.4%, 3: 0.1%, 4: 0.0%, 5: 0.0%]
DFA state visits in window   : 1: 38978, 2: 734, 3: 0, 4: 0, 5: 0
DFA state visits cumulative  : 1: 2826850, 2: 169202, 3: 7877, 4: 0, 5: 0
DFA state entries in window  : 1: 100, 2: 9, 3: 0, 4: 0, 5: 0
DFA state entries cumulative : 1: 11000, 2: 1845, 3: 185, 4: 0, 5: 0
transitions cumulative       : 1->2: 1845, 2->3: 185
accepted directly from s0    : 0
Gym endings cumulative       : terminated=10697, truncated=304

Starting autonomous greedy evaluation at episode 11000 (1000 fixed-seed episodes)...
[Greedy evaluation at episode 11000 | 1000 fixed-seed episodes]
success=0.0%, failure=0.0%, task reward=0.000, length=333.0
DFA transitions: 1->2: 21

[Episode 11100/12000 | last 100]
success rate                : 0.0% (cumulative 0.0%)
failure rate                : 0.0% (cumulative 0.0%)
completed cycles / episode  : 0.000
synthetic task reward       : 0.000
shaping reward              : -64.114
learning reward             : -64.114
episode length              : 266.9
abstract changes / episode  : 6.9
same abstract-state steps   : 97.4%
same-state shaping / episode: 0.000
changed-state shaping / ep. : -64.114
terminal shaping / episode  : 0.000
DFA transitions / episode   : 0.14
DFA transitions in window   : 1->2: 14
epsilon (next episode)       : 0.10858
replay buffer                : 300000 samples [1: 96.0%, 2: 4.0%, 3: 0.0%, 4: 0.0%, 5: 0.0%]
DFA state visits in window   : 1: 26373, 2: 418, 3: 0, 4: 0, 5: 0
DFA state visits cumulative  : 1: 2853223, 2: 169620, 3: 7877, 4: 0, 5: 0
DFA state entries in window  : 1: 100, 2: 14, 3: 0, 4: 0, 5: 0
DFA state entries cumulative : 1: 11100, 2: 1859, 3: 185, 4: 0, 5: 0
transitions cumulative       : 1->2: 1859, 2->3: 185
accepted directly from s0    : 0
Gym endings cumulative       : terminated=10795, truncated=306

[Episode 11200/12000 | last 100]
success rate                : 0.0% (cumulative 0.0%)
failure rate                : 0.0% (cumulative 0.0%)
completed cycles / episode  : 0.000
synthetic task reward       : 0.000
shaping reward              : 2.419
learning reward             : 2.419
episode length              : 181.0
abstract changes / episode  : 5.5
same abstract-state steps   : 96.9%
same-state shaping / episode: 0.000
changed-state shaping / ep. : 2.419
terminal shaping / episode  : -2.853
DFA transitions / episode   : 0.14
DFA transitions in window   : 1->2: 14
epsilon (next episode)       : 0.10643
replay buffer                : 300000 samples [1: 96.1%, 2: 3.9%, 3: 0.0%, 4: 0.0%, 5: 0.0%]
DFA state visits in window   : 1: 17663, 2: 535, 3: 0, 4: 0, 5: 0
DFA state visits cumulative  : 1: 2870886, 2: 170155, 3: 7877, 4: 0, 5: 0
DFA state entries in window  : 1: 100, 2: 14, 3: 0, 4: 0, 5: 0
DFA state entries cumulative : 1: 11200, 2: 1873, 3: 185, 4: 0, 5: 0
transitions cumulative       : 1->2: 1873, 2->3: 185
accepted directly from s0    : 0
Gym endings cumulative       : terminated=10895, truncated=306

[Episode 11300/12000 | last 100]
success rate                : 0.0% (cumulative 0.0%)
failure rate                : 0.0% (cumulative 0.0%)
completed cycles / episode  : 0.000
synthetic task reward       : 0.000
shaping reward              : -28.926
learning reward             : -28.926
episode length              : 181.2
abstract changes / episode  : 5.2
same abstract-state steps   : 97.1%
same-state shaping / episode: 0.000
changed-state shaping / ep. : -28.926
terminal shaping / episode  : -1.892
DFA transitions / episode   : 0.07
DFA transitions in window   : 1->2: 7
epsilon (next episode)       : 0.10433
replay buffer                : 300000 samples [1: 96.5%, 2: 3.5%, 3: 0.0%, 4: 0.0%, 5: 0.0%]
DFA state visits in window   : 1: 18008, 2: 217, 3: 0, 4: 0, 5: 0
DFA state visits cumulative  : 1: 2888894, 2: 170372, 3: 7877, 4: 0, 5: 0
DFA state entries in window  : 1: 100, 2: 7, 3: 0, 4: 0, 5: 0
DFA state entries cumulative : 1: 11300, 2: 1880, 3: 185, 4: 0, 5: 0
transitions cumulative       : 1->2: 1880, 2->3: 185
accepted directly from s0    : 0
Gym endings cumulative       : terminated=10995, truncated=306

[Episode 11400/12000 | last 100]
success rate                : 0.0% (cumulative 0.0%)
failure rate                : 0.0% (cumulative 0.0%)
completed cycles / episode  : 0.000
synthetic task reward       : 0.000
shaping reward              : -43.345
learning reward             : -43.345
episode length              : 240.6
abstract changes / episode  : 6.7
same abstract-state steps   : 97.2%
same-state shaping / episode: 0.000
changed-state shaping / ep. : -43.345
terminal shaping / episode  : 0.000
DFA transitions / episode   : 0.18
DFA transitions in window   : 1->2: 18
epsilon (next episode)       : 0.10226
replay buffer                : 300000 samples [1: 96.2%, 2: 3.8%, 3: 0.0%, 4: 0.0%, 5: 0.0%]
DFA state visits in window   : 1: 23011, 2: 1151, 3: 0, 4: 0, 5: 0
DFA state visits cumulative  : 1: 2911905, 2: 171523, 3: 7877, 4: 0, 5: 0
DFA state entries in window  : 1: 100, 2: 18, 3: 0, 4: 0, 5: 0
DFA state entries cumulative : 1: 11400, 2: 1898, 3: 185, 4: 0, 5: 0
transitions cumulative       : 1->2: 1898, 2->3: 185
accepted directly from s0    : 0
Gym endings cumulative       : terminated=11095, truncated=306

[Episode 11500/12000 | last 100]
success rate                : 0.0% (cumulative 0.0%)
failure rate                : 0.0% (cumulative 0.0%)
completed cycles / episode  : 0.000
synthetic task reward       : 0.000
shaping reward              : 16.732
learning reward             : 16.732
episode length              : 232.8
abstract changes / episode  : 6.0
same abstract-state steps   : 97.4%
same-state shaping / episode: 0.000
changed-state shaping / ep. : 16.732
terminal shaping / episode  : 0.000
DFA transitions / episode   : 0.10
DFA transitions in window   : 1->2: 10
epsilon (next episode)       : 0.10024
replay buffer                : 300000 samples [1: 96.4%, 2: 3.6%, 3: 0.0%, 4: 0.0%, 5: 0.0%]
DFA state visits in window   : 1: 22745, 2: 631, 3: 0, 4: 0, 5: 0
DFA state visits cumulative  : 1: 2934650, 2: 172154, 3: 7877, 4: 0, 5: 0
DFA state entries in window  : 1: 100, 2: 10, 3: 0, 4: 0, 5: 0
DFA state entries cumulative : 1: 11500, 2: 1908, 3: 185, 4: 0, 5: 0
transitions cumulative       : 1->2: 1908, 2->3: 185
accepted directly from s0    : 0
Gym endings cumulative       : terminated=11195, truncated=306

Starting autonomous greedy evaluation at episode 11500 (1000 fixed-seed episodes)...
[Greedy evaluation at episode 11500 | 1000 fixed-seed episodes]
success=0.0%, failure=0.0%, task reward=0.000, length=130.3
DFA transitions: 1->2: 22, 2->3: 2

[Episode 11600/12000 | last 100]
success rate                : 0.0% (cumulative 0.0%)
failure rate                : 0.0% (cumulative 0.0%)
completed cycles / episode  : 0.000
synthetic task reward       : 0.000
shaping reward              : 25.129
learning reward             : 25.129
episode length              : 194.4
abstract changes / episode  : 4.4
same abstract-state steps   : 97.7%
same-state shaping / episode: 0.000
changed-state shaping / ep. : 25.129
terminal shaping / episode  : -0.941
DFA transitions / episode   : 0.03
DFA transitions in window   : 1->2: 3
epsilon (next episode)       : 0.09825
replay buffer                : 300000 samples [1: 96.8%, 2: 3.1%, 3: 0.0%, 4: 0.0%, 5: 0.0%]
DFA state visits in window   : 1: 19484, 2: 56, 3: 0, 4: 0, 5: 0
DFA state visits cumulative  : 1: 2954134, 2: 172210, 3: 7877, 4: 0, 5: 0
DFA state entries in window  : 1: 100, 2: 3, 3: 0, 4: 0, 5: 0
DFA state entries cumulative : 1: 11600, 2: 1911, 3: 185, 4: 0, 5: 0
transitions cumulative       : 1->2: 1911, 2->3: 185
accepted directly from s0    : 0
Gym endings cumulative       : terminated=11295, truncated=306

[Episode 11700/12000 | last 100]
success rate                : 0.0% (cumulative 0.0%)
failure rate                : 0.0% (cumulative 0.0%)
completed cycles / episode  : 0.000
synthetic task reward       : 0.000
shaping reward              : -6.150
learning reward             : -6.150
episode length              : 244.1
abstract changes / episode  : 5.9
same abstract-state steps   : 97.6%
same-state shaping / episode: 0.000
changed-state shaping / ep. : -6.150
terminal shaping / episode  : 0.000
DFA transitions / episode   : 0.12
DFA transitions in window   : 1->2: 12
epsilon (next episode)       : 0.09631
replay buffer                : 300000 samples [1: 97.0%, 2: 3.0%, 3: 0.0%, 4: 0.0%, 5: 0.0%]
DFA state visits in window   : 1: 24080, 2: 425, 3: 0, 4: 0, 5: 0
DFA state visits cumulative  : 1: 2978214, 2: 172635, 3: 7877, 4: 0, 5: 0
DFA state entries in window  : 1: 100, 2: 12, 3: 0, 4: 0, 5: 0
DFA state entries cumulative : 1: 11700, 2: 1923, 3: 185, 4: 0, 5: 0
transitions cumulative       : 1->2: 1923, 2->3: 185
accepted directly from s0    : 0
Gym endings cumulative       : terminated=11395, truncated=306

[Episode 11800/12000 | last 100]
success rate                : 0.0% (cumulative 0.0%)
failure rate                : 0.0% (cumulative 0.0%)
completed cycles / episode  : 0.000
synthetic task reward       : 0.000
shaping reward              : -36.043
learning reward             : -36.043
episode length              : 845.3
abstract changes / episode  : 9.6
same abstract-state steps   : 98.9%
same-state shaping / episode: 0.000
changed-state shaping / ep. : -36.043
terminal shaping / episode  : 0.000
DFA transitions / episode   : 0.03
DFA transitions in window   : 1->2: 3
epsilon (next episode)       : 0.09440
replay buffer                : 300000 samples [1: 97.9%, 2: 2.1%, 3: 0.0%, 4: 0.0%, 5: 0.0%]
DFA state visits in window   : 1: 84542, 2: 87, 3: 0, 4: 0, 5: 0
DFA state visits cumulative  : 1: 3062756, 2: 172722, 3: 7877, 4: 0, 5: 0
DFA state entries in window  : 1: 100, 2: 3, 3: 0, 4: 0, 5: 0
DFA state entries cumulative : 1: 11800, 2: 1926, 3: 185, 4: 0, 5: 0
transitions cumulative       : 1->2: 1926, 2->3: 185
accepted directly from s0    : 0
Gym endings cumulative       : terminated=11428, truncated=373

[Episode 11900/12000 | last 100]
success rate                : 0.0% (cumulative 0.0%)
failure rate                : 0.0% (cumulative 0.0%)
completed cycles / episode  : 0.000
synthetic task reward       : 0.000
shaping reward              : -72.798
learning reward             : -72.798
episode length              : 436.3
abstract changes / episode  : 10.7
same abstract-state steps   : 97.5%
same-state shaping / episode: 0.000
changed-state shaping / ep. : -72.798
terminal shaping / episode  : 0.000
DFA transitions / episode   : 0.11
DFA transitions in window   : 1->2: 11
epsilon (next episode)       : 0.09253
replay buffer                : 300000 samples [1: 98.5%, 2: 1.5%, 3: 0.0%, 4: 0.0%, 5: 0.0%]
DFA state visits in window   : 1: 43127, 2: 604, 3: 0, 4: 0, 5: 0
DFA state visits cumulative  : 1: 3105883, 2: 173326, 3: 7877, 4: 0, 5: 0
DFA state entries in window  : 1: 100, 2: 11, 3: 0, 4: 0, 5: 0
DFA state entries cumulative : 1: 11900, 2: 1937, 3: 185, 4: 0, 5: 0
transitions cumulative       : 1->2: 1937, 2->3: 185
accepted directly from s0    : 0
Gym endings cumulative       : terminated=11518, truncated=383

[Episode 12000/12000 | last 100]
success rate                : 0.0% (cumulative 0.0%)
failure rate                : 0.0% (cumulative 0.0%)
completed cycles / episode  : 0.000
synthetic task reward       : 0.000
shaping reward              : -60.377
learning reward             : -60.377
episode length              : 394.1
abstract changes / episode  : 6.9
same abstract-state steps   : 98.3%
same-state shaping / episode: 0.000
changed-state shaping / ep. : -60.377
terminal shaping / episode  : -1.892
DFA transitions / episode   : 0.01
DFA transitions in window   : 1->2: 1
epsilon (next episode)       : 0.09070
replay buffer                : 300000 samples [1: 98.7%, 2: 1.3%, 3: 0.0%, 4: 0.0%, 5: 0.0%]
DFA state visits in window   : 1: 39487, 2: 25, 3: 0, 4: 0, 5: 0
DFA state visits cumulative  : 1: 3145370, 2: 173351, 3: 7877, 4: 0, 5: 0
DFA state entries in window  : 1: 100, 2: 1, 3: 0, 4: 0, 5: 0
DFA state entries cumulative : 1: 12000, 2: 1938, 3: 185, 4: 0, 5: 0
transitions cumulative       : 1->2: 1938, 2->3: 185
accepted directly from s0    : 0
Gym endings cumulative       : terminated=11615, truncated=386

Starting autonomous greedy evaluation at episode 12000 (1000 fixed-seed episodes)...
[Greedy evaluation at episode 12000 | 1000 fixed-seed episodes]
success=0.0%, failure=0.0%, task reward=0.000, length=343.7
DFA transitions: 1->2: 17
Last policy saved after episode 12000. Best greedy evaluation: episode 500, mean task reward=0.000
