
=== NEW RUN ===
episodes=12000, shaping=True, goal_reward=10000.0, gamma=0.99
gamma_shaping=1.0, shaping_formula=gamma_shaping*Phi(next)-Phi(state)
ground_unbiased_learner=False
eval_interval=500, eval_episodes=1000, eval_seed=100000
inter_level_shaping=False, inter_level_formula=gamma*Phi(next)-Phi(state)
task_type=ltlf, task=F(wp1 & X(F(wp2 & X(F(wp3 & X(F(g1)))))))
regions={wp1: {'center': [-0.75, 1.0625], 'radius': 0.1}, wp2: {'center': [0, 0.6875], 'radius': 0.1}, wp3: {'center': [0, 1.0625], 'radius': 0.1}, g1: {'center': [0.75, 1.0625], 'radius': 0.1}}
dfa_states=[1, 2, 3, 4, 5], pre_trace=1, accepting=[5], failure=[]

[Episode 1/12000 | last 1]
success rate                : 0.0% (cumulative 0.0%)
failure rate                : 0.0% (cumulative 0.0%)
completed cycles / episode  : 0.000
synthetic task reward       : 0.000
shaping reward              : -285.307
learning reward             : -285.307
episode length              : 73.0
abstract changes / episode  : 5.0
same abstract-state steps   : 93.2%
same-state shaping / episode: 0.000
changed-state shaping / ep. : -285.307
terminal shaping / episode  : 0.000
DFA transitions / episode   : 0.00
DFA transitions in window   : none
epsilon (next episode)       : 0.99980
replay buffer                : 73 samples [1: 100.0%, 2: 0.0%, 3: 0.0%, 4: 0.0%, 5: 0.0%]
DFA state visits in window   : 1: 74, 2: 0, 3: 0, 4: 0, 5: 0
DFA state visits cumulative  : 1: 74, 2: 0, 3: 0, 4: 0, 5: 0
DFA state entries in window  : 1: 1, 2: 0, 3: 0, 4: 0, 5: 0
DFA state entries cumulative : 1: 1, 2: 0, 3: 0, 4: 0, 5: 0
transitions cumulative       : none
accepted directly from s0    : 0
Gym endings cumulative       : terminated=1, truncated=0

[Episode 100/12000 | last 100]
success rate                : 0.0% (cumulative 0.0%)
failure rate                : 0.0% (cumulative 0.0%)
completed cycles / episode  : 0.000
synthetic task reward       : 0.000
shaping reward              : -229.716
learning reward             : -229.716
episode length              : 89.4
abstract changes / episode  : 5.7
same abstract-state steps   : 93.6%
same-state shaping / episode: 0.000
changed-state shaping / ep. : -229.716
terminal shaping / episode  : -0.941
DFA transitions / episode   : 0.03
DFA transitions in window   : 1->2: 3
epsilon (next episode)       : 0.98020
replay buffer                : 8941 samples [1: 99.3%, 2: 0.7%, 3: 0.0%, 4: 0.0%, 5: 0.0%]
DFA state visits in window   : 1: 8976, 2: 65, 3: 0, 4: 0, 5: 0
DFA state visits cumulative  : 1: 8976, 2: 65, 3: 0, 4: 0, 5: 0
DFA state entries in window  : 1: 100, 2: 3, 3: 0, 4: 0, 5: 0
DFA state entries cumulative : 1: 100, 2: 3, 3: 0, 4: 0, 5: 0
transitions cumulative       : 1->2: 3
accepted directly from s0    : 0
Gym endings cumulative       : terminated=100, truncated=0

[Episode 200/12000 | last 100]
success rate                : 0.0% (cumulative 0.0%)
failure rate                : 0.0% (cumulative 0.0%)
completed cycles / episode  : 0.000
synthetic task reward       : 0.000
shaping reward              : -222.973
learning reward             : -222.973
episode length              : 92.7
abstract changes / episode  : 5.8
same abstract-state steps   : 93.8%
same-state shaping / episode: 0.000
changed-state shaping / ep. : -222.973
terminal shaping / episode  : 0.000
DFA transitions / episode   : 0.03
DFA transitions in window   : 1->2: 3
epsilon (next episode)       : 0.96079
replay buffer                : 18210 samples [1: 99.4%, 2: 0.6%, 3: 0.0%, 4: 0.0%, 5: 0.0%]
DFA state visits in window   : 1: 9310, 2: 59, 3: 0, 4: 0, 5: 0
DFA state visits cumulative  : 1: 18286, 2: 124, 3: 0, 4: 0, 5: 0
DFA state entries in window  : 1: 100, 2: 3, 3: 0, 4: 0, 5: 0
DFA state entries cumulative : 1: 200, 2: 6, 3: 0, 4: 0, 5: 0
transitions cumulative       : 1->2: 6
accepted directly from s0    : 0
Gym endings cumulative       : terminated=200, truncated=0

[Episode 300/12000 | last 100]
success rate                : 0.0% (cumulative 0.0%)
failure rate                : 0.0% (cumulative 0.0%)
completed cycles / episode  : 0.000
synthetic task reward       : 0.000
shaping reward              : -232.589
learning reward             : -232.589
episode length              : 93.0
abstract changes / episode  : 5.9
same abstract-state steps   : 93.7%
same-state shaping / episode: 0.000
changed-state shaping / ep. : -232.589
terminal shaping / episode  : 0.000
DFA transitions / episode   : 0.02
DFA transitions in window   : 1->2: 2
epsilon (next episode)       : 0.94176
replay buffer                : 27515 samples [1: 99.4%, 2: 0.6%, 3: 0.0%, 4: 0.0%, 5: 0.0%]
DFA state visits in window   : 1: 9369, 2: 36, 3: 0, 4: 0, 5: 0
DFA state visits cumulative  : 1: 27655, 2: 160, 3: 0, 4: 0, 5: 0
DFA state entries in window  : 1: 100, 2: 2, 3: 0, 4: 0, 5: 0
DFA state entries cumulative : 1: 300, 2: 8, 3: 0, 4: 0, 5: 0
transitions cumulative       : 1->2: 8
accepted directly from s0    : 0
Gym endings cumulative       : terminated=300, truncated=0

[Episode 400/12000 | last 100]
success rate                : 0.0% (cumulative 0.0%)
failure rate                : 0.0% (cumulative 0.0%)
completed cycles / episode  : 0.000
synthetic task reward       : 0.000
shaping reward              : -232.550
learning reward             : -232.550
episode length              : 106.7
abstract changes / episode  : 5.8
same abstract-state steps   : 94.5%
same-state shaping / episode: 0.000
changed-state shaping / ep. : -232.550
terminal shaping / episode  : -0.941
DFA transitions / episode   : 0.02
DFA transitions in window   : 1->2: 2
epsilon (next episode)       : 0.92311
replay buffer                : 38185 samples [1: 99.5%, 2: 0.5%, 3: 0.0%, 4: 0.0%, 5: 0.0%]
DFA state visits in window   : 1: 10720, 2: 50, 3: 0, 4: 0, 5: 0
DFA state visits cumulative  : 1: 38375, 2: 210, 3: 0, 4: 0, 5: 0
DFA state entries in window  : 1: 100, 2: 2, 3: 0, 4: 0, 5: 0
DFA state entries cumulative : 1: 400, 2: 10, 3: 0, 4: 0, 5: 0
transitions cumulative       : 1->2: 10
accepted directly from s0    : 0
Gym endings cumulative       : terminated=399, truncated=1

[Episode 500/12000 | last 100]
success rate                : 0.0% (cumulative 0.0%)
failure rate                : 0.0% (cumulative 0.0%)
completed cycles / episode  : 0.000
synthetic task reward       : 0.000
shaping reward              : -214.510
learning reward             : -214.510
episode length              : 98.1
abstract changes / episode  : 5.9
same abstract-state steps   : 94.0%
same-state shaping / episode: 0.000
changed-state shaping / ep. : -214.510
terminal shaping / episode  : 0.000
DFA transitions / episode   : 0.04
DFA transitions in window   : 1->2: 4
epsilon (next episode)       : 0.90483
replay buffer                : 47995 samples [1: 99.4%, 2: 0.6%, 3: 0.0%, 4: 0.0%, 5: 0.0%]
DFA state visits in window   : 1: 9824, 2: 86, 3: 0, 4: 0, 5: 0
DFA state visits cumulative  : 1: 48199, 2: 296, 3: 0, 4: 0, 5: 0
DFA state entries in window  : 1: 100, 2: 4, 3: 0, 4: 0, 5: 0
DFA state entries cumulative : 1: 500, 2: 14, 3: 0, 4: 0, 5: 0
transitions cumulative       : 1->2: 14
accepted directly from s0    : 0
Gym endings cumulative       : terminated=499, truncated=1

Starting autonomous greedy evaluation at episode 500 (1000 fixed-seed episodes)...
[Greedy evaluation at episode 500 | 1000 fixed-seed episodes]
success=0.0%, failure=0.0%, task reward=0.000, length=191.8
DFA transitions: 1->2: 244
Best policy updated from autonomous greedy evaluation at episode 500.

[Episode 600/12000 | last 100]
success rate                : 0.0% (cumulative 0.0%)
failure rate                : 0.0% (cumulative 0.0%)
completed cycles / episode  : 0.000
synthetic task reward       : 0.000
shaping reward              : -232.522
learning reward             : -232.522
episode length              : 99.1
abstract changes / episode  : 5.9
same abstract-state steps   : 94.1%
same-state shaping / episode: 0.000
changed-state shaping / ep. : -232.522
terminal shaping / episode  : -1.883
DFA transitions / episode   : 0.01
DFA transitions in window   : 1->2: 1
epsilon (next episode)       : 0.88691
replay buffer                : 57905 samples [1: 99.5%, 2: 0.5%, 3: 0.0%, 4: 0.0%, 5: 0.0%]
DFA state visits in window   : 1: 9978, 2: 32, 3: 0, 4: 0, 5: 0
DFA state visits cumulative  : 1: 58177, 2: 328, 3: 0, 4: 0, 5: 0
DFA state entries in window  : 1: 100, 2: 1, 3: 0, 4: 0, 5: 0
DFA state entries cumulative : 1: 600, 2: 15, 3: 0, 4: 0, 5: 0
transitions cumulative       : 1->2: 15
accepted directly from s0    : 0
Gym endings cumulative       : terminated=599, truncated=1

[Episode 700/12000 | last 100]
success rate                : 0.0% (cumulative 0.0%)
failure rate                : 0.0% (cumulative 0.0%)
completed cycles / episode  : 0.000
synthetic task reward       : 0.000
shaping reward              : -217.343
learning reward             : -217.343
episode length              : 99.0
abstract changes / episode  : 5.9
same abstract-state steps   : 94.1%
same-state shaping / episode: 0.000
changed-state shaping / ep. : -217.343
terminal shaping / episode  : 0.000
DFA transitions / episode   : 0.03
DFA transitions in window   : 1->2: 3
epsilon (next episode)       : 0.86935
replay buffer                : 67810 samples [1: 99.5%, 2: 0.5%, 3: 0.0%, 4: 0.0%, 5: 0.0%]
DFA state visits in window   : 1: 9943, 2: 62, 3: 0, 4: 0, 5: 0
DFA state visits cumulative  : 1: 68120, 2: 390, 3: 0, 4: 0, 5: 0
DFA state entries in window  : 1: 100, 2: 3, 3: 0, 4: 0, 5: 0
DFA state entries cumulative : 1: 700, 2: 18, 3: 0, 4: 0, 5: 0
transitions cumulative       : 1->2: 18
accepted directly from s0    : 0
Gym endings cumulative       : terminated=699, truncated=1

[Episode 800/12000 | last 100]
success rate                : 0.0% (cumulative 0.0%)
failure rate                : 0.0% (cumulative 0.0%)
completed cycles / episode  : 0.000
synthetic task reward       : 0.000
shaping reward              : -226.816
learning reward             : -226.816
episode length              : 100.3
abstract changes / episode  : 6.0
same abstract-state steps   : 94.0%
same-state shaping / episode: 0.000
changed-state shaping / ep. : -226.816
terminal shaping / episode  : -0.941
DFA transitions / episode   : 0.03
DFA transitions in window   : 1->2: 3
epsilon (next episode)       : 0.85213
replay buffer                : 77841 samples [1: 99.4%, 2: 0.6%, 3: 0.0%, 4: 0.0%, 5: 0.0%]
DFA state visits in window   : 1: 10071, 2: 60, 3: 0, 4: 0, 5: 0
DFA state visits cumulative  : 1: 78191, 2: 450, 3: 0, 4: 0, 5: 0
DFA state entries in window  : 1: 100, 2: 3, 3: 0, 4: 0, 5: 0
DFA state entries cumulative : 1: 800, 2: 21, 3: 0, 4: 0, 5: 0
transitions cumulative       : 1->2: 21
accepted directly from s0    : 0
Gym endings cumulative       : terminated=799, truncated=1

[Episode 900/12000 | last 100]
success rate                : 0.0% (cumulative 0.0%)
failure rate                : 0.0% (cumulative 0.0%)
completed cycles / episode  : 0.000
synthetic task reward       : 0.000
shaping reward              : -228.698
learning reward             : -228.698
episode length              : 109.9
abstract changes / episode  : 5.9
same abstract-state steps   : 94.7%
same-state shaping / episode: 0.000
changed-state shaping / ep. : -228.698
terminal shaping / episode  : -0.941
DFA transitions / episode   : 0.01
DFA transitions in window   : 1->2: 1
epsilon (next episode)       : 0.83526
replay buffer                : 88830 samples [1: 99.5%, 2: 0.5%, 3: 0.0%, 4: 0.0%, 5: 0.0%]
DFA state visits in window   : 1: 11071, 2: 18, 3: 0, 4: 0, 5: 0
DFA state visits cumulative  : 1: 89262, 2: 468, 3: 0, 4: 0, 5: 0
DFA state entries in window  : 1: 100, 2: 1, 3: 0, 4: 0, 5: 0
DFA state entries cumulative : 1: 900, 2: 22, 3: 0, 4: 0, 5: 0
transitions cumulative       : 1->2: 22
accepted directly from s0    : 0
Gym endings cumulative       : terminated=898, truncated=2

[Episode 1000/12000 | last 100]
success rate                : 0.0% (cumulative 0.0%)
failure rate                : 0.0% (cumulative 0.0%)
completed cycles / episode  : 0.000
synthetic task reward       : 0.000
shaping reward              : -228.727
learning reward             : -228.727
episode length              : 105.2
abstract changes / episode  : 5.9
same abstract-state steps   : 94.4%
same-state shaping / episode: 0.000
changed-state shaping / ep. : -228.727
terminal shaping / episode  : 0.000
DFA transitions / episode   : 0.02
DFA transitions in window   : 1->2: 2
epsilon (next episode)       : 0.81871
replay buffer                : 99346 samples [1: 99.5%, 2: 0.5%, 3: 0.0%, 4: 0.0%, 5: 0.0%]
DFA state visits in window   : 1: 10575, 2: 41, 3: 0, 4: 0, 5: 0
DFA state visits cumulative  : 1: 99837, 2: 509, 3: 0, 4: 0, 5: 0
DFA state entries in window  : 1: 100, 2: 2, 3: 0, 4: 0, 5: 0
DFA state entries cumulative : 1: 1000, 2: 24, 3: 0, 4: 0, 5: 0
transitions cumulative       : 1->2: 24
accepted directly from s0    : 0
Gym endings cumulative       : terminated=998, truncated=2

Starting autonomous greedy evaluation at episode 1000 (1000 fixed-seed episodes)...
[Greedy evaluation at episode 1000 | 1000 fixed-seed episodes]
success=0.0%, failure=0.0%, task reward=0.000, length=166.5
DFA transitions: 1->2: 48
Best policy updated from autonomous greedy evaluation at episode 1000.

[Episode 1100/12000 | last 100]
success rate                : 0.0% (cumulative 0.0%)
failure rate                : 0.0% (cumulative 0.0%)
completed cycles / episode  : 0.000
synthetic task reward       : 0.000
shaping reward              : -223.991
learning reward             : -223.991
episode length              : 111.9
abstract changes / episode  : 5.9
same abstract-state steps   : 94.7%
same-state shaping / episode: 0.000
changed-state shaping / ep. : -223.991
terminal shaping / episode  : 0.000
DFA transitions / episode   : 0.03
DFA transitions in window   : 1->2: 3
epsilon (next episode)       : 0.80250
replay buffer                : 110539 samples [1: 99.5%, 2: 0.5%, 3: 0.0%, 4: 0.0%, 5: 0.0%]
DFA state visits in window   : 1: 11215, 2: 78, 3: 0, 4: 0, 5: 0
DFA state visits cumulative  : 1: 111052, 2: 587, 3: 0, 4: 0, 5: 0
DFA state entries in window  : 1: 100, 2: 3, 3: 0, 4: 0, 5: 0
DFA state entries cumulative : 1: 1100, 2: 27, 3: 0, 4: 0, 5: 0
transitions cumulative       : 1->2: 27
accepted directly from s0    : 0
Gym endings cumulative       : terminated=1098, truncated=2

[Episode 1200/12000 | last 100]
success rate                : 0.0% (cumulative 0.0%)
failure rate                : 0.0% (cumulative 0.0%)
completed cycles / episode  : 0.000
synthetic task reward       : 0.000
shaping reward              : -218.285
learning reward             : -218.285
episode length              : 107.4
abstract changes / episode  : 5.7
same abstract-state steps   : 94.7%
same-state shaping / episode: 0.000
changed-state shaping / ep. : -218.285
terminal shaping / episode  : 0.000
DFA transitions / episode   : 0.01
DFA transitions in window   : 1->2: 1
epsilon (next episode)       : 0.78661
replay buffer                : 121278 samples [1: 99.5%, 2: 0.5%, 3: 0.0%, 4: 0.0%, 5: 0.0%]
DFA state visits in window   : 1: 10815, 2: 24, 3: 0, 4: 0, 5: 0
DFA state visits cumulative  : 1: 121867, 2: 611, 3: 0, 4: 0, 5: 0
DFA state entries in window  : 1: 100, 2: 1, 3: 0, 4: 0, 5: 0
DFA state entries cumulative : 1: 1200, 2: 28, 3: 0, 4: 0, 5: 0
transitions cumulative       : 1->2: 28
accepted directly from s0    : 0
Gym endings cumulative       : terminated=1198, truncated=2

[Episode 1300/12000 | last 100]
success rate                : 0.0% (cumulative 0.0%)
failure rate                : 0.0% (cumulative 0.0%)
completed cycles / episode  : 0.000
synthetic task reward       : 0.000
shaping reward              : -205.903
learning reward             : -205.903
episode length              : 114.5
abstract changes / episode  : 5.7
same abstract-state steps   : 95.0%
same-state shaping / episode: 0.000
changed-state shaping / ep. : -205.903
terminal shaping / episode  : 0.000
DFA transitions / episode   : 0.04
DFA transitions in window   : 1->2: 4
epsilon (next episode)       : 0.77103
replay buffer                : 132733 samples [1: 99.5%, 2: 0.5%, 3: 0.0%, 4: 0.0%, 5: 0.0%]
DFA state visits in window   : 1: 11438, 2: 117, 3: 0, 4: 0, 5: 0
DFA state visits cumulative  : 1: 133305, 2: 728, 3: 0, 4: 0, 5: 0
DFA state entries in window  : 1: 100, 2: 4, 3: 0, 4: 0, 5: 0
DFA state entries cumulative : 1: 1300, 2: 32, 3: 0, 4: 0, 5: 0
transitions cumulative       : 1->2: 32
accepted directly from s0    : 0
Gym endings cumulative       : terminated=1298, truncated=2

[Episode 1400/12000 | last 100]
success rate                : 0.0% (cumulative 0.0%)
failure rate                : 0.0% (cumulative 0.0%)
completed cycles / episode  : 0.000
synthetic task reward       : 0.000
shaping reward              : -204.048
learning reward             : -204.048
episode length              : 114.0
abstract changes / episode  : 5.8
same abstract-state steps   : 94.9%
same-state shaping / episode: 0.000
changed-state shaping / ep. : -204.048
terminal shaping / episode  : 0.000
DFA transitions / episode   : 0.06
DFA transitions in window   : 1->2: 6
epsilon (next episode)       : 0.75576
replay buffer                : 144132 samples [1: 99.4%, 2: 0.6%, 3: 0.0%, 4: 0.0%, 5: 0.0%]
DFA state visits in window   : 1: 11362, 2: 137, 3: 0, 4: 0, 5: 0
DFA state visits cumulative  : 1: 144667, 2: 865, 3: 0, 4: 0, 5: 0
DFA state entries in window  : 1: 100, 2: 6, 3: 0, 4: 0, 5: 0
DFA state entries cumulative : 1: 1400, 2: 38, 3: 0, 4: 0, 5: 0
transitions cumulative       : 1->2: 38
accepted directly from s0    : 0
Gym endings cumulative       : terminated=1398, truncated=2

[Episode 1500/12000 | last 100]
success rate                : 0.0% (cumulative 0.0%)
failure rate                : 0.0% (cumulative 0.0%)
completed cycles / episode  : 0.000
synthetic task reward       : 0.000
shaping reward              : -204.029
learning reward             : -204.029
episode length              : 117.3
abstract changes / episode  : 5.8
same abstract-state steps   : 95.1%
same-state shaping / episode: 0.000
changed-state shaping / ep. : -204.029
terminal shaping / episode  : -1.883
DFA transitions / episode   : 0.06
DFA transitions in window   : 1->2: 6
epsilon (next episode)       : 0.74080
replay buffer                : 155864 samples [1: 99.4%, 2: 0.6%, 3: 0.0%, 4: 0.0%, 5: 0.0%]
DFA state visits in window   : 1: 11711, 2: 121, 3: 0, 4: 0, 5: 0
DFA state visits cumulative  : 1: 156378, 2: 986, 3: 0, 4: 0, 5: 0
DFA state entries in window  : 1: 100, 2: 6, 3: 0, 4: 0, 5: 0
DFA state entries cumulative : 1: 1500, 2: 44, 3: 0, 4: 0, 5: 0
transitions cumulative       : 1->2: 44
accepted directly from s0    : 0
Gym endings cumulative       : terminated=1498, truncated=2

Starting autonomous greedy evaluation at episode 1500 (1000 fixed-seed episodes)...
[Greedy evaluation at episode 1500 | 1000 fixed-seed episodes]
success=0.0%, failure=0.0%, task reward=0.000, length=128.3
DFA transitions: none
Best policy updated from autonomous greedy evaluation at episode 1500.

[Episode 1600/12000 | last 100]
success rate                : 0.0% (cumulative 0.0%)
failure rate                : 0.0% (cumulative 0.0%)
completed cycles / episode  : 0.000
synthetic task reward       : 0.000
shaping reward              : -200.254
learning reward             : -200.254
episode length              : 118.2
abstract changes / episode  : 5.7
same abstract-state steps   : 95.2%
same-state shaping / episode: 0.000
changed-state shaping / ep. : -200.254
terminal shaping / episode  : 0.000
DFA transitions / episode   : 0.06
DFA transitions in window   : 1->2: 6
epsilon (next episode)       : 0.72613
replay buffer                : 167679 samples [1: 99.4%, 2: 0.6%, 3: 0.0%, 4: 0.0%, 5: 0.0%]
DFA state visits in window   : 1: 11798, 2: 117, 3: 0, 4: 0, 5: 0
DFA state visits cumulative  : 1: 168176, 2: 1103, 3: 0, 4: 0, 5: 0
DFA state entries in window  : 1: 100, 2: 6, 3: 0, 4: 0, 5: 0
DFA state entries cumulative : 1: 1600, 2: 50, 3: 0, 4: 0, 5: 0
transitions cumulative       : 1->2: 50
accepted directly from s0    : 0
Gym endings cumulative       : terminated=1598, truncated=2

[Episode 1700/12000 | last 100]
success rate                : 0.0% (cumulative 0.0%)
failure rate                : 0.0% (cumulative 0.0%)
completed cycles / episode  : 0.000
synthetic task reward       : 0.000
shaping reward              : -198.409
learning reward             : -198.409
episode length              : 118.0
abstract changes / episode  : 5.6
same abstract-state steps   : 95.2%
same-state shaping / episode: 0.000
changed-state shaping / ep. : -198.409
terminal shaping / episode  : -0.941
DFA transitions / episode   : 0.02
DFA transitions in window   : 1->2: 2
epsilon (next episode)       : 0.71175
replay buffer                : 179478 samples [1: 99.4%, 2: 0.6%, 3: 0.0%, 4: 0.0%, 5: 0.0%]
DFA state visits in window   : 1: 11841, 2: 58, 3: 0, 4: 0, 5: 0
DFA state visits cumulative  : 1: 180017, 2: 1161, 3: 0, 4: 0, 5: 0
DFA state entries in window  : 1: 100, 2: 2, 3: 0, 4: 0, 5: 0
DFA state entries cumulative : 1: 1700, 2: 52, 3: 0, 4: 0, 5: 0
transitions cumulative       : 1->2: 52
accepted directly from s0    : 0
Gym endings cumulative       : terminated=1698, truncated=2

[Episode 1800/12000 | last 100]
success rate                : 0.0% (cumulative 0.0%)
failure rate                : 0.0% (cumulative 0.0%)
completed cycles / episode  : 0.000
synthetic task reward       : 0.000
shaping reward              : -195.499
learning reward             : -195.499
episode length              : 123.5
abstract changes / episode  : 5.5
same abstract-state steps   : 95.6%
same-state shaping / episode: 0.000
changed-state shaping / ep. : -195.499
terminal shaping / episode  : 0.000
DFA transitions / episode   : 0.03
DFA transitions in window   : 1->2: 3
epsilon (next episode)       : 0.69765
replay buffer                : 191831 samples [1: 99.4%, 2: 0.6%, 3: 0.0%, 4: 0.0%, 5: 0.0%]
DFA state visits in window   : 1: 12384, 2: 69, 3: 0, 4: 0, 5: 0
DFA state visits cumulative  : 1: 192401, 2: 1230, 3: 0, 4: 0, 5: 0
DFA state entries in window  : 1: 100, 2: 3, 3: 0, 4: 0, 5: 0
DFA state entries cumulative : 1: 1800, 2: 55, 3: 0, 4: 0, 5: 0
transitions cumulative       : 1->2: 55
accepted directly from s0    : 0
Gym endings cumulative       : terminated=1798, truncated=2

[Episode 1900/12000 | last 100]
success rate                : 0.0% (cumulative 0.0%)
failure rate                : 0.0% (cumulative 0.0%)
completed cycles / episode  : 0.000
synthetic task reward       : 0.000
shaping reward              : -194.557
learning reward             : -194.557
episode length              : 134.0
abstract changes / episode  : 5.6
same abstract-state steps   : 95.9%
same-state shaping / episode: 0.000
changed-state shaping / ep. : -194.557
terminal shaping / episode  : 0.000
DFA transitions / episode   : 0.03
DFA transitions in window   : 1->2: 3
epsilon (next episode)       : 0.68384
replay buffer                : 205230 samples [1: 99.4%, 2: 0.6%, 3: 0.0%, 4: 0.0%, 5: 0.0%]
DFA state visits in window   : 1: 13440, 2: 59, 3: 0, 4: 0, 5: 0
DFA state visits cumulative  : 1: 205841, 2: 1289, 3: 0, 4: 0, 5: 0
DFA state entries in window  : 1: 100, 2: 3, 3: 0, 4: 0, 5: 0
DFA state entries cumulative : 1: 1900, 2: 58, 3: 0, 4: 0, 5: 0
transitions cumulative       : 1->2: 58
accepted directly from s0    : 0
Gym endings cumulative       : terminated=1898, truncated=2

[Episode 2000/12000 | last 100]
success rate                : 0.0% (cumulative 0.0%)
failure rate                : 0.0% (cumulative 0.0%)
completed cycles / episode  : 0.000
synthetic task reward       : 0.000
shaping reward              : -207.862
learning reward             : -207.862
episode length              : 140.4
abstract changes / episode  : 6.2
same abstract-state steps   : 95.6%
same-state shaping / episode: 0.000
changed-state shaping / ep. : -207.862
terminal shaping / episode  : 0.000
DFA transitions / episode   : 0.06
DFA transitions in window   : 1->2: 6
epsilon (next episode)       : 0.67029
replay buffer                : 219273 samples [1: 99.4%, 2: 0.6%, 3: 0.0%, 4: 0.0%, 5: 0.0%]
DFA state visits in window   : 1: 13943, 2: 200, 3: 0, 4: 0, 5: 0
DFA state visits cumulative  : 1: 219784, 2: 1489, 3: 0, 4: 0, 5: 0
DFA state entries in window  : 1: 100, 2: 6, 3: 0, 4: 0, 5: 0
DFA state entries cumulative : 1: 2000, 2: 64, 3: 0, 4: 0, 5: 0
transitions cumulative       : 1->2: 64
accepted directly from s0    : 0
Gym endings cumulative       : terminated=1998, truncated=2

Starting autonomous greedy evaluation at episode 2000 (1000 fixed-seed episodes)...
[Greedy evaluation at episode 2000 | 1000 fixed-seed episodes]
success=0.0%, failure=0.0%, task reward=0.000, length=383.4
DFA transitions: none

[Episode 2100/12000 | last 100]
success rate                : 0.0% (cumulative 0.0%)
failure rate                : 0.0% (cumulative 0.0%)
completed cycles / episode  : 0.000
synthetic task reward       : 0.000
shaping reward              : -220.197
learning reward             : -220.197
episode length              : 138.0
abstract changes / episode  : 5.9
same abstract-state steps   : 95.7%
same-state shaping / episode: 0.000
changed-state shaping / ep. : -220.197
terminal shaping / episode  : 0.000
DFA transitions / episode   : 0.04
DFA transitions in window   : 1->2: 4
epsilon (next episode)       : 0.65702
replay buffer                : 233069 samples [1: 99.3%, 2: 0.7%, 3: 0.0%, 4: 0.0%, 5: 0.0%]
DFA state visits in window   : 1: 13674, 2: 222, 3: 0, 4: 0, 5: 0
DFA state visits cumulative  : 1: 233458, 2: 1711, 3: 0, 4: 0, 5: 0
DFA state entries in window  : 1: 100, 2: 4, 3: 0, 4: 0, 5: 0
DFA state entries cumulative : 1: 2100, 2: 68, 3: 0, 4: 0, 5: 0
transitions cumulative       : 1->2: 68
accepted directly from s0    : 0
Gym endings cumulative       : terminated=2098, truncated=2

[Episode 2200/12000 | last 100]
success rate                : 0.0% (cumulative 0.0%)
failure rate                : 0.0% (cumulative 0.0%)
completed cycles / episode  : 0.000
synthetic task reward       : 0.000
shaping reward              : -226.787
learning reward             : -226.787
episode length              : 128.2
abstract changes / episode  : 5.9
same abstract-state steps   : 95.4%
same-state shaping / episode: 0.000
changed-state shaping / ep. : -226.787
terminal shaping / episode  : 0.000
DFA transitions / episode   : 0.02
DFA transitions in window   : 1->2: 2
epsilon (next episode)       : 0.64401
replay buffer                : 245889 samples [1: 99.3%, 2: 0.7%, 3: 0.0%, 4: 0.0%, 5: 0.0%]
DFA state visits in window   : 1: 12785, 2: 135, 3: 0, 4: 0, 5: 0
DFA state visits cumulative  : 1: 246243, 2: 1846, 3: 0, 4: 0, 5: 0
DFA state entries in window  : 1: 100, 2: 2, 3: 0, 4: 0, 5: 0
DFA state entries cumulative : 1: 2200, 2: 70, 3: 0, 4: 0, 5: 0
transitions cumulative       : 1->2: 70
accepted directly from s0    : 0
Gym endings cumulative       : terminated=2198, truncated=2

[Episode 2300/12000 | last 100]
success rate                : 0.0% (cumulative 0.0%)
failure rate                : 0.0% (cumulative 0.0%)
completed cycles / episode  : 0.000
synthetic task reward       : 0.000
shaping reward              : -234.395
learning reward             : -234.395
episode length              : 115.7
abstract changes / episode  : 5.7
same abstract-state steps   : 95.1%
same-state shaping / episode: 0.000
changed-state shaping / ep. : -234.395
terminal shaping / episode  : 0.000
DFA transitions / episode   : 0.00
DFA transitions in window   : none
epsilon (next episode)       : 0.63125
replay buffer                : 257459 samples [1: 99.3%, 2: 0.7%, 3: 0.0%, 4: 0.0%, 5: 0.0%]
DFA state visits in window   : 1: 11670, 2: 0, 3: 0, 4: 0, 5: 0
DFA state visits cumulative  : 1: 257913, 2: 1846, 3: 0, 4: 0, 5: 0
DFA state entries in window  : 1: 100, 2: 0, 3: 0, 4: 0, 5: 0
DFA state entries cumulative : 1: 2300, 2: 70, 3: 0, 4: 0, 5: 0
transitions cumulative       : 1->2: 70
accepted directly from s0    : 0
Gym endings cumulative       : terminated=2298, truncated=2

[Episode 2400/12000 | last 100]
success rate                : 0.0% (cumulative 0.0%)
failure rate                : 0.0% (cumulative 0.0%)
completed cycles / episode  : 0.000
synthetic task reward       : 0.000
shaping reward              : -236.316
learning reward             : -236.316
episode length              : 105.9
abstract changes / episode  : 5.6
same abstract-state steps   : 94.7%
same-state shaping / episode: 0.000
changed-state shaping / ep. : -236.316
terminal shaping / episode  : 0.000
DFA transitions / episode   : 0.00
DFA transitions in window   : none
epsilon (next episode)       : 0.61875
replay buffer                : 268049 samples [1: 99.3%, 2: 0.7%, 3: 0.0%, 4: 0.0%, 5: 0.0%]
DFA state visits in window   : 1: 10690, 2: 0, 3: 0, 4: 0, 5: 0
DFA state visits cumulative  : 1: 268603, 2: 1846, 3: 0, 4: 0, 5: 0
DFA state entries in window  : 1: 100, 2: 0, 3: 0, 4: 0, 5: 0
DFA state entries cumulative : 1: 2400, 2: 70, 3: 0, 4: 0, 5: 0
transitions cumulative       : 1->2: 70
accepted directly from s0    : 0
Gym endings cumulative       : terminated=2398, truncated=2

[Episode 2500/12000 | last 100]
success rate                : 0.0% (cumulative 0.0%)
failure rate                : 0.0% (cumulative 0.0%)
completed cycles / episode  : 0.000
synthetic task reward       : 0.000
shaping reward              : -235.356
learning reward             : -235.356
episode length              : 104.4
abstract changes / episode  : 5.7
same abstract-state steps   : 94.5%
same-state shaping / episode: 0.000
changed-state shaping / ep. : -235.356
terminal shaping / episode  : 0.000
DFA transitions / episode   : 0.00
DFA transitions in window   : none
epsilon (next episode)       : 0.60650
replay buffer                : 278485 samples [1: 99.4%, 2: 0.6%, 3: 0.0%, 4: 0.0%, 5: 0.0%]
DFA state visits in window   : 1: 10536, 2: 0, 3: 0, 4: 0, 5: 0
DFA state visits cumulative  : 1: 279139, 2: 1846, 3: 0, 4: 0, 5: 0
DFA state entries in window  : 1: 100, 2: 0, 3: 0, 4: 0, 5: 0
DFA state entries cumulative : 1: 2500, 2: 70, 3: 0, 4: 0, 5: 0
transitions cumulative       : 1->2: 70
accepted directly from s0    : 0
Gym endings cumulative       : terminated=2498, truncated=2

Starting autonomous greedy evaluation at episode 2500 (1000 fixed-seed episodes)...
[Greedy evaluation at episode 2500 | 1000 fixed-seed episodes]
success=0.0%, failure=0.0%, task reward=0.000, length=931.5
DFA transitions: none

[Episode 2600/12000 | last 100]
success rate                : 0.0% (cumulative 0.0%)
failure rate                : 0.0% (cumulative 0.0%)
completed cycles / episode  : 0.000
synthetic task reward       : 0.000
shaping reward              : -236.335
learning reward             : -236.335
episode length              : 98.3
abstract changes / episode  : 5.6
same abstract-state steps   : 94.3%
same-state shaping / episode: 0.000
changed-state shaping / ep. : -236.335
terminal shaping / episode  : 0.000
DFA transitions / episode   : 0.00
DFA transitions in window   : none
epsilon (next episode)       : 0.59449
replay buffer                : 288320 samples [1: 99.4%, 2: 0.6%, 3: 0.0%, 4: 0.0%, 5: 0.0%]
DFA state visits in window   : 1: 9935, 2: 0, 3: 0, 4: 0, 5: 0
DFA state visits cumulative  : 1: 289074, 2: 1846, 3: 0, 4: 0, 5: 0
DFA state entries in window  : 1: 100, 2: 0, 3: 0, 4: 0, 5: 0
DFA state entries cumulative : 1: 2600, 2: 70, 3: 0, 4: 0, 5: 0
transitions cumulative       : 1->2: 70
accepted directly from s0    : 0
Gym endings cumulative       : terminated=2598, truncated=2

[Episode 2700/12000 | last 100]
success rate                : 0.0% (cumulative 0.0%)
failure rate                : 0.0% (cumulative 0.0%)
completed cycles / episode  : 0.000
synthetic task reward       : 0.000
shaping reward              : -238.237
learning reward             : -238.237
episode length              : 108.8
abstract changes / episode  : 5.7
same abstract-state steps   : 94.8%
same-state shaping / episode: 0.000
changed-state shaping / ep. : -238.237
terminal shaping / episode  : -0.941
DFA transitions / episode   : 0.00
DFA transitions in window   : none
epsilon (next episode)       : 0.58272
replay buffer                : 299202 samples [1: 99.4%, 2: 0.6%, 3: 0.0%, 4: 0.0%, 5: 0.0%]
DFA state visits in window   : 1: 10982, 2: 0, 3: 0, 4: 0, 5: 0
DFA state visits cumulative  : 1: 300056, 2: 1846, 3: 0, 4: 0, 5: 0
DFA state entries in window  : 1: 100, 2: 0, 3: 0, 4: 0, 5: 0
DFA state entries cumulative : 1: 2700, 2: 70, 3: 0, 4: 0, 5: 0
transitions cumulative       : 1->2: 70
accepted directly from s0    : 0
Gym endings cumulative       : terminated=2698, truncated=2

[Episode 2800/12000 | last 100]
success rate                : 0.0% (cumulative 0.0%)
failure rate                : 0.0% (cumulative 0.0%)
completed cycles / episode  : 0.000
synthetic task reward       : 0.000
shaping reward              : -243.040
learning reward             : -243.040
episode length              : 105.0
abstract changes / episode  : 5.6
same abstract-state steps   : 94.7%
same-state shaping / episode: 0.000
changed-state shaping / ep. : -243.040
terminal shaping / episode  : 0.000
DFA transitions / episode   : 0.00
DFA transitions in window   : none
epsilon (next episode)       : 0.57118
replay buffer                : 300000 samples [1: 99.4%, 2: 0.6%, 3: 0.0%, 4: 0.0%, 5: 0.0%]
DFA state visits in window   : 1: 10602, 2: 0, 3: 0, 4: 0, 5: 0
DFA state visits cumulative  : 1: 310658, 2: 1846, 3: 0, 4: 0, 5: 0
DFA state entries in window  : 1: 100, 2: 0, 3: 0, 4: 0, 5: 0
DFA state entries cumulative : 1: 2800, 2: 70, 3: 0, 4: 0, 5: 0
transitions cumulative       : 1->2: 70
accepted directly from s0    : 0
Gym endings cumulative       : terminated=2798, truncated=2

[Episode 2900/12000 | last 100]
success rate                : 0.0% (cumulative 0.0%)
failure rate                : 0.0% (cumulative 0.0%)
completed cycles / episode  : 0.000
synthetic task reward       : 0.000
shaping reward              : -232.474
learning reward             : -232.474
episode length              : 106.6
abstract changes / episode  : 5.6
same abstract-state steps   : 94.7%
same-state shaping / episode: 0.000
changed-state shaping / ep. : -232.474
terminal shaping / episode  : 0.000
DFA transitions / episode   : 0.00
DFA transitions in window   : none
epsilon (next episode)       : 0.55987
replay buffer                : 300000 samples [1: 99.4%, 2: 0.6%, 3: 0.0%, 4: 0.0%, 5: 0.0%]
DFA state visits in window   : 1: 10763, 2: 0, 3: 0, 4: 0, 5: 0
DFA state visits cumulative  : 1: 321421, 2: 1846, 3: 0, 4: 0, 5: 0
DFA state entries in window  : 1: 100, 2: 0, 3: 0, 4: 0, 5: 0
DFA state entries cumulative : 1: 2900, 2: 70, 3: 0, 4: 0, 5: 0
transitions cumulative       : 1->2: 70
accepted directly from s0    : 0
Gym endings cumulative       : terminated=2898, truncated=2

[Episode 3000/12000 | last 100]
success rate                : 0.0% (cumulative 0.0%)
failure rate                : 0.0% (cumulative 0.0%)
completed cycles / episode  : 0.000
synthetic task reward       : 0.000
shaping reward              : -232.474
learning reward             : -232.474
episode length              : 128.3
abstract changes / episode  : 5.6
same abstract-state steps   : 95.6%
same-state shaping / episode: 0.000
changed-state shaping / ep. : -232.474
terminal shaping / episode  : 0.000
DFA transitions / episode   : 0.00
DFA transitions in window   : none
epsilon (next episode)       : 0.54878
replay buffer                : 300000 samples [1: 99.5%, 2: 0.5%, 3: 0.0%, 4: 0.0%, 5: 0.0%]
DFA state visits in window   : 1: 12927, 2: 0, 3: 0, 4: 0, 5: 0
DFA state visits cumulative  : 1: 334348, 2: 1846, 3: 0, 4: 0, 5: 0
DFA state entries in window  : 1: 100, 2: 0, 3: 0, 4: 0, 5: 0
DFA state entries cumulative : 1: 3000, 2: 70, 3: 0, 4: 0, 5: 0
transitions cumulative       : 1->2: 70
accepted directly from s0    : 0
Gym endings cumulative       : terminated=2996, truncated=4

Starting autonomous greedy evaluation at episode 3000 (1000 fixed-seed episodes)...
[Greedy evaluation at episode 3000 | 1000 fixed-seed episodes]
success=0.0%, failure=0.0%, task reward=0.000, length=993.6
DFA transitions: none

[Episode 3100/12000 | last 100]
success rate                : 0.0% (cumulative 0.0%)
failure rate                : 0.0% (cumulative 0.0%)
completed cycles / episode  : 0.000
synthetic task reward       : 0.000
shaping reward              : -239.227
learning reward             : -239.227
episode length              : 126.2
abstract changes / episode  : 6.0
same abstract-state steps   : 95.2%
same-state shaping / episode: 0.000
changed-state shaping / ep. : -239.227
terminal shaping / episode  : 0.000
DFA transitions / episode   : 0.01
DFA transitions in window   : 1->2: 1
epsilon (next episode)       : 0.53791
replay buffer                : 300000 samples [1: 99.5%, 2: 0.5%, 3: 0.0%, 4: 0.0%, 5: 0.0%]
DFA state visits in window   : 1: 12655, 2: 64, 3: 0, 4: 0, 5: 0
DFA state visits cumulative  : 1: 347003, 2: 1910, 3: 0, 4: 0, 5: 0
DFA state entries in window  : 1: 100, 2: 1, 3: 0, 4: 0, 5: 0
DFA state entries cumulative : 1: 3100, 2: 71, 3: 0, 4: 0, 5: 0
transitions cumulative       : 1->2: 71
accepted directly from s0    : 0
Gym endings cumulative       : terminated=3096, truncated=4

[Episode 3200/12000 | last 100]
success rate                : 0.0% (cumulative 0.0%)
failure rate                : 0.0% (cumulative 0.0%)
completed cycles / episode  : 0.000
synthetic task reward       : 0.000
shaping reward              : -196.354
learning reward             : -196.354
episode length              : 144.7
abstract changes / episode  : 6.0
same abstract-state steps   : 95.9%
same-state shaping / episode: 0.000
changed-state shaping / ep. : -196.354
terminal shaping / episode  : 0.000
DFA transitions / episode   : 0.00
DFA transitions in window   : none
epsilon (next episode)       : 0.52726
replay buffer                : 300000 samples [1: 99.5%, 2: 0.5%, 3: 0.0%, 4: 0.0%, 5: 0.0%]
DFA state visits in window   : 1: 14571, 2: 0, 3: 0, 4: 0, 5: 0
DFA state visits cumulative  : 1: 361574, 2: 1910, 3: 0, 4: 0, 5: 0
DFA state entries in window  : 1: 100, 2: 0, 3: 0, 4: 0, 5: 0
DFA state entries cumulative : 1: 3200, 2: 71, 3: 0, 4: 0, 5: 0
transitions cumulative       : 1->2: 71
accepted directly from s0    : 0
Gym endings cumulative       : terminated=3196, truncated=4

[Episode 3300/12000 | last 100]
success rate                : 0.0% (cumulative 0.0%)
failure rate                : 0.0% (cumulative 0.0%)
completed cycles / episode  : 0.000
synthetic task reward       : 0.000
shaping reward              : -137.429
learning reward             : -137.429
episode length              : 195.0
abstract changes / episode  : 6.5
same abstract-state steps   : 96.7%
same-state shaping / episode: 0.000
changed-state shaping / ep. : -137.429
terminal shaping / episode  : -0.961
DFA transitions / episode   : 0.05
DFA transitions in window   : 1->2: 5
epsilon (next episode)       : 0.51682
replay buffer                : 300000 samples [1: 99.5%, 2: 0.5%, 3: 0.0%, 4: 0.0%, 5: 0.0%]
DFA state visits in window   : 1: 19454, 2: 143, 3: 0, 4: 0, 5: 0
DFA state visits cumulative  : 1: 381028, 2: 2053, 3: 0, 4: 0, 5: 0
DFA state entries in window  : 1: 100, 2: 5, 3: 0, 4: 0, 5: 0
DFA state entries cumulative : 1: 3300, 2: 76, 3: 0, 4: 0, 5: 0
transitions cumulative       : 1->2: 76
accepted directly from s0    : 0
Gym endings cumulative       : terminated=3296, truncated=4

[Episode 3400/12000 | last 100]
success rate                : 0.0% (cumulative 0.0%)
failure rate                : 0.0% (cumulative 0.0%)
completed cycles / episode  : 0.000
synthetic task reward       : 0.000
shaping reward              : -157.353
learning reward             : -157.353
episode length              : 252.1
abstract changes / episode  : 7.5
same abstract-state steps   : 97.0%
same-state shaping / episode: 0.000
changed-state shaping / ep. : -157.353
terminal shaping / episode  : 0.000
DFA transitions / episode   : 0.05
DFA transitions in window   : 1->2: 5
epsilon (next episode)       : 0.50658
replay buffer                : 300000 samples [1: 99.4%, 2: 0.6%, 3: 0.0%, 4: 0.0%, 5: 0.0%]
DFA state visits in window   : 1: 24853, 2: 461, 3: 0, 4: 0, 5: 0
DFA state visits cumulative  : 1: 405881, 2: 2514, 3: 0, 4: 0, 5: 0
DFA state entries in window  : 1: 100, 2: 5, 3: 0, 4: 0, 5: 0
DFA state entries cumulative : 1: 3400, 2: 81, 3: 0, 4: 0, 5: 0
transitions cumulative       : 1->2: 81
accepted directly from s0    : 0
Gym endings cumulative       : terminated=3394, truncated=6

[Episode 3500/12000 | last 100]
success rate                : 0.0% (cumulative 0.0%)
failure rate                : 0.0% (cumulative 0.0%)
completed cycles / episode  : 0.000
synthetic task reward       : 0.000
shaping reward              : -198.381
learning reward             : -198.381
episode length              : 269.9
abstract changes / episode  : 7.3
same abstract-state steps   : 97.3%
same-state shaping / episode: 0.000
changed-state shaping / ep. : -198.381
terminal shaping / episode  : 0.000
DFA transitions / episode   : 0.04
DFA transitions in window   : 1->2: 4
epsilon (next episode)       : 0.49655
replay buffer                : 300000 samples [1: 99.4%, 2: 0.6%, 3: 0.0%, 4: 0.0%, 5: 0.0%]
DFA state visits in window   : 1: 26961, 2: 129, 3: 0, 4: 0, 5: 0
DFA state visits cumulative  : 1: 432842, 2: 2643, 3: 0, 4: 0, 5: 0
DFA state entries in window  : 1: 100, 2: 4, 3: 0, 4: 0, 5: 0
DFA state entries cumulative : 1: 3500, 2: 85, 3: 0, 4: 0, 5: 0
transitions cumulative       : 1->2: 85
accepted directly from s0    : 0
Gym endings cumulative       : terminated=3488, truncated=12

Starting autonomous greedy evaluation at episode 3500 (1000 fixed-seed episodes)...
[Greedy evaluation at episode 3500 | 1000 fixed-seed episodes]
success=0.0%, failure=0.0%, task reward=0.000, length=385.1
DFA transitions: 1->2: 3

[Episode 3600/12000 | last 100]
success rate                : 0.0% (cumulative 0.0%)
failure rate                : 0.0% (cumulative 0.0%)
completed cycles / episode  : 0.000
synthetic task reward       : 0.000
shaping reward              : -190.658
learning reward             : -190.658
episode length              : 271.4
abstract changes / episode  : 8.1
same abstract-state steps   : 97.0%
same-state shaping / episode: 0.000
changed-state shaping / ep. : -190.658
terminal shaping / episode  : 0.000
DFA transitions / episode   : 0.12
DFA transitions in window   : 1->2: 12
epsilon (next episode)       : 0.48672
replay buffer                : 300000 samples [1: 99.1%, 2: 0.9%, 3: 0.0%, 4: 0.0%, 5: 0.0%]
DFA state visits in window   : 1: 26136, 2: 1107, 3: 0, 4: 0, 5: 0
DFA state visits cumulative  : 1: 458978, 2: 3750, 3: 0, 4: 0, 5: 0
DFA state entries in window  : 1: 100, 2: 12, 3: 0, 4: 0, 5: 0
DFA state entries cumulative : 1: 3600, 2: 97, 3: 0, 4: 0, 5: 0
transitions cumulative       : 1->2: 97
accepted directly from s0    : 0
Gym endings cumulative       : terminated=3586, truncated=14

[Episode 3700/12000 | last 100]
success rate                : 0.0% (cumulative 0.0%)
failure rate                : 0.0% (cumulative 0.0%)
completed cycles / episode  : 0.000
synthetic task reward       : 0.000
shaping reward              : -203.934
learning reward             : -203.934
episode length              : 289.0
abstract changes / episode  : 8.1
same abstract-state steps   : 97.2%
same-state shaping / episode: 0.000
changed-state shaping / ep. : -203.934
terminal shaping / episode  : 0.000
DFA transitions / episode   : 0.02
DFA transitions in window   : 1->2: 2
epsilon (next episode)       : 0.47708
replay buffer                : 300000 samples [1: 99.1%, 2: 0.9%, 3: 0.0%, 4: 0.0%, 5: 0.0%]
DFA state visits in window   : 1: 28928, 2: 75, 3: 0, 4: 0, 5: 0
DFA state visits cumulative  : 1: 487906, 2: 3825, 3: 0, 4: 0, 5: 0
DFA state entries in window  : 1: 100, 2: 2, 3: 0, 4: 0, 5: 0
DFA state entries cumulative : 1: 3700, 2: 99, 3: 0, 4: 0, 5: 0
transitions cumulative       : 1->2: 99
accepted directly from s0    : 0
Gym endings cumulative       : terminated=3677, truncated=23

[Episode 3800/12000 | last 100]
success rate                : 0.0% (cumulative 0.0%)
failure rate                : 0.0% (cumulative 0.0%)
completed cycles / episode  : 0.000
synthetic task reward       : 0.000
shaping reward              : -165.037
learning reward             : -165.037
episode length              : 210.5
abstract changes / episode  : 7.3
same abstract-state steps   : 96.5%
same-state shaping / episode: 0.000
changed-state shaping / ep. : -165.037
terminal shaping / episode  : 0.000
DFA transitions / episode   : 0.06
DFA transitions in window   : 1->2: 6
epsilon (next episode)       : 0.46763
replay buffer                : 300000 samples [1: 99.1%, 2: 0.9%, 3: 0.0%, 4: 0.0%, 5: 0.0%]
DFA state visits in window   : 1: 20908, 2: 240, 3: 0, 4: 0, 5: 0
DFA state visits cumulative  : 1: 508814, 2: 4065, 3: 0, 4: 0, 5: 0
DFA state entries in window  : 1: 100, 2: 6, 3: 0, 4: 0, 5: 0
DFA state entries cumulative : 1: 3800, 2: 105, 3: 0, 4: 0, 5: 0
transitions cumulative       : 1->2: 105
accepted directly from s0    : 0
Gym endings cumulative       : terminated=3777, truncated=23

[Episode 3900/12000 | last 100]
success rate                : 0.0% (cumulative 0.0%)
failure rate                : 0.0% (cumulative 0.0%)
completed cycles / episode  : 0.000
synthetic task reward       : 0.000
shaping reward              : -157.372
learning reward             : -157.372
episode length              : 408.8
abstract changes / episode  : 9.8
same abstract-state steps   : 97.6%
same-state shaping / episode: 0.000
changed-state shaping / ep. : -157.372
terminal shaping / episode  : 0.000
DFA transitions / episode   : 0.16
DFA transitions in window   : 1->2: 16
epsilon (next episode)       : 0.45837
replay buffer                : 300000 samples [1: 98.8%, 2: 1.2%, 3: 0.0%, 4: 0.0%, 5: 0.0%]
DFA state visits in window   : 1: 39568, 2: 1407, 3: 0, 4: 0, 5: 0
DFA state visits cumulative  : 1: 548382, 2: 5472, 3: 0, 4: 0, 5: 0
DFA state entries in window  : 1: 100, 2: 16, 3: 0, 4: 0, 5: 0
DFA state entries cumulative : 1: 3900, 2: 121, 3: 0, 4: 0, 5: 0
transitions cumulative       : 1->2: 121
accepted directly from s0    : 0
Gym endings cumulative       : terminated=3871, truncated=29

[Episode 4000/12000 | last 100]
success rate                : 0.0% (cumulative 0.0%)
failure rate                : 0.0% (cumulative 0.0%)
completed cycles / episode  : 0.000
synthetic task reward       : 0.000
shaping reward              : -205.018
learning reward             : -205.018
episode length              : 211.8
abstract changes / episode  : 7.4
same abstract-state steps   : 96.5%
same-state shaping / episode: 0.000
changed-state shaping / ep. : -205.018
terminal shaping / episode  : 0.000
DFA transitions / episode   : 0.02
DFA transitions in window   : 1->2: 2
epsilon (next episode)       : 0.44929
replay buffer                : 300000 samples [1: 98.7%, 2: 1.3%, 3: 0.0%, 4: 0.0%, 5: 0.0%]
DFA state visits in window   : 1: 21082, 2: 199, 3: 0, 4: 0, 5: 0
DFA state visits cumulative  : 1: 569464, 2: 5671, 3: 0, 4: 0, 5: 0
DFA state entries in window  : 1: 100, 2: 2, 3: 0, 4: 0, 5: 0
DFA state entries cumulative : 1: 4000, 2: 123, 3: 0, 4: 0, 5: 0
transitions cumulative       : 1->2: 123
accepted directly from s0    : 0
Gym endings cumulative       : terminated=3971, truncated=29

Starting autonomous greedy evaluation at episode 4000 (1000 fixed-seed episodes)...
[Greedy evaluation at episode 4000 | 1000 fixed-seed episodes]
success=0.0%, failure=0.0%, task reward=0.000, length=226.6
DFA transitions: 1->2: 215

[Episode 4100/12000 | last 100]
success rate                : 0.0% (cumulative 0.0%)
failure rate                : 0.0% (cumulative 0.0%)
completed cycles / episode  : 0.000
synthetic task reward       : 0.000
shaping reward              : -143.097
learning reward             : -143.097
episode length              : 221.4
abstract changes / episode  : 7.7
same abstract-state steps   : 96.5%
same-state shaping / episode: 0.000
changed-state shaping / ep. : -143.097
terminal shaping / episode  : -0.941
DFA transitions / episode   : 0.16
DFA transitions in window   : 1->2: 13, 2->3: 2, 3->4: 1
epsilon (next episode)       : 0.44040
replay buffer                : 300000 samples [1: 98.2%, 2: 1.8%, 3: 0.0%, 4: 0.0%, 5: 0.0%]
DFA state visits in window   : 1: 20451, 2: 1574, 3: 134, 4: 81, 5: 0
DFA state visits cumulative  : 1: 589915, 2: 7245, 3: 134, 4: 81, 5: 0
DFA state entries in window  : 1: 100, 2: 13, 3: 2, 4: 1, 5: 0
DFA state entries cumulative : 1: 4100, 2: 136, 3: 2, 4: 1, 5: 0
transitions cumulative       : 1->2: 136, 2->3: 2, 3->4: 1
accepted directly from s0    : 0
Gym endings cumulative       : terminated=4071, truncated=29

[Episode 4200/12000 | last 100]
success rate                : 0.0% (cumulative 0.0%)
failure rate                : 0.0% (cumulative 0.0%)
completed cycles / episode  : 0.000
synthetic task reward       : 0.000
shaping reward              : -156.536
learning reward             : -156.536
episode length              : 361.5
abstract changes / episode  : 9.1
same abstract-state steps   : 97.5%
same-state shaping / episode: 0.000
changed-state shaping / ep. : -156.536
terminal shaping / episode  : -0.941
DFA transitions / episode   : 0.05
DFA transitions in window   : 1->2: 5
epsilon (next episode)       : 0.43167
replay buffer                : 300000 samples [1: 97.9%, 2: 2.0%, 3: 0.0%, 4: 0.0%, 5: 0.0%]
DFA state visits in window   : 1: 35578, 2: 669, 3: 0, 4: 0, 5: 0
DFA state visits cumulative  : 1: 625493, 2: 7914, 3: 134, 4: 81, 5: 0
DFA state entries in window  : 1: 100, 2: 5, 3: 0, 4: 0, 5: 0
DFA state entries cumulative : 1: 4200, 2: 141, 3: 2, 4: 1, 5: 0
transitions cumulative       : 1->2: 141, 2->3: 2, 3->4: 1
accepted directly from s0    : 0
Gym endings cumulative       : terminated=4167, truncated=33

[Episode 4300/12000 | last 100]
success rate                : 0.0% (cumulative 0.0%)
failure rate                : 0.0% (cumulative 0.0%)
completed cycles / episode  : 0.000
synthetic task reward       : 0.000
shaping reward              : -199.398
learning reward             : -199.398
episode length              : 500.5
abstract changes / episode  : 12.5
same abstract-state steps   : 97.5%
same-state shaping / episode: 0.000
changed-state shaping / ep. : -199.398
terminal shaping / episode  : 0.000
DFA transitions / episode   : 0.03
DFA transitions in window   : 1->2: 3
epsilon (next episode)       : 0.42313
replay buffer                : 300000 samples [1: 98.0%, 2: 2.0%, 3: 0.0%, 4: 0.0%, 5: 0.0%]
DFA state visits in window   : 1: 50022, 2: 131, 3: 0, 4: 0, 5: 0
DFA state visits cumulative  : 1: 675515, 2: 8045, 3: 134, 4: 81, 5: 0
DFA state entries in window  : 1: 100, 2: 3, 3: 0, 4: 0, 5: 0
DFA state entries cumulative : 1: 4300, 2: 144, 3: 2, 4: 1, 5: 0
transitions cumulative       : 1->2: 144, 2->3: 2, 3->4: 1
accepted directly from s0    : 0
Gym endings cumulative       : terminated=4254, truncated=46

[Episode 4400/12000 | last 100]
success rate                : 0.0% (cumulative 0.0%)
failure rate                : 0.0% (cumulative 0.0%)
completed cycles / episode  : 0.000
synthetic task reward       : 0.000
shaping reward              : -156.641
learning reward             : -156.641
episode length              : 496.6
abstract changes / episode  : 11.1
same abstract-state steps   : 97.8%
same-state shaping / episode: 0.000
changed-state shaping / ep. : -156.641
terminal shaping / episode  : 0.000
DFA transitions / episode   : 0.06
DFA transitions in window   : 1->2: 6
epsilon (next episode)       : 0.41475
replay buffer                : 300000 samples [1: 97.7%, 2: 2.2%, 3: 0.0%, 4: 0.0%, 5: 0.0%]
DFA state visits in window   : 1: 48620, 2: 1145, 3: 0, 4: 0, 5: 0
DFA state visits cumulative  : 1: 724135, 2: 9190, 3: 134, 4: 81, 5: 0
DFA state entries in window  : 1: 100, 2: 6, 3: 0, 4: 0, 5: 0
DFA state entries cumulative : 1: 4400, 2: 150, 3: 2, 4: 1, 5: 0
transitions cumulative       : 1->2: 150, 2->3: 2, 3->4: 1
accepted directly from s0    : 0
Gym endings cumulative       : terminated=4329, truncated=71

[Episode 4500/12000 | last 100]
success rate                : 0.0% (cumulative 0.0%)
failure rate                : 0.0% (cumulative 0.0%)
completed cycles / episode  : 0.000
synthetic task reward       : 0.000
shaping reward              : -164.096
learning reward             : -164.096
episode length              : 424.6
abstract changes / episode  : 11.2
same abstract-state steps   : 97.4%
same-state shaping / episode: 0.000
changed-state shaping / ep. : -164.096
terminal shaping / episode  : 0.000
DFA transitions / episode   : 0.07
DFA transitions in window   : 1->2: 7
epsilon (next episode)       : 0.40653
replay buffer                : 300000 samples [1: 98.0%, 2: 2.0%, 3: 0.0%, 4: 0.0%, 5: 0.0%]
DFA state visits in window   : 1: 42005, 2: 560, 3: 0, 4: 0, 5: 0
DFA state visits cumulative  : 1: 766140, 2: 9750, 3: 134, 4: 81, 5: 0
DFA state entries in window  : 1: 100, 2: 7, 3: 0, 4: 0, 5: 0
DFA state entries cumulative : 1: 4500, 2: 157, 3: 2, 4: 1, 5: 0
transitions cumulative       : 1->2: 157, 2->3: 2, 3->4: 1
accepted directly from s0    : 0
Gym endings cumulative       : terminated=4414, truncated=86

Starting autonomous greedy evaluation at episode 4500 (1000 fixed-seed episodes)...
[Greedy evaluation at episode 4500 | 1000 fixed-seed episodes]
success=0.0%, failure=0.0%, task reward=0.000, length=322.5
DFA transitions: none

[Episode 4600/12000 | last 100]
success rate                : 0.0% (cumulative 0.0%)
failure rate                : 0.0% (cumulative 0.0%)
completed cycles / episode  : 0.000
synthetic task reward       : 0.000
shaping reward              : -106.112
learning reward             : -106.112
episode length              : 342.7
abstract changes / episode  : 10.1
same abstract-state steps   : 97.1%
same-state shaping / episode: 0.000
changed-state shaping / ep. : -106.112
terminal shaping / episode  : 0.000
DFA transitions / episode   : 0.25
DFA transitions in window   : 1->2: 22, 2->3: 3
epsilon (next episode)       : 0.39848
replay buffer                : 300000 samples [1: 96.0%, 2: 3.8%, 3: 0.1%, 4: 0.0%, 5: 0.0%]
DFA state visits in window   : 1: 28297, 2: 5806, 3: 268, 4: 0, 5: 0
DFA state visits cumulative  : 1: 794437, 2: 15556, 3: 402, 4: 81, 5: 0
DFA state entries in window  : 1: 100, 2: 22, 3: 3, 4: 0, 5: 0
DFA state entries cumulative : 1: 4600, 2: 179, 3: 5, 4: 1, 5: 0
transitions cumulative       : 1->2: 179, 2->3: 5, 3->4: 1
accepted directly from s0    : 0
Gym endings cumulative       : terminated=4504, truncated=96

[Episode 4700/12000 | last 100]
success rate                : 0.0% (cumulative 0.0%)
failure rate                : 0.0% (cumulative 0.0%)
completed cycles / episode  : 0.000
synthetic task reward       : 0.000
shaping reward              : -97.649
learning reward             : -97.649
episode length              : 420.3
abstract changes / episode  : 12.5
same abstract-state steps   : 97.0%
same-state shaping / episode: 0.000
changed-state shaping / ep. : -97.649
terminal shaping / episode  : -0.961
DFA transitions / episode   : 0.35
DFA transitions in window   : 1->2: 29, 2->3: 6
epsilon (next episode)       : 0.39059
replay buffer                : 300000 samples [1: 92.8%, 2: 6.7%, 3: 0.4%, 4: 0.0%, 5: 0.0%]
DFA state visits in window   : 1: 31107, 2: 10122, 3: 905, 4: 0, 5: 0
DFA state visits cumulative  : 1: 825544, 2: 25678, 3: 1307, 4: 81, 5: 0
DFA state entries in window  : 1: 100, 2: 29, 3: 6, 4: 0, 5: 0
DFA state entries cumulative : 1: 4700, 2: 208, 3: 11, 4: 1, 5: 0
transitions cumulative       : 1->2: 208, 2->3: 11, 3->4: 1
accepted directly from s0    : 0
Gym endings cumulative       : terminated=4596, truncated=104

[Episode 4800/12000 | last 100]
success rate                : 0.0% (cumulative 0.0%)
failure rate                : 0.0% (cumulative 0.0%)
completed cycles / episode  : 0.000
synthetic task reward       : 0.000
shaping reward              : -93.720
learning reward             : -93.720
episode length              : 444.2
abstract changes / episode  : 12.3
same abstract-state steps   : 97.2%
same-state shaping / episode: 0.000
changed-state shaping / ep. : -93.720
terminal shaping / episode  : -0.941
DFA transitions / episode   : 0.36
DFA transitions in window   : 1->2: 32, 2->3: 4
epsilon (next episode)       : 0.38286
replay buffer                : 300000 samples [1: 90.2%, 2: 9.2%, 3: 0.7%, 4: 0.0%, 5: 0.0%]
DFA state visits in window   : 1: 34654, 2: 9022, 3: 847, 4: 0, 5: 0
DFA state visits cumulative  : 1: 860198, 2: 34700, 3: 2154, 4: 81, 5: 0
DFA state entries in window  : 1: 100, 2: 32, 3: 4, 4: 0, 5: 0
DFA state entries cumulative : 1: 4800, 2: 240, 3: 15, 4: 1, 5: 0
transitions cumulative       : 1->2: 240, 2->3: 15, 3->4: 1
accepted directly from s0    : 0
Gym endings cumulative       : terminated=4688, truncated=112

[Episode 4900/12000 | last 100]
success rate                : 0.0% (cumulative 0.0%)
failure rate                : 0.0% (cumulative 0.0%)
completed cycles / episode  : 0.000
synthetic task reward       : 0.000
shaping reward              : -63.191
learning reward             : -63.191
episode length              : 336.0
abstract changes / episode  : 10.4
same abstract-state steps   : 96.9%
same-state shaping / episode: 0.000
changed-state shaping / ep. : -63.191
terminal shaping / episode  : -0.961
DFA transitions / episode   : 0.34
DFA transitions in window   : 1->2: 28, 2->3: 3, 3->4: 3
epsilon (next episode)       : 0.37527
replay buffer                : 300000 samples [1: 88.6%, 2: 10.6%, 3: 0.7%, 4: 0.1%, 5: 0.0%]
DFA state visits in window   : 1: 28038, 2: 5130, 3: 128, 4: 406, 5: 0
DFA state visits cumulative  : 1: 888236, 2: 39830, 3: 2282, 4: 487, 5: 0
DFA state entries in window  : 1: 100, 2: 28, 3: 3, 4: 3, 5: 0
DFA state entries cumulative : 1: 4900, 2: 268, 3: 18, 4: 4, 5: 0
transitions cumulative       : 1->2: 268, 2->3: 18, 3->4: 4
accepted directly from s0    : 0
Gym endings cumulative       : terminated=4786, truncated=114

[Episode 5000/12000 | last 100]
success rate                : 0.0% (cumulative 0.0%)
failure rate                : 0.0% (cumulative 0.0%)
completed cycles / episode  : 0.000
synthetic task reward       : 0.000
shaping reward              : -147.044
learning reward             : -147.044
episode length              : 397.6
abstract changes / episode  : 12.3
same abstract-state steps   : 96.9%
same-state shaping / episode: 0.000
changed-state shaping / ep. : -147.044
terminal shaping / episode  : 0.000
DFA transitions / episode   : 0.22
DFA transitions in window   : 1->2: 21, 2->3: 1
epsilon (next episode)       : 0.36784
replay buffer                : 300000 samples [1: 87.1%, 2: 12.1%, 3: 0.7%, 4: 0.1%, 5: 0.0%]
DFA state visits in window   : 1: 35270, 2: 4516, 3: 69, 4: 0, 5: 0
DFA state visits cumulative  : 1: 923506, 2: 44346, 3: 2351, 4: 487, 5: 0
DFA state entries in window  : 1: 100, 2: 21, 3: 1, 4: 0, 5: 0
DFA state entries cumulative : 1: 5000, 2: 289, 3: 19, 4: 4, 5: 0
transitions cumulative       : 1->2: 289, 2->3: 19, 3->4: 4
accepted directly from s0    : 0
Gym endings cumulative       : terminated=4881, truncated=119

Starting autonomous greedy evaluation at episode 5000 (1000 fixed-seed episodes)...
[Greedy evaluation at episode 5000 | 1000 fixed-seed episodes]
success=0.0%, failure=0.0%, task reward=0.000, length=370.9
DFA transitions: none

[Episode 5100/12000 | last 100]
success rate                : 0.0% (cumulative 0.0%)
failure rate                : 0.0% (cumulative 0.0%)
completed cycles / episode  : 0.000
synthetic task reward       : 0.000
shaping reward              : -67.005
learning reward             : -67.005
episode length              : 385.3
abstract changes / episode  : 10.4
same abstract-state steps   : 97.3%
same-state shaping / episode: 0.000
changed-state shaping / ep. : -67.005
terminal shaping / episode  : 0.000
DFA transitions / episode   : 0.36
DFA transitions in window   : 1->2: 34, 2->3: 2
epsilon (next episode)       : 0.36056
replay buffer                : 300000 samples [1: 85.8%, 2: 13.2%, 3: 0.8%, 4: 0.1%, 5: 0.0%]
DFA state visits in window   : 1: 33768, 2: 4586, 3: 276, 4: 0, 5: 0
DFA state visits cumulative  : 1: 957274, 2: 48932, 3: 2627, 4: 487, 5: 0
DFA state entries in window  : 1: 100, 2: 34, 3: 2, 4: 0, 5: 0
DFA state entries cumulative : 1: 5100, 2: 323, 3: 21, 4: 4, 5: 0
transitions cumulative       : 1->2: 323, 2->3: 21, 3->4: 4
accepted directly from s0    : 0
Gym endings cumulative       : terminated=4976, truncated=124

[Episode 5200/12000 | last 100]
success rate                : 0.0% (cumulative 0.0%)
failure rate                : 0.0% (cumulative 0.0%)
completed cycles / episode  : 0.000
synthetic task reward       : 0.000
shaping reward              : -41.394
learning reward             : -41.394
episode length              : 464.3
abstract changes / episode  : 13.3
same abstract-state steps   : 97.1%
same-state shaping / episode: 0.000
changed-state shaping / ep. : -41.394
terminal shaping / episode  : 0.000
DFA transitions / episode   : 0.46
DFA transitions in window   : 1->2: 43, 2->3: 3
epsilon (next episode)       : 0.35342
replay buffer                : 300000 samples [1: 81.4%, 2: 17.5%, 3: 1.0%, 4: 0.1%, 5: 0.0%]
DFA state visits in window   : 1: 33144, 2: 12866, 3: 518, 4: 0, 5: 0
DFA state visits cumulative  : 1: 990418, 2: 61798, 3: 3145, 4: 487, 5: 0
DFA state entries in window  : 1: 100, 2: 43, 3: 3, 4: 0, 5: 0
DFA state entries cumulative : 1: 5200, 2: 366, 3: 24, 4: 4, 5: 0
transitions cumulative       : 1->2: 366, 2->3: 24, 3->4: 4
accepted directly from s0    : 0
Gym endings cumulative       : terminated=5065, truncated=135

[Episode 5300/12000 | last 100]
success rate                : 0.0% (cumulative 0.0%)
failure rate                : 0.0% (cumulative 0.0%)
completed cycles / episode  : 0.000
synthetic task reward       : 0.000
shaping reward              : -75.794
learning reward             : -75.794
episode length              : 371.8
abstract changes / episode  : 12.4
same abstract-state steps   : 96.7%
same-state shaping / episode: 0.000
changed-state shaping / ep. : -75.794
terminal shaping / episode  : 0.941
DFA transitions / episode   : 0.37
DFA transitions in window   : 1->2: 34, 2->3: 3
epsilon (next episode)       : 0.34642
replay buffer                : 300000 samples [1: 79.7%, 2: 19.1%, 3: 1.1%, 4: 0.1%, 5: 0.0%]
DFA state visits in window   : 1: 30482, 2: 6379, 3: 421, 4: 0, 5: 0
DFA state visits cumulative  : 1: 1020900, 2: 68177, 3: 3566, 4: 487, 5: 0
DFA state entries in window  : 1: 100, 2: 34, 3: 3, 4: 0, 5: 0
DFA state entries cumulative : 1: 5300, 2: 400, 3: 27, 4: 4, 5: 0
transitions cumulative       : 1->2: 400, 2->3: 27, 3->4: 4
accepted directly from s0    : 0
Gym endings cumulative       : terminated=5158, truncated=142

[Episode 5400/12000 | last 100]
success rate                : 0.0% (cumulative 0.0%)
failure rate                : 0.0% (cumulative 0.0%)
completed cycles / episode  : 0.000
synthetic task reward       : 0.000
shaping reward              : -27.244
learning reward             : -27.244
episode length              : 301.1
abstract changes / episode  : 7.6
same abstract-state steps   : 97.5%
same-state shaping / episode: 0.000
changed-state shaping / ep. : -27.244
terminal shaping / episode  : -0.961
DFA transitions / episode   : 0.43
DFA transitions in window   : 1->2: 42, 2->3: 1
epsilon (next episode)       : 0.33956
replay buffer                : 300000 samples [1: 79.2%, 2: 19.8%, 3: 0.9%, 4: 0.1%, 5: 0.0%]
DFA state visits in window   : 1: 20793, 2: 9411, 3: 11, 4: 0, 5: 0
DFA state visits cumulative  : 1: 1041693, 2: 77588, 3: 3577, 4: 487, 5: 0
DFA state entries in window  : 1: 100, 2: 42, 3: 1, 4: 0, 5: 0
DFA state entries cumulative : 1: 5400, 2: 442, 3: 28, 4: 4, 5: 0
transitions cumulative       : 1->2: 442, 2->3: 28, 3->4: 4
accepted directly from s0    : 0
Gym endings cumulative       : terminated=5255, truncated=145

[Episode 5500/12000 | last 100]
success rate                : 0.0% (cumulative 0.0%)
failure rate                : 0.0% (cumulative 0.0%)
completed cycles / episode  : 0.000
synthetic task reward       : 0.000
shaping reward              : -61.183
learning reward             : -61.183
episode length              : 482.3
abstract changes / episode  : 14.7
same abstract-state steps   : 97.0%
same-state shaping / episode: 0.000
changed-state shaping / ep. : -61.183
terminal shaping / episode  : 0.000
DFA transitions / episode   : 0.56
DFA transitions in window   : 1->2: 47, 2->3: 9
epsilon (next episode)       : 0.33283
replay buffer                : 300000 samples [1: 78.8%, 2: 19.6%, 3: 1.5%, 4: 0.1%, 5: 0.0%]
DFA state visits in window   : 1: 31957, 2: 13687, 3: 2690, 4: 0, 5: 0
DFA state visits cumulative  : 1: 1073650, 2: 91275, 3: 6267, 4: 487, 5: 0
DFA state entries in window  : 1: 100, 2: 47, 3: 9, 4: 0, 5: 0
DFA state entries cumulative : 1: 5500, 2: 489, 3: 37, 4: 4, 5: 0
transitions cumulative       : 1->2: 489, 2->3: 37, 3->4: 4
accepted directly from s0    : 0
Gym endings cumulative       : terminated=5346, truncated=154

Starting autonomous greedy evaluation at episode 5500 (1000 fixed-seed episodes)...
[Greedy evaluation at episode 5500 | 1000 fixed-seed episodes]
success=0.0%, failure=0.0%, task reward=0.000, length=965.2
DFA transitions: 1->2: 644, 2->3: 2, 3->4: 2

[Episode 5600/12000 | last 100]
success rate                : 0.0% (cumulative 0.0%)
failure rate                : 0.0% (cumulative 0.0%)
completed cycles / episode  : 0.000
synthetic task reward       : 0.000
shaping reward              : -55.630
learning reward             : -55.630
episode length              : 428.4
abstract changes / episode  : 14.6
same abstract-state steps   : 96.6%
same-state shaping / episode: 0.000
changed-state shaping / ep. : -55.630
terminal shaping / episode  : -0.941
DFA transitions / episode   : 0.53
DFA transitions in window   : 1->2: 40, 2->3: 9, 3->4: 4
epsilon (next episode)       : 0.32624
replay buffer                : 300000 samples [1: 76.8%, 2: 21.0%, 3: 1.9%, 4: 0.3%, 5: 0.0%]
DFA state visits in window   : 1: 32579, 2: 8204, 3: 1711, 4: 445, 5: 0
DFA state visits cumulative  : 1: 1106229, 2: 99479, 3: 7978, 4: 932, 5: 0
DFA state entries in window  : 1: 100, 2: 40, 3: 9, 4: 4, 5: 0
DFA state entries cumulative : 1: 5600, 2: 529, 3: 46, 4: 8, 5: 0
transitions cumulative       : 1->2: 529, 2->3: 46, 3->4: 8
accepted directly from s0    : 0
Gym endings cumulative       : terminated=5440, truncated=160

[Episode 5700/12000 | last 100]
success rate                : 0.0% (cumulative 0.0%)
failure rate                : 0.0% (cumulative 0.0%)
completed cycles / episode  : 0.000
synthetic task reward       : 0.000
shaping reward              : -32.651
learning reward             : -32.651
episode length              : 474.1
abstract changes / episode  : 16.2
same abstract-state steps   : 96.6%
same-state shaping / episode: 0.000
changed-state shaping / ep. : -32.651
terminal shaping / episode  : 0.951
DFA transitions / episode   : 0.70
DFA transitions in window   : 1->2: 57, 2->3: 12, 3->4: 1
epsilon (next episode)       : 0.31978
replay buffer                : 300000 samples [1: 73.6%, 2: 23.6%, 3: 2.6%, 4: 0.1%, 5: 0.0%]
DFA state visits in window   : 1: 29700, 2: 15534, 3: 2271, 4: 3, 5: 0
DFA state visits cumulative  : 1: 1135929, 2: 115013, 3: 10249, 4: 935, 5: 0
DFA state entries in window  : 1: 100, 2: 57, 3: 12, 4: 1, 5: 0
DFA state entries cumulative : 1: 5700, 2: 586, 3: 58, 4: 9, 5: 0
transitions cumulative       : 1->2: 586, 2->3: 58, 3->4: 9
accepted directly from s0    : 0
Gym endings cumulative       : terminated=5528, truncated=172

[Episode 5800/12000 | last 100]
success rate                : 0.0% (cumulative 0.0%)
failure rate                : 0.0% (cumulative 0.0%)
completed cycles / episode  : 0.000
synthetic task reward       : 0.000
shaping reward              : -12.661
learning reward             : -12.661
episode length              : 376.7
abstract changes / episode  : 13.2
same abstract-state steps   : 96.5%
same-state shaping / episode: 0.000
changed-state shaping / ep. : -12.661
terminal shaping / episode  : -0.951
DFA transitions / episode   : 0.62
DFA transitions in window   : 1->2: 44, 2->3: 16, 3->4: 2
epsilon (next episode)       : 0.31345
replay buffer                : 300000 samples [1: 69.9%, 2: 26.4%, 3: 3.5%, 4: 0.2%, 5: 0.0%]
DFA state visits in window   : 1: 22736, 2: 11947, 3: 2829, 4: 257, 5: 0
DFA state visits cumulative  : 1: 1158665, 2: 126960, 3: 13078, 4: 1192, 5: 0
DFA state entries in window  : 1: 100, 2: 44, 3: 16, 4: 2, 5: 0
DFA state entries cumulative : 1: 5800, 2: 630, 3: 74, 4: 11, 5: 0
transitions cumulative       : 1->2: 630, 2->3: 74, 3->4: 11
accepted directly from s0    : 0
Gym endings cumulative       : terminated=5627, truncated=173

[Episode 5900/12000 | last 100]
success rate                : 0.0% (cumulative 0.0%)
failure rate                : 0.0% (cumulative 0.0%)
completed cycles / episode  : 0.000
synthetic task reward       : 0.000
shaping reward              : 6.205
learning reward             : 6.205
episode length              : 341.8
abstract changes / episode  : 12.4
same abstract-state steps   : 96.4%
same-state shaping / episode: 0.000
changed-state shaping / ep. : 6.205
terminal shaping / episode  : 0.000
DFA transitions / episode   : 0.70
DFA transitions in window   : 1->2: 55, 2->3: 13, 3->4: 2
epsilon (next episode)       : 0.30724
replay buffer                : 300000 samples [1: 69.3%, 2: 26.3%, 3: 4.1%, 4: 0.3%, 5: 0.0%]
DFA state visits in window   : 1: 21503, 2: 10284, 3: 2348, 4: 140, 5: 0
DFA state visits cumulative  : 1: 1180168, 2: 137244, 3: 15426, 4: 1332, 5: 0
DFA state entries in window  : 1: 100, 2: 55, 3: 13, 4: 2, 5: 0
DFA state entries cumulative : 1: 5900, 2: 685, 3: 87, 4: 13, 5: 0
transitions cumulative       : 1->2: 685, 2->3: 87, 3->4: 13
accepted directly from s0    : 0
Gym endings cumulative       : terminated=5724, truncated=176

[Episode 6000/12000 | last 100]
success rate                : 0.0% (cumulative 0.0%)
failure rate                : 0.0% (cumulative 0.0%)
completed cycles / episode  : 0.000
synthetic task reward       : 0.000
shaping reward              : 9.980
learning reward             : 9.980
episode length              : 386.1
abstract changes / episode  : 14.5
same abstract-state steps   : 96.3%
same-state shaping / episode: 0.000
changed-state shaping / ep. : 9.980
terminal shaping / episode  : 0.961
DFA transitions / episode   : 0.64
DFA transitions in window   : 1->2: 57, 2->3: 7
epsilon (next episode)       : 0.30116
replay buffer                : 300000 samples [1: 67.3%, 2: 27.7%, 3: 4.7%, 4: 0.3%, 5: 0.0%]
DFA state visits in window   : 1: 26379, 2: 10348, 3: 1985, 4: 0, 5: 0
DFA state visits cumulative  : 1: 1206547, 2: 147592, 3: 17411, 4: 1332, 5: 0
DFA state entries in window  : 1: 100, 2: 57, 3: 7, 4: 0, 5: 0
DFA state entries cumulative : 1: 6000, 2: 742, 3: 94, 4: 13, 5: 0
transitions cumulative       : 1->2: 742, 2->3: 94, 3->4: 13
accepted directly from s0    : 0
Gym endings cumulative       : terminated=5821, truncated=179

Starting autonomous greedy evaluation at episode 6000 (1000 fixed-seed episodes)...
[Greedy evaluation at episode 6000 | 1000 fixed-seed episodes]
success=0.0%, failure=0.0%, task reward=0.000, length=274.2
DFA transitions: 1->2: 7

[Episode 6100/12000 | last 100]
success rate                : 0.0% (cumulative 0.0%)
failure rate                : 0.0% (cumulative 0.0%)
completed cycles / episode  : 0.000
synthetic task reward       : 0.000
shaping reward              : -13.853
learning reward             : -13.853
episode length              : 297.6
abstract changes / episode  : 10.7
same abstract-state steps   : 96.4%
same-state shaping / episode: 0.000
changed-state shaping / ep. : -13.853
terminal shaping / episode  : 0.000
DFA transitions / episode   : 0.45
DFA transitions in window   : 1->2: 38, 2->3: 5, 3->4: 2
epsilon (next episode)       : 0.29519
replay buffer                : 300000 samples [1: 66.2%, 2: 28.5%, 3: 4.9%, 4: 0.4%, 5: 0.0%]
DFA state visits in window   : 1: 21824, 2: 6945, 3: 819, 4: 272, 5: 0
DFA state visits cumulative  : 1: 1228371, 2: 154537, 3: 18230, 4: 1604, 5: 0
DFA state entries in window  : 1: 100, 2: 38, 3: 5, 4: 2, 5: 0
DFA state entries cumulative : 1: 6100, 2: 780, 3: 99, 4: 15, 5: 0
transitions cumulative       : 1->2: 780, 2->3: 99, 3->4: 15
accepted directly from s0    : 0
Gym endings cumulative       : terminated=5921, truncated=179

[Episode 6200/12000 | last 100]
success rate                : 0.0% (cumulative 0.0%)
failure rate                : 0.0% (cumulative 0.0%)
completed cycles / episode  : 0.000
synthetic task reward       : 0.000
shaping reward              : 15.908
learning reward             : 15.908
episode length              : 331.9
abstract changes / episode  : 12.1
same abstract-state steps   : 96.4%
same-state shaping / episode: 0.000
changed-state shaping / ep. : 15.908
terminal shaping / episode  : 0.000
DFA transitions / episode   : 0.43
DFA transitions in window   : 1->2: 33, 2->3: 9, 3->4: 1
epsilon (next episode)       : 0.28935
replay buffer                : 300000 samples [1: 67.9%, 2: 25.9%, 3: 5.8%, 4: 0.4%, 5: 0.0%]
DFA state visits in window   : 1: 24198, 2: 6104, 3: 2944, 4: 42, 5: 0
DFA state visits cumulative  : 1: 1252569, 2: 160641, 3: 21174, 4: 1646, 5: 0
DFA state entries in window  : 1: 100, 2: 33, 3: 9, 4: 1, 5: 0
DFA state entries cumulative : 1: 6200, 2: 813, 3: 108, 4: 16, 5: 0
transitions cumulative       : 1->2: 813, 2->3: 108, 3->4: 16
accepted directly from s0    : 0
Gym endings cumulative       : terminated=6016, truncated=184

[Episode 6300/12000 | last 100]
success rate                : 0.0% (cumulative 0.0%)
failure rate                : 0.0% (cumulative 0.0%)
completed cycles / episode  : 0.000
synthetic task reward       : 0.000
shaping reward              : -5.140
learning reward             : -5.140
episode length              : 391.6
abstract changes / episode  : 13.4
same abstract-state steps   : 96.6%
same-state shaping / episode: 0.000
changed-state shaping / ep. : -5.140
terminal shaping / episode  : -0.980
DFA transitions / episode   : 0.45
DFA transitions in window   : 1->2: 36, 2->3: 7, 3->4: 2
epsilon (next episode)       : 0.28362
replay buffer                : 300000 samples [1: 67.7%, 2: 26.2%, 3: 5.7%, 4: 0.5%, 5: 0.0%]
DFA state visits in window   : 1: 27476, 2: 9391, 3: 2174, 4: 223, 5: 0
DFA state visits cumulative  : 1: 1280045, 2: 170032, 3: 23348, 4: 1869, 5: 0
DFA state entries in window  : 1: 100, 2: 36, 3: 7, 4: 2, 5: 0
DFA state entries cumulative : 1: 6300, 2: 849, 3: 115, 4: 18, 5: 0
transitions cumulative       : 1->2: 849, 2->3: 115, 3->4: 18
accepted directly from s0    : 0
Gym endings cumulative       : terminated=6110, truncated=190

[Episode 6400/12000 | last 100]
success rate                : 1.0% (cumulative 0.0%)
failure rate                : 0.0% (cumulative 0.0%)
completed cycles / episode  : 0.000
synthetic task reward       : 100.000
shaping reward              : 10.252
learning reward             : 110.252
episode length              : 467.5
abstract changes / episode  : 16.1
same abstract-state steps   : 96.6%
same-state shaping / episode: 0.000
changed-state shaping / ep. : 10.252
terminal shaping / episode  : 1.000
DFA transitions / episode   : 0.77
DFA transitions in window   : 1->2: 57, 2->3: 15, 3->4: 4, 4->5: 1
epsilon (next episode)       : 0.27800
replay buffer                : 300000 samples [1: 65.8%, 2: 27.8%, 3: 6.0%, 4: 0.4%, 5: 0.0%]
DFA state visits in window   : 1: 29061, 2: 14772, 3: 2827, 4: 193, 5: 1
DFA state visits cumulative  : 1: 1309106, 2: 184804, 3: 26175, 4: 2062, 5: 1
DFA state entries in window  : 1: 100, 2: 57, 3: 15, 4: 4, 5: 1
DFA state entries cumulative : 1: 6400, 2: 906, 3: 130, 4: 22, 5: 1
transitions cumulative       : 1->2: 906, 2->3: 130, 3->4: 22, 4->5: 1
accepted directly from s0    : 0
Gym endings cumulative       : terminated=6202, truncated=197

[Episode 6500/12000 | last 100]
success rate                : 0.0% (cumulative 0.0%)
failure rate                : 0.0% (cumulative 0.0%)
completed cycles / episode  : 0.000
synthetic task reward       : 0.000
shaping reward              : 5.418
learning reward             : 5.418
episode length              : 382.2
abstract changes / episode  : 14.4
same abstract-state steps   : 96.2%
same-state shaping / episode: 0.000
changed-state shaping / ep. : 5.418
terminal shaping / episode  : 0.000
DFA transitions / episode   : 0.73
DFA transitions in window   : 1->2: 51, 2->3: 20, 3->4: 2
epsilon (next episode)       : 0.27250
replay buffer                : 300000 samples [1: 65.9%, 2: 27.5%, 3: 6.2%, 4: 0.4%, 5: 0.0%]
DFA state visits in window   : 1: 23106, 2: 12336, 3: 2657, 4: 224, 5: 0
DFA state visits cumulative  : 1: 1332212, 2: 197140, 3: 28832, 4: 2286, 5: 1
DFA state entries in window  : 1: 100, 2: 51, 3: 20, 4: 2, 5: 0
DFA state entries cumulative : 1: 6500, 2: 957, 3: 150, 4: 24, 5: 1
transitions cumulative       : 1->2: 957, 2->3: 150, 3->4: 24, 4->5: 1
accepted directly from s0    : 0
Gym endings cumulative       : terminated=6296, truncated=203

Starting autonomous greedy evaluation at episode 6500 (1000 fixed-seed episodes)...
[Greedy evaluation at episode 6500 | 1000 fixed-seed episodes]
success=0.7%, failure=0.0%, task reward=70.000, length=378.4
DFA transitions: 1->2: 787, 2->3: 301, 3->4: 14, 4->5: 7
Best policy updated from autonomous greedy evaluation at episode 6500.

[Episode 6600/12000 | last 100]
success rate                : 0.0% (cumulative 0.0%)
failure rate                : 0.0% (cumulative 0.0%)
completed cycles / episode  : 0.000
synthetic task reward       : 0.000
shaping reward              : 18.964
learning reward             : 18.964
episode length              : 351.1
abstract changes / episode  : 13.0
same abstract-state steps   : 96.3%
same-state shaping / episode: 0.000
changed-state shaping / ep. : 18.964
terminal shaping / episode  : 0.000
DFA transitions / episode   : 0.63
DFA transitions in window   : 1->2: 49, 2->3: 11, 3->4: 3
epsilon (next episode)       : 0.26710
replay buffer                : 300000 samples [1: 66.8%, 2: 26.9%, 3: 5.8%, 4: 0.5%, 5: 0.0%]
DFA state visits in window   : 1: 24928, 2: 8764, 3: 1225, 4: 291, 5: 0
DFA state visits cumulative  : 1: 1357140, 2: 205904, 3: 30057, 4: 2577, 5: 1
DFA state entries in window  : 1: 100, 2: 49, 3: 11, 4: 3, 5: 0
DFA state entries cumulative : 1: 6600, 2: 1006, 3: 161, 4: 27, 5: 1
transitions cumulative       : 1->2: 1006, 2->3: 161, 3->4: 27, 4->5: 1
accepted directly from s0    : 0
Gym endings cumulative       : terminated=6392, truncated=207

[Episode 6700/12000 | last 100]
success rate                : 0.0% (cumulative 0.0%)
failure rate                : 0.0% (cumulative 0.0%)
completed cycles / episode  : 0.000
synthetic task reward       : 0.000
shaping reward              : 39.226
learning reward             : 39.226
episode length              : 399.8
abstract changes / episode  : 14.2
same abstract-state steps   : 96.4%
same-state shaping / episode: 0.000
changed-state shaping / ep. : 39.226
terminal shaping / episode  : 0.000
DFA transitions / episode   : 0.91
DFA transitions in window   : 1->2: 58, 2->3: 23, 3->4: 10
epsilon (next episode)       : 0.26181
replay buffer                : 300000 samples [1: 66.5%, 2: 26.8%, 3: 5.9%, 4: 0.8%, 5: 0.0%]
DFA state visits in window   : 1: 23253, 2: 12258, 3: 3515, 4: 1058, 5: 0
DFA state visits cumulative  : 1: 1380393, 2: 218162, 3: 33572, 4: 3635, 5: 1
DFA state entries in window  : 1: 100, 2: 58, 3: 23, 4: 10, 5: 0
DFA state entries cumulative : 1: 6700, 2: 1064, 3: 184, 4: 37, 5: 1
transitions cumulative       : 1->2: 1064, 2->3: 184, 3->4: 37, 4->5: 1
accepted directly from s0    : 0
Gym endings cumulative       : terminated=6487, truncated=212

[Episode 6800/12000 | last 100]
success rate                : 1.0% (cumulative 0.0%)
failure rate                : 0.0% (cumulative 0.0%)
completed cycles / episode  : 0.000
synthetic task reward       : 100.000
shaping reward              : 43.225
learning reward             : 143.225
episode length              : 462.4
abstract changes / episode  : 16.5
same abstract-state steps   : 96.4%
same-state shaping / episode: 0.000
changed-state shaping / ep. : 43.225
terminal shaping / episode  : 1.000
DFA transitions / episode   : 1.06
DFA transitions in window   : 1->2: 64, 2->3: 29, 3->4: 12, 4->5: 1
epsilon (next episode)       : 0.25663
replay buffer                : 300000 samples [1: 64.7%, 2: 26.7%, 3: 7.4%, 4: 1.2%, 5: 0.0%]
DFA state visits in window   : 1: 27099, 2: 11806, 3: 6060, 4: 1376, 5: 1
DFA state visits cumulative  : 1: 1407492, 2: 229968, 3: 39632, 4: 5011, 5: 2
DFA state entries in window  : 1: 100, 2: 64, 3: 29, 4: 12, 5: 1
DFA state entries cumulative : 1: 6800, 2: 1128, 3: 213, 4: 49, 5: 2
transitions cumulative       : 1->2: 1128, 2->3: 213, 3->4: 49, 4->5: 2
accepted directly from s0    : 0
Gym endings cumulative       : terminated=6581, truncated=217

[Episode 6900/12000 | last 100]
success rate                : 0.0% (cumulative 0.0%)
failure rate                : 0.0% (cumulative 0.0%)
completed cycles / episode  : 0.000
synthetic task reward       : 0.000
shaping reward              : 20.915
learning reward             : 20.915
episode length              : 421.1
abstract changes / episode  : 14.5
same abstract-state steps   : 96.6%
same-state shaping / episode: 0.000
changed-state shaping / ep. : 20.915
terminal shaping / episode  : 0.000
DFA transitions / episode   : 1.00
DFA transitions in window   : 1->2: 63, 2->3: 28, 3->4: 9
epsilon (next episode)       : 0.25154
replay buffer                : 300000 samples [1: 62.2%, 2: 27.8%, 3: 8.6%, 4: 1.4%, 5: 0.0%]
DFA state visits in window   : 1: 24148, 2: 11158, 3: 6015, 4: 887, 5: 0
DFA state visits cumulative  : 1: 1431640, 2: 241126, 3: 45647, 4: 5898, 5: 2
DFA state entries in window  : 1: 100, 2: 63, 3: 28, 4: 9, 5: 0
DFA state entries cumulative : 1: 6900, 2: 1191, 3: 241, 4: 58, 5: 2
transitions cumulative       : 1->2: 1191, 2->3: 241, 3->4: 58, 4->5: 2
accepted directly from s0    : 0
Gym endings cumulative       : terminated=6677, truncated=221

[Episode 7000/12000 | last 100]
success rate                : 1.0% (cumulative 0.0%)
failure rate                : 0.0% (cumulative 0.0%)
completed cycles / episode  : 0.000
synthetic task reward       : 100.000
shaping reward              : 38.265
learning reward             : 138.265
episode length              : 373.5
abstract changes / episode  : 13.0
same abstract-state steps   : 96.5%
same-state shaping / episode: 0.000
changed-state shaping / ep. : 38.265
terminal shaping / episode  : 1.000
DFA transitions / episode   : 0.91
DFA transitions in window   : 1->2: 61, 2->3: 21, 3->4: 8, 4->5: 1
epsilon (next episode)       : 0.24656
replay buffer                : 300000 samples [1: 61.1%, 2: 28.3%, 3: 8.9%, 4: 1.7%, 5: 0.0%]
DFA state visits in window   : 1: 22424, 2: 10361, 3: 3595, 4: 1073, 5: 1
DFA state visits cumulative  : 1: 1454064, 2: 251487, 3: 49242, 4: 6971, 5: 3
DFA state entries in window  : 1: 100, 2: 61, 3: 21, 4: 8, 5: 1
DFA state entries cumulative : 1: 7000, 2: 1252, 3: 262, 4: 66, 5: 3
transitions cumulative       : 1->2: 1252, 2->3: 262, 3->4: 66, 4->5: 3
accepted directly from s0    : 0
Gym endings cumulative       : terminated=6772, truncated=225

Starting autonomous greedy evaluation at episode 7000 (1000 fixed-seed episodes)...
[Greedy evaluation at episode 7000 | 1000 fixed-seed episodes]
success=0.0%, failure=0.0%, task reward=0.000, length=127.2
DFA transitions: 1->2: 24

[Episode 7100/12000 | last 100]
success rate                : 0.0% (cumulative 0.0%)
failure rate                : 0.0% (cumulative 0.0%)
completed cycles / episode  : 0.000
synthetic task reward       : 0.000
shaping reward              : -3.440
learning reward             : -3.440
episode length              : 249.8
abstract changes / episode  : 8.7
same abstract-state steps   : 96.5%
same-state shaping / episode: 0.000
changed-state shaping / ep. : -3.440
terminal shaping / episode  : -0.951
DFA transitions / episode   : 0.36
DFA transitions in window   : 1->2: 36
epsilon (next episode)       : 0.24168
replay buffer                : 300000 samples [1: 61.8%, 2: 28.0%, 3: 8.5%, 4: 1.7%, 5: 0.0%]
DFA state visits in window   : 1: 19592, 2: 5486, 3: 0, 4: 0, 5: 0
DFA state visits cumulative  : 1: 1473656, 2: 256973, 3: 49242, 4: 6971, 5: 3
DFA state entries in window  : 1: 100, 2: 36, 3: 0, 4: 0, 5: 0
DFA state entries cumulative : 1: 7100, 2: 1288, 3: 262, 4: 66, 5: 3
transitions cumulative       : 1->2: 1288, 2->3: 262, 3->4: 66, 4->5: 3
accepted directly from s0    : 0
Gym endings cumulative       : terminated=6871, truncated=226

[Episode 7200/12000 | last 100]
success rate                : 0.0% (cumulative 0.0%)
failure rate                : 0.0% (cumulative 0.0%)
completed cycles / episode  : 0.000
synthetic task reward       : 0.000
shaping reward              : -28.915
learning reward             : -28.915
episode length              : 339.9
abstract changes / episode  : 11.1
same abstract-state steps   : 96.7%
same-state shaping / episode: 0.000
changed-state shaping / ep. : -28.915
terminal shaping / episode  : 0.000
DFA transitions / episode   : 0.44
DFA transitions in window   : 1->2: 32, 2->3: 10, 3->4: 2
epsilon (next episode)       : 0.23689
replay buffer                : 300000 samples [1: 63.5%, 2: 26.3%, 3: 8.5%, 4: 1.7%, 5: 0.0%]
DFA state visits in window   : 1: 25333, 2: 6038, 3: 2442, 4: 280, 5: 0
DFA state visits cumulative  : 1: 1498989, 2: 263011, 3: 51684, 4: 7251, 5: 3
DFA state entries in window  : 1: 100, 2: 32, 3: 10, 4: 2, 5: 0
DFA state entries cumulative : 1: 7200, 2: 1320, 3: 272, 4: 68, 5: 3
transitions cumulative       : 1->2: 1320, 2->3: 272, 3->4: 68, 4->5: 3
accepted directly from s0    : 0
Gym endings cumulative       : terminated=6965, truncated=232

[Episode 7300/12000 | last 100]
success rate                : 1.0% (cumulative 0.1%)
failure rate                : 0.0% (cumulative 0.0%)
completed cycles / episode  : 0.000
synthetic task reward       : 100.000
shaping reward              : -7.450
learning reward             : 92.550
episode length              : 370.1
abstract changes / episode  : 10.6
same abstract-state steps   : 97.1%
same-state shaping / episode: 0.000
changed-state shaping / ep. : -7.450
terminal shaping / episode  : 0.059
DFA transitions / episode   : 0.64
DFA transitions in window   : 1->2: 36, 2->3: 17, 3->4: 10, 4->5: 1
epsilon (next episode)       : 0.23220
replay buffer                : 300000 samples [1: 65.4%, 2: 24.0%, 3: 8.6%, 4: 2.0%, 5: 0.0%]
DFA state visits in window   : 1: 27746, 2: 5477, 3: 2700, 4: 1182, 5: 1
DFA state visits cumulative  : 1: 1526735, 2: 268488, 3: 54384, 4: 8433, 5: 4
DFA state entries in window  : 1: 100, 2: 36, 3: 17, 4: 10, 5: 1
DFA state entries cumulative : 1: 7300, 2: 1356, 3: 289, 4: 78, 5: 4
transitions cumulative       : 1->2: 1356, 2->3: 289, 3->4: 78, 4->5: 4
accepted directly from s0    : 0
Gym endings cumulative       : terminated=7057, truncated=239

[Episode 7400/12000 | last 100]
success rate                : 1.0% (cumulative 0.1%)
failure rate                : 0.0% (cumulative 0.0%)
completed cycles / episode  : 0.000
synthetic task reward       : 100.000
shaping reward              : -61.686
learning reward             : 38.314
episode length              : 327.2
abstract changes / episode  : 10.5
same abstract-state steps   : 96.8%
same-state shaping / episode: 0.000
changed-state shaping / ep. : -61.686
terminal shaping / episode  : 0.059
DFA transitions / episode   : 0.52
DFA transitions in window   : 1->2: 26, 2->3: 15, 3->4: 10, 4->5: 1
epsilon (next episode)       : 0.22760
replay buffer                : 300000 samples [1: 65.7%, 2: 22.6%, 3: 9.2%, 4: 2.4%, 5: 0.0%]
DFA state visits in window   : 1: 24023, 2: 4373, 3: 3038, 4: 1382, 5: 1
DFA state visits cumulative  : 1: 1550758, 2: 272861, 3: 57422, 4: 9815, 5: 5
DFA state entries in window  : 1: 100, 2: 26, 3: 15, 4: 10, 5: 1
DFA state entries cumulative : 1: 7400, 2: 1382, 3: 304, 4: 88, 5: 5
transitions cumulative       : 1->2: 1382, 2->3: 304, 3->4: 88, 4->5: 5
accepted directly from s0    : 0
Gym endings cumulative       : terminated=7155, truncated=240

[Episode 7500/12000 | last 100]
success rate                : 0.0% (cumulative 0.1%)
failure rate                : 0.0% (cumulative 0.0%)
completed cycles / episode  : 0.000
synthetic task reward       : 0.000
shaping reward              : -24.937
learning reward             : -24.937
episode length              : 349.3
abstract changes / episode  : 11.7
same abstract-state steps   : 96.7%
same-state shaping / episode: 0.000
changed-state shaping / ep. : -24.937
terminal shaping / episode  : 0.000
DFA transitions / episode   : 0.55
DFA transitions in window   : 1->2: 32, 2->3: 16, 3->4: 7
epsilon (next episode)       : 0.22310
replay buffer                : 300000 samples [1: 66.4%, 2: 21.9%, 3: 9.2%, 4: 2.4%, 5: 0.0%]
DFA state visits in window   : 1: 23575, 2: 7226, 3: 3436, 4: 791, 5: 0
DFA state visits cumulative  : 1: 1574333, 2: 280087, 3: 60858, 4: 10606, 5: 5
DFA state entries in window  : 1: 100, 2: 32, 3: 16, 4: 7, 5: 0
DFA state entries cumulative : 1: 7500, 2: 1414, 3: 320, 4: 95, 5: 5
transitions cumulative       : 1->2: 1414, 2->3: 320, 3->4: 95, 4->5: 5
accepted directly from s0    : 0
Gym endings cumulative       : terminated=7249, truncated=246

Starting autonomous greedy evaluation at episode 7500 (1000 fixed-seed episodes)...
[Greedy evaluation at episode 7500 | 1000 fixed-seed episodes]
success=0.0%, failure=0.0%, task reward=0.000, length=563.8
DFA transitions: 1->2: 573, 2->3: 241, 3->4: 187

[Episode 7600/12000 | last 100]
success rate                : 3.0% (cumulative 0.1%)
failure rate                : 0.0% (cumulative 0.0%)
completed cycles / episode  : 0.000
synthetic task reward       : 300.000
shaping reward              : 81.849
learning reward             : 381.849
episode length              : 473.5
abstract changes / episode  : 15.6
same abstract-state steps   : 96.7%
same-state shaping / episode: 0.000
changed-state shaping / ep. : 81.849
terminal shaping / episode  : 2.059
DFA transitions / episode   : 1.23
DFA transitions in window   : 1->2: 56, 2->3: 39, 3->4: 25, 4->5: 3
epsilon (next episode)       : 0.21868
replay buffer                : 300000 samples [1: 64.9%, 2: 21.4%, 3: 10.6%, 4: 3.1%, 5: 0.0%]
DFA state visits in window   : 1: 23298, 2: 10981, 3: 9691, 4: 3478, 5: 3
DFA state visits cumulative  : 1: 1597631, 2: 291068, 3: 70549, 4: 14084, 5: 8
DFA state entries in window  : 1: 100, 2: 56, 3: 39, 4: 25, 5: 3
DFA state entries cumulative : 1: 7600, 2: 1470, 3: 359, 4: 120, 5: 8
transitions cumulative       : 1->2: 1470, 2->3: 359, 3->4: 120, 4->5: 8
accepted directly from s0    : 0
Gym endings cumulative       : terminated=7335, truncated=257

[Episode 7700/12000 | last 100]
success rate                : 2.0% (cumulative 0.1%)
failure rate                : 0.0% (cumulative 0.0%)
completed cycles / episode  : 0.000
synthetic task reward       : 200.000
shaping reward              : 16.916
learning reward             : 216.916
episode length              : 410.9
abstract changes / episode  : 12.8
same abstract-state steps   : 96.9%
same-state shaping / episode: 0.000
changed-state shaping / ep. : 16.916
terminal shaping / episode  : 1.020
DFA transitions / episode   : 0.76
DFA transitions in window   : 1->2: 38, 2->3: 27, 3->4: 9, 4->5: 2
epsilon (next episode)       : 0.21435
replay buffer                : 300000 samples [1: 65.2%, 2: 20.1%, 3: 11.6%, 4: 3.2%, 5: 0.0%]
DFA state visits in window   : 1: 22763, 2: 8579, 3: 8500, 4: 1348, 5: 2
DFA state visits cumulative  : 1: 1620394, 2: 299647, 3: 79049, 4: 15432, 5: 10
DFA state entries in window  : 1: 100, 2: 38, 3: 27, 4: 9, 5: 2
DFA state entries cumulative : 1: 7700, 2: 1508, 3: 386, 4: 129, 5: 10
transitions cumulative       : 1->2: 1508, 2->3: 386, 3->4: 129, 4->5: 10
accepted directly from s0    : 0
Gym endings cumulative       : terminated=7421, truncated=269

[Episode 7800/12000 | last 100]
success rate                : 2.0% (cumulative 0.2%)
failure rate                : 0.0% (cumulative 0.0%)
completed cycles / episode  : 0.000
synthetic task reward       : 200.000
shaping reward              : 47.903
learning reward             : 247.903
episode length              : 431.3
abstract changes / episode  : 12.7
same abstract-state steps   : 97.1%
same-state shaping / episode: 0.000
changed-state shaping / ep. : 47.903
terminal shaping / episode  : 1.059
DFA transitions / episode   : 0.95
DFA transitions in window   : 1->2: 44, 2->3: 33, 3->4: 16, 4->5: 2
epsilon (next episode)       : 0.21010
replay buffer                : 300000 samples [1: 65.1%, 2: 18.6%, 3: 12.6%, 4: 3.6%, 5: 0.0%]
DFA state visits in window   : 1: 26207, 2: 6755, 3: 7732, 4: 2533, 5: 2
DFA state visits cumulative  : 1: 1646601, 2: 306402, 3: 86781, 4: 17965, 5: 12
DFA state entries in window  : 1: 100, 2: 44, 3: 33, 4: 16, 5: 2
DFA state entries cumulative : 1: 7800, 2: 1552, 3: 419, 4: 145, 5: 12
transitions cumulative       : 1->2: 1552, 2->3: 419, 3->4: 145, 4->5: 12
accepted directly from s0    : 0
Gym endings cumulative       : terminated=7510, truncated=278

[Episode 7900/12000 | last 100]
success rate                : 2.0% (cumulative 0.2%)
failure rate                : 0.0% (cumulative 0.0%)
completed cycles / episode  : 0.000
synthetic task reward       : 200.000
shaping reward              : -15.340
learning reward             : 184.660
episode length              : 419.1
abstract changes / episode  : 11.9
same abstract-state steps   : 97.2%
same-state shaping / episode: 0.000
changed-state shaping / ep. : -15.340
terminal shaping / episode  : 1.059
DFA transitions / episode   : 0.70
DFA transitions in window   : 1->2: 34, 2->3: 23, 3->4: 11, 4->5: 2
epsilon (next episode)       : 0.20594
replay buffer                : 300000 samples [1: 63.2%, 2: 17.9%, 3: 14.7%, 4: 4.3%, 5: 0.0%]
DFA state visits in window   : 1: 27432, 2: 5711, 3: 6890, 4: 1974, 5: 2
DFA state visits cumulative  : 1: 1674033, 2: 312113, 3: 93671, 4: 19939, 5: 14
DFA state entries in window  : 1: 100, 2: 34, 3: 23, 4: 11, 5: 2
DFA state entries cumulative : 1: 7900, 2: 1586, 3: 442, 4: 156, 5: 14
transitions cumulative       : 1->2: 1586, 2->3: 442, 3->4: 156, 4->5: 14
accepted directly from s0    : 0
Gym endings cumulative       : terminated=7598, truncated=288

[Episode 8000/12000 | last 100]
success rate                : 6.0% (cumulative 0.2%)
failure rate                : 0.0% (cumulative 0.0%)
completed cycles / episode  : 0.000
synthetic task reward       : 600.000
shaping reward              : 32.903
learning reward             : 632.903
episode length              : 381.9
abstract changes / episode  : 11.2
same abstract-state steps   : 97.1%
same-state shaping / episode: 0.000
changed-state shaping / ep. : 32.903
terminal shaping / episode  : 5.059
DFA transitions / episode   : 0.96
DFA transitions in window   : 1->2: 40, 2->3: 28, 3->4: 22, 4->5: 6
epsilon (next episode)       : 0.20186
replay buffer                : 300000 samples [1: 61.8%, 2: 18.1%, 3: 15.0%, 4: 5.2%, 5: 0.0%]
DFA state visits in window   : 1: 24463, 2: 7139, 3: 3764, 4: 2917, 5: 6
DFA state visits cumulative  : 1: 1698496, 2: 319252, 3: 97435, 4: 22856, 5: 20
DFA state entries in window  : 1: 100, 2: 40, 3: 28, 4: 22, 5: 6
DFA state entries cumulative : 1: 8000, 2: 1626, 3: 470, 4: 178, 5: 20
transitions cumulative       : 1->2: 1626, 2->3: 470, 3->4: 178, 4->5: 20
accepted directly from s0    : 0
Gym endings cumulative       : terminated=7684, truncated=296

Starting autonomous greedy evaluation at episode 8000 (1000 fixed-seed episodes)...
[Greedy evaluation at episode 8000 | 1000 fixed-seed episodes]
success=0.0%, failure=0.0%, task reward=0.000, length=531.1
DFA transitions: 1->2: 11, 2->3: 2

[Episode 8100/12000 | last 100]
success rate                : 11.0% (cumulative 0.4%)
failure rate                : 0.0% (cumulative 0.0%)
completed cycles / episode  : 0.000
synthetic task reward       : 1100.000
shaping reward              : 23.093
learning reward             : 1123.093
episode length              : 362.2
abstract changes / episode  : 11.4
same abstract-state steps   : 96.9%
same-state shaping / episode: 0.000
changed-state shaping / ep. : 23.093
terminal shaping / episode  : 9.020
DFA transitions / episode   : 0.99
DFA transitions in window   : 1->2: 35, 2->3: 29, 3->4: 24, 4->5: 11
epsilon (next episode)       : 0.19787
replay buffer                : 300000 samples [1: 61.8%, 2: 17.7%, 3: 14.8%, 4: 5.7%, 5: 0.0%]
DFA state visits in window   : 1: 24500, 2: 4876, 3: 3214, 4: 3720, 5: 11
DFA state visits cumulative  : 1: 1722996, 2: 324128, 3: 100649, 4: 26576, 5: 31
DFA state entries in window  : 1: 100, 2: 35, 3: 29, 4: 24, 5: 11
DFA state entries cumulative : 1: 8100, 2: 1661, 3: 499, 4: 202, 5: 31
transitions cumulative       : 1->2: 1661, 2->3: 499, 3->4: 202, 4->5: 31
accepted directly from s0    : 0
Gym endings cumulative       : terminated=7768, truncated=301

[Episode 8200/12000 | last 100]
success rate                : 2.0% (cumulative 0.4%)
failure rate                : 0.0% (cumulative 0.0%)
completed cycles / episode  : 0.000
synthetic task reward       : 200.000
shaping reward              : -39.484
learning reward             : 160.516
episode length              : 338.3
abstract changes / episode  : 10.9
same abstract-state steps   : 96.8%
same-state shaping / episode: 0.000
changed-state shaping / ep. : -39.484
terminal shaping / episode  : 0.117
DFA transitions / episode   : 0.87
DFA transitions in window   : 1->2: 43, 2->3: 28, 3->4: 14, 4->5: 2
epsilon (next episode)       : 0.19395
replay buffer                : 300000 samples [1: 59.8%, 2: 18.0%, 3: 16.1%, 4: 6.1%, 5: 0.0%]
DFA state visits in window   : 1: 20402, 2: 5093, 3: 6292, 4: 2140, 5: 2
DFA state visits cumulative  : 1: 1743398, 2: 329221, 3: 106941, 4: 28716, 5: 33
DFA state entries in window  : 1: 100, 2: 43, 3: 28, 4: 14, 5: 2
DFA state entries cumulative : 1: 8200, 2: 1704, 3: 527, 4: 216, 5: 33
transitions cumulative       : 1->2: 1704, 2->3: 527, 3->4: 216, 4->5: 33
accepted directly from s0    : 0
Gym endings cumulative       : terminated=7860, truncated=307

[Episode 8300/12000 | last 100]
success rate                : 0.0% (cumulative 0.4%)
failure rate                : 0.0% (cumulative 0.0%)
completed cycles / episode  : 0.000
synthetic task reward       : 0.000
shaping reward              : -70.721
learning reward             : -70.721
episode length              : 258.6
abstract changes / episode  : 8.6
same abstract-state steps   : 96.7%
same-state shaping / episode: 0.000
changed-state shaping / ep. : -70.721
terminal shaping / episode  : -2.892
DFA transitions / episode   : 0.43
DFA transitions in window   : 1->2: 31, 2->3: 6, 3->4: 6
epsilon (next episode)       : 0.19011
replay buffer                : 300000 samples [1: 61.9%, 2: 17.1%, 3: 14.8%, 4: 6.1%, 5: 0.0%]
DFA state visits in window   : 1: 20572, 2: 4161, 3: 293, 4: 939, 5: 0
DFA state visits cumulative  : 1: 1763970, 2: 333382, 3: 107234, 4: 29655, 5: 33
DFA state entries in window  : 1: 100, 2: 31, 3: 6, 4: 6, 5: 0
DFA state entries cumulative : 1: 8300, 2: 1735, 3: 533, 4: 222, 5: 33
transitions cumulative       : 1->2: 1735, 2->3: 533, 3->4: 222, 4->5: 33
accepted directly from s0    : 0
Gym endings cumulative       : terminated=7960, truncated=307

[Episode 8400/12000 | last 100]
success rate                : 3.0% (cumulative 0.4%)
failure rate                : 0.0% (cumulative 0.0%)
completed cycles / episode  : 0.000
synthetic task reward       : 300.000
shaping reward              : -87.248
learning reward             : 212.752
episode length              : 243.1
abstract changes / episode  : 7.5
same abstract-state steps   : 96.9%
same-state shaping / episode: 0.000
changed-state shaping / ep. : -87.248
terminal shaping / episode  : 2.010
DFA transitions / episode   : 0.34
DFA transitions in window   : 1->2: 15, 2->3: 9, 3->4: 7, 4->5: 3
epsilon (next episode)       : 0.18634
replay buffer                : 300000 samples [1: 64.8%, 2: 15.9%, 3: 13.7%, 4: 5.6%, 5: 0.0%]
DFA state visits in window   : 1: 19498, 2: 2867, 3: 991, 4: 1055, 5: 3
DFA state visits cumulative  : 1: 1783468, 2: 336249, 3: 108225, 4: 30710, 5: 36
DFA state entries in window  : 1: 100, 2: 15, 3: 9, 4: 7, 5: 3
DFA state entries cumulative : 1: 8400, 2: 1750, 3: 542, 4: 229, 5: 36
transitions cumulative       : 1->2: 1750, 2->3: 542, 3->4: 229, 4->5: 36
accepted directly from s0    : 0
Gym endings cumulative       : terminated=8054, truncated=310

[Episode 8500/12000 | last 100]
success rate                : 2.0% (cumulative 0.4%)
failure rate                : 0.0% (cumulative 0.0%)
completed cycles / episode  : 0.000
synthetic task reward       : 200.000
shaping reward              : -36.290
learning reward             : 163.710
episode length              : 210.0
abstract changes / episode  : 6.2
same abstract-state steps   : 97.1%
same-state shaping / episode: 0.000
changed-state shaping / ep. : -36.290
terminal shaping / episode  : 2.000
DFA transitions / episode   : 0.25
DFA transitions in window   : 1->2: 15, 2->3: 5, 3->4: 3, 4->5: 2
epsilon (next episode)       : 0.18265
replay buffer                : 300000 samples [1: 66.6%, 2: 15.3%, 3: 12.7%, 4: 5.5%, 5: 0.0%]
DFA state visits in window   : 1: 18822, 2: 1359, 3: 519, 4: 399, 5: 2
DFA state visits cumulative  : 1: 1802290, 2: 337608, 3: 108744, 4: 31109, 5: 38
DFA state entries in window  : 1: 100, 2: 15, 3: 5, 4: 3, 5: 2
DFA state entries cumulative : 1: 8500, 2: 1765, 3: 547, 4: 232, 5: 38
transitions cumulative       : 1->2: 1765, 2->3: 547, 3->4: 232, 4->5: 38
accepted directly from s0    : 0
Gym endings cumulative       : terminated=8149, truncated=313

Starting autonomous greedy evaluation at episode 8500 (1000 fixed-seed episodes)...
[Greedy evaluation at episode 8500 | 1000 fixed-seed episodes]
success=1.2%, failure=0.0%, task reward=120.000, length=184.7
DFA transitions: 1->2: 271, 2->3: 71, 3->4: 27, 4->5: 12
Best policy updated from autonomous greedy evaluation at episode 8500.

[Episode 8600/12000 | last 100]
success rate                : 0.0% (cumulative 0.4%)
failure rate                : 0.0% (cumulative 0.0%)
completed cycles / episode  : 0.000
synthetic task reward       : 0.000
shaping reward              : -6.178
learning reward             : -6.178
episode length              : 145.7
abstract changes / episode  : 4.1
same abstract-state steps   : 97.2%
same-state shaping / episode: 0.000
changed-state shaping / ep. : -6.178
terminal shaping / episode  : 0.000
DFA transitions / episode   : 0.04
DFA transitions in window   : 1->2: 3, 2->3: 1
epsilon (next episode)       : 0.17904
replay buffer                : 300000 samples [1: 68.7%, 2: 14.5%, 3: 11.5%, 4: 5.3%, 5: 0.0%]
DFA state visits in window   : 1: 14425, 2: 129, 3: 120, 4: 0, 5: 0
DFA state visits cumulative  : 1: 1816715, 2: 337737, 3: 108864, 4: 31109, 5: 38
DFA state entries in window  : 1: 100, 2: 3, 3: 1, 4: 0, 5: 0
DFA state entries cumulative : 1: 8600, 2: 1768, 3: 548, 4: 232, 5: 38
transitions cumulative       : 1->2: 1768, 2->3: 548, 3->4: 232, 4->5: 38
accepted directly from s0    : 0
Gym endings cumulative       : terminated=8249, truncated=313

[Episode 8700/12000 | last 100]
success rate                : 1.0% (cumulative 0.4%)
failure rate                : 0.0% (cumulative 0.0%)
completed cycles / episode  : 0.000
synthetic task reward       : 100.000
shaping reward              : -34.658
learning reward             : 65.342
episode length              : 188.5
abstract changes / episode  : 6.0
same abstract-state steps   : 96.8%
same-state shaping / episode: 0.000
changed-state shaping / ep. : -34.658
terminal shaping / episode  : -0.912
DFA transitions / episode   : 0.29
DFA transitions in window   : 1->2: 19, 2->3: 8, 3->4: 1, 4->5: 1
epsilon (next episode)       : 0.17549
replay buffer                : 300000 samples [1: 70.8%, 2: 13.5%, 3: 10.5%, 4: 5.3%, 5: 0.0%]
DFA state visits in window   : 1: 15349, 2: 2124, 3: 1392, 4: 86, 5: 1
DFA state visits cumulative  : 1: 1832064, 2: 339861, 3: 110256, 4: 31195, 5: 39
DFA state entries in window  : 1: 100, 2: 19, 3: 8, 4: 1, 5: 1
DFA state entries cumulative : 1: 8700, 2: 1787, 3: 556, 4: 233, 5: 39
transitions cumulative       : 1->2: 1787, 2->3: 556, 3->4: 233, 4->5: 39
accepted directly from s0    : 0
Gym endings cumulative       : terminated=8346, truncated=315

[Episode 8800/12000 | last 100]
success rate                : 2.0% (cumulative 0.5%)
failure rate                : 0.0% (cumulative 0.0%)
completed cycles / episode  : 0.000
synthetic task reward       : 200.000
shaping reward              : -29.478
learning reward             : 170.522
episode length              : 311.8
abstract changes / episode  : 9.1
same abstract-state steps   : 97.1%
same-state shaping / episode: 0.000
changed-state shaping / ep. : -29.478
terminal shaping / episode  : 2.000
DFA transitions / episode   : 0.59
DFA transitions in window   : 1->2: 31, 2->3: 16, 3->4: 10, 4->5: 2
epsilon (next episode)       : 0.17201
replay buffer                : 300000 samples [1: 71.4%, 2: 14.2%, 3: 9.3%, 4: 5.1%, 5: 0.0%]
DFA state visits in window   : 1: 21533, 2: 6585, 3: 1916, 4: 1243, 5: 2
DFA state visits cumulative  : 1: 1853597, 2: 346446, 3: 112172, 4: 32438, 5: 41
DFA state entries in window  : 1: 100, 2: 31, 3: 16, 4: 10, 5: 2
DFA state entries cumulative : 1: 8800, 2: 1818, 3: 572, 4: 243, 5: 41
transitions cumulative       : 1->2: 1818, 2->3: 572, 3->4: 243, 4->5: 41
accepted directly from s0    : 0
Gym endings cumulative       : terminated=8443, truncated=316

[Episode 8900/12000 | last 100]
success rate                : 16.0% (cumulative 0.6%)
failure rate                : 0.0% (cumulative 0.0%)
completed cycles / episode  : 0.000
synthetic task reward       : 1600.000
shaping reward              : 18.127
learning reward             : 1618.127
episode length              : 453.5
abstract changes / episode  : 11.4
same abstract-state steps   : 97.5%
same-state shaping / episode: 0.000
changed-state shaping / ep. : 18.127
terminal shaping / episode  : 16.000
DFA transitions / episode   : 1.02
DFA transitions in window   : 1->2: 37, 2->3: 26, 3->4: 23, 4->5: 16
epsilon (next episode)       : 0.16861
replay buffer                : 300000 samples [1: 73.7%, 2: 14.1%, 3: 6.9%, 4: 5.3%, 5: 0.0%]
DFA state visits in window   : 1: 33388, 2: 6928, 3: 1969, 4: 3153, 5: 16
DFA state visits cumulative  : 1: 1886985, 2: 353374, 3: 114141, 4: 35591, 5: 57
DFA state entries in window  : 1: 100, 2: 37, 3: 26, 4: 23, 5: 16
DFA state entries cumulative : 1: 8900, 2: 1855, 3: 598, 4: 266, 5: 57
transitions cumulative       : 1->2: 1855, 2->3: 598, 3->4: 266, 4->5: 57
accepted directly from s0    : 0
Gym endings cumulative       : terminated=8521, truncated=322

[Episode 9000/12000 | last 100]
success rate                : 9.0% (cumulative 0.7%)
failure rate                : 0.0% (cumulative 0.0%)
completed cycles / episode  : 0.000
synthetic task reward       : 900.000
shaping reward              : -57.841
learning reward             : 842.159
episode length              : 433.0
abstract changes / episode  : 11.7
same abstract-state steps   : 97.3%
same-state shaping / episode: 0.000
changed-state shaping / ep. : -57.841
terminal shaping / episode  : 9.000
DFA transitions / episode   : 0.64
DFA transitions in window   : 1->2: 26, 2->3: 16, 3->4: 13, 4->5: 9
epsilon (next episode)       : 0.16527
replay buffer                : 300000 samples [1: 75.1%, 2: 13.4%, 3: 6.4%, 4: 5.0%, 5: 0.0%]
DFA state visits in window   : 1: 34349, 2: 5272, 3: 2049, 4: 1722, 5: 9
DFA state visits cumulative  : 1: 1921334, 2: 358646, 3: 116190, 4: 37313, 5: 66
DFA state entries in window  : 1: 100, 2: 26, 3: 16, 4: 13, 5: 9
DFA state entries cumulative : 1: 9000, 2: 1881, 3: 614, 4: 279, 5: 66
transitions cumulative       : 1->2: 1881, 2->3: 614, 3->4: 279, 4->5: 66
accepted directly from s0    : 0
Gym endings cumulative       : terminated=8605, truncated=329

Starting autonomous greedy evaluation at episode 9000 (1000 fixed-seed episodes)...
[Greedy evaluation at episode 9000 | 1000 fixed-seed episodes]
success=1.5%, failure=0.0%, task reward=150.000, length=328.0
DFA transitions: 1->2: 82, 2->3: 21, 3->4: 18, 4->5: 15
Best policy updated from autonomous greedy evaluation at episode 9000.

[Episode 9100/12000 | last 100]
success rate                : 9.0% (cumulative 0.8%)
failure rate                : 0.0% (cumulative 0.0%)
completed cycles / episode  : 0.000
synthetic task reward       : 900.000
shaping reward              : -27.631
learning reward             : 872.369
episode length              : 377.4
abstract changes / episode  : 12.4
same abstract-state steps   : 96.7%
same-state shaping / episode: 0.000
changed-state shaping / ep. : -27.631
terminal shaping / episode  : 9.000
DFA transitions / episode   : 0.68
DFA transitions in window   : 1->2: 30, 2->3: 17, 3->4: 12, 4->5: 9
epsilon (next episode)       : 0.16200
replay buffer                : 300000 samples [1: 76.3%, 2: 13.3%, 3: 6.2%, 4: 4.2%, 5: 0.0%]
DFA state visits in window   : 1: 28748, 2: 4716, 3: 3023, 4: 1345, 5: 9
DFA state visits cumulative  : 1: 1950082, 2: 363362, 3: 119213, 4: 38658, 5: 75
DFA state entries in window  : 1: 100, 2: 30, 3: 17, 4: 12, 5: 9
DFA state entries cumulative : 1: 9100, 2: 1911, 3: 631, 4: 291, 5: 75
transitions cumulative       : 1->2: 1911, 2->3: 631, 3->4: 291, 4->5: 75
accepted directly from s0    : 0
Gym endings cumulative       : terminated=8694, truncated=331

[Episode 9200/12000 | last 100]
success rate                : 13.0% (cumulative 1.0%)
failure rate                : 0.0% (cumulative 0.0%)
completed cycles / episode  : 0.000
synthetic task reward       : 1300.000
shaping reward              : -23.301
learning reward             : 1276.699
episode length              : 345.9
abstract changes / episode  : 10.0
same abstract-state steps   : 97.1%
same-state shaping / episode: 0.000
changed-state shaping / ep. : -23.301
terminal shaping / episode  : 13.000
DFA transitions / episode   : 0.80
DFA transitions in window   : 1->2: 32, 2->3: 22, 3->4: 13, 4->5: 13
epsilon (next episode)       : 0.15879
replay buffer                : 300000 samples [1: 77.8%, 2: 13.1%, 3: 5.3%, 4: 3.9%, 5: 0.0%]
DFA state visits in window   : 1: 25774, 2: 4588, 3: 2801, 4: 1515, 5: 13
DFA state visits cumulative  : 1: 1975856, 2: 367950, 3: 122014, 4: 40173, 5: 88
DFA state entries in window  : 1: 100, 2: 32, 3: 22, 4: 13, 5: 13
DFA state entries cumulative : 1: 9200, 2: 1943, 3: 653, 4: 304, 5: 88
transitions cumulative       : 1->2: 1943, 2->3: 653, 3->4: 304, 4->5: 88
accepted directly from s0    : 0
Gym endings cumulative       : terminated=8776, truncated=336

[Episode 9300/12000 | last 100]
success rate                : 9.0% (cumulative 1.0%)
failure rate                : 0.0% (cumulative 0.0%)
completed cycles / episode  : 0.000
synthetic task reward       : 900.000
shaping reward              : -57.151
learning reward             : 842.849
episode length              : 320.1
abstract changes / episode  : 10.0
same abstract-state steps   : 96.9%
same-state shaping / episode: 0.000
changed-state shaping / ep. : -57.151
terminal shaping / episode  : 9.000
DFA transitions / episode   : 0.45
DFA transitions in window   : 1->2: 15, 2->3: 11, 3->4: 10, 4->5: 9
epsilon (next episode)       : 0.15564
replay buffer                : 300000 samples [1: 78.9%, 2: 12.1%, 3: 5.2%, 4: 3.8%, 5: 0.0%]
DFA state visits in window   : 1: 27691, 2: 2370, 3: 903, 4: 1132, 5: 9
DFA state visits cumulative  : 1: 2003547, 2: 370320, 3: 122917, 4: 41305, 5: 97
DFA state entries in window  : 1: 100, 2: 15, 3: 11, 4: 10, 5: 9
DFA state entries cumulative : 1: 9300, 2: 1958, 3: 664, 4: 314, 5: 97
transitions cumulative       : 1->2: 1958, 2->3: 664, 3->4: 314, 4->5: 97
accepted directly from s0    : 0
Gym endings cumulative       : terminated=8863, truncated=340

[Episode 9400/12000 | last 100]
success rate                : 7.0% (cumulative 1.1%)
failure rate                : 0.0% (cumulative 0.0%)
completed cycles / episode  : 0.000
synthetic task reward       : 700.000
shaping reward              : -122.170
learning reward             : 577.830
episode length              : 313.3
abstract changes / episode  : 10.4
same abstract-state steps   : 96.7%
same-state shaping / episode: 0.000
changed-state shaping / ep. : -122.170
terminal shaping / episode  : 7.000
DFA transitions / episode   : 0.44
DFA transitions in window   : 1->2: 17, 2->3: 11, 3->4: 9, 4->5: 7
epsilon (next episode)       : 0.15256
replay buffer                : 300000 samples [1: 79.3%, 2: 11.8%, 3: 5.2%, 4: 3.8%, 5: 0.0%]
DFA state visits in window   : 1: 26760, 2: 2561, 3: 1108, 4: 991, 5: 7
DFA state visits cumulative  : 1: 2030307, 2: 372881, 3: 124025, 4: 42296, 5: 104
DFA state entries in window  : 1: 100, 2: 17, 3: 11, 4: 9, 5: 7
DFA state entries cumulative : 1: 9400, 2: 1975, 3: 675, 4: 323, 5: 104
transitions cumulative       : 1->2: 1975, 2->3: 675, 3->4: 323, 4->5: 104
accepted directly from s0    : 0
Gym endings cumulative       : terminated=8955, truncated=341

[Episode 9500/12000 | last 100]
success rate                : 5.0% (cumulative 1.1%)
failure rate                : 0.0% (cumulative 0.0%)
completed cycles / episode  : 0.000
synthetic task reward       : 500.000
shaping reward              : -77.746
learning reward             : 422.254
episode length              : 226.9
abstract changes / episode  : 7.1
same abstract-state steps   : 96.9%
same-state shaping / episode: 0.000
changed-state shaping / ep. : -77.746
terminal shaping / episode  : 5.000
DFA transitions / episode   : 0.32
DFA transitions in window   : 1->2: 17, 2->3: 5, 3->4: 5, 4->5: 5
epsilon (next episode)       : 0.14954
replay buffer                : 300000 samples [1: 78.8%, 2: 12.0%, 3: 5.2%, 4: 3.9%, 5: 0.0%]
DFA state visits in window   : 1: 20885, 2: 766, 3: 471, 4: 666, 5: 5
DFA state visits cumulative  : 1: 2051192, 2: 373647, 3: 124496, 4: 42962, 5: 109
DFA state entries in window  : 1: 100, 2: 17, 3: 5, 4: 5, 5: 5
DFA state entries cumulative : 1: 9500, 2: 1992, 3: 680, 4: 328, 5: 109
transitions cumulative       : 1->2: 1992, 2->3: 680, 3->4: 328, 4->5: 109
accepted directly from s0    : 0
Gym endings cumulative       : terminated=9049, truncated=342

Starting autonomous greedy evaluation at episode 9500 (1000 fixed-seed episodes)...
[Greedy evaluation at episode 9500 | 1000 fixed-seed episodes]
success=0.4%, failure=0.0%, task reward=40.000, length=233.9
DFA transitions: 1->2: 11, 2->3: 4, 3->4: 4, 4->5: 4

[Episode 9600/12000 | last 100]
success rate                : 0.0% (cumulative 1.1%)
failure rate                : 0.0% (cumulative 0.0%)
completed cycles / episode  : 0.000
synthetic task reward       : 0.000
shaping reward              : -88.927
learning reward             : -88.927
episode length              : 194.1
abstract changes / episode  : 6.8
same abstract-state steps   : 96.5%
same-state shaping / episode: 0.000
changed-state shaping / ep. : -88.927
terminal shaping / episode  : -0.951
DFA transitions / episode   : 0.20
DFA transitions in window   : 1->2: 20
epsilon (next episode)       : 0.14658
replay buffer                : 300000 samples [1: 79.4%, 2: 11.8%, 3: 4.9%, 4: 3.9%, 5: 0.0%]
DFA state visits in window   : 1: 18007, 2: 1507, 3: 0, 4: 0, 5: 0
DFA state visits cumulative  : 1: 2069199, 2: 375154, 3: 124496, 4: 42962, 5: 109
DFA state entries in window  : 1: 100, 2: 20, 3: 0, 4: 0, 5: 0
DFA state entries cumulative : 1: 9600, 2: 2012, 3: 680, 4: 328, 5: 109
transitions cumulative       : 1->2: 2012, 2->3: 680, 3->4: 328, 4->5: 109
accepted directly from s0    : 0
Gym endings cumulative       : terminated=9149, truncated=342

[Episode 9700/12000 | last 100]
success rate                : 9.0% (cumulative 1.2%)
failure rate                : 0.0% (cumulative 0.0%)
completed cycles / episode  : 0.000
synthetic task reward       : 900.000
shaping reward              : -85.701
learning reward             : 814.299
episode length              : 310.4
abstract changes / episode  : 9.4
same abstract-state steps   : 97.0%
same-state shaping / episode: 0.000
changed-state shaping / ep. : -85.701
terminal shaping / episode  : 7.117
DFA transitions / episode   : 0.59
DFA transitions in window   : 1->2: 22, 2->3: 14, 3->4: 14, 4->5: 9
epsilon (next episode)       : 0.14368
replay buffer                : 300000 samples [1: 79.9%, 2: 11.6%, 3: 4.4%, 4: 4.1%, 5: 0.0%]
DFA state visits in window   : 1: 23376, 2: 5102, 3: 917, 4: 1741, 5: 9
DFA state visits cumulative  : 1: 2092575, 2: 380256, 3: 125413, 4: 44703, 5: 118
DFA state entries in window  : 1: 100, 2: 22, 3: 14, 4: 14, 5: 9
DFA state entries cumulative : 1: 9700, 2: 2034, 3: 694, 4: 342, 5: 118
transitions cumulative       : 1->2: 2034, 2->3: 694, 3->4: 342, 4->5: 118
accepted directly from s0    : 0
Gym endings cumulative       : terminated=9238, truncated=344

[Episode 9800/12000 | last 100]
success rate                : 18.0% (cumulative 1.4%)
failure rate                : 0.0% (cumulative 0.0%)
completed cycles / episode  : 0.000
synthetic task reward       : 1800.000
shaping reward              : 43.980
learning reward             : 1843.980
episode length              : 358.0
abstract changes / episode  : 10.2
same abstract-state steps   : 97.2%
same-state shaping / episode: 0.000
changed-state shaping / ep. : 43.980
terminal shaping / episode  : 18.000
DFA transitions / episode   : 0.96
DFA transitions in window   : 1->2: 35, 2->3: 25, 3->4: 18, 4->5: 18
epsilon (next episode)       : 0.14083
replay buffer                : 300000 samples [1: 79.9%, 2: 11.2%, 3: 5.1%, 4: 3.8%, 5: 0.0%]
DFA state visits in window   : 1: 25536, 2: 4813, 3: 3554, 4: 1982, 5: 18
DFA state visits cumulative  : 1: 2118111, 2: 385069, 3: 128967, 4: 46685, 5: 136
DFA state entries in window  : 1: 100, 2: 35, 3: 25, 4: 18, 5: 18
DFA state entries cumulative : 1: 9800, 2: 2069, 3: 719, 4: 360, 5: 136
transitions cumulative       : 1->2: 2069, 2->3: 719, 3->4: 360, 4->5: 136
accepted directly from s0    : 0
Gym endings cumulative       : terminated=9318, truncated=346

[Episode 9900/12000 | last 100]
success rate                : 33.0% (cumulative 1.7%)
failure rate                : 0.0% (cumulative 0.0%)
completed cycles / episode  : 0.000
synthetic task reward       : 3300.000
shaping reward              : 18.311
learning reward             : 3318.311
episode length              : 306.3
abstract changes / episode  : 11.8
same abstract-state steps   : 96.1%
same-state shaping / episode: 0.000
changed-state shaping / ep. : 18.311
terminal shaping / episode  : 33.000
DFA transitions / episode   : 1.46
DFA transitions in window   : 1->2: 42, 2->3: 38, 3->4: 33, 4->5: 33
epsilon (next episode)       : 0.13804
replay buffer                : 300000 samples [1: 77.5%, 2: 11.8%, 3: 5.9%, 4: 4.8%, 5: 0.0%]
DFA state visits in window   : 1: 16198, 2: 6170, 3: 4010, 4: 4316, 5: 33
DFA state visits cumulative  : 1: 2134309, 2: 391239, 3: 132977, 4: 51001, 5: 169
DFA state entries in window  : 1: 100, 2: 42, 3: 38, 4: 33, 5: 33
DFA state entries cumulative : 1: 9900, 2: 2111, 3: 757, 4: 393, 5: 169
transitions cumulative       : 1->2: 2111, 2->3: 757, 3->4: 393, 4->5: 169
accepted directly from s0    : 0
Gym endings cumulative       : terminated=9384, truncated=347

[Episode 10000/12000 | last 100]
success rate                : 4.0% (cumulative 1.7%)
failure rate                : 0.0% (cumulative 0.0%)
completed cycles / episode  : 0.000
synthetic task reward       : 400.000
shaping reward              : -192.005
learning reward             : 207.995
episode length              : 138.5
abstract changes / episode  : 7.6
same abstract-state steps   : 94.5%
same-state shaping / episode: 0.000
changed-state shaping / ep. : -192.005
terminal shaping / episode  : 4.000
DFA transitions / episode   : 0.21
DFA transitions in window   : 1->2: 7, 2->3: 5, 3->4: 5, 4->5: 4
epsilon (next episode)       : 0.13531
replay buffer                : 300000 samples [1: 77.8%, 2: 11.6%, 3: 5.7%, 4: 4.8%, 5: 0.0%]
DFA state visits in window   : 1: 12143, 2: 887, 3: 264, 4: 652, 5: 4
DFA state visits cumulative  : 1: 2146452, 2: 392126, 3: 133241, 4: 51653, 5: 173
DFA state entries in window  : 1: 100, 2: 7, 3: 5, 4: 5, 5: 4
DFA state entries cumulative : 1: 10000, 2: 2118, 3: 762, 4: 398, 5: 173
transitions cumulative       : 1->2: 2118, 2->3: 762, 3->4: 398, 4->5: 173
accepted directly from s0    : 0
Gym endings cumulative       : terminated=9480, truncated=347

Starting autonomous greedy evaluation at episode 10000 (1000 fixed-seed episodes)...
[Greedy evaluation at episode 10000 | 1000 fixed-seed episodes]
success=0.0%, failure=0.0%, task reward=0.000, length=175.5
DFA transitions: 1->2: 5

[Episode 10100/12000 | last 100]
success rate                : 12.0% (cumulative 1.8%)
failure rate                : 0.0% (cumulative 0.0%)
completed cycles / episode  : 0.000
synthetic task reward       : 1200.000
shaping reward              : -63.486
learning reward             : 1136.514
episode length              : 253.4
abstract changes / episode  : 8.5
same abstract-state steps   : 96.6%
same-state shaping / episode: 0.000
changed-state shaping / ep. : -63.486
terminal shaping / episode  : 12.000
DFA transitions / episode   : 0.57
DFA transitions in window   : 1->2: 17, 2->3: 15, 3->4: 13, 4->5: 12
epsilon (next episode)       : 0.13263
replay buffer                : 300000 samples [1: 77.4%, 2: 11.6%, 3: 5.7%, 4: 5.2%, 5: 0.0%]
DFA state visits in window   : 1: 20208, 2: 2519, 3: 1082, 4: 1624, 5: 12
DFA state visits cumulative  : 1: 2166660, 2: 394645, 3: 134323, 4: 53277, 5: 185
DFA state entries in window  : 1: 100, 2: 17, 3: 15, 4: 13, 5: 12
DFA state entries cumulative : 1: 10100, 2: 2135, 3: 777, 4: 411, 5: 185
transitions cumulative       : 1->2: 2135, 2->3: 777, 3->4: 411, 4->5: 185
accepted directly from s0    : 0
Gym endings cumulative       : terminated=9568, truncated=347

[Episode 10200/12000 | last 100]
success rate                : 6.0% (cumulative 1.9%)
failure rate                : 0.0% (cumulative 0.0%)
completed cycles / episode  : 0.000
synthetic task reward       : 600.000
shaping reward              : -70.932
learning reward             : 529.068
episode length              : 396.6
abstract changes / episode  : 8.0
same abstract-state steps   : 98.0%
same-state shaping / episode: 0.000
changed-state shaping / ep. : -70.932
terminal shaping / episode  : 5.059
DFA transitions / episode   : 0.34
DFA transitions in window   : 1->2: 12, 2->3: 8, 3->4: 8, 4->5: 6
epsilon (next episode)       : 0.13000
replay buffer                : 300000 samples [1: 80.4%, 2: 10.0%, 3: 4.6%, 4: 5.0%, 5: 0.0%]
DFA state visits in window   : 1: 37087, 2: 1234, 3: 600, 4: 836, 5: 6
DFA state visits cumulative  : 1: 2203747, 2: 395879, 3: 134923, 4: 54113, 5: 191
DFA state entries in window  : 1: 100, 2: 12, 3: 8, 4: 8, 5: 6
DFA state entries cumulative : 1: 10200, 2: 2147, 3: 785, 4: 419, 5: 191
transitions cumulative       : 1->2: 2147, 2->3: 785, 3->4: 419, 4->5: 191
accepted directly from s0    : 0
Gym endings cumulative       : terminated=9654, truncated=355

[Episode 10300/12000 | last 100]
success rate                : 3.0% (cumulative 1.9%)
failure rate                : 0.0% (cumulative 0.0%)
completed cycles / episode  : 0.000
synthetic task reward       : 300.000
shaping reward              : -145.114
learning reward             : 154.886
episode length              : 309.1
abstract changes / episode  : 9.4
same abstract-state steps   : 97.0%
same-state shaping / episode: 0.000
changed-state shaping / ep. : -145.114
terminal shaping / episode  : 2.059
DFA transitions / episode   : 0.38
DFA transitions in window   : 1->2: 18, 2->3: 11, 3->4: 6, 4->5: 3
epsilon (next episode)       : 0.12743
replay buffer                : 300000 samples [1: 80.1%, 2: 9.8%, 3: 5.4%, 4: 4.7%, 5: 0.0%]
DFA state visits in window   : 1: 24751, 2: 2093, 3: 3452, 4: 711, 5: 3
DFA state visits cumulative  : 1: 2228498, 2: 397972, 3: 138375, 4: 54824, 5: 194
DFA state entries in window  : 1: 100, 2: 18, 3: 11, 4: 6, 5: 3
DFA state entries cumulative : 1: 10300, 2: 2165, 3: 796, 4: 425, 5: 194
transitions cumulative       : 1->2: 2165, 2->3: 796, 3->4: 425, 4->5: 194
accepted directly from s0    : 0
Gym endings cumulative       : terminated=9742, truncated=364

[Episode 10400/12000 | last 100]
success rate                : 6.0% (cumulative 1.9%)
failure rate                : 0.0% (cumulative 0.0%)
completed cycles / episode  : 0.000
synthetic task reward       : 600.000
shaping reward              : -16.355
learning reward             : 583.645
episode length              : 443.1
abstract changes / episode  : 10.5
same abstract-state steps   : 97.6%
same-state shaping / episode: 0.000
changed-state shaping / ep. : -16.355
terminal shaping / episode  : 6.000
DFA transitions / episode   : 0.61
DFA transitions in window   : 1->2: 24, 2->3: 18, 3->4: 13, 4->5: 6
epsilon (next episode)       : 0.12490
replay buffer                : 300000 samples [1: 80.1%, 2: 9.6%, 3: 5.6%, 4: 4.8%, 5: 0.0%]
DFA state visits in window   : 1: 36849, 2: 3640, 3: 2288, 4: 1623, 5: 6
DFA state visits cumulative  : 1: 2265347, 2: 401612, 3: 140663, 4: 56447, 5: 200
DFA state entries in window  : 1: 100, 2: 24, 3: 18, 4: 13, 5: 6
DFA state entries cumulative : 1: 10400, 2: 2189, 3: 814, 4: 438, 5: 200
transitions cumulative       : 1->2: 2189, 2->3: 814, 3->4: 438, 4->5: 200
accepted directly from s0    : 0
Gym endings cumulative       : terminated=9833, truncated=367

[Episode 10500/12000 | last 100]
success rate                : 10.0% (cumulative 2.0%)
failure rate                : 0.0% (cumulative 0.0%)
completed cycles / episode  : 0.000
synthetic task reward       : 1000.000
shaping reward              : 0.638
learning reward             : 1000.638
episode length              : 416.0
abstract changes / episode  : 10.5
same abstract-state steps   : 97.5%
same-state shaping / episode: 0.000
changed-state shaping / ep. : 0.638
terminal shaping / episode  : 9.030
DFA transitions / episode   : 0.87
DFA transitions in window   : 1->2: 27, 2->3: 25, 3->4: 25, 4->5: 10
epsilon (next episode)       : 0.12243
replay buffer                : 300000 samples [1: 77.8%, 2: 10.4%, 3: 6.2%, 4: 5.6%, 5: 0.0%]
DFA state visits in window   : 1: 31226, 2: 4700, 3: 2549, 4: 3215, 5: 10
DFA state visits cumulative  : 1: 2296573, 2: 406312, 3: 143212, 4: 59662, 5: 210
DFA state entries in window  : 1: 100, 2: 27, 3: 25, 4: 25, 5: 10
DFA state entries cumulative : 1: 10500, 2: 2216, 3: 839, 4: 463, 5: 210
transitions cumulative       : 1->2: 2216, 2->3: 839, 3->4: 463, 4->5: 210
accepted directly from s0    : 0
Gym endings cumulative       : terminated=9922, truncated=368

Starting autonomous greedy evaluation at episode 10500 (1000 fixed-seed episodes)...
[Greedy evaluation at episode 10500 | 1000 fixed-seed episodes]
success=8.7%, failure=0.0%, task reward=870.000, length=301.4
DFA transitions: 1->2: 178, 2->3: 87, 3->4: 87, 4->5: 87
Best policy updated from autonomous greedy evaluation at episode 10500.

[Episode 10600/12000 | last 100]
success rate                : 8.0% (cumulative 2.1%)
failure rate                : 0.0% (cumulative 0.0%)
completed cycles / episode  : 0.000
synthetic task reward       : 800.000
shaping reward              : -14.461
learning reward             : 785.539
episode length              : 320.4
abstract changes / episode  : 7.1
same abstract-state steps   : 97.8%
same-state shaping / episode: 0.000
changed-state shaping / ep. : -14.461
terminal shaping / episode  : 7.059
DFA transitions / episode   : 0.45
DFA transitions in window   : 1->2: 15, 2->3: 11, 3->4: 11, 4->5: 8
epsilon (next episode)       : 0.12001
replay buffer                : 300000 samples [1: 78.5%, 2: 9.7%, 3: 6.3%, 4: 5.5%, 5: 0.0%]
DFA state visits in window   : 1: 27303, 2: 2525, 3: 1043, 4: 1262, 5: 8
DFA state visits cumulative  : 1: 2323876, 2: 408837, 3: 144255, 4: 60924, 5: 218
DFA state entries in window  : 1: 100, 2: 15, 3: 11, 4: 11, 5: 8
DFA state entries cumulative : 1: 10600, 2: 2231, 3: 850, 4: 474, 5: 218
transitions cumulative       : 1->2: 2231, 2->3: 850, 3->4: 474, 4->5: 218
accepted directly from s0    : 0
Gym endings cumulative       : terminated=10014, truncated=368

[Episode 10700/12000 | last 100]
success rate                : 7.0% (cumulative 2.1%)
failure rate                : 0.0% (cumulative 0.0%)
completed cycles / episode  : 0.000
synthetic task reward       : 700.000
shaping reward              : -66.060
learning reward             : 633.940
episode length              : 312.0
abstract changes / episode  : 8.3
same abstract-state steps   : 97.3%
same-state shaping / episode: 0.000
changed-state shaping / ep. : -66.060
terminal shaping / episode  : 7.000
DFA transitions / episode   : 0.42
DFA transitions in window   : 1->2: 18, 2->3: 9, 3->4: 8, 4->5: 7
epsilon (next episode)       : 0.11763
replay buffer                : 300000 samples [1: 78.9%, 2: 9.7%, 3: 5.9%, 4: 5.5%, 5: 0.0%]
DFA state visits in window   : 1: 26542, 2: 3089, 3: 669, 4: 993, 5: 7
DFA state visits cumulative  : 1: 2350418, 2: 411926, 3: 144924, 4: 61917, 5: 225
DFA state entries in window  : 1: 100, 2: 18, 3: 9, 4: 8, 5: 7
DFA state entries cumulative : 1: 10700, 2: 2249, 3: 859, 4: 482, 5: 225
transitions cumulative       : 1->2: 2249, 2->3: 859, 3->4: 482, 4->5: 225
accepted directly from s0    : 0
Gym endings cumulative       : terminated=10107, truncated=368

[Episode 10800/12000 | last 100]
success rate                : 9.0% (cumulative 2.2%)
failure rate                : 0.0% (cumulative 0.0%)
completed cycles / episode  : 0.000
synthetic task reward       : 900.000
shaping reward              : -19.635
learning reward             : 880.365
episode length              : 324.5
abstract changes / episode  : 9.5
same abstract-state steps   : 97.1%
same-state shaping / episode: 0.000
changed-state shaping / ep. : -19.635
terminal shaping / episode  : 8.020
DFA transitions / episode   : 0.81
DFA transitions in window   : 1->2: 31, 2->3: 22, 3->4: 19, 4->5: 9
epsilon (next episode)       : 0.11530
replay buffer                : 300000 samples [1: 81.1%, 2: 8.8%, 3: 5.5%, 4: 4.7%, 5: 0.0%]
DFA state visits in window   : 1: 23431, 2: 4217, 3: 2528, 4: 2369, 5: 9
DFA state visits cumulative  : 1: 2373849, 2: 416143, 3: 147452, 4: 64286, 5: 234
DFA state entries in window  : 1: 100, 2: 31, 3: 22, 4: 19, 5: 9
DFA state entries cumulative : 1: 10800, 2: 2280, 3: 881, 4: 501, 5: 234
transitions cumulative       : 1->2: 2280, 2->3: 881, 3->4: 501, 4->5: 234
accepted directly from s0    : 0
Gym endings cumulative       : terminated=10196, truncated=370

[Episode 10900/12000 | last 100]
success rate                : 9.0% (cumulative 2.2%)
failure rate                : 0.0% (cumulative 0.0%)
completed cycles / episode  : 0.000
synthetic task reward       : 900.000
shaping reward              : 9.519
learning reward             : 909.519
episode length              : 277.7
abstract changes / episode  : 7.9
same abstract-state steps   : 97.1%
same-state shaping / episode: 0.000
changed-state shaping / ep. : 9.519
terminal shaping / episode  : 6.147
DFA transitions / episode   : 0.68
DFA transitions in window   : 1->2: 30, 2->3: 15, 3->4: 14, 4->5: 9
epsilon (next episode)       : 0.11302
replay buffer                : 300000 samples [1: 81.1%, 2: 9.1%, 3: 5.0%, 4: 4.7%, 5: 0.0%]
DFA state visits in window   : 1: 21168, 2: 3688, 3: 1133, 4: 1869, 5: 9
DFA state visits cumulative  : 1: 2395017, 2: 419831, 3: 148585, 4: 66155, 5: 243
DFA state entries in window  : 1: 100, 2: 30, 3: 15, 4: 14, 5: 9
DFA state entries cumulative : 1: 10900, 2: 2310, 3: 896, 4: 515, 5: 243
transitions cumulative       : 1->2: 2310, 2->3: 896, 3->4: 515, 4->5: 243
accepted directly from s0    : 0
Gym endings cumulative       : terminated=10287, truncated=370

[Episode 11000/12000 | last 100]
success rate                : 1.0% (cumulative 2.2%)
failure rate                : 0.0% (cumulative 0.0%)
completed cycles / episode  : 0.000
synthetic task reward       : 100.000
shaping reward              : -125.881
learning reward             : -25.881
episode length              : 215.0
abstract changes / episode  : 5.3
same abstract-state steps   : 97.5%
same-state shaping / episode: 0.000
changed-state shaping / ep. : -125.881
terminal shaping / episode  : 1.000
DFA transitions / episode   : 0.08
DFA transitions in window   : 1->2: 5, 2->3: 1, 3->4: 1, 4->5: 1
epsilon (next episode)       : 0.11078
replay buffer                : 300000 samples [1: 82.4%, 2: 8.6%, 3: 4.8%, 4: 4.3%, 5: 0.0%]
DFA state visits in window   : 1: 20858, 2: 564, 3: 43, 4: 131, 5: 1
DFA state visits cumulative  : 1: 2415875, 2: 420395, 3: 148628, 4: 66286, 5: 244
DFA state entries in window  : 1: 100, 2: 5, 3: 1, 4: 1, 5: 1
DFA state entries cumulative : 1: 11000, 2: 2315, 3: 897, 4: 516, 5: 244
transitions cumulative       : 1->2: 2315, 2->3: 897, 3->4: 516, 4->5: 244
accepted directly from s0    : 0
Gym endings cumulative       : terminated=10386, truncated=370

Starting autonomous greedy evaluation at episode 11000 (1000 fixed-seed episodes)...
[Greedy evaluation at episode 11000 | 1000 fixed-seed episodes]
success=0.0%, failure=0.0%, task reward=0.000, length=184.4
DFA transitions: 1->2: 1

[Episode 11100/12000 | last 100]
success rate                : 0.0% (cumulative 2.2%)
failure rate                : 0.0% (cumulative 0.0%)
completed cycles / episode  : 0.000
synthetic task reward       : 0.000
shaping reward              : -74.700
learning reward             : -74.700
episode length              : 236.7
abstract changes / episode  : 5.4
same abstract-state steps   : 97.7%
same-state shaping / episode: 0.000
changed-state shaping / ep. : -74.700
terminal shaping / episode  : 0.000
DFA transitions / episode   : 0.00
DFA transitions in window   : none
epsilon (next episode)       : 0.10858
replay buffer                : 300000 samples [1: 83.1%, 2: 8.2%, 3: 4.6%, 4: 4.1%, 5: 0.0%]
DFA state visits in window   : 1: 23773, 2: 0, 3: 0, 4: 0, 5: 0
DFA state visits cumulative  : 1: 2439648, 2: 420395, 3: 148628, 4: 66286, 5: 244
DFA state entries in window  : 1: 100, 2: 0, 3: 0, 4: 0, 5: 0
DFA state entries cumulative : 1: 11100, 2: 2315, 3: 897, 4: 516, 5: 244
transitions cumulative       : 1->2: 2315, 2->3: 897, 3->4: 516, 4->5: 244
accepted directly from s0    : 0
Gym endings cumulative       : terminated=10486, truncated=370

[Episode 11200/12000 | last 100]
success rate                : 2.0% (cumulative 2.2%)
failure rate                : 0.0% (cumulative 0.0%)
completed cycles / episode  : 0.000
synthetic task reward       : 200.000
shaping reward              : -108.674
learning reward             : 91.326
episode length              : 290.4
abstract changes / episode  : 7.4
same abstract-state steps   : 97.5%
same-state shaping / episode: 0.000
changed-state shaping / ep. : -108.674
terminal shaping / episode  : 2.000
DFA transitions / episode   : 0.14
DFA transitions in window   : 1->2: 8, 2->3: 2, 3->4: 2, 4->5: 2
epsilon (next episode)       : 0.10643
replay buffer                : 300000 samples [1: 83.2%, 2: 8.2%, 3: 4.6%, 4: 4.0%, 5: 0.0%]
DFA state visits in window   : 1: 28320, 2: 503, 3: 62, 4: 258, 5: 2
DFA state visits cumulative  : 1: 2467968, 2: 420898, 3: 148690, 4: 66544, 5: 246
DFA state entries in window  : 1: 100, 2: 8, 3: 2, 4: 2, 5: 2
DFA state entries cumulative : 1: 11200, 2: 2323, 3: 899, 4: 518, 5: 246
transitions cumulative       : 1->2: 2323, 2->3: 899, 3->4: 518, 4->5: 246
accepted directly from s0    : 0
Gym endings cumulative       : terminated=10584, truncated=370

[Episode 11300/12000 | last 100]
success rate                : 11.0% (cumulative 2.3%)
failure rate                : 0.0% (cumulative 0.0%)
completed cycles / episode  : 0.000
synthetic task reward       : 1100.000
shaping reward              : 34.615
learning reward             : 1134.615
episode length              : 357.9
abstract changes / episode  : 9.9
same abstract-state steps   : 97.2%
same-state shaping / episode: 0.000
changed-state shaping / ep. : 34.615
terminal shaping / episode  : 10.068
DFA transitions / episode   : 0.76
DFA transitions in window   : 1->2: 30, 2->3: 19, 3->4: 16, 4->5: 11
epsilon (next episode)       : 0.10433
replay buffer                : 300000 samples [1: 82.8%, 2: 8.9%, 3: 3.9%, 4: 4.3%, 5: 0.0%]
DFA state visits in window   : 1: 26125, 2: 5313, 3: 2240, 4: 2197, 5: 11
DFA state visits cumulative  : 1: 2494093, 2: 426211, 3: 150930, 4: 68741, 5: 257
DFA state entries in window  : 1: 100, 2: 30, 3: 19, 4: 16, 5: 11
DFA state entries cumulative : 1: 11300, 2: 2353, 3: 918, 4: 534, 5: 257
transitions cumulative       : 1->2: 2353, 2->3: 918, 3->4: 534, 4->5: 257
accepted directly from s0    : 0
Gym endings cumulative       : terminated=10670, truncated=373

[Episode 11400/12000 | last 100]
success rate                : 10.0% (cumulative 2.3%)
failure rate                : 0.0% (cumulative 0.0%)
completed cycles / episode  : 0.000
synthetic task reward       : 1000.000
shaping reward              : -54.259
learning reward             : 945.741
episode length              : 317.9
abstract changes / episode  : 8.1
same abstract-state steps   : 97.5%
same-state shaping / episode: 0.000
changed-state shaping / ep. : -54.259
terminal shaping / episode  : 9.059
DFA transitions / episode   : 0.45
DFA transitions in window   : 1->2: 15, 2->3: 10, 3->4: 10, 4->5: 10
epsilon (next episode)       : 0.10226
replay buffer                : 300000 samples [1: 83.3%, 2: 8.7%, 3: 3.6%, 4: 4.4%, 5: 0.0%]
DFA state visits in window   : 1: 28071, 2: 1950, 3: 515, 4: 1348, 5: 10
DFA state visits cumulative  : 1: 2522164, 2: 428161, 3: 151445, 4: 70089, 5: 267
DFA state entries in window  : 1: 100, 2: 15, 3: 10, 4: 10, 5: 10
DFA state entries cumulative : 1: 11400, 2: 2368, 3: 928, 4: 544, 5: 267
transitions cumulative       : 1->2: 2368, 2->3: 928, 3->4: 544, 4->5: 267
accepted directly from s0    : 0
Gym endings cumulative       : terminated=10760, truncated=373

[Episode 11500/12000 | last 100]
success rate                : 13.0% (cumulative 2.4%)
failure rate                : 0.0% (cumulative 0.0%)
completed cycles / episode  : 0.000
synthetic task reward       : 1300.000
shaping reward              : -80.488
learning reward             : 1219.512
episode length              : 288.0
abstract changes / episode  : 8.2
same abstract-state steps   : 97.2%
same-state shaping / episode: 0.000
changed-state shaping / ep. : -80.488
terminal shaping / episode  : 13.000
DFA transitions / episode   : 0.59
DFA transitions in window   : 1->2: 20, 2->3: 13, 3->4: 13, 4->5: 13
epsilon (next episode)       : 0.10024
replay buffer                : 300000 samples [1: 84.7%, 2: 8.2%, 3: 3.0%, 4: 4.1%, 5: 0.0%]
DFA state visits in window   : 1: 24011, 2: 2498, 3: 628, 4: 1748, 5: 13
DFA state visits cumulative  : 1: 2546175, 2: 430659, 3: 152073, 4: 71837, 5: 280
DFA state entries in window  : 1: 100, 2: 20, 3: 13, 4: 13, 5: 13
DFA state entries cumulative : 1: 11500, 2: 2388, 3: 941, 4: 557, 5: 280
transitions cumulative       : 1->2: 2388, 2->3: 941, 3->4: 557, 4->5: 280
accepted directly from s0    : 0
Gym endings cumulative       : terminated=10847, truncated=373

Starting autonomous greedy evaluation at episode 11500 (1000 fixed-seed episodes)...
[Greedy evaluation at episode 11500 | 1000 fixed-seed episodes]
success=0.0%, failure=0.0%, task reward=0.000, length=156.8
DFA transitions: 1->2: 2

[Episode 11600/12000 | last 100]
success rate                : 7.0% (cumulative 2.5%)
failure rate                : 0.0% (cumulative 0.0%)
completed cycles / episode  : 0.000
synthetic task reward       : 700.000
shaping reward              : -125.985
learning reward             : 574.015
episode length              : 228.9
abstract changes / episode  : 6.8
same abstract-state steps   : 97.0%
same-state shaping / episode: 0.000
changed-state shaping / ep. : -125.985
terminal shaping / episode  : 6.059
DFA transitions / episode   : 0.34
DFA transitions in window   : 1->2: 12, 2->3: 8, 3->4: 7, 4->5: 7
epsilon (next episode)       : 0.09825
replay buffer                : 300000 samples [1: 84.5%, 2: 8.3%, 3: 3.1%, 4: 4.2%, 5: 0.0%]
DFA state visits in window   : 1: 19843, 2: 1709, 3: 523, 4: 912, 5: 7
DFA state visits cumulative  : 1: 2566018, 2: 432368, 3: 152596, 4: 72749, 5: 287
DFA state entries in window  : 1: 100, 2: 12, 3: 8, 4: 7, 5: 7
DFA state entries cumulative : 1: 11600, 2: 2400, 3: 949, 4: 564, 5: 287
transitions cumulative       : 1->2: 2400, 2->3: 949, 3->4: 564, 4->5: 287
accepted directly from s0    : 0
Gym endings cumulative       : terminated=10940, truncated=373

[Episode 11700/12000 | last 100]
success rate                : 2.0% (cumulative 2.5%)
failure rate                : 0.0% (cumulative 0.0%)
completed cycles / episode  : 0.000
synthetic task reward       : 200.000
shaping reward              : -60.872
learning reward             : 139.128
episode length              : 247.0
abstract changes / episode  : 7.8
same abstract-state steps   : 96.8%
same-state shaping / episode: 0.000
changed-state shaping / ep. : -60.872
terminal shaping / episode  : 2.000
DFA transitions / episode   : 0.37
DFA transitions in window   : 1->2: 26, 2->3: 6, 3->4: 3, 4->5: 2
epsilon (next episode)       : 0.09631
replay buffer                : 300000 samples [1: 84.8%, 2: 8.5%, 3: 2.9%, 4: 3.8%, 5: 0.0%]
DFA state visits in window   : 1: 20393, 2: 3417, 3: 573, 4: 414, 5: 2
DFA state visits cumulative  : 1: 2586411, 2: 435785, 3: 153169, 4: 73163, 5: 289
DFA state entries in window  : 1: 100, 2: 26, 3: 6, 4: 3, 5: 2
DFA state entries cumulative : 1: 11700, 2: 2426, 3: 955, 4: 567, 5: 289
transitions cumulative       : 1->2: 2426, 2->3: 955, 3->4: 567, 4->5: 289
accepted directly from s0    : 0
Gym endings cumulative       : terminated=11037, truncated=374

[Episode 11800/12000 | last 100]
success rate                : 6.0% (cumulative 2.5%)
failure rate                : 0.0% (cumulative 0.0%)
completed cycles / episode  : 0.000
synthetic task reward       : 600.000
shaping reward              : 66.867
learning reward             : 666.867
episode length              : 509.0
abstract changes / episode  : 10.3
same abstract-state steps   : 98.0%
same-state shaping / episode: 0.000
changed-state shaping / ep. : 66.867
terminal shaping / episode  : 6.000
DFA transitions / episode   : 0.89
DFA transitions in window   : 1->2: 40, 2->3: 25, 3->4: 18, 4->5: 6
epsilon (next episode)       : 0.09440
replay buffer                : 300000 samples [1: 84.1%, 2: 9.0%, 3: 3.0%, 4: 4.0%, 5: 0.0%]
DFA state visits in window   : 1: 38312, 2: 6825, 3: 3239, 4: 2616, 5: 6
DFA state visits cumulative  : 1: 2624723, 2: 442610, 3: 156408, 4: 75779, 5: 295
DFA state entries in window  : 1: 100, 2: 40, 3: 25, 4: 18, 5: 6
DFA state entries cumulative : 1: 11800, 2: 2466, 3: 980, 4: 585, 5: 295
transitions cumulative       : 1->2: 2466, 2->3: 980, 3->4: 585, 4->5: 295
accepted directly from s0    : 0
Gym endings cumulative       : terminated=11119, truncated=386

[Episode 11900/12000 | last 100]
success rate                : 6.0% (cumulative 2.5%)
failure rate                : 0.0% (cumulative 0.0%)
completed cycles / episode  : 0.000
synthetic task reward       : 600.000
shaping reward              : 50.633
learning reward             : 650.633
episode length              : 353.9
abstract changes / episode  : 8.7
same abstract-state steps   : 97.6%
same-state shaping / episode: 0.000
changed-state shaping / ep. : 50.633
terminal shaping / episode  : 5.059
DFA transitions / episode   : 0.64
DFA transitions in window   : 1->2: 25, 2->3: 18, 3->4: 15, 4->5: 6
epsilon (next episode)       : 0.09253
replay buffer                : 300000 samples [1: 84.2%, 2: 8.9%, 3: 3.1%, 4: 3.9%, 5: 0.0%]
DFA state visits in window   : 1: 27342, 2: 4652, 3: 1398, 4: 2094, 5: 6
DFA state visits cumulative  : 1: 2652065, 2: 447262, 3: 157806, 4: 77873, 5: 301
DFA state entries in window  : 1: 100, 2: 25, 3: 18, 4: 15, 5: 6
DFA state entries cumulative : 1: 11900, 2: 2491, 3: 998, 4: 600, 5: 301
transitions cumulative       : 1->2: 2491, 2->3: 998, 3->4: 600, 4->5: 301
accepted directly from s0    : 0
Gym endings cumulative       : terminated=11211, truncated=388

[Episode 12000/12000 | last 100]
success rate                : 6.0% (cumulative 2.6%)
failure rate                : 0.0% (cumulative 0.0%)
completed cycles / episode  : 0.000
synthetic task reward       : 600.000
shaping reward              : 49.672
learning reward             : 649.672
episode length              : 423.0
abstract changes / episode  : 11.1
same abstract-state steps   : 97.4%
same-state shaping / episode: 0.000
changed-state shaping / ep. : 49.672
terminal shaping / episode  : 5.059
DFA transitions / episode   : 1.07
DFA transitions in window   : 1->2: 46, 2->3: 30, 3->4: 25, 4->5: 6
epsilon (next episode)       : 0.09070
replay buffer                : 300000 samples [1: 79.2%, 2: 11.7%, 3: 4.1%, 4: 5.1%, 5: 0.0%]
DFA state visits in window   : 1: 27332, 2: 8330, 3: 3052, 4: 3676, 5: 6
DFA state visits cumulative  : 1: 2679397, 2: 455592, 3: 160858, 4: 81549, 5: 307
DFA state entries in window  : 1: 100, 2: 46, 3: 30, 4: 25, 5: 6
DFA state entries cumulative : 1: 12000, 2: 2537, 3: 1028, 4: 625, 5: 307
transitions cumulative       : 1->2: 2537, 2->3: 1028, 3->4: 625, 4->5: 307
accepted directly from s0    : 0
Gym endings cumulative       : terminated=11301, truncated=392

Starting autonomous greedy evaluation at episode 12000 (1000 fixed-seed episodes)...
[Greedy evaluation at episode 12000 | 1000 fixed-seed episodes]
success=4.5%, failure=0.0%, task reward=450.000, length=644.7
DFA transitions: 1->2: 450, 2->3: 234, 3->4: 213, 4->5: 45
Last policy saved after episode 12000. Best greedy evaluation: episode 10500, mean task reward=870.000
