
=== NEW RUN ===
episodes=12000, shaping=True, goal_reward=10000.0, gamma=0.99
gamma_shaping=1.0, shaping_formula=gamma_shaping*Phi(next)-Phi(state)
ground_unbiased_learner=False
eval_interval=500, eval_episodes=1000, eval_seed=100000
inter_level_shaping=False, inter_level_formula=gamma*Phi(next)-Phi(state)
task_type=ltlf, task=F(wp1 & X(F(wp2 & X(F(wp3 & X(F(g1)))))))
regions={wp1: {'center': [-0.75, 1.0625], 'radius': 0.1}, wp2: {'center': [0, 0.6875], 'radius': 0.1}, wp3: {'center': [0, 1.0625], 'radius': 0.1}, g1: {'center': [0.75, 1.0625], 'radius': 0.1}}
dfa_states=[1, 2, 3, 4, 5], pre_trace=1, accepting=[5], failure=[]

[Episode 1/12000 | last 1]
success rate                : 0.0% (cumulative 0.0%)
failure rate                : 0.0% (cumulative 0.0%)
completed cycles / episode  : 0.000
synthetic task reward       : 0.000
shaping reward              : -155.415
learning reward             : -155.415
episode length              : 107.0
abstract changes / episode  : 99.0
same abstract-state steps   : 7.5%
same-state shaping / episode: 0.000
changed-state shaping / ep. : -155.415
terminal shaping / episode  : 0.000
DFA transitions / episode   : 0.00
DFA transitions in window   : none
epsilon (next episode)       : 0.99980
replay buffer                : 107 samples [1: 100.0%, 2: 0.0%, 3: 0.0%, 4: 0.0%, 5: 0.0%]
DFA state visits in window   : 1: 108, 2: 0, 3: 0, 4: 0, 5: 0
DFA state visits cumulative  : 1: 108, 2: 0, 3: 0, 4: 0, 5: 0
DFA state entries in window  : 1: 1, 2: 0, 3: 0, 4: 0, 5: 0
DFA state entries cumulative : 1: 1, 2: 0, 3: 0, 4: 0, 5: 0
transitions cumulative       : none
accepted directly from s0    : 0
Gym endings cumulative       : terminated=1, truncated=0

[Episode 100/12000 | last 100]
success rate                : 0.0% (cumulative 0.0%)
failure rate                : 0.0% (cumulative 0.0%)
completed cycles / episode  : 0.000
synthetic task reward       : 0.000
shaping reward              : -143.238
learning reward             : -143.238
episode length              : 92.2
abstract changes / episode  : 87.3
same abstract-state steps   : 5.3%
same-state shaping / episode: 0.000
changed-state shaping / ep. : -143.238
terminal shaping / episode  : -1.318
DFA transitions / episode   : 0.02
DFA transitions in window   : 1->2: 2
epsilon (next episode)       : 0.98020
replay buffer                : 9223 samples [1: 99.5%, 2: 0.5%, 3: 0.0%, 4: 0.0%, 5: 0.0%]
DFA state visits in window   : 1: 9278, 2: 45, 3: 0, 4: 0, 5: 0
DFA state visits cumulative  : 1: 9278, 2: 45, 3: 0, 4: 0, 5: 0
DFA state entries in window  : 1: 100, 2: 2, 3: 0, 4: 0, 5: 0
DFA state entries cumulative : 1: 100, 2: 2, 3: 0, 4: 0, 5: 0
transitions cumulative       : 1->2: 2
accepted directly from s0    : 0
Gym endings cumulative       : terminated=100, truncated=0

[Episode 200/12000 | last 100]
success rate                : 0.0% (cumulative 0.0%)
failure rate                : 0.0% (cumulative 0.0%)
completed cycles / episode  : 0.000
synthetic task reward       : 0.000
shaping reward              : -144.894
learning reward             : -144.894
episode length              : 91.5
abstract changes / episode  : 87.7
same abstract-state steps   : 4.2%
same-state shaping / episode: 0.000
changed-state shaping / ep. : -144.894
terminal shaping / episode  : -1.429
DFA transitions / episode   : 0.02
DFA transitions in window   : 1->2: 2
epsilon (next episode)       : 0.96079
replay buffer                : 18378 samples [1: 99.6%, 2: 0.4%, 3: 0.0%, 4: 0.0%, 5: 0.0%]
DFA state visits in window   : 1: 9222, 2: 33, 3: 0, 4: 0, 5: 0
DFA state visits cumulative  : 1: 18500, 2: 78, 3: 0, 4: 0, 5: 0
DFA state entries in window  : 1: 100, 2: 2, 3: 0, 4: 0, 5: 0
DFA state entries cumulative : 1: 200, 2: 4, 3: 0, 4: 0, 5: 0
transitions cumulative       : 1->2: 4
accepted directly from s0    : 0
Gym endings cumulative       : terminated=200, truncated=0

[Episode 300/12000 | last 100]
success rate                : 0.0% (cumulative 0.0%)
failure rate                : 0.0% (cumulative 0.0%)
completed cycles / episode  : 0.000
synthetic task reward       : 0.000
shaping reward              : -144.945
learning reward             : -144.945
episode length              : 96.3
abstract changes / episode  : 91.7
same abstract-state steps   : 4.9%
same-state shaping / episode: 0.000
changed-state shaping / ep. : -144.945
terminal shaping / episode  : -1.177
DFA transitions / episode   : 0.02
DFA transitions in window   : 1->2: 2
epsilon (next episode)       : 0.94176
replay buffer                : 28013 samples [1: 99.6%, 2: 0.4%, 3: 0.0%, 4: 0.0%, 5: 0.0%]
DFA state visits in window   : 1: 9687, 2: 48, 3: 0, 4: 0, 5: 0
DFA state visits cumulative  : 1: 28187, 2: 126, 3: 0, 4: 0, 5: 0
DFA state entries in window  : 1: 100, 2: 2, 3: 0, 4: 0, 5: 0
DFA state entries cumulative : 1: 300, 2: 6, 3: 0, 4: 0, 5: 0
transitions cumulative       : 1->2: 6
accepted directly from s0    : 0
Gym endings cumulative       : terminated=300, truncated=0

[Episode 400/12000 | last 100]
success rate                : 0.0% (cumulative 0.0%)
failure rate                : 0.0% (cumulative 0.0%)
completed cycles / episode  : 0.000
synthetic task reward       : 0.000
shaping reward              : -143.536
learning reward             : -143.536
episode length              : 90.3
abstract changes / episode  : 86.9
same abstract-state steps   : 3.8%
same-state shaping / episode: 0.000
changed-state shaping / ep. : -143.536
terminal shaping / episode  : -0.709
DFA transitions / episode   : 0.03
DFA transitions in window   : 1->2: 3
epsilon (next episode)       : 0.92311
replay buffer                : 37044 samples [1: 99.5%, 2: 0.5%, 3: 0.0%, 4: 0.0%, 5: 0.0%]
DFA state visits in window   : 1: 9048, 2: 83, 3: 0, 4: 0, 5: 0
DFA state visits cumulative  : 1: 37235, 2: 209, 3: 0, 4: 0, 5: 0
DFA state entries in window  : 1: 100, 2: 3, 3: 0, 4: 0, 5: 0
DFA state entries cumulative : 1: 400, 2: 9, 3: 0, 4: 0, 5: 0
transitions cumulative       : 1->2: 9
accepted directly from s0    : 0
Gym endings cumulative       : terminated=400, truncated=0

[Episode 500/12000 | last 100]
success rate                : 0.0% (cumulative 0.0%)
failure rate                : 0.0% (cumulative 0.0%)
completed cycles / episode  : 0.000
synthetic task reward       : 0.000
shaping reward              : -146.818
learning reward             : -146.818
episode length              : 94.8
abstract changes / episode  : 90.3
same abstract-state steps   : 4.7%
same-state shaping / episode: 0.000
changed-state shaping / ep. : -146.818
terminal shaping / episode  : -0.765
DFA transitions / episode   : 0.02
DFA transitions in window   : 1->2: 2
epsilon (next episode)       : 0.90483
replay buffer                : 46521 samples [1: 99.4%, 2: 0.6%, 3: 0.0%, 4: 0.0%, 5: 0.0%]
DFA state visits in window   : 1: 9515, 2: 62, 3: 0, 4: 0, 5: 0
DFA state visits cumulative  : 1: 46750, 2: 271, 3: 0, 4: 0, 5: 0
DFA state entries in window  : 1: 100, 2: 2, 3: 0, 4: 0, 5: 0
DFA state entries cumulative : 1: 500, 2: 11, 3: 0, 4: 0, 5: 0
transitions cumulative       : 1->2: 11
accepted directly from s0    : 0
Gym endings cumulative       : terminated=500, truncated=0

Starting autonomous greedy evaluation at episode 500 (1000 fixed-seed episodes)...
[Greedy evaluation at episode 500 | 1000 fixed-seed episodes]
success=0.0%, failure=0.0%, task reward=0.000, length=189.5
DFA transitions: 1->2: 6
Best policy updated from autonomous greedy evaluation at episode 500.

[Episode 600/12000 | last 100]
success rate                : 0.0% (cumulative 0.0%)
failure rate                : 0.0% (cumulative 0.0%)
completed cycles / episode  : 0.000
synthetic task reward       : 0.000
shaping reward              : -149.305
learning reward             : -149.305
episode length              : 99.2
abstract changes / episode  : 95.7
same abstract-state steps   : 3.6%
same-state shaping / episode: 0.000
changed-state shaping / ep. : -149.305
terminal shaping / episode  : -1.093
DFA transitions / episode   : 0.01
DFA transitions in window   : 1->2: 1
epsilon (next episode)       : 0.88691
replay buffer                : 56442 samples [1: 99.5%, 2: 0.5%, 3: 0.0%, 4: 0.0%, 5: 0.0%]
DFA state visits in window   : 1: 9990, 2: 31, 3: 0, 4: 0, 5: 0
DFA state visits cumulative  : 1: 56740, 2: 302, 3: 0, 4: 0, 5: 0
DFA state entries in window  : 1: 100, 2: 1, 3: 0, 4: 0, 5: 0
DFA state entries cumulative : 1: 600, 2: 12, 3: 0, 4: 0, 5: 0
transitions cumulative       : 1->2: 12
accepted directly from s0    : 0
Gym endings cumulative       : terminated=600, truncated=0

[Episode 700/12000 | last 100]
success rate                : 0.0% (cumulative 0.0%)
failure rate                : 0.0% (cumulative 0.0%)
completed cycles / episode  : 0.000
synthetic task reward       : 0.000
shaping reward              : -137.872
learning reward             : -137.872
episode length              : 100.0
abstract changes / episode  : 96.2
same abstract-state steps   : 3.9%
same-state shaping / episode: 0.000
changed-state shaping / ep. : -137.872
terminal shaping / episode  : -1.047
DFA transitions / episode   : 0.03
DFA transitions in window   : 1->2: 3
epsilon (next episode)       : 0.86935
replay buffer                : 66446 samples [1: 99.4%, 2: 0.6%, 3: 0.0%, 4: 0.0%, 5: 0.0%]
DFA state visits in window   : 1: 10014, 2: 90, 3: 0, 4: 0, 5: 0
DFA state visits cumulative  : 1: 66754, 2: 392, 3: 0, 4: 0, 5: 0
DFA state entries in window  : 1: 100, 2: 3, 3: 0, 4: 0, 5: 0
DFA state entries cumulative : 1: 700, 2: 15, 3: 0, 4: 0, 5: 0
transitions cumulative       : 1->2: 15
accepted directly from s0    : 0
Gym endings cumulative       : terminated=700, truncated=0

[Episode 800/12000 | last 100]
success rate                : 0.0% (cumulative 0.0%)
failure rate                : 0.0% (cumulative 0.0%)
completed cycles / episode  : 0.000
synthetic task reward       : 0.000
shaping reward              : -139.176
learning reward             : -139.176
episode length              : 104.3
abstract changes / episode  : 99.4
same abstract-state steps   : 4.7%
same-state shaping / episode: 0.000
changed-state shaping / ep. : -139.176
terminal shaping / episode  : -1.030
DFA transitions / episode   : 0.03
DFA transitions in window   : 1->2: 3
epsilon (next episode)       : 0.85213
replay buffer                : 76874 samples [1: 99.4%, 2: 0.6%, 3: 0.0%, 4: 0.0%, 5: 0.0%]
DFA state visits in window   : 1: 10409, 2: 119, 3: 0, 4: 0, 5: 0
DFA state visits cumulative  : 1: 77163, 2: 511, 3: 0, 4: 0, 5: 0
DFA state entries in window  : 1: 100, 2: 3, 3: 0, 4: 0, 5: 0
DFA state entries cumulative : 1: 800, 2: 18, 3: 0, 4: 0, 5: 0
transitions cumulative       : 1->2: 18
accepted directly from s0    : 0
Gym endings cumulative       : terminated=800, truncated=0

[Episode 900/12000 | last 100]
success rate                : 0.0% (cumulative 0.0%)
failure rate                : 0.0% (cumulative 0.0%)
completed cycles / episode  : 0.000
synthetic task reward       : 0.000
shaping reward              : -130.139
learning reward             : -130.139
episode length              : 101.0
abstract changes / episode  : 96.4
same abstract-state steps   : 4.6%
same-state shaping / episode: 0.000
changed-state shaping / ep. : -130.139
terminal shaping / episode  : -0.836
DFA transitions / episode   : 0.06
DFA transitions in window   : 1->2: 6
epsilon (next episode)       : 0.83526
replay buffer                : 86978 samples [1: 99.3%, 2: 0.7%, 3: 0.0%, 4: 0.0%, 5: 0.0%]
DFA state visits in window   : 1: 10042, 2: 162, 3: 0, 4: 0, 5: 0
DFA state visits cumulative  : 1: 87205, 2: 673, 3: 0, 4: 0, 5: 0
DFA state entries in window  : 1: 100, 2: 6, 3: 0, 4: 0, 5: 0
DFA state entries cumulative : 1: 900, 2: 24, 3: 0, 4: 0, 5: 0
transitions cumulative       : 1->2: 24
accepted directly from s0    : 0
Gym endings cumulative       : terminated=900, truncated=0

[Episode 1000/12000 | last 100]
success rate                : 0.0% (cumulative 0.0%)
failure rate                : 0.0% (cumulative 0.0%)
completed cycles / episode  : 0.000
synthetic task reward       : 0.000
shaping reward              : -137.174
learning reward             : -137.174
episode length              : 104.3
abstract changes / episode  : 99.2
same abstract-state steps   : 4.9%
same-state shaping / episode: 0.000
changed-state shaping / ep. : -137.174
terminal shaping / episode  : -1.158
DFA transitions / episode   : 0.01
DFA transitions in window   : 1->2: 1
epsilon (next episode)       : 0.81871
replay buffer                : 97407 samples [1: 99.3%, 2: 0.7%, 3: 0.0%, 4: 0.0%, 5: 0.0%]
DFA state visits in window   : 1: 10510, 2: 19, 3: 0, 4: 0, 5: 0
DFA state visits cumulative  : 1: 97715, 2: 692, 3: 0, 4: 0, 5: 0
DFA state entries in window  : 1: 100, 2: 1, 3: 0, 4: 0, 5: 0
DFA state entries cumulative : 1: 1000, 2: 25, 3: 0, 4: 0, 5: 0
transitions cumulative       : 1->2: 25
accepted directly from s0    : 0
Gym endings cumulative       : terminated=1000, truncated=0

Starting autonomous greedy evaluation at episode 1000 (1000 fixed-seed episodes)...
[Greedy evaluation at episode 1000 | 1000 fixed-seed episodes]
success=0.0%, failure=0.0%, task reward=0.000, length=178.0
DFA transitions: none
Best policy updated from autonomous greedy evaluation at episode 1000.

[Episode 1100/12000 | last 100]
success rate                : 0.0% (cumulative 0.0%)
failure rate                : 0.0% (cumulative 0.0%)
completed cycles / episode  : 0.000
synthetic task reward       : 0.000
shaping reward              : -136.679
learning reward             : -136.679
episode length              : 110.1
abstract changes / episode  : 104.0
same abstract-state steps   : 5.6%
same-state shaping / episode: 0.000
changed-state shaping / ep. : -136.679
terminal shaping / episode  : -1.211
DFA transitions / episode   : 0.04
DFA transitions in window   : 1->2: 4
epsilon (next episode)       : 0.80250
replay buffer                : 108413 samples [1: 99.3%, 2: 0.7%, 3: 0.0%, 4: 0.0%, 5: 0.0%]
DFA state visits in window   : 1: 10963, 2: 143, 3: 0, 4: 0, 5: 0
DFA state visits cumulative  : 1: 108678, 2: 835, 3: 0, 4: 0, 5: 0
DFA state entries in window  : 1: 100, 2: 4, 3: 0, 4: 0, 5: 0
DFA state entries cumulative : 1: 1100, 2: 29, 3: 0, 4: 0, 5: 0
transitions cumulative       : 1->2: 29
accepted directly from s0    : 0
Gym endings cumulative       : terminated=1100, truncated=0

[Episode 1200/12000 | last 100]
success rate                : 0.0% (cumulative 0.0%)
failure rate                : 0.0% (cumulative 0.0%)
completed cycles / episode  : 0.000
synthetic task reward       : 0.000
shaping reward              : -127.077
learning reward             : -127.077
episode length              : 111.5
abstract changes / episode  : 104.5
same abstract-state steps   : 6.3%
same-state shaping / episode: 0.000
changed-state shaping / ep. : -127.077
terminal shaping / episode  : -0.857
DFA transitions / episode   : 0.04
DFA transitions in window   : 1->2: 4
epsilon (next episode)       : 0.78661
replay buffer                : 119561 samples [1: 99.2%, 2: 0.8%, 3: 0.0%, 4: 0.0%, 5: 0.0%]
DFA state visits in window   : 1: 11122, 2: 126, 3: 0, 4: 0, 5: 0
DFA state visits cumulative  : 1: 119800, 2: 961, 3: 0, 4: 0, 5: 0
DFA state entries in window  : 1: 100, 2: 4, 3: 0, 4: 0, 5: 0
DFA state entries cumulative : 1: 1200, 2: 33, 3: 0, 4: 0, 5: 0
transitions cumulative       : 1->2: 33
accepted directly from s0    : 0
Gym endings cumulative       : terminated=1200, truncated=0

[Episode 1300/12000 | last 100]
success rate                : 0.0% (cumulative 0.0%)
failure rate                : 0.0% (cumulative 0.0%)
completed cycles / episode  : 0.000
synthetic task reward       : 0.000
shaping reward              : -144.950
learning reward             : -144.950
episode length              : 107.9
abstract changes / episode  : 103.4
same abstract-state steps   : 4.1%
same-state shaping / episode: 0.000
changed-state shaping / ep. : -144.950
terminal shaping / episode  : -0.788
DFA transitions / episode   : 0.01
DFA transitions in window   : 1->2: 1
epsilon (next episode)       : 0.77103
replay buffer                : 130352 samples [1: 99.3%, 2: 0.7%, 3: 0.0%, 4: 0.0%, 5: 0.0%]
DFA state visits in window   : 1: 10860, 2: 31, 3: 0, 4: 0, 5: 0
DFA state visits cumulative  : 1: 130660, 2: 992, 3: 0, 4: 0, 5: 0
DFA state entries in window  : 1: 100, 2: 1, 3: 0, 4: 0, 5: 0
DFA state entries cumulative : 1: 1300, 2: 34, 3: 0, 4: 0, 5: 0
transitions cumulative       : 1->2: 34
accepted directly from s0    : 0
Gym endings cumulative       : terminated=1300, truncated=0

[Episode 1400/12000 | last 100]
success rate                : 0.0% (cumulative 0.0%)
failure rate                : 0.0% (cumulative 0.0%)
completed cycles / episode  : 0.000
synthetic task reward       : 0.000
shaping reward              : -144.537
learning reward             : -144.537
episode length              : 133.0
abstract changes / episode  : 118.1
same abstract-state steps   : 11.2%
same-state shaping / episode: 0.000
changed-state shaping / ep. : -144.537
terminal shaping / episode  : -0.687
DFA transitions / episode   : 0.03
DFA transitions in window   : 1->2: 3
epsilon (next episode)       : 0.75576
replay buffer                : 143654 samples [1: 99.3%, 2: 0.7%, 3: 0.0%, 4: 0.0%, 5: 0.0%]
DFA state visits in window   : 1: 13284, 2: 118, 3: 0, 4: 0, 5: 0
DFA state visits cumulative  : 1: 143944, 2: 1110, 3: 0, 4: 0, 5: 0
DFA state entries in window  : 1: 100, 2: 3, 3: 0, 4: 0, 5: 0
DFA state entries cumulative : 1: 1400, 2: 37, 3: 0, 4: 0, 5: 0
transitions cumulative       : 1->2: 37
accepted directly from s0    : 0
Gym endings cumulative       : terminated=1399, truncated=1

[Episode 1500/12000 | last 100]
success rate                : 0.0% (cumulative 0.0%)
failure rate                : 0.0% (cumulative 0.0%)
completed cycles / episode  : 0.000
synthetic task reward       : 0.000
shaping reward              : -154.070
learning reward             : -154.070
episode length              : 117.7
abstract changes / episode  : 111.5
same abstract-state steps   : 5.2%
same-state shaping / episode: 0.000
changed-state shaping / ep. : -154.070
terminal shaping / episode  : -0.604
DFA transitions / episode   : 0.00
DFA transitions in window   : none
epsilon (next episode)       : 0.74080
replay buffer                : 155419 samples [1: 99.3%, 2: 0.7%, 3: 0.0%, 4: 0.0%, 5: 0.0%]
DFA state visits in window   : 1: 11865, 2: 0, 3: 0, 4: 0, 5: 0
DFA state visits cumulative  : 1: 155809, 2: 1110, 3: 0, 4: 0, 5: 0
DFA state entries in window  : 1: 100, 2: 0, 3: 0, 4: 0, 5: 0
DFA state entries cumulative : 1: 1500, 2: 37, 3: 0, 4: 0, 5: 0
transitions cumulative       : 1->2: 37
accepted directly from s0    : 0
Gym endings cumulative       : terminated=1499, truncated=1

Starting autonomous greedy evaluation at episode 1500 (1000 fixed-seed episodes)...
[Greedy evaluation at episode 1500 | 1000 fixed-seed episodes]
success=0.0%, failure=0.0%, task reward=0.000, length=174.9
DFA transitions: none
Best policy updated from autonomous greedy evaluation at episode 1500.

[Episode 1600/12000 | last 100]
success rate                : 0.0% (cumulative 0.0%)
failure rate                : 0.0% (cumulative 0.0%)
completed cycles / episode  : 0.000
synthetic task reward       : 0.000
shaping reward              : -147.457
learning reward             : -147.457
episode length              : 126.4
abstract changes / episode  : 115.6
same abstract-state steps   : 8.5%
same-state shaping / episode: 0.000
changed-state shaping / ep. : -147.457
terminal shaping / episode  : -0.718
DFA transitions / episode   : 0.00
DFA transitions in window   : none
epsilon (next episode)       : 0.72613
replay buffer                : 168058 samples [1: 99.4%, 2: 0.6%, 3: 0.0%, 4: 0.0%, 5: 0.0%]
DFA state visits in window   : 1: 12739, 2: 0, 3: 0, 4: 0, 5: 0
DFA state visits cumulative  : 1: 168548, 2: 1110, 3: 0, 4: 0, 5: 0
DFA state entries in window  : 1: 100, 2: 0, 3: 0, 4: 0, 5: 0
DFA state entries cumulative : 1: 1600, 2: 37, 3: 0, 4: 0, 5: 0
transitions cumulative       : 1->2: 37
accepted directly from s0    : 0
Gym endings cumulative       : terminated=1599, truncated=1

[Episode 1700/12000 | last 100]
success rate                : 0.0% (cumulative 0.0%)
failure rate                : 0.0% (cumulative 0.0%)
completed cycles / episode  : 0.000
synthetic task reward       : 0.000
shaping reward              : -142.995
learning reward             : -142.995
episode length              : 131.1
abstract changes / episode  : 118.8
same abstract-state steps   : 9.4%
same-state shaping / episode: 0.000
changed-state shaping / ep. : -142.995
terminal shaping / episode  : -0.978
DFA transitions / episode   : 0.03
DFA transitions in window   : 1->2: 3
epsilon (next episode)       : 0.71175
replay buffer                : 181164 samples [1: 99.3%, 2: 0.7%, 3: 0.0%, 4: 0.0%, 5: 0.0%]
DFA state visits in window   : 1: 13074, 2: 132, 3: 0, 4: 0, 5: 0
DFA state visits cumulative  : 1: 181622, 2: 1242, 3: 0, 4: 0, 5: 0
DFA state entries in window  : 1: 100, 2: 3, 3: 0, 4: 0, 5: 0
DFA state entries cumulative : 1: 1700, 2: 40, 3: 0, 4: 0, 5: 0
transitions cumulative       : 1->2: 40
accepted directly from s0    : 0
Gym endings cumulative       : terminated=1699, truncated=1

[Episode 1800/12000 | last 100]
success rate                : 0.0% (cumulative 0.0%)
failure rate                : 0.0% (cumulative 0.0%)
completed cycles / episode  : 0.000
synthetic task reward       : 0.000
shaping reward              : -154.108
learning reward             : -154.108
episode length              : 113.8
abstract changes / episode  : 108.7
same abstract-state steps   : 4.5%
same-state shaping / episode: 0.000
changed-state shaping / ep. : -154.108
terminal shaping / episode  : -0.389
DFA transitions / episode   : 0.00
DFA transitions in window   : none
epsilon (next episode)       : 0.69765
replay buffer                : 192544 samples [1: 99.4%, 2: 0.6%, 3: 0.0%, 4: 0.0%, 5: 0.0%]
DFA state visits in window   : 1: 11480, 2: 0, 3: 0, 4: 0, 5: 0
DFA state visits cumulative  : 1: 193102, 2: 1242, 3: 0, 4: 0, 5: 0
DFA state entries in window  : 1: 100, 2: 0, 3: 0, 4: 0, 5: 0
DFA state entries cumulative : 1: 1800, 2: 40, 3: 0, 4: 0, 5: 0
transitions cumulative       : 1->2: 40
accepted directly from s0    : 0
Gym endings cumulative       : terminated=1799, truncated=1

[Episode 1900/12000 | last 100]
success rate                : 0.0% (cumulative 0.0%)
failure rate                : 0.0% (cumulative 0.0%)
completed cycles / episode  : 0.000
synthetic task reward       : 0.000
shaping reward              : -152.560
learning reward             : -152.560
episode length              : 106.5
abstract changes / episode  : 101.1
same abstract-state steps   : 5.1%
same-state shaping / episode: 0.000
changed-state shaping / ep. : -152.560
terminal shaping / episode  : -0.549
DFA transitions / episode   : 0.00
DFA transitions in window   : none
epsilon (next episode)       : 0.68384
replay buffer                : 203194 samples [1: 99.4%, 2: 0.6%, 3: 0.0%, 4: 0.0%, 5: 0.0%]
DFA state visits in window   : 1: 10750, 2: 0, 3: 0, 4: 0, 5: 0
DFA state visits cumulative  : 1: 203852, 2: 1242, 3: 0, 4: 0, 5: 0
DFA state entries in window  : 1: 100, 2: 0, 3: 0, 4: 0, 5: 0
DFA state entries cumulative : 1: 1900, 2: 40, 3: 0, 4: 0, 5: 0
transitions cumulative       : 1->2: 40
accepted directly from s0    : 0
Gym endings cumulative       : terminated=1899, truncated=1

[Episode 2000/12000 | last 100]
success rate                : 0.0% (cumulative 0.0%)
failure rate                : 0.0% (cumulative 0.0%)
completed cycles / episode  : 0.000
synthetic task reward       : 0.000
shaping reward              : -152.154
learning reward             : -152.154
episode length              : 101.5
abstract changes / episode  : 97.3
same abstract-state steps   : 4.1%
same-state shaping / episode: 0.000
changed-state shaping / ep. : -152.154
terminal shaping / episode  : -0.523
DFA transitions / episode   : 0.00
DFA transitions in window   : none
epsilon (next episode)       : 0.67029
replay buffer                : 213340 samples [1: 99.4%, 2: 0.6%, 3: 0.0%, 4: 0.0%, 5: 0.0%]
DFA state visits in window   : 1: 10246, 2: 0, 3: 0, 4: 0, 5: 0
DFA state visits cumulative  : 1: 214098, 2: 1242, 3: 0, 4: 0, 5: 0
DFA state entries in window  : 1: 100, 2: 0, 3: 0, 4: 0, 5: 0
DFA state entries cumulative : 1: 2000, 2: 40, 3: 0, 4: 0, 5: 0
transitions cumulative       : 1->2: 40
accepted directly from s0    : 0
Gym endings cumulative       : terminated=1999, truncated=1

Starting autonomous greedy evaluation at episode 2000 (1000 fixed-seed episodes)...
[Greedy evaluation at episode 2000 | 1000 fixed-seed episodes]
success=0.0%, failure=0.0%, task reward=0.000, length=818.2
DFA transitions: 1->2: 19

[Episode 2100/12000 | last 100]
success rate                : 0.0% (cumulative 0.0%)
failure rate                : 0.0% (cumulative 0.0%)
completed cycles / episode  : 0.000
synthetic task reward       : 0.000
shaping reward              : -152.719
learning reward             : -152.719
episode length              : 102.8
abstract changes / episode  : 97.2
same abstract-state steps   : 5.5%
same-state shaping / episode: 0.000
changed-state shaping / ep. : -152.719
terminal shaping / episode  : -0.573
DFA transitions / episode   : 0.00
DFA transitions in window   : none
epsilon (next episode)       : 0.65702
replay buffer                : 223623 samples [1: 99.5%, 2: 0.5%, 3: 0.0%, 4: 0.0%, 5: 0.0%]
DFA state visits in window   : 1: 10383, 2: 0, 3: 0, 4: 0, 5: 0
DFA state visits cumulative  : 1: 224481, 2: 1242, 3: 0, 4: 0, 5: 0
DFA state entries in window  : 1: 100, 2: 0, 3: 0, 4: 0, 5: 0
DFA state entries cumulative : 1: 2100, 2: 40, 3: 0, 4: 0, 5: 0
transitions cumulative       : 1->2: 40
accepted directly from s0    : 0
Gym endings cumulative       : terminated=2099, truncated=1

[Episode 2200/12000 | last 100]
success rate                : 0.0% (cumulative 0.0%)
failure rate                : 0.0% (cumulative 0.0%)
completed cycles / episode  : 0.000
synthetic task reward       : 0.000
shaping reward              : -151.775
learning reward             : -151.775
episode length              : 103.8
abstract changes / episode  : 99.9
same abstract-state steps   : 3.7%
same-state shaping / episode: 0.000
changed-state shaping / ep. : -151.775
terminal shaping / episode  : -0.548
DFA transitions / episode   : 0.00
DFA transitions in window   : none
epsilon (next episode)       : 0.64401
replay buffer                : 234002 samples [1: 99.5%, 2: 0.5%, 3: 0.0%, 4: 0.0%, 5: 0.0%]
DFA state visits in window   : 1: 10479, 2: 0, 3: 0, 4: 0, 5: 0
DFA state visits cumulative  : 1: 234960, 2: 1242, 3: 0, 4: 0, 5: 0
DFA state entries in window  : 1: 100, 2: 0, 3: 0, 4: 0, 5: 0
DFA state entries cumulative : 1: 2200, 2: 40, 3: 0, 4: 0, 5: 0
transitions cumulative       : 1->2: 40
accepted directly from s0    : 0
Gym endings cumulative       : terminated=2199, truncated=1

[Episode 2300/12000 | last 100]
success rate                : 0.0% (cumulative 0.0%)
failure rate                : 0.0% (cumulative 0.0%)
completed cycles / episode  : 0.000
synthetic task reward       : 0.000
shaping reward              : -152.663
learning reward             : -152.663
episode length              : 110.1
abstract changes / episode  : 104.5
same abstract-state steps   : 5.0%
same-state shaping / episode: 0.000
changed-state shaping / ep. : -152.663
terminal shaping / episode  : -0.423
DFA transitions / episode   : 0.00
DFA transitions in window   : none
epsilon (next episode)       : 0.63125
replay buffer                : 245012 samples [1: 99.5%, 2: 0.5%, 3: 0.0%, 4: 0.0%, 5: 0.0%]
DFA state visits in window   : 1: 11110, 2: 0, 3: 0, 4: 0, 5: 0
DFA state visits cumulative  : 1: 246070, 2: 1242, 3: 0, 4: 0, 5: 0
DFA state entries in window  : 1: 100, 2: 0, 3: 0, 4: 0, 5: 0
DFA state entries cumulative : 1: 2300, 2: 40, 3: 0, 4: 0, 5: 0
transitions cumulative       : 1->2: 40
accepted directly from s0    : 0
Gym endings cumulative       : terminated=2299, truncated=1

[Episode 2400/12000 | last 100]
success rate                : 0.0% (cumulative 0.0%)
failure rate                : 0.0% (cumulative 0.0%)
completed cycles / episode  : 0.000
synthetic task reward       : 0.000
shaping reward              : -152.555
learning reward             : -152.555
episode length              : 118.6
abstract changes / episode  : 111.4
same abstract-state steps   : 6.0%
same-state shaping / episode: 0.000
changed-state shaping / ep. : -152.555
terminal shaping / episode  : -0.477
DFA transitions / episode   : 0.00
DFA transitions in window   : none
epsilon (next episode)       : 0.61875
replay buffer                : 256871 samples [1: 99.5%, 2: 0.5%, 3: 0.0%, 4: 0.0%, 5: 0.0%]
DFA state visits in window   : 1: 11959, 2: 0, 3: 0, 4: 0, 5: 0
DFA state visits cumulative  : 1: 258029, 2: 1242, 3: 0, 4: 0, 5: 0
DFA state entries in window  : 1: 100, 2: 0, 3: 0, 4: 0, 5: 0
DFA state entries cumulative : 1: 2400, 2: 40, 3: 0, 4: 0, 5: 0
transitions cumulative       : 1->2: 40
accepted directly from s0    : 0
Gym endings cumulative       : terminated=2398, truncated=2

[Episode 2500/12000 | last 100]
success rate                : 0.0% (cumulative 0.0%)
failure rate                : 0.0% (cumulative 0.0%)
completed cycles / episode  : 0.000
synthetic task reward       : 0.000
shaping reward              : -151.130
learning reward             : -151.130
episode length              : 116.7
abstract changes / episode  : 108.4
same abstract-state steps   : 7.1%
same-state shaping / episode: 0.000
changed-state shaping / ep. : -151.130
terminal shaping / episode  : -0.606
DFA transitions / episode   : 0.00
DFA transitions in window   : none
epsilon (next episode)       : 0.60650
replay buffer                : 268539 samples [1: 99.6%, 2: 0.4%, 3: 0.0%, 4: 0.0%, 5: 0.0%]
DFA state visits in window   : 1: 11768, 2: 0, 3: 0, 4: 0, 5: 0
DFA state visits cumulative  : 1: 269797, 2: 1242, 3: 0, 4: 0, 5: 0
DFA state entries in window  : 1: 100, 2: 0, 3: 0, 4: 0, 5: 0
DFA state entries cumulative : 1: 2500, 2: 40, 3: 0, 4: 0, 5: 0
transitions cumulative       : 1->2: 40
accepted directly from s0    : 0
Gym endings cumulative       : terminated=2498, truncated=2

Starting autonomous greedy evaluation at episode 2500 (1000 fixed-seed episodes)...
[Greedy evaluation at episode 2500 | 1000 fixed-seed episodes]
success=0.0%, failure=0.0%, task reward=0.000, length=308.6
DFA transitions: none

[Episode 2600/12000 | last 100]
success rate                : 0.0% (cumulative 0.0%)
failure rate                : 0.0% (cumulative 0.0%)
completed cycles / episode  : 0.000
synthetic task reward       : 0.000
shaping reward              : -152.327
learning reward             : -152.327
episode length              : 107.8
abstract changes / episode  : 102.9
same abstract-state steps   : 4.5%
same-state shaping / episode: 0.000
changed-state shaping / ep. : -152.327
terminal shaping / episode  : -0.447
DFA transitions / episode   : 0.00
DFA transitions in window   : none
epsilon (next episode)       : 0.59449
replay buffer                : 279314 samples [1: 99.6%, 2: 0.4%, 3: 0.0%, 4: 0.0%, 5: 0.0%]
DFA state visits in window   : 1: 10875, 2: 0, 3: 0, 4: 0, 5: 0
DFA state visits cumulative  : 1: 280672, 2: 1242, 3: 0, 4: 0, 5: 0
DFA state entries in window  : 1: 100, 2: 0, 3: 0, 4: 0, 5: 0
DFA state entries cumulative : 1: 2600, 2: 40, 3: 0, 4: 0, 5: 0
transitions cumulative       : 1->2: 40
accepted directly from s0    : 0
Gym endings cumulative       : terminated=2598, truncated=2

[Episode 2700/12000 | last 100]
success rate                : 0.0% (cumulative 0.0%)
failure rate                : 0.0% (cumulative 0.0%)
completed cycles / episode  : 0.000
synthetic task reward       : 0.000
shaping reward              : -151.026
learning reward             : -151.026
episode length              : 108.9
abstract changes / episode  : 102.8
same abstract-state steps   : 5.6%
same-state shaping / episode: 0.000
changed-state shaping / ep. : -151.026
terminal shaping / episode  : -0.468
DFA transitions / episode   : 0.00
DFA transitions in window   : none
epsilon (next episode)       : 0.58272
replay buffer                : 290203 samples [1: 99.6%, 2: 0.4%, 3: 0.0%, 4: 0.0%, 5: 0.0%]
DFA state visits in window   : 1: 10989, 2: 0, 3: 0, 4: 0, 5: 0
DFA state visits cumulative  : 1: 291661, 2: 1242, 3: 0, 4: 0, 5: 0
DFA state entries in window  : 1: 100, 2: 0, 3: 0, 4: 0, 5: 0
DFA state entries cumulative : 1: 2700, 2: 40, 3: 0, 4: 0, 5: 0
transitions cumulative       : 1->2: 40
accepted directly from s0    : 0
Gym endings cumulative       : terminated=2698, truncated=2

[Episode 2800/12000 | last 100]
success rate                : 0.0% (cumulative 0.0%)
failure rate                : 0.0% (cumulative 0.0%)
completed cycles / episode  : 0.000
synthetic task reward       : 0.000
shaping reward              : -150.775
learning reward             : -150.775
episode length              : 111.5
abstract changes / episode  : 102.4
same abstract-state steps   : 8.2%
same-state shaping / episode: 0.000
changed-state shaping / ep. : -150.775
terminal shaping / episode  : -0.581
DFA transitions / episode   : 0.00
DFA transitions in window   : none
epsilon (next episode)       : 0.57118
replay buffer                : 300000 samples [1: 99.6%, 2: 0.4%, 3: 0.0%, 4: 0.0%, 5: 0.0%]
DFA state visits in window   : 1: 11253, 2: 0, 3: 0, 4: 0, 5: 0
DFA state visits cumulative  : 1: 302914, 2: 1242, 3: 0, 4: 0, 5: 0
DFA state entries in window  : 1: 100, 2: 0, 3: 0, 4: 0, 5: 0
DFA state entries cumulative : 1: 2800, 2: 40, 3: 0, 4: 0, 5: 0
transitions cumulative       : 1->2: 40
accepted directly from s0    : 0
Gym endings cumulative       : terminated=2797, truncated=3

[Episode 2900/12000 | last 100]
success rate                : 0.0% (cumulative 0.0%)
failure rate                : 0.0% (cumulative 0.0%)
completed cycles / episode  : 0.000
synthetic task reward       : 0.000
shaping reward              : -150.709
learning reward             : -150.709
episode length              : 109.1
abstract changes / episode  : 101.7
same abstract-state steps   : 6.8%
same-state shaping / episode: 0.000
changed-state shaping / ep. : -150.709
terminal shaping / episode  : -0.626
DFA transitions / episode   : 0.00
DFA transitions in window   : none
epsilon (next episode)       : 0.55987
replay buffer                : 300000 samples [1: 99.6%, 2: 0.4%, 3: 0.0%, 4: 0.0%, 5: 0.0%]
DFA state visits in window   : 1: 11012, 2: 0, 3: 0, 4: 0, 5: 0
DFA state visits cumulative  : 1: 313926, 2: 1242, 3: 0, 4: 0, 5: 0
DFA state entries in window  : 1: 100, 2: 0, 3: 0, 4: 0, 5: 0
DFA state entries cumulative : 1: 2900, 2: 40, 3: 0, 4: 0, 5: 0
transitions cumulative       : 1->2: 40
accepted directly from s0    : 0
Gym endings cumulative       : terminated=2897, truncated=3

[Episode 3000/12000 | last 100]
success rate                : 0.0% (cumulative 0.0%)
failure rate                : 0.0% (cumulative 0.0%)
completed cycles / episode  : 0.000
synthetic task reward       : 0.000
shaping reward              : -153.043
learning reward             : -153.043
episode length              : 96.4
abstract changes / episode  : 93.3
same abstract-state steps   : 3.2%
same-state shaping / episode: 0.000
changed-state shaping / ep. : -153.043
terminal shaping / episode  : -0.402
DFA transitions / episode   : 0.00
DFA transitions in window   : none
epsilon (next episode)       : 0.54878
replay buffer                : 300000 samples [1: 99.6%, 2: 0.4%, 3: 0.0%, 4: 0.0%, 5: 0.0%]
DFA state visits in window   : 1: 9741, 2: 0, 3: 0, 4: 0, 5: 0
DFA state visits cumulative  : 1: 323667, 2: 1242, 3: 0, 4: 0, 5: 0
DFA state entries in window  : 1: 100, 2: 0, 3: 0, 4: 0, 5: 0
DFA state entries cumulative : 1: 3000, 2: 40, 3: 0, 4: 0, 5: 0
transitions cumulative       : 1->2: 40
accepted directly from s0    : 0
Gym endings cumulative       : terminated=2997, truncated=3

Starting autonomous greedy evaluation at episode 3000 (1000 fixed-seed episodes)...
[Greedy evaluation at episode 3000 | 1000 fixed-seed episodes]
success=0.0%, failure=0.0%, task reward=0.000, length=621.0
DFA transitions: none

[Episode 3100/12000 | last 100]
success rate                : 0.0% (cumulative 0.0%)
failure rate                : 0.0% (cumulative 0.0%)
completed cycles / episode  : 0.000
synthetic task reward       : 0.000
shaping reward              : -153.173
learning reward             : -153.173
episode length              : 105.1
abstract changes / episode  : 95.7
same abstract-state steps   : 8.9%
same-state shaping / episode: 0.000
changed-state shaping / ep. : -153.173
terminal shaping / episode  : -0.579
DFA transitions / episode   : 0.00
DFA transitions in window   : none
epsilon (next episode)       : 0.53791
replay buffer                : 300000 samples [1: 99.7%, 2: 0.3%, 3: 0.0%, 4: 0.0%, 5: 0.0%]
DFA state visits in window   : 1: 10612, 2: 0, 3: 0, 4: 0, 5: 0
DFA state visits cumulative  : 1: 334279, 2: 1242, 3: 0, 4: 0, 5: 0
DFA state entries in window  : 1: 100, 2: 0, 3: 0, 4: 0, 5: 0
DFA state entries cumulative : 1: 3100, 2: 40, 3: 0, 4: 0, 5: 0
transitions cumulative       : 1->2: 40
accepted directly from s0    : 0
Gym endings cumulative       : terminated=3096, truncated=4

[Episode 3200/12000 | last 100]
success rate                : 0.0% (cumulative 0.0%)
failure rate                : 0.0% (cumulative 0.0%)
completed cycles / episode  : 0.000
synthetic task reward       : 0.000
shaping reward              : -153.298
learning reward             : -153.298
episode length              : 121.8
abstract changes / episode  : 105.1
same abstract-state steps   : 13.7%
same-state shaping / episode: 0.000
changed-state shaping / ep. : -153.298
terminal shaping / episode  : -0.484
DFA transitions / episode   : 0.00
DFA transitions in window   : none
epsilon (next episode)       : 0.52726
replay buffer                : 300000 samples [1: 99.7%, 2: 0.3%, 3: 0.0%, 4: 0.0%, 5: 0.0%]
DFA state visits in window   : 1: 12280, 2: 0, 3: 0, 4: 0, 5: 0
DFA state visits cumulative  : 1: 346559, 2: 1242, 3: 0, 4: 0, 5: 0
DFA state entries in window  : 1: 100, 2: 0, 3: 0, 4: 0, 5: 0
DFA state entries cumulative : 1: 3200, 2: 40, 3: 0, 4: 0, 5: 0
transitions cumulative       : 1->2: 40
accepted directly from s0    : 0
Gym endings cumulative       : terminated=3194, truncated=6

[Episode 3300/12000 | last 100]
success rate                : 0.0% (cumulative 0.0%)
failure rate                : 0.0% (cumulative 0.0%)
completed cycles / episode  : 0.000
synthetic task reward       : 0.000
shaping reward              : -155.003
learning reward             : -155.003
episode length              : 113.2
abstract changes / episode  : 105.0
same abstract-state steps   : 7.3%
same-state shaping / episode: 0.000
changed-state shaping / ep. : -155.003
terminal shaping / episode  : -0.560
DFA transitions / episode   : 0.00
DFA transitions in window   : none
epsilon (next episode)       : 0.51682
replay buffer                : 300000 samples [1: 99.7%, 2: 0.3%, 3: 0.0%, 4: 0.0%, 5: 0.0%]
DFA state visits in window   : 1: 11416, 2: 0, 3: 0, 4: 0, 5: 0
DFA state visits cumulative  : 1: 357975, 2: 1242, 3: 0, 4: 0, 5: 0
DFA state entries in window  : 1: 100, 2: 0, 3: 0, 4: 0, 5: 0
DFA state entries cumulative : 1: 3300, 2: 40, 3: 0, 4: 0, 5: 0
transitions cumulative       : 1->2: 40
accepted directly from s0    : 0
Gym endings cumulative       : terminated=3293, truncated=7

[Episode 3400/12000 | last 100]
success rate                : 0.0% (cumulative 0.0%)
failure rate                : 0.0% (cumulative 0.0%)
completed cycles / episode  : 0.000
synthetic task reward       : 0.000
shaping reward              : -152.878
learning reward             : -152.878
episode length              : 120.3
abstract changes / episode  : 103.4
same abstract-state steps   : 14.0%
same-state shaping / episode: 0.000
changed-state shaping / ep. : -152.878
terminal shaping / episode  : -0.486
DFA transitions / episode   : 0.00
DFA transitions in window   : none
epsilon (next episode)       : 0.50658
replay buffer                : 300000 samples [1: 99.7%, 2: 0.3%, 3: 0.0%, 4: 0.0%, 5: 0.0%]
DFA state visits in window   : 1: 12132, 2: 0, 3: 0, 4: 0, 5: 0
DFA state visits cumulative  : 1: 370107, 2: 1242, 3: 0, 4: 0, 5: 0
DFA state entries in window  : 1: 100, 2: 0, 3: 0, 4: 0, 5: 0
DFA state entries cumulative : 1: 3400, 2: 40, 3: 0, 4: 0, 5: 0
transitions cumulative       : 1->2: 40
accepted directly from s0    : 0
Gym endings cumulative       : terminated=3391, truncated=9

[Episode 3500/12000 | last 100]
success rate                : 0.0% (cumulative 0.0%)
failure rate                : 0.0% (cumulative 0.0%)
completed cycles / episode  : 0.000
synthetic task reward       : 0.000
shaping reward              : -154.247
learning reward             : -154.247
episode length              : 162.7
abstract changes / episode  : 117.6
same abstract-state steps   : 27.7%
same-state shaping / episode: 0.000
changed-state shaping / ep. : -154.247
terminal shaping / episode  : -0.319
DFA transitions / episode   : 0.00
DFA transitions in window   : none
epsilon (next episode)       : 0.49655
replay buffer                : 300000 samples [1: 99.8%, 2: 0.2%, 3: 0.0%, 4: 0.0%, 5: 0.0%]
DFA state visits in window   : 1: 16372, 2: 0, 3: 0, 4: 0, 5: 0
DFA state visits cumulative  : 1: 386479, 2: 1242, 3: 0, 4: 0, 5: 0
DFA state entries in window  : 1: 100, 2: 0, 3: 0, 4: 0, 5: 0
DFA state entries cumulative : 1: 3500, 2: 40, 3: 0, 4: 0, 5: 0
transitions cumulative       : 1->2: 40
accepted directly from s0    : 0
Gym endings cumulative       : terminated=3487, truncated=13

Starting autonomous greedy evaluation at episode 3500 (1000 fixed-seed episodes)...
[Greedy evaluation at episode 3500 | 1000 fixed-seed episodes]
success=0.0%, failure=0.0%, task reward=0.000, length=277.7
DFA transitions: none

[Episode 3600/12000 | last 100]
success rate                : 0.0% (cumulative 0.0%)
failure rate                : 0.0% (cumulative 0.0%)
completed cycles / episode  : 0.000
synthetic task reward       : 0.000
shaping reward              : -154.720
learning reward             : -154.720
episode length              : 137.8
abstract changes / episode  : 115.9
same abstract-state steps   : 15.9%
same-state shaping / episode: 0.000
changed-state shaping / ep. : -154.720
terminal shaping / episode  : -0.442
DFA transitions / episode   : 0.00
DFA transitions in window   : none
epsilon (next episode)       : 0.48672
replay buffer                : 300000 samples [1: 99.8%, 2: 0.2%, 3: 0.0%, 4: 0.0%, 5: 0.0%]
DFA state visits in window   : 1: 13881, 2: 0, 3: 0, 4: 0, 5: 0
DFA state visits cumulative  : 1: 400360, 2: 1242, 3: 0, 4: 0, 5: 0
DFA state entries in window  : 1: 100, 2: 0, 3: 0, 4: 0, 5: 0
DFA state entries cumulative : 1: 3600, 2: 40, 3: 0, 4: 0, 5: 0
transitions cumulative       : 1->2: 40
accepted directly from s0    : 0
Gym endings cumulative       : terminated=3584, truncated=16

[Episode 3700/12000 | last 100]
success rate                : 0.0% (cumulative 0.0%)
failure rate                : 0.0% (cumulative 0.0%)
completed cycles / episode  : 0.000
synthetic task reward       : 0.000
shaping reward              : -153.960
learning reward             : -153.960
episode length              : 130.2
abstract changes / episode  : 119.3
same abstract-state steps   : 8.3%
same-state shaping / episode: 0.000
changed-state shaping / ep. : -153.960
terminal shaping / episode  : -0.316
DFA transitions / episode   : 0.00
DFA transitions in window   : none
epsilon (next episode)       : 0.47708
replay buffer                : 300000 samples [1: 99.9%, 2: 0.1%, 3: 0.0%, 4: 0.0%, 5: 0.0%]
DFA state visits in window   : 1: 13117, 2: 0, 3: 0, 4: 0, 5: 0
DFA state visits cumulative  : 1: 413477, 2: 1242, 3: 0, 4: 0, 5: 0
DFA state entries in window  : 1: 100, 2: 0, 3: 0, 4: 0, 5: 0
DFA state entries cumulative : 1: 3700, 2: 40, 3: 0, 4: 0, 5: 0
transitions cumulative       : 1->2: 40
accepted directly from s0    : 0
Gym endings cumulative       : terminated=3684, truncated=16

[Episode 3800/12000 | last 100]
success rate                : 0.0% (cumulative 0.0%)
failure rate                : 0.0% (cumulative 0.0%)
completed cycles / episode  : 0.000
synthetic task reward       : 0.000
shaping reward              : -152.973
learning reward             : -152.973
episode length              : 138.0
abstract changes / episode  : 122.2
same abstract-state steps   : 11.4%
same-state shaping / episode: 0.000
changed-state shaping / ep. : -152.973
terminal shaping / episode  : -0.415
DFA transitions / episode   : 0.00
DFA transitions in window   : none
epsilon (next episode)       : 0.46763
replay buffer                : 300000 samples [1: 99.9%, 2: 0.1%, 3: 0.0%, 4: 0.0%, 5: 0.0%]
DFA state visits in window   : 1: 13904, 2: 0, 3: 0, 4: 0, 5: 0
DFA state visits cumulative  : 1: 427381, 2: 1242, 3: 0, 4: 0, 5: 0
DFA state entries in window  : 1: 100, 2: 0, 3: 0, 4: 0, 5: 0
DFA state entries cumulative : 1: 3800, 2: 40, 3: 0, 4: 0, 5: 0
transitions cumulative       : 1->2: 40
accepted directly from s0    : 0
Gym endings cumulative       : terminated=3784, truncated=16

[Episode 3900/12000 | last 100]
success rate                : 0.0% (cumulative 0.0%)
failure rate                : 0.0% (cumulative 0.0%)
completed cycles / episode  : 0.000
synthetic task reward       : 0.000
shaping reward              : -153.248
learning reward             : -153.248
episode length              : 125.5
abstract changes / episode  : 114.5
same abstract-state steps   : 8.8%
same-state shaping / episode: 0.000
changed-state shaping / ep. : -153.248
terminal shaping / episode  : -0.495
DFA transitions / episode   : 0.00
DFA transitions in window   : none
epsilon (next episode)       : 0.45837
replay buffer                : 300000 samples [1: 99.9%, 2: 0.1%, 3: 0.0%, 4: 0.0%, 5: 0.0%]
DFA state visits in window   : 1: 12652, 2: 0, 3: 0, 4: 0, 5: 0
DFA state visits cumulative  : 1: 440033, 2: 1242, 3: 0, 4: 0, 5: 0
DFA state entries in window  : 1: 100, 2: 0, 3: 0, 4: 0, 5: 0
DFA state entries cumulative : 1: 3900, 2: 40, 3: 0, 4: 0, 5: 0
transitions cumulative       : 1->2: 40
accepted directly from s0    : 0
Gym endings cumulative       : terminated=3884, truncated=16

[Episode 4000/12000 | last 100]
success rate                : 0.0% (cumulative 0.0%)
failure rate                : 0.0% (cumulative 0.0%)
completed cycles / episode  : 0.000
synthetic task reward       : 0.000
shaping reward              : -144.626
learning reward             : -144.626
episode length              : 137.2
abstract changes / episode  : 127.4
same abstract-state steps   : 7.1%
same-state shaping / episode: 0.000
changed-state shaping / ep. : -144.626
terminal shaping / episode  : -0.801
DFA transitions / episode   : 0.02
DFA transitions in window   : 1->2: 2
epsilon (next episode)       : 0.44929
replay buffer                : 300000 samples [1: 99.9%, 2: 0.1%, 3: 0.0%, 4: 0.0%, 5: 0.0%]
DFA state visits in window   : 1: 13757, 2: 62, 3: 0, 4: 0, 5: 0
DFA state visits cumulative  : 1: 453790, 2: 1304, 3: 0, 4: 0, 5: 0
DFA state entries in window  : 1: 100, 2: 2, 3: 0, 4: 0, 5: 0
DFA state entries cumulative : 1: 4000, 2: 42, 3: 0, 4: 0, 5: 0
transitions cumulative       : 1->2: 42
accepted directly from s0    : 0
Gym endings cumulative       : terminated=3984, truncated=16

Starting autonomous greedy evaluation at episode 4000 (1000 fixed-seed episodes)...
[Greedy evaluation at episode 4000 | 1000 fixed-seed episodes]
success=0.0%, failure=0.0%, task reward=0.000, length=164.6
DFA transitions: 1->2: 109
Best policy updated from autonomous greedy evaluation at episode 4000.

[Episode 4100/12000 | last 100]
success rate                : 0.0% (cumulative 0.0%)
failure rate                : 0.0% (cumulative 0.0%)
completed cycles / episode  : 0.000
synthetic task reward       : 0.000
shaping reward              : -154.237
learning reward             : -154.237
episode length              : 155.6
abstract changes / episode  : 142.9
same abstract-state steps   : 8.2%
same-state shaping / episode: 0.000
changed-state shaping / ep. : -154.237
terminal shaping / episode  : -0.275
DFA transitions / episode   : 0.00
DFA transitions in window   : none
epsilon (next episode)       : 0.44040
replay buffer                : 300000 samples [1: 99.9%, 2: 0.1%, 3: 0.0%, 4: 0.0%, 5: 0.0%]
DFA state visits in window   : 1: 15659, 2: 0, 3: 0, 4: 0, 5: 0
DFA state visits cumulative  : 1: 469449, 2: 1304, 3: 0, 4: 0, 5: 0
DFA state entries in window  : 1: 100, 2: 0, 3: 0, 4: 0, 5: 0
DFA state entries cumulative : 1: 4100, 2: 42, 3: 0, 4: 0, 5: 0
transitions cumulative       : 1->2: 42
accepted directly from s0    : 0
Gym endings cumulative       : terminated=4084, truncated=16

[Episode 4200/12000 | last 100]
success rate                : 0.0% (cumulative 0.0%)
failure rate                : 0.0% (cumulative 0.0%)
completed cycles / episode  : 0.000
synthetic task reward       : 0.000
shaping reward              : -151.206
learning reward             : -151.206
episode length              : 170.2
abstract changes / episode  : 145.4
same abstract-state steps   : 14.5%
same-state shaping / episode: 0.000
changed-state shaping / ep. : -151.206
terminal shaping / episode  : -0.616
DFA transitions / episode   : 0.00
DFA transitions in window   : none
epsilon (next episode)       : 0.43167
replay buffer                : 300000 samples [1: 100.0%, 2: 0.0%, 3: 0.0%, 4: 0.0%, 5: 0.0%]
DFA state visits in window   : 1: 17116, 2: 0, 3: 0, 4: 0, 5: 0
DFA state visits cumulative  : 1: 486565, 2: 1304, 3: 0, 4: 0, 5: 0
DFA state entries in window  : 1: 100, 2: 0, 3: 0, 4: 0, 5: 0
DFA state entries cumulative : 1: 4200, 2: 42, 3: 0, 4: 0, 5: 0
transitions cumulative       : 1->2: 42
accepted directly from s0    : 0
Gym endings cumulative       : terminated=4183, truncated=17

[Episode 4300/12000 | last 100]
success rate                : 0.0% (cumulative 0.0%)
failure rate                : 0.0% (cumulative 0.0%)
completed cycles / episode  : 0.000
synthetic task reward       : 0.000
shaping reward              : -152.724
learning reward             : -152.724
episode length              : 157.6
abstract changes / episode  : 141.3
same abstract-state steps   : 10.3%
same-state shaping / episode: 0.000
changed-state shaping / ep. : -152.724
terminal shaping / episode  : -0.360
DFA transitions / episode   : 0.00
DFA transitions in window   : none
epsilon (next episode)       : 0.42313
replay buffer                : 300000 samples [1: 100.0%, 2: 0.0%, 3: 0.0%, 4: 0.0%, 5: 0.0%]
DFA state visits in window   : 1: 15859, 2: 0, 3: 0, 4: 0, 5: 0
DFA state visits cumulative  : 1: 502424, 2: 1304, 3: 0, 4: 0, 5: 0
DFA state entries in window  : 1: 100, 2: 0, 3: 0, 4: 0, 5: 0
DFA state entries cumulative : 1: 4300, 2: 42, 3: 0, 4: 0, 5: 0
transitions cumulative       : 1->2: 42
accepted directly from s0    : 0
Gym endings cumulative       : terminated=4282, truncated=18

[Episode 4400/12000 | last 100]
success rate                : 0.0% (cumulative 0.0%)
failure rate                : 0.0% (cumulative 0.0%)
completed cycles / episode  : 0.000
synthetic task reward       : 0.000
shaping reward              : -117.382
learning reward             : -117.382
episode length              : 170.3
abstract changes / episode  : 153.4
same abstract-state steps   : 9.9%
same-state shaping / episode: 0.000
changed-state shaping / ep. : -117.382
terminal shaping / episode  : -0.642
DFA transitions / episode   : 0.07
DFA transitions in window   : 1->2: 7
epsilon (next episode)       : 0.41475
replay buffer                : 300000 samples [1: 99.8%, 2: 0.2%, 3: 0.0%, 4: 0.0%, 5: 0.0%]
DFA state visits in window   : 1: 16665, 2: 465, 3: 0, 4: 0, 5: 0
DFA state visits cumulative  : 1: 519089, 2: 1769, 3: 0, 4: 0, 5: 0
DFA state entries in window  : 1: 100, 2: 7, 3: 0, 4: 0, 5: 0
DFA state entries cumulative : 1: 4400, 2: 49, 3: 0, 4: 0, 5: 0
transitions cumulative       : 1->2: 49
accepted directly from s0    : 0
Gym endings cumulative       : terminated=4382, truncated=18

[Episode 4500/12000 | last 100]
success rate                : 0.0% (cumulative 0.0%)
failure rate                : 0.0% (cumulative 0.0%)
completed cycles / episode  : 0.000
synthetic task reward       : 0.000
shaping reward              : -38.514
learning reward             : -38.514
episode length              : 239.5
abstract changes / episode  : 196.6
same abstract-state steps   : 17.9%
same-state shaping / episode: 0.000
changed-state shaping / ep. : -38.514
terminal shaping / episode  : -0.817
DFA transitions / episode   : 0.15
DFA transitions in window   : 1->2: 15
epsilon (next episode)       : 0.40653
replay buffer                : 300000 samples [1: 99.6%, 2: 0.4%, 3: 0.0%, 4: 0.0%, 5: 0.0%]
DFA state visits in window   : 1: 23384, 2: 663, 3: 0, 4: 0, 5: 0
DFA state visits cumulative  : 1: 542473, 2: 2432, 3: 0, 4: 0, 5: 0
DFA state entries in window  : 1: 100, 2: 15, 3: 0, 4: 0, 5: 0
DFA state entries cumulative : 1: 4500, 2: 64, 3: 0, 4: 0, 5: 0
transitions cumulative       : 1->2: 64
accepted directly from s0    : 0
Gym endings cumulative       : terminated=4480, truncated=20

Starting autonomous greedy evaluation at episode 4500 (1000 fixed-seed episodes)...
[Greedy evaluation at episode 4500 | 1000 fixed-seed episodes]
success=0.0%, failure=0.0%, task reward=0.000, length=281.9
DFA transitions: 1->2: 20

[Episode 4600/12000 | last 100]
success rate                : 0.0% (cumulative 0.0%)
failure rate                : 0.0% (cumulative 0.0%)
completed cycles / episode  : 0.000
synthetic task reward       : 0.000
shaping reward              : -116.933
learning reward             : -116.933
episode length              : 245.4
abstract changes / episode  : 206.9
same abstract-state steps   : 15.7%
same-state shaping / episode: 0.000
changed-state shaping / ep. : -116.933
terminal shaping / episode  : -1.445
DFA transitions / episode   : 0.08
DFA transitions in window   : 1->2: 8
epsilon (next episode)       : 0.39848
replay buffer                : 300000 samples [1: 99.5%, 2: 0.5%, 3: 0.0%, 4: 0.0%, 5: 0.0%]
DFA state visits in window   : 1: 24203, 2: 441, 3: 0, 4: 0, 5: 0
DFA state visits cumulative  : 1: 566676, 2: 2873, 3: 0, 4: 0, 5: 0
DFA state entries in window  : 1: 100, 2: 8, 3: 0, 4: 0, 5: 0
DFA state entries cumulative : 1: 4600, 2: 72, 3: 0, 4: 0, 5: 0
transitions cumulative       : 1->2: 72
accepted directly from s0    : 0
Gym endings cumulative       : terminated=4580, truncated=20

[Episode 4700/12000 | last 100]
success rate                : 0.0% (cumulative 0.0%)
failure rate                : 0.0% (cumulative 0.0%)
completed cycles / episode  : 0.000
synthetic task reward       : 0.000
shaping reward              : -77.036
learning reward             : -77.036
episode length              : 286.6
abstract changes / episode  : 229.5
same abstract-state steps   : 19.9%
same-state shaping / episode: 0.000
changed-state shaping / ep. : -77.036
terminal shaping / episode  : -0.917
DFA transitions / episode   : 0.10
DFA transitions in window   : 1->2: 10
epsilon (next episode)       : 0.39059
replay buffer                : 300000 samples [1: 99.3%, 2: 0.7%, 3: 0.0%, 4: 0.0%, 5: 0.0%]
DFA state visits in window   : 1: 28362, 2: 400, 3: 0, 4: 0, 5: 0
DFA state visits cumulative  : 1: 595038, 2: 3273, 3: 0, 4: 0, 5: 0
DFA state entries in window  : 1: 100, 2: 10, 3: 0, 4: 0, 5: 0
DFA state entries cumulative : 1: 4700, 2: 82, 3: 0, 4: 0, 5: 0
transitions cumulative       : 1->2: 82
accepted directly from s0    : 0
Gym endings cumulative       : terminated=4677, truncated=23

[Episode 4800/12000 | last 100]
success rate                : 0.0% (cumulative 0.0%)
failure rate                : 0.0% (cumulative 0.0%)
completed cycles / episode  : 0.000
synthetic task reward       : 0.000
shaping reward              : -85.132
learning reward             : -85.132
episode length              : 288.7
abstract changes / episode  : 248.7
same abstract-state steps   : 13.8%
same-state shaping / episode: 0.000
changed-state shaping / ep. : -85.132
terminal shaping / episode  : -0.706
DFA transitions / episode   : 0.09
DFA transitions in window   : 1->2: 9
epsilon (next episode)       : 0.38286
replay buffer                : 300000 samples [1: 99.0%, 2: 1.0%, 3: 0.0%, 4: 0.0%, 5: 0.0%]
DFA state visits in window   : 1: 28031, 2: 935, 3: 0, 4: 0, 5: 0
DFA state visits cumulative  : 1: 623069, 2: 4208, 3: 0, 4: 0, 5: 0
DFA state entries in window  : 1: 100, 2: 9, 3: 0, 4: 0, 5: 0
DFA state entries cumulative : 1: 4800, 2: 91, 3: 0, 4: 0, 5: 0
transitions cumulative       : 1->2: 91
accepted directly from s0    : 0
Gym endings cumulative       : terminated=4777, truncated=23

[Episode 4900/12000 | last 100]
success rate                : 0.0% (cumulative 0.0%)
failure rate                : 0.0% (cumulative 0.0%)
completed cycles / episode  : 0.000
synthetic task reward       : 0.000
shaping reward              : -119.981
learning reward             : -119.981
episode length              : 235.7
abstract changes / episode  : 210.9
same abstract-state steps   : 10.5%
same-state shaping / episode: 0.000
changed-state shaping / ep. : -119.981
terminal shaping / episode  : -1.358
DFA transitions / episode   : 0.05
DFA transitions in window   : 1->2: 5
epsilon (next episode)       : 0.37527
replay buffer                : 300000 samples [1: 99.0%, 2: 1.0%, 3: 0.0%, 4: 0.0%, 5: 0.0%]
DFA state visits in window   : 1: 23472, 2: 198, 3: 0, 4: 0, 5: 0
DFA state visits cumulative  : 1: 646541, 2: 4406, 3: 0, 4: 0, 5: 0
DFA state entries in window  : 1: 100, 2: 5, 3: 0, 4: 0, 5: 0
DFA state entries cumulative : 1: 4900, 2: 96, 3: 0, 4: 0, 5: 0
transitions cumulative       : 1->2: 96
accepted directly from s0    : 0
Gym endings cumulative       : terminated=4876, truncated=24

[Episode 5000/12000 | last 100]
success rate                : 0.0% (cumulative 0.0%)
failure rate                : 0.0% (cumulative 0.0%)
completed cycles / episode  : 0.000
synthetic task reward       : 0.000
shaping reward              : -115.451
learning reward             : -115.451
episode length              : 268.9
abstract changes / episode  : 238.1
same abstract-state steps   : 11.5%
same-state shaping / episode: 0.000
changed-state shaping / ep. : -115.451
terminal shaping / episode  : -0.939
DFA transitions / episode   : 0.06
DFA transitions in window   : 1->2: 6
epsilon (next episode)       : 0.36784
replay buffer                : 300000 samples [1: 98.8%, 2: 1.2%, 3: 0.0%, 4: 0.0%, 5: 0.0%]
DFA state visits in window   : 1: 26368, 2: 627, 3: 0, 4: 0, 5: 0
DFA state visits cumulative  : 1: 672909, 2: 5033, 3: 0, 4: 0, 5: 0
DFA state entries in window  : 1: 100, 2: 6, 3: 0, 4: 0, 5: 0
DFA state entries cumulative : 1: 5000, 2: 102, 3: 0, 4: 0, 5: 0
transitions cumulative       : 1->2: 102
accepted directly from s0    : 0
Gym endings cumulative       : terminated=4973, truncated=27

Starting autonomous greedy evaluation at episode 5000 (1000 fixed-seed episodes)...
[Greedy evaluation at episode 5000 | 1000 fixed-seed episodes]
success=0.0%, failure=0.0%, task reward=0.000, length=347.5
DFA transitions: 1->2: 122, 2->3: 6

[Episode 5100/12000 | last 100]
success rate                : 0.0% (cumulative 0.0%)
failure rate                : 0.0% (cumulative 0.0%)
completed cycles / episode  : 0.000
synthetic task reward       : 0.000
shaping reward              : -45.353
learning reward             : -45.353
episode length              : 261.4
abstract changes / episode  : 237.7
same abstract-state steps   : 9.1%
same-state shaping / episode: 0.000
changed-state shaping / ep. : -45.353
terminal shaping / episode  : -1.163
DFA transitions / episode   : 0.13
DFA transitions in window   : 1->2: 12, 2->3: 1
epsilon (next episode)       : 0.36056
replay buffer                : 300000 samples [1: 98.2%, 2: 1.8%, 3: 0.0%, 4: 0.0%, 5: 0.0%]
DFA state visits in window   : 1: 24565, 2: 1624, 3: 51, 4: 0, 5: 0
DFA state visits cumulative  : 1: 697474, 2: 6657, 3: 51, 4: 0, 5: 0
DFA state entries in window  : 1: 100, 2: 12, 3: 1, 4: 0, 5: 0
DFA state entries cumulative : 1: 5100, 2: 114, 3: 1, 4: 0, 5: 0
transitions cumulative       : 1->2: 114, 2->3: 1
accepted directly from s0    : 0
Gym endings cumulative       : terminated=5072, truncated=28

[Episode 5200/12000 | last 100]
success rate                : 0.0% (cumulative 0.0%)
failure rate                : 0.0% (cumulative 0.0%)
completed cycles / episode  : 0.000
synthetic task reward       : 0.000
shaping reward              : -1.194
learning reward             : -1.194
episode length              : 302.8
abstract changes / episode  : 266.2
same abstract-state steps   : 12.1%
same-state shaping / episode: 0.000
changed-state shaping / ep. : -1.194
terminal shaping / episode  : -1.403
DFA transitions / episode   : 0.23
DFA transitions in window   : 1->2: 21, 2->3: 2
epsilon (next episode)       : 0.35342
replay buffer                : 300000 samples [1: 97.4%, 2: 2.6%, 3: 0.1%, 4: 0.0%, 5: 0.0%]
DFA state visits in window   : 1: 27854, 2: 2397, 3: 126, 4: 0, 5: 0
DFA state visits cumulative  : 1: 725328, 2: 9054, 3: 177, 4: 0, 5: 0
DFA state entries in window  : 1: 100, 2: 21, 3: 2, 4: 0, 5: 0
DFA state entries cumulative : 1: 5200, 2: 135, 3: 3, 4: 0, 5: 0
transitions cumulative       : 1->2: 135, 2->3: 3
accepted directly from s0    : 0
Gym endings cumulative       : terminated=5170, truncated=30

[Episode 5300/12000 | last 100]
success rate                : 0.0% (cumulative 0.0%)
failure rate                : 0.0% (cumulative 0.0%)
completed cycles / episode  : 0.000
synthetic task reward       : 0.000
shaping reward              : 16.006
learning reward             : 16.006
episode length              : 308.7
abstract changes / episode  : 271.3
same abstract-state steps   : 12.1%
same-state shaping / episode: 0.000
changed-state shaping / ep. : 16.006
terminal shaping / episode  : -1.948
DFA transitions / episode   : 0.34
DFA transitions in window   : 1->2: 29, 2->3: 5
epsilon (next episode)       : 0.34642
replay buffer                : 300000 samples [1: 95.4%, 2: 4.4%, 3: 0.2%, 4: 0.0%, 5: 0.0%]
DFA state visits in window   : 1: 24912, 2: 5573, 3: 485, 4: 0, 5: 0
DFA state visits cumulative  : 1: 750240, 2: 14627, 3: 662, 4: 0, 5: 0
DFA state entries in window  : 1: 100, 2: 29, 3: 5, 4: 0, 5: 0
DFA state entries cumulative : 1: 5300, 2: 164, 3: 8, 4: 0, 5: 0
transitions cumulative       : 1->2: 164, 2->3: 8
accepted directly from s0    : 0
Gym endings cumulative       : terminated=5267, truncated=33

[Episode 5400/12000 | last 100]
success rate                : 0.0% (cumulative 0.0%)
failure rate                : 0.0% (cumulative 0.0%)
completed cycles / episode  : 0.000
synthetic task reward       : 0.000
shaping reward              : 106.678
learning reward             : 106.678
episode length              : 428.1
abstract changes / episode  : 369.8
same abstract-state steps   : 13.6%
same-state shaping / episode: 0.000
changed-state shaping / ep. : 106.678
terminal shaping / episode  : -3.431
DFA transitions / episode   : 0.75
DFA transitions in window   : 1->2: 58, 2->3: 17
epsilon (next episode)       : 0.33956
replay buffer                : 300000 samples [1: 89.2%, 2: 9.4%, 3: 1.5%, 4: 0.0%, 5: 0.0%]
DFA state visits in window   : 1: 24146, 2: 15026, 3: 3733, 4: 0, 5: 0
DFA state visits cumulative  : 1: 774386, 2: 29653, 3: 4395, 4: 0, 5: 0
DFA state entries in window  : 1: 100, 2: 58, 3: 17, 4: 0, 5: 0
DFA state entries cumulative : 1: 5400, 2: 222, 3: 25, 4: 0, 5: 0
transitions cumulative       : 1->2: 222, 2->3: 25
accepted directly from s0    : 0
Gym endings cumulative       : terminated=5362, truncated=38

[Episode 5500/12000 | last 100]
success rate                : 0.0% (cumulative 0.0%)
failure rate                : 0.0% (cumulative 0.0%)
completed cycles / episode  : 0.000
synthetic task reward       : 0.000
shaping reward              : 176.674
learning reward             : 176.674
episode length              : 435.4
abstract changes / episode  : 390.7
same abstract-state steps   : 10.3%
same-state shaping / episode: 0.000
changed-state shaping / ep. : 176.674
terminal shaping / episode  : -1.994
DFA transitions / episode   : 0.83
DFA transitions in window   : 1->2: 57, 2->3: 26
epsilon (next episode)       : 0.33283
replay buffer                : 300000 samples [1: 83.0%, 2: 13.1%, 3: 3.9%, 4: 0.0%, 5: 0.0%]
DFA state visits in window   : 1: 23889, 2: 12531, 3: 7217, 4: 0, 5: 0
DFA state visits cumulative  : 1: 798275, 2: 42184, 3: 11612, 4: 0, 5: 0
DFA state entries in window  : 1: 100, 2: 57, 3: 26, 4: 0, 5: 0
DFA state entries cumulative : 1: 5500, 2: 279, 3: 51, 4: 0, 5: 0
transitions cumulative       : 1->2: 279, 2->3: 51
accepted directly from s0    : 0
Gym endings cumulative       : terminated=5453, truncated=47

Starting autonomous greedy evaluation at episode 5500 (1000 fixed-seed episodes)...
[Greedy evaluation at episode 5500 | 1000 fixed-seed episodes]
success=0.0%, failure=0.0%, task reward=0.000, length=996.7
DFA transitions: 1->2: 995, 2->3: 203

[Episode 5600/12000 | last 100]
success rate                : 0.0% (cumulative 0.0%)
failure rate                : 0.0% (cumulative 0.0%)
completed cycles / episode  : 0.000
synthetic task reward       : 0.000
shaping reward              : 426.602
learning reward             : 426.602
episode length              : 513.6
abstract changes / episode  : 436.1
same abstract-state steps   : 15.1%
same-state shaping / episode: 0.000
changed-state shaping / ep. : 426.602
terminal shaping / episode  : -0.655
DFA transitions / episode   : 1.09
DFA transitions in window   : 1->2: 58, 2->3: 37, 3->4: 14
epsilon (next episode)       : 0.32624
replay buffer                : 300000 samples [1: 73.7%, 2: 17.1%, 3: 7.8%, 4: 1.3%, 5: 0.0%]
DFA state visits in window   : 1: 22550, 2: 12933, 3: 11959, 4: 4019, 5: 0
DFA state visits cumulative  : 1: 820825, 2: 55117, 3: 23571, 4: 4019, 5: 0
DFA state entries in window  : 1: 100, 2: 58, 3: 37, 4: 14, 5: 0
DFA state entries cumulative : 1: 5600, 2: 337, 3: 88, 4: 14, 5: 0
transitions cumulative       : 1->2: 337, 2->3: 88, 3->4: 14
accepted directly from s0    : 0
Gym endings cumulative       : terminated=5532, truncated=68

[Episode 5700/12000 | last 100]
success rate                : 1.0% (cumulative 0.0%)
failure rate                : 0.0% (cumulative 0.0%)
completed cycles / episode  : 0.000
synthetic task reward       : 100.000
shaping reward              : 652.208
learning reward             : 752.208
episode length              : 430.1
abstract changes / episode  : 379.5
same abstract-state steps   : 11.8%
same-state shaping / episode: 0.000
changed-state shaping / ep. : 652.208
terminal shaping / episode  : -0.336
DFA transitions / episode   : 0.99
DFA transitions in window   : 1->2: 55, 2->3: 29, 3->4: 14, 4->5: 1
epsilon (next episode)       : 0.31978
replay buffer                : 300000 samples [1: 66.6%, 2: 20.1%, 3: 11.1%, 4: 2.2%, 5: 0.0%]
DFA state visits in window   : 1: 20879, 2: 9709, 3: 9956, 4: 2566, 5: 1
DFA state visits cumulative  : 1: 841704, 2: 64826, 3: 33527, 4: 6585, 5: 1
DFA state entries in window  : 1: 100, 2: 55, 3: 29, 4: 14, 5: 1
DFA state entries cumulative : 1: 5700, 2: 392, 3: 117, 4: 28, 5: 1
transitions cumulative       : 1->2: 392, 2->3: 117, 3->4: 28, 4->5: 1
accepted directly from s0    : 0
Gym endings cumulative       : terminated=5617, truncated=82

[Episode 5800/12000 | last 100]
success rate                : 0.0% (cumulative 0.0%)
failure rate                : 0.0% (cumulative 0.0%)
completed cycles / episode  : 0.000
synthetic task reward       : 0.000
shaping reward              : 788.453
learning reward             : 788.453
episode length              : 455.2
abstract changes / episode  : 410.5
same abstract-state steps   : 9.8%
same-state shaping / episode: 0.000
changed-state shaping / ep. : 788.453
terminal shaping / episode  : -1.389
DFA transitions / episode   : 0.91
DFA transitions in window   : 1->2: 44, 2->3: 29, 3->4: 18
epsilon (next episode)       : 0.31345
replay buffer                : 300000 samples [1: 60.2%, 2: 22.2%, 3: 13.9%, 4: 3.7%, 5: 0.0%]
DFA state visits in window   : 1: 25086, 2: 7734, 3: 8184, 4: 4613, 5: 0
DFA state visits cumulative  : 1: 866790, 2: 72560, 3: 41711, 4: 11198, 5: 1
DFA state entries in window  : 1: 100, 2: 44, 3: 29, 4: 18, 5: 0
DFA state entries cumulative : 1: 5800, 2: 436, 3: 146, 4: 46, 5: 1
transitions cumulative       : 1->2: 436, 2->3: 146, 3->4: 46, 4->5: 1
accepted directly from s0    : 0
Gym endings cumulative       : terminated=5697, truncated=102

[Episode 5900/12000 | last 100]
success rate                : 7.0% (cumulative 0.1%)
failure rate                : 0.0% (cumulative 0.0%)
completed cycles / episode  : 0.000
synthetic task reward       : 700.000
shaping reward              : 1102.787
learning reward             : 1802.787
episode length              : 459.2
abstract changes / episode  : 404.9
same abstract-state steps   : 11.8%
same-state shaping / episode: 0.000
changed-state shaping / ep. : 1102.787
terminal shaping / episode  : 6.041
DFA transitions / episode   : 1.01
DFA transitions in window   : 1->2: 51, 2->3: 26, 3->4: 17, 4->5: 7
epsilon (next episode)       : 0.30724
replay buffer                : 300000 samples [1: 53.3%, 2: 25.1%, 3: 16.4%, 4: 5.2%, 5: 0.0%]
DFA state visits in window   : 1: 21792, 2: 12113, 3: 7795, 4: 4317, 5: 7
DFA state visits cumulative  : 1: 888582, 2: 84673, 3: 49506, 4: 15515, 5: 8
DFA state entries in window  : 1: 100, 2: 51, 3: 26, 4: 17, 5: 7
DFA state entries cumulative : 1: 5900, 2: 487, 3: 172, 4: 63, 5: 8
transitions cumulative       : 1->2: 487, 2->3: 172, 3->4: 63, 4->5: 8
accepted directly from s0    : 0
Gym endings cumulative       : terminated=5775, truncated=117

[Episode 6000/12000 | last 100]
success rate                : 12.0% (cumulative 0.3%)
failure rate                : 0.0% (cumulative 0.0%)
completed cycles / episode  : 0.000
synthetic task reward       : 1200.000
shaping reward              : 2035.586
learning reward             : 3235.586
episode length              : 560.0
abstract changes / episode  : 497.4
same abstract-state steps   : 11.2%
same-state shaping / episode: 0.000
changed-state shaping / ep. : 2035.586
terminal shaping / episode  : 12.380
DFA transitions / episode   : 1.57
DFA transitions in window   : 1->2: 74, 2->3: 49, 3->4: 22, 4->5: 12
epsilon (next episode)       : 0.30116
replay buffer                : 300000 samples [1: 47.8%, 2: 25.6%, 3: 20.4%, 4: 6.2%, 5: 0.0%]
DFA state visits in window   : 1: 22244, 2: 16310, 3: 14298, 4: 3237, 5: 12
DFA state visits cumulative  : 1: 910826, 2: 100983, 3: 63804, 4: 18752, 5: 20
DFA state entries in window  : 1: 100, 2: 74, 3: 49, 4: 22, 5: 12
DFA state entries cumulative : 1: 6000, 2: 561, 3: 221, 4: 85, 5: 20
transitions cumulative       : 1->2: 561, 2->3: 221, 3->4: 85, 4->5: 20
accepted directly from s0    : 0
Gym endings cumulative       : terminated=5845, truncated=135

Starting autonomous greedy evaluation at episode 6000 (1000 fixed-seed episodes)...
[Greedy evaluation at episode 6000 | 1000 fixed-seed episodes]
success=0.0%, failure=0.0%, task reward=0.000, length=928.7
DFA transitions: 1->2: 36, 2->3: 3

[Episode 6100/12000 | last 100]
success rate                : 10.0% (cumulative 0.5%)
failure rate                : 0.0% (cumulative 0.0%)
completed cycles / episode  : 0.000
synthetic task reward       : 1000.000
shaping reward              : 1965.355
learning reward             : 2965.355
episode length              : 523.5
abstract changes / episode  : 473.9
same abstract-state steps   : 9.5%
same-state shaping / episode: 0.000
changed-state shaping / ep. : 1965.355
terminal shaping / episode  : 8.634
DFA transitions / episode   : 1.43
DFA transitions in window   : 1->2: 69, 2->3: 43, 3->4: 21, 4->5: 10
epsilon (next episode)       : 0.29519
replay buffer                : 300000 samples [1: 45.6%, 2: 25.4%, 3: 21.7%, 4: 7.3%, 5: 0.0%]
DFA state visits in window   : 1: 21280, 2: 15576, 3: 12266, 4: 3320, 5: 10
DFA state visits cumulative  : 1: 932106, 2: 116559, 3: 76070, 4: 22072, 5: 30
DFA state entries in window  : 1: 100, 2: 69, 3: 43, 4: 21, 5: 10
DFA state entries cumulative : 1: 6100, 2: 630, 3: 264, 4: 106, 5: 30
transitions cumulative       : 1->2: 630, 2->3: 264, 3->4: 106, 4->5: 30
accepted directly from s0    : 0
Gym endings cumulative       : terminated=5917, truncated=153

[Episode 6200/12000 | last 100]
success rate                : 12.0% (cumulative 0.7%)
failure rate                : 0.0% (cumulative 0.0%)
completed cycles / episode  : 0.000
synthetic task reward       : 1200.000
shaping reward              : 2008.522
learning reward             : 3208.522
episode length              : 546.2
abstract changes / episode  : 481.9
same abstract-state steps   : 11.8%
same-state shaping / episode: 0.000
changed-state shaping / ep. : 2008.522
terminal shaping / episode  : 10.526
DFA transitions / episode   : 1.33
DFA transitions in window   : 1->2: 59, 2->3: 36, 3->4: 26, 4->5: 12
epsilon (next episode)       : 0.28935
replay buffer                : 300000 samples [1: 46.5%, 2: 25.1%, 3: 21.2%, 4: 7.2%, 5: 0.0%]
DFA state visits in window   : 1: 27441, 2: 13332, 3: 10415, 4: 3518, 5: 12
DFA state visits cumulative  : 1: 959547, 2: 129891, 3: 86485, 4: 25590, 5: 42
DFA state entries in window  : 1: 100, 2: 59, 3: 36, 4: 26, 5: 12
DFA state entries cumulative : 1: 6200, 2: 689, 3: 300, 4: 132, 5: 42
transitions cumulative       : 1->2: 689, 2->3: 300, 3->4: 132, 4->5: 42
accepted directly from s0    : 0
Gym endings cumulative       : terminated=5987, truncated=171

[Episode 6300/12000 | last 100]
success rate                : 18.0% (cumulative 1.0%)
failure rate                : 0.0% (cumulative 0.0%)
completed cycles / episode  : 0.000
synthetic task reward       : 1800.000
shaping reward              : 2587.580
learning reward             : 4387.580
episode length              : 588.1
abstract changes / episode  : 525.4
same abstract-state steps   : 10.7%
same-state shaping / episode: 0.000
changed-state shaping / ep. : 2587.580
terminal shaping / episode  : 17.121
DFA transitions / episode   : 1.75
DFA transitions in window   : 1->2: 77, 2->3: 51, 3->4: 29, 4->5: 18
epsilon (next episode)       : 0.28362
replay buffer                : 300000 samples [1: 45.0%, 2: 27.0%, 3: 21.0%, 4: 7.0%, 5: 0.0%]
DFA state visits in window   : 1: 23505, 2: 18651, 3: 12428, 4: 4305, 5: 18
DFA state visits cumulative  : 1: 983052, 2: 148542, 3: 98913, 4: 29895, 5: 60
DFA state entries in window  : 1: 100, 2: 77, 3: 51, 4: 29, 5: 18
DFA state entries cumulative : 1: 6300, 2: 766, 3: 351, 4: 161, 5: 60
transitions cumulative       : 1->2: 766, 2->3: 351, 3->4: 161, 4->5: 60
accepted directly from s0    : 0
Gym endings cumulative       : terminated=6059, truncated=181

[Episode 6400/12000 | last 100]
success rate                : 18.0% (cumulative 1.2%)
failure rate                : 0.0% (cumulative 0.0%)
completed cycles / episode  : 0.000
synthetic task reward       : 1800.000
shaping reward              : 2379.043
learning reward             : 4179.043
episode length              : 509.8
abstract changes / episode  : 477.0
same abstract-state steps   : 6.4%
same-state shaping / episode: 0.000
changed-state shaping / ep. : 2379.043
terminal shaping / episode  : 18.513
DFA transitions / episode   : 1.59
DFA transitions in window   : 1->2: 69, 2->3: 41, 3->4: 31, 4->5: 18
epsilon (next episode)       : 0.27800
replay buffer                : 300000 samples [1: 42.3%, 2: 30.1%, 3: 20.6%, 4: 7.1%, 5: 0.0%]
DFA state visits in window   : 1: 20615, 2: 17212, 3: 8838, 4: 4400, 5: 18
DFA state visits cumulative  : 1: 1003667, 2: 165754, 3: 107751, 4: 34295, 5: 78
DFA state entries in window  : 1: 100, 2: 69, 3: 41, 4: 31, 5: 18
DFA state entries cumulative : 1: 6400, 2: 835, 3: 392, 4: 192, 5: 78
transitions cumulative       : 1->2: 835, 2->3: 392, 3->4: 192, 4->5: 78
accepted directly from s0    : 0
Gym endings cumulative       : terminated=6134, truncated=188

[Episode 6500/12000 | last 100]
success rate                : 19.0% (cumulative 1.5%)
failure rate                : 0.0% (cumulative 0.0%)
completed cycles / episode  : 0.000
synthetic task reward       : 1900.000
shaping reward              : 2735.949
learning reward             : 4635.949
episode length              : 506.3
abstract changes / episode  : 475.7
same abstract-state steps   : 6.0%
same-state shaping / episode: 0.000
changed-state shaping / ep. : 2735.949
terminal shaping / episode  : 19.302
DFA transitions / episode   : 1.69
DFA transitions in window   : 1->2: 71, 2->3: 46, 3->4: 33, 4->5: 19
epsilon (next episode)       : 0.27250
replay buffer                : 300000 samples [1: 41.6%, 2: 29.6%, 3: 21.6%, 4: 7.2%, 5: 0.0%]
DFA state visits in window   : 1: 20867, 2: 13965, 3: 11870, 4: 4007, 5: 19
DFA state visits cumulative  : 1: 1024534, 2: 179719, 3: 119621, 4: 38302, 5: 97
DFA state entries in window  : 1: 100, 2: 71, 3: 46, 4: 33, 5: 19
DFA state entries cumulative : 1: 6500, 2: 906, 3: 438, 4: 225, 5: 97
transitions cumulative       : 1->2: 906, 2->3: 438, 3->4: 225, 4->5: 97
accepted directly from s0    : 0
Gym endings cumulative       : terminated=6207, truncated=196

Starting autonomous greedy evaluation at episode 6500 (1000 fixed-seed episodes)...
[Greedy evaluation at episode 6500 | 1000 fixed-seed episodes]
success=45.1%, failure=0.0%, task reward=4510.000, length=497.7
DFA transitions: 1->2: 454, 2->3: 453, 3->4: 453, 4->5: 451
Best policy updated from autonomous greedy evaluation at episode 6500.

[Episode 6600/12000 | last 100]
success rate                : 30.0% (cumulative 1.9%)
failure rate                : 0.0% (cumulative 0.0%)
completed cycles / episode  : 0.000
synthetic task reward       : 3000.000
shaping reward              : 3996.094
learning reward             : 6996.094
episode length              : 624.5
abstract changes / episode  : 578.5
same abstract-state steps   : 7.4%
same-state shaping / episode: 0.000
changed-state shaping / ep. : 3996.094
terminal shaping / episode  : 33.638
DFA transitions / episode   : 2.14
DFA transitions in window   : 1->2: 80, 2->3: 58, 3->4: 46, 4->5: 30
epsilon (next episode)       : 0.26710
replay buffer                : 300000 samples [1: 42.4%, 2: 29.3%, 3: 20.8%, 4: 7.5%, 5: 0.0%]
DFA state visits in window   : 1: 25815, 2: 18471, 3: 12959, 4: 5276, 5: 30
DFA state visits cumulative  : 1: 1050349, 2: 198190, 3: 132580, 4: 43578, 5: 127
DFA state entries in window  : 1: 100, 2: 80, 3: 58, 4: 46, 5: 30
DFA state entries cumulative : 1: 6600, 2: 986, 3: 496, 4: 271, 5: 127
transitions cumulative       : 1->2: 986, 2->3: 496, 3->4: 271, 4->5: 127
accepted directly from s0    : 0
Gym endings cumulative       : terminated=6260, truncated=214

[Episode 6700/12000 | last 100]
success rate                : 22.0% (cumulative 2.2%)
failure rate                : 0.0% (cumulative 0.0%)
completed cycles / episode  : 0.000
synthetic task reward       : 2200.000
shaping reward              : 3154.962
learning reward             : 5354.962
episode length              : 609.1
abstract changes / episode  : 566.0
same abstract-state steps   : 7.1%
same-state shaping / episode: 0.000
changed-state shaping / ep. : 3154.962
terminal shaping / episode  : 26.333
DFA transitions / episode   : 1.85
DFA transitions in window   : 1->2: 72, 2->3: 54, 3->4: 37, 4->5: 22
epsilon (next episode)       : 0.26181
replay buffer                : 300000 samples [1: 41.1%, 2: 30.1%, 3: 20.8%, 4: 8.0%, 5: 0.0%]
DFA state visits in window   : 1: 25486, 2: 18576, 3: 12503, 4: 4424, 5: 22
DFA state visits cumulative  : 1: 1075835, 2: 216766, 3: 145083, 4: 48002, 5: 149
DFA state entries in window  : 1: 100, 2: 72, 3: 54, 4: 37, 5: 22
DFA state entries cumulative : 1: 6700, 2: 1058, 3: 550, 4: 308, 5: 149
transitions cumulative       : 1->2: 1058, 2->3: 550, 3->4: 308, 4->5: 149
accepted directly from s0    : 0
Gym endings cumulative       : terminated=6318, truncated=234

[Episode 6800/12000 | last 100]
success rate                : 30.0% (cumulative 2.6%)
failure rate                : 0.0% (cumulative 0.0%)
completed cycles / episode  : 0.000
synthetic task reward       : 3000.000
shaping reward              : 3392.253
learning reward             : 6392.253
episode length              : 540.4
abstract changes / episode  : 488.2
same abstract-state steps   : 9.7%
same-state shaping / episode: 0.000
changed-state shaping / ep. : 3392.253
terminal shaping / episode  : 31.474
DFA transitions / episode   : 1.83
DFA transitions in window   : 1->2: 71, 2->3: 45, 3->4: 37, 4->5: 30
epsilon (next episode)       : 0.25663
replay buffer                : 300000 samples [1: 41.4%, 2: 30.4%, 3: 20.2%, 4: 8.1%, 5: 0.0%]
DFA state visits in window   : 1: 23983, 2: 16143, 3: 9363, 4: 4620, 5: 30
DFA state visits cumulative  : 1: 1099818, 2: 232909, 3: 154446, 4: 52622, 5: 179
DFA state entries in window  : 1: 100, 2: 71, 3: 45, 4: 37, 5: 30
DFA state entries cumulative : 1: 6800, 2: 1129, 3: 595, 4: 345, 5: 179
transitions cumulative       : 1->2: 1129, 2->3: 595, 3->4: 345, 4->5: 179
accepted directly from s0    : 0
Gym endings cumulative       : terminated=6373, truncated=249

[Episode 6900/12000 | last 100]
success rate                : 24.0% (cumulative 2.9%)
failure rate                : 0.0% (cumulative 0.0%)
completed cycles / episode  : 0.000
synthetic task reward       : 2400.000
shaping reward              : 3035.770
learning reward             : 5435.770
episode length              : 574.4
abstract changes / episode  : 523.9
same abstract-state steps   : 8.8%
same-state shaping / episode: 0.000
changed-state shaping / ep. : 3035.770
terminal shaping / episode  : 23.250
DFA transitions / episode   : 1.66
DFA transitions in window   : 1->2: 62, 2->3: 46, 3->4: 34, 4->5: 24
epsilon (next episode)       : 0.25154
replay buffer                : 300000 samples [1: 44.8%, 2: 28.0%, 3: 19.5%, 4: 7.6%, 5: 0.0%]
DFA state visits in window   : 1: 31459, 2: 12504, 3: 10143, 4: 3414, 5: 24
DFA state visits cumulative  : 1: 1131277, 2: 245413, 3: 164589, 4: 56036, 5: 203
DFA state entries in window  : 1: 100, 2: 62, 3: 46, 4: 34, 5: 24
DFA state entries cumulative : 1: 6900, 2: 1191, 3: 641, 4: 379, 5: 203
transitions cumulative       : 1->2: 1191, 2->3: 641, 3->4: 379, 4->5: 203
accepted directly from s0    : 0
Gym endings cumulative       : terminated=6432, truncated=266

[Episode 7000/12000 | last 100]
success rate                : 40.0% (cumulative 3.5%)
failure rate                : 0.0% (cumulative 0.0%)
completed cycles / episode  : 0.000
synthetic task reward       : 4000.000
shaping reward              : 4899.684
learning reward             : 8899.684
episode length              : 616.9
abstract changes / episode  : 561.6
same abstract-state steps   : 9.0%
same-state shaping / episode: 0.000
changed-state shaping / ep. : 4899.684
terminal shaping / episode  : 44.386
DFA transitions / episode   : 2.50
DFA transitions in window   : 1->2: 87, 2->3: 67, 3->4: 56, 4->5: 40
epsilon (next episode)       : 0.24656
replay buffer                : 300000 samples [1: 44.2%, 2: 28.2%, 3: 19.2%, 4: 8.4%, 5: 0.0%]
DFA state visits in window   : 1: 23886, 2: 18186, 3: 12465, 4: 7210, 5: 40
DFA state visits cumulative  : 1: 1155163, 2: 263599, 3: 177054, 4: 63246, 5: 243
DFA state entries in window  : 1: 100, 2: 87, 3: 67, 4: 56, 5: 40
DFA state entries cumulative : 1: 7000, 2: 1278, 3: 708, 4: 435, 5: 243
transitions cumulative       : 1->2: 1278, 2->3: 708, 3->4: 435, 4->5: 243
accepted directly from s0    : 0
Gym endings cumulative       : terminated=6474, truncated=284

Starting autonomous greedy evaluation at episode 7000 (1000 fixed-seed episodes)...
[Greedy evaluation at episode 7000 | 1000 fixed-seed episodes]
success=91.3%, failure=0.0%, task reward=9130.000, length=584.0
DFA transitions: 1->2: 929, 2->3: 920, 3->4: 915, 4->5: 913
Best policy updated from autonomous greedy evaluation at episode 7000.

[Episode 7100/12000 | last 100]
success rate                : 39.0% (cumulative 4.0%)
failure rate                : 0.0% (cumulative 0.0%)
completed cycles / episode  : 0.000
synthetic task reward       : 3900.000
shaping reward              : 4405.854
learning reward             : 8305.854
episode length              : 543.8
abstract changes / episode  : 493.6
same abstract-state steps   : 9.2%
same-state shaping / episode: 0.000
changed-state shaping / ep. : 4405.854
terminal shaping / episode  : 42.482
DFA transitions / episode   : 2.43
DFA transitions in window   : 1->2: 84, 2->3: 66, 3->4: 54, 4->5: 39
epsilon (next episode)       : 0.24168
replay buffer                : 300000 samples [1: 42.6%, 2: 28.5%, 3: 19.4%, 4: 9.4%, 5: 0.0%]
DFA state visits in window   : 1: 18231, 2: 16515, 3: 11898, 4: 7800, 5: 39
DFA state visits cumulative  : 1: 1173394, 2: 280114, 3: 188952, 4: 71046, 5: 282
DFA state entries in window  : 1: 100, 2: 84, 3: 66, 4: 54, 5: 39
DFA state entries cumulative : 1: 7100, 2: 1362, 3: 774, 4: 489, 5: 282
transitions cumulative       : 1->2: 1362, 2->3: 774, 3->4: 489, 4->5: 282
accepted directly from s0    : 0
Gym endings cumulative       : terminated=6528, truncated=291

[Episode 7200/12000 | last 100]
success rate                : 41.0% (cumulative 4.5%)
failure rate                : 0.0% (cumulative 0.0%)
completed cycles / episode  : 0.000
synthetic task reward       : 4100.000
shaping reward              : 5003.752
learning reward             : 9103.752
episode length              : 501.5
abstract changes / episode  : 450.6
same abstract-state steps   : 10.2%
same-state shaping / episode: 0.000
changed-state shaping / ep. : 5003.752
terminal shaping / episode  : 46.019
DFA transitions / episode   : 2.38
DFA transitions in window   : 1->2: 77, 2->3: 64, 3->4: 56, 4->5: 41
epsilon (next episode)       : 0.23689
replay buffer                : 300000 samples [1: 40.8%, 2: 28.4%, 3: 20.1%, 4: 10.7%, 5: 0.0%]
DFA state visits in window   : 1: 16615, 2: 14507, 3: 11932, 4: 7155, 5: 41
DFA state visits cumulative  : 1: 1190009, 2: 294621, 3: 200884, 4: 78201, 5: 323
DFA state entries in window  : 1: 100, 2: 77, 3: 64, 4: 56, 5: 41
DFA state entries cumulative : 1: 7200, 2: 1439, 3: 838, 4: 545, 5: 323
transitions cumulative       : 1->2: 1439, 2->3: 838, 3->4: 545, 4->5: 323
accepted directly from s0    : 0
Gym endings cumulative       : terminated=6582, truncated=296

[Episode 7300/12000 | last 100]
success rate                : 44.0% (cumulative 5.0%)
failure rate                : 0.0% (cumulative 0.0%)
completed cycles / episode  : 0.000
synthetic task reward       : 4400.000
shaping reward              : 5001.483
learning reward             : 9401.483
episode length              : 533.6
abstract changes / episode  : 488.4
same abstract-state steps   : 8.5%
same-state shaping / episode: 0.000
changed-state shaping / ep. : 5001.483
terminal shaping / episode  : 51.781
DFA transitions / episode   : 2.42
DFA transitions in window   : 1->2: 78, 2->3: 64, 3->4: 56, 4->5: 44
epsilon (next episode)       : 0.23220
replay buffer                : 300000 samples [1: 38.1%, 2: 29.7%, 3: 20.9%, 4: 11.3%, 5: 0.0%]
DFA state visits in window   : 1: 16106, 2: 19227, 3: 11679, 4: 6406, 5: 44
DFA state visits cumulative  : 1: 1206115, 2: 313848, 3: 212563, 4: 84607, 5: 367
DFA state entries in window  : 1: 100, 2: 78, 3: 64, 4: 56, 5: 44
DFA state entries cumulative : 1: 7300, 2: 1517, 3: 902, 4: 601, 5: 367
transitions cumulative       : 1->2: 1517, 2->3: 902, 3->4: 601, 4->5: 367
accepted directly from s0    : 0
Gym endings cumulative       : terminated=6627, truncated=307

[Episode 7400/12000 | last 100]
success rate                : 43.0% (cumulative 5.5%)
failure rate                : 0.0% (cumulative 0.0%)
completed cycles / episode  : 0.000
synthetic task reward       : 4300.000
shaping reward              : 5335.349
learning reward             : 9635.349
episode length              : 557.7
abstract changes / episode  : 510.1
same abstract-state steps   : 8.5%
same-state shaping / episode: 0.000
changed-state shaping / ep. : 5335.349
terminal shaping / episode  : 49.052
DFA transitions / episode   : 2.61
DFA transitions in window   : 1->2: 80, 2->3: 74, 3->4: 64, 4->5: 43
epsilon (next episode)       : 0.22760
replay buffer                : 300000 samples [1: 34.5%, 2: 30.6%, 3: 21.7%, 4: 13.1%, 5: 0.0%]
DFA state visits in window   : 1: 16008, 2: 18116, 3: 12701, 4: 9006, 5: 43
DFA state visits cumulative  : 1: 1222123, 2: 331964, 3: 225264, 4: 93613, 5: 410
DFA state entries in window  : 1: 100, 2: 80, 3: 74, 4: 64, 5: 43
DFA state entries cumulative : 1: 7400, 2: 1597, 3: 976, 4: 665, 5: 410
transitions cumulative       : 1->2: 1597, 2->3: 976, 3->4: 665, 4->5: 410
accepted directly from s0    : 0
Gym endings cumulative       : terminated=6676, truncated=315

[Episode 7500/12000 | last 100]
success rate                : 36.0% (cumulative 5.9%)
failure rate                : 0.0% (cumulative 0.0%)
completed cycles / episode  : 0.000
synthetic task reward       : 3600.000
shaping reward              : 3951.705
learning reward             : 7551.705
episode length              : 553.6
abstract changes / episode  : 488.1
same abstract-state steps   : 11.8%
same-state shaping / episode: 0.000
changed-state shaping / ep. : 3951.705
terminal shaping / episode  : 39.617
DFA transitions / episode   : 1.95
DFA transitions in window   : 1->2: 67, 2->3: 51, 3->4: 41, 4->5: 36
epsilon (next episode)       : 0.22310
replay buffer                : 300000 samples [1: 33.0%, 2: 32.5%, 3: 21.6%, 4: 12.9%, 5: 0.0%]
DFA state visits in window   : 1: 21084, 2: 19220, 3: 10399, 4: 4719, 5: 36
DFA state visits cumulative  : 1: 1243207, 2: 351184, 3: 235663, 4: 98332, 5: 446
DFA state entries in window  : 1: 100, 2: 67, 3: 51, 4: 41, 5: 36
DFA state entries cumulative : 1: 7500, 2: 1664, 3: 1027, 4: 706, 5: 446
transitions cumulative       : 1->2: 1664, 2->3: 1027, 3->4: 706, 4->5: 446
accepted directly from s0    : 0
Gym endings cumulative       : terminated=6724, truncated=331

Starting autonomous greedy evaluation at episode 7500 (1000 fixed-seed episodes)...
[Greedy evaluation at episode 7500 | 1000 fixed-seed episodes]
success=0.0%, failure=0.0%, task reward=0.000, length=847.7
DFA transitions: 1->2: 76

[Episode 7600/12000 | last 100]
success rate                : 38.0% (cumulative 6.4%)
failure rate                : 0.0% (cumulative 0.0%)
completed cycles / episode  : 0.000
synthetic task reward       : 3800.000
shaping reward              : 4524.950
learning reward             : 8324.950
episode length              : 557.0
abstract changes / episode  : 483.2
same abstract-state steps   : 13.2%
same-state shaping / episode: 0.000
changed-state shaping / ep. : 4524.950
terminal shaping / episode  : 40.512
DFA transitions / episode   : 2.10
DFA transitions in window   : 1->2: 66, 2->3: 55, 3->4: 51, 4->5: 38
epsilon (next episode)       : 0.21868
replay buffer                : 300000 samples [1: 36.0%, 2: 31.0%, 3: 20.2%, 4: 12.7%, 5: 0.0%]
DFA state visits in window   : 1: 27713, 2: 12667, 3: 8409, 4: 6972, 5: 38
DFA state visits cumulative  : 1: 1270920, 2: 363851, 3: 244072, 4: 105304, 5: 484
DFA state entries in window  : 1: 100, 2: 66, 3: 55, 4: 51, 5: 38
DFA state entries cumulative : 1: 7600, 2: 1730, 3: 1082, 4: 757, 5: 484
transitions cumulative       : 1->2: 1730, 2->3: 1082, 3->4: 757, 4->5: 484
accepted directly from s0    : 0
Gym endings cumulative       : terminated=6775, truncated=342

[Episode 7700/12000 | last 100]
success rate                : 44.0% (cumulative 6.9%)
failure rate                : 0.0% (cumulative 0.0%)
completed cycles / episode  : 0.000
synthetic task reward       : 4400.000
shaping reward              : 4605.147
learning reward             : 9005.147
episode length              : 474.0
abstract changes / episode  : 408.6
same abstract-state steps   : 13.8%
same-state shaping / episode: 0.000
changed-state shaping / ep. : 4605.147
terminal shaping / episode  : 48.590
DFA transitions / episode   : 2.21
DFA transitions in window   : 1->2: 67, 2->3: 59, 3->4: 51, 4->5: 44
epsilon (next episode)       : 0.21435
replay buffer                : 300000 samples [1: 36.4%, 2: 30.2%, 3: 20.1%, 4: 13.3%, 5: 0.0%]
DFA state visits in window   : 1: 18921, 2: 12585, 3: 8647, 4: 7305, 5: 44
DFA state visits cumulative  : 1: 1289841, 2: 376436, 3: 252719, 4: 112609, 5: 528
DFA state entries in window  : 1: 100, 2: 67, 3: 59, 4: 51, 5: 44
DFA state entries cumulative : 1: 7700, 2: 1797, 3: 1141, 4: 808, 5: 528
transitions cumulative       : 1->2: 1797, 2->3: 1141, 3->4: 808, 4->5: 528
accepted directly from s0    : 0
Gym endings cumulative       : terminated=6822, truncated=351

[Episode 7800/12000 | last 100]
success rate                : 26.0% (cumulative 7.1%)
failure rate                : 0.0% (cumulative 0.0%)
completed cycles / episode  : 0.000
synthetic task reward       : 2600.000
shaping reward              : 2857.425
learning reward             : 5457.425
episode length              : 390.4
abstract changes / episode  : 340.4
same abstract-state steps   : 12.8%
same-state shaping / episode: 0.000
changed-state shaping / ep. : 2857.425
terminal shaping / episode  : 29.593
DFA transitions / episode   : 1.46
DFA transitions in window   : 1->2: 48, 2->3: 39, 3->4: 33, 4->5: 26
epsilon (next episode)       : 0.21010
replay buffer                : 300000 samples [1: 40.3%, 2: 28.2%, 3: 18.9%, 4: 12.6%, 5: 0.0%]
DFA state visits in window   : 1: 22781, 2: 6085, 3: 5934, 4: 4315, 5: 26
DFA state visits cumulative  : 1: 1312622, 2: 382521, 3: 258653, 4: 116924, 5: 554
DFA state entries in window  : 1: 100, 2: 48, 3: 39, 4: 33, 5: 26
DFA state entries cumulative : 1: 7800, 2: 1845, 3: 1180, 4: 841, 5: 554
transitions cumulative       : 1->2: 1845, 2->3: 1180, 3->4: 841, 4->5: 554
accepted directly from s0    : 0
Gym endings cumulative       : terminated=6893, truncated=354

[Episode 7900/12000 | last 100]
success rate                : 33.0% (cumulative 7.4%)
failure rate                : 0.0% (cumulative 0.0%)
completed cycles / episode  : 0.000
synthetic task reward       : 3300.000
shaping reward              : 3850.588
learning reward             : 7150.588
episode length              : 509.6
abstract changes / episode  : 452.5
same abstract-state steps   : 11.2%
same-state shaping / episode: 0.000
changed-state shaping / ep. : 3850.588
terminal shaping / episode  : 36.496
DFA transitions / episode   : 2.00
DFA transitions in window   : 1->2: 67, 2->3: 57, 3->4: 43, 4->5: 33
epsilon (next episode)       : 0.20594
replay buffer                : 300000 samples [1: 42.4%, 2: 25.8%, 3: 19.3%, 4: 12.5%, 5: 0.0%]
DFA state visits in window   : 1: 22805, 2: 10223, 3: 12344, 4: 5657, 5: 33
DFA state visits cumulative  : 1: 1335427, 2: 392744, 3: 270997, 4: 122581, 5: 587
DFA state entries in window  : 1: 100, 2: 67, 3: 57, 4: 43, 5: 33
DFA state entries cumulative : 1: 7900, 2: 1912, 3: 1237, 4: 884, 5: 587
transitions cumulative       : 1->2: 1912, 2->3: 1237, 3->4: 884, 4->5: 587
accepted directly from s0    : 0
Gym endings cumulative       : terminated=6952, truncated=362

[Episode 8000/12000 | last 100]
success rate                : 37.0% (cumulative 7.8%)
failure rate                : 0.0% (cumulative 0.0%)
completed cycles / episode  : 0.000
synthetic task reward       : 3700.000
shaping reward              : 4120.480
learning reward             : 7820.480
episode length              : 455.3
abstract changes / episode  : 392.4
same abstract-state steps   : 13.8%
same-state shaping / episode: 0.000
changed-state shaping / ep. : 4120.480
terminal shaping / episode  : 39.446
DFA transitions / episode   : 1.81
DFA transitions in window   : 1->2: 53, 2->3: 47, 3->4: 44, 4->5: 37
epsilon (next episode)       : 0.20186
replay buffer                : 300000 samples [1: 46.9%, 2: 23.2%, 3: 18.0%, 4: 11.8%, 5: 0.0%]
DFA state visits in window   : 1: 26162, 2: 7353, 3: 6891, 4: 5185, 5: 37
DFA state visits cumulative  : 1: 1361589, 2: 400097, 3: 277888, 4: 127766, 5: 624
DFA state entries in window  : 1: 100, 2: 53, 3: 47, 4: 44, 5: 37
DFA state entries cumulative : 1: 8000, 2: 1965, 3: 1284, 4: 928, 5: 624
transitions cumulative       : 1->2: 1965, 2->3: 1284, 3->4: 928, 4->5: 624
accepted directly from s0    : 0
Gym endings cumulative       : terminated=7007, truncated=370

Starting autonomous greedy evaluation at episode 8000 (1000 fixed-seed episodes)...
[Greedy evaluation at episode 8000 | 1000 fixed-seed episodes]
success=6.2%, failure=0.0%, task reward=620.000, length=289.0
DFA transitions: 1->2: 81, 2->3: 64, 3->4: 64, 4->5: 62

[Episode 8100/12000 | last 100]
success rate                : 39.0% (cumulative 8.2%)
failure rate                : 0.0% (cumulative 0.0%)
completed cycles / episode  : 0.000
synthetic task reward       : 3900.000
shaping reward              : 4310.590
learning reward             : 8210.590
episode length              : 446.2
abstract changes / episode  : 400.8
same abstract-state steps   : 10.2%
same-state shaping / episode: 0.000
changed-state shaping / ep. : 4310.590
terminal shaping / episode  : 42.052
DFA transitions / episode   : 2.01
DFA transitions in window   : 1->2: 65, 2->3: 50, 3->4: 47, 4->5: 39
epsilon (next episode)       : 0.19787
replay buffer                : 300000 samples [1: 48.5%, 2: 20.8%, 3: 18.3%, 4: 12.5%, 5: 0.0%]
DFA state visits in window   : 1: 19075, 2: 9068, 3: 9885, 4: 6655, 5: 39
DFA state visits cumulative  : 1: 1380664, 2: 409165, 3: 287773, 4: 134421, 5: 663
DFA state entries in window  : 1: 100, 2: 65, 3: 50, 4: 47, 5: 39
DFA state entries cumulative : 1: 8100, 2: 2030, 3: 1334, 4: 975, 5: 663
transitions cumulative       : 1->2: 2030, 2->3: 1334, 3->4: 975, 4->5: 663
accepted directly from s0    : 0
Gym endings cumulative       : terminated=7063, truncated=375

[Episode 8200/12000 | last 100]
success rate                : 44.0% (cumulative 8.6%)
failure rate                : 0.0% (cumulative 0.0%)
completed cycles / episode  : 0.000
synthetic task reward       : 4400.000
shaping reward              : 5414.476
learning reward             : 9814.476
episode length              : 469.6
abstract changes / episode  : 428.0
same abstract-state steps   : 8.9%
same-state shaping / episode: 0.000
changed-state shaping / ep. : 5414.476
terminal shaping / episode  : 46.834
DFA transitions / episode   : 2.46
DFA transitions in window   : 1->2: 71, 2->3: 70, 3->4: 61, 4->5: 44
epsilon (next episode)       : 0.19395
replay buffer                : 300000 samples [1: 46.4%, 2: 20.3%, 3: 19.6%, 4: 13.7%, 5: 0.0%]
DFA state visits in window   : 1: 16249, 2: 10823, 3: 11455, 4: 8489, 5: 44
DFA state visits cumulative  : 1: 1396913, 2: 419988, 3: 299228, 4: 142910, 5: 707
DFA state entries in window  : 1: 100, 2: 71, 3: 70, 4: 61, 5: 44
DFA state entries cumulative : 1: 8200, 2: 2101, 3: 1404, 4: 1036, 5: 707
transitions cumulative       : 1->2: 2101, 2->3: 1404, 3->4: 1036, 4->5: 707
accepted directly from s0    : 0
Gym endings cumulative       : terminated=7116, truncated=378

[Episode 8300/12000 | last 100]
success rate                : 51.0% (cumulative 9.1%)
failure rate                : 0.0% (cumulative 0.0%)
completed cycles / episode  : 0.000
synthetic task reward       : 5100.000
shaping reward              : 6086.806
learning reward             : 11186.806
episode length              : 543.6
abstract changes / episode  : 493.1
same abstract-state steps   : 9.3%
same-state shaping / episode: 0.000
changed-state shaping / ep. : 6086.806
terminal shaping / episode  : 59.311
DFA transitions / episode   : 2.85
DFA transitions in window   : 1->2: 86, 2->3: 79, 3->4: 69, 4->5: 51
epsilon (next episode)       : 0.19011
replay buffer                : 300000 samples [1: 44.1%, 2: 20.7%, 3: 21.6%, 4: 13.7%, 5: 0.0%]
DFA state visits in window   : 1: 17430, 2: 14702, 3: 14385, 4: 7894, 5: 51
DFA state visits cumulative  : 1: 1414343, 2: 434690, 3: 313613, 4: 150804, 5: 758
DFA state entries in window  : 1: 100, 2: 86, 3: 79, 4: 69, 5: 51
DFA state entries cumulative : 1: 8300, 2: 2187, 3: 1483, 4: 1105, 5: 758
transitions cumulative       : 1->2: 2187, 2->3: 1483, 3->4: 1105, 4->5: 758
accepted directly from s0    : 0
Gym endings cumulative       : terminated=7160, truncated=383

[Episode 8400/12000 | last 100]
success rate                : 48.0% (cumulative 9.6%)
failure rate                : 0.0% (cumulative 0.0%)
completed cycles / episode  : 0.000
synthetic task reward       : 4800.000
shaping reward              : 5782.704
learning reward             : 10582.704
episode length              : 509.9
abstract changes / episode  : 462.6
same abstract-state steps   : 9.3%
same-state shaping / episode: 0.000
changed-state shaping / ep. : 5782.704
terminal shaping / episode  : 50.706
DFA transitions / episode   : 2.69
DFA transitions in window   : 1->2: 83, 2->3: 76, 3->4: 62, 4->5: 48
epsilon (next episode)       : 0.18634
replay buffer                : 300000 samples [1: 40.3%, 2: 22.5%, 3: 23.0%, 4: 14.2%, 5: 0.0%]
DFA state visits in window   : 1: 15463, 2: 14393, 3: 13002, 4: 8185, 5: 48
DFA state visits cumulative  : 1: 1429806, 2: 449083, 3: 326615, 4: 158989, 5: 806
DFA state entries in window  : 1: 100, 2: 83, 3: 76, 4: 62, 5: 48
DFA state entries cumulative : 1: 8400, 2: 2270, 3: 1559, 4: 1167, 5: 806
transitions cumulative       : 1->2: 2270, 2->3: 1559, 3->4: 1167, 4->5: 806
accepted directly from s0    : 0
Gym endings cumulative       : terminated=7208, truncated=387

[Episode 8500/12000 | last 100]
success rate                : 58.0% (cumulative 10.2%)
failure rate                : 0.0% (cumulative 0.0%)
completed cycles / episode  : 0.000
synthetic task reward       : 5800.000
shaping reward              : 6244.503
learning reward             : 12044.503
episode length              : 493.2
abstract changes / episode  : 450.0
same abstract-state steps   : 8.8%
same-state shaping / episode: 0.000
changed-state shaping / ep. : 6244.503
terminal shaping / episode  : 62.953
DFA transitions / episode   : 2.78
DFA transitions in window   : 1->2: 80, 2->3: 74, 3->4: 66, 4->5: 58
epsilon (next episode)       : 0.18265
replay buffer                : 300000 samples [1: 38.6%, 2: 22.8%, 3: 23.3%, 4: 15.3%, 5: 0.0%]
DFA state visits in window   : 1: 17943, 2: 10429, 3: 12575, 4: 8416, 5: 58
DFA state visits cumulative  : 1: 1447749, 2: 459512, 3: 339190, 4: 167405, 5: 864
DFA state entries in window  : 1: 100, 2: 80, 3: 74, 4: 66, 5: 58
DFA state entries cumulative : 1: 8500, 2: 2350, 3: 1633, 4: 1233, 5: 864
transitions cumulative       : 1->2: 2350, 2->3: 1633, 3->4: 1233, 4->5: 864
accepted directly from s0    : 0
Gym endings cumulative       : terminated=7246, truncated=391

Starting autonomous greedy evaluation at episode 8500 (1000 fixed-seed episodes)...
[Greedy evaluation at episode 8500 | 1000 fixed-seed episodes]
success=94.5%, failure=0.0%, task reward=9450.000, length=506.4
DFA transitions: 1->2: 1000, 2->3: 997, 3->4: 984, 4->5: 945
Best policy updated from autonomous greedy evaluation at episode 8500.

[Episode 8600/12000 | last 100]
success rate                : 49.0% (cumulative 10.6%)
failure rate                : 0.0% (cumulative 0.0%)
completed cycles / episode  : 0.000
synthetic task reward       : 4900.000
shaping reward              : 5484.090
learning reward             : 10384.090
episode length              : 509.5
abstract changes / episode  : 458.5
same abstract-state steps   : 10.0%
same-state shaping / episode: 0.000
changed-state shaping / ep. : 5484.090
terminal shaping / episode  : 58.708
DFA transitions / episode   : 2.64
DFA transitions in window   : 1->2: 86, 2->3: 71, 3->4: 58, 4->5: 49
epsilon (next episode)       : 0.17904
replay buffer                : 300000 samples [1: 35.1%, 2: 24.8%, 3: 24.7%, 4: 15.4%, 5: 0.0%]
DFA state visits in window   : 1: 17875, 2: 14464, 3: 12378, 4: 6282, 5: 49
DFA state visits cumulative  : 1: 1465624, 2: 473976, 3: 351568, 4: 173687, 5: 913
DFA state entries in window  : 1: 100, 2: 86, 3: 71, 4: 58, 5: 49
DFA state entries cumulative : 1: 8600, 2: 2436, 3: 1704, 4: 1291, 5: 913
transitions cumulative       : 1->2: 2436, 2->3: 1704, 3->4: 1291, 4->5: 913
accepted directly from s0    : 0
Gym endings cumulative       : terminated=7294, truncated=394

[Episode 8700/12000 | last 100]
success rate                : 51.0% (cumulative 11.1%)
failure rate                : 0.0% (cumulative 0.0%)
completed cycles / episode  : 0.000
synthetic task reward       : 5100.000
shaping reward              : 5811.079
learning reward             : 10911.079
episode length              : 444.9
abstract changes / episode  : 401.7
same abstract-state steps   : 9.7%
same-state shaping / episode: 0.000
changed-state shaping / ep. : 5811.079
terminal shaping / episode  : 50.736
DFA transitions / episode   : 2.66
DFA transitions in window   : 1->2: 83, 2->3: 69, 3->4: 63, 4->5: 51
epsilon (next episode)       : 0.17549
replay buffer                : 300000 samples [1: 34.3%, 2: 25.3%, 3: 24.5%, 4: 15.8%, 5: 0.0%]
DFA state visits in window   : 1: 17419, 2: 10573, 3: 9300, 4: 7250, 5: 51
DFA state visits cumulative  : 1: 1483043, 2: 484549, 3: 360868, 4: 180937, 5: 964
DFA state entries in window  : 1: 100, 2: 83, 3: 69, 4: 63, 5: 51
DFA state entries cumulative : 1: 8700, 2: 2519, 3: 1773, 4: 1354, 5: 964
transitions cumulative       : 1->2: 2519, 2->3: 1773, 3->4: 1354, 4->5: 964
accepted directly from s0    : 0
Gym endings cumulative       : terminated=7341, truncated=396

[Episode 8800/12000 | last 100]
success rate                : 34.0% (cumulative 11.3%)
failure rate                : 0.0% (cumulative 0.0%)
completed cycles / episode  : 0.000
synthetic task reward       : 3400.000
shaping reward              : 3788.934
learning reward             : 7188.934
episode length              : 480.3
abstract changes / episode  : 418.4
same abstract-state steps   : 12.9%
same-state shaping / episode: 0.000
changed-state shaping / ep. : 3788.934
terminal shaping / episode  : 35.583
DFA transitions / episode   : 2.10
DFA transitions in window   : 1->2: 72, 2->3: 61, 3->4: 43, 4->5: 34
epsilon (next episode)       : 0.17201
replay buffer                : 300000 samples [1: 36.5%, 2: 25.1%, 3: 23.8%, 4: 14.6%, 5: 0.0%]
DFA state visits in window   : 1: 22612, 2: 10667, 3: 9333, 4: 5487, 5: 34
DFA state visits cumulative  : 1: 1505655, 2: 495216, 3: 370201, 4: 186424, 5: 998
DFA state entries in window  : 1: 100, 2: 72, 3: 61, 4: 43, 5: 34
DFA state entries cumulative : 1: 8800, 2: 2591, 3: 1834, 4: 1397, 5: 998
transitions cumulative       : 1->2: 2591, 2->3: 1834, 3->4: 1397, 4->5: 998
accepted directly from s0    : 0
Gym endings cumulative       : terminated=7402, truncated=401

[Episode 8900/12000 | last 100]
success rate                : 46.0% (cumulative 11.7%)
failure rate                : 0.0% (cumulative 0.0%)
completed cycles / episode  : 0.000
synthetic task reward       : 4600.000
shaping reward              : 5252.068
learning reward             : 9852.068
episode length              : 479.6
abstract changes / episode  : 429.3
same abstract-state steps   : 10.5%
same-state shaping / episode: 0.000
changed-state shaping / ep. : 5252.068
terminal shaping / episode  : 42.914
DFA transitions / episode   : 2.61
DFA transitions in window   : 1->2: 81, 2->3: 75, 3->4: 59, 4->5: 46
epsilon (next episode)       : 0.16861
replay buffer                : 300000 samples [1: 36.7%, 2: 25.2%, 3: 23.4%, 4: 14.7%, 5: 0.0%]
DFA state visits in window   : 1: 16749, 2: 12394, 3: 11819, 4: 7056, 5: 46
DFA state visits cumulative  : 1: 1522404, 2: 507610, 3: 382020, 4: 193480, 5: 1044
DFA state entries in window  : 1: 100, 2: 81, 3: 75, 4: 59, 5: 46
DFA state entries cumulative : 1: 8900, 2: 2672, 3: 1909, 4: 1456, 5: 1044
transitions cumulative       : 1->2: 2672, 2->3: 1909, 3->4: 1456, 4->5: 1044
accepted directly from s0    : 0
Gym endings cumulative       : terminated=7451, truncated=406

[Episode 9000/12000 | last 100]
success rate                : 37.0% (cumulative 12.0%)
failure rate                : 0.0% (cumulative 0.0%)
completed cycles / episode  : 0.000
synthetic task reward       : 3700.000
shaping reward              : 4276.663
learning reward             : 7976.663
episode length              : 485.9
abstract changes / episode  : 436.1
same abstract-state steps   : 10.3%
same-state shaping / episode: 0.000
changed-state shaping / ep. : 4276.663
terminal shaping / episode  : 35.866
DFA transitions / episode   : 2.07
DFA transitions in window   : 1->2: 66, 2->3: 58, 3->4: 46, 4->5: 37
epsilon (next episode)       : 0.16527
replay buffer                : 300000 samples [1: 39.8%, 2: 23.9%, 3: 22.5%, 4: 13.8%, 5: 0.0%]
DFA state visits in window   : 1: 23528, 2: 11107, 3: 8723, 4: 5298, 5: 37
DFA state visits cumulative  : 1: 1545932, 2: 518717, 3: 390743, 4: 198778, 5: 1081
DFA state entries in window  : 1: 100, 2: 66, 3: 58, 4: 46, 5: 37
DFA state entries cumulative : 1: 9000, 2: 2738, 3: 1967, 4: 1502, 5: 1081
transitions cumulative       : 1->2: 2738, 2->3: 1967, 3->4: 1502, 4->5: 1081
accepted directly from s0    : 0
Gym endings cumulative       : terminated=7506, truncated=414

Starting autonomous greedy evaluation at episode 9000 (1000 fixed-seed episodes)...
[Greedy evaluation at episode 9000 | 1000 fixed-seed episodes]
success=66.8%, failure=0.0%, task reward=6680.000, length=596.2
DFA transitions: 1->2: 798, 2->3: 764, 3->4: 705, 4->5: 668

[Episode 9100/12000 | last 100]
success rate                : 42.0% (cumulative 12.3%)
failure rate                : 0.0% (cumulative 0.0%)
completed cycles / episode  : 0.000
synthetic task reward       : 4200.000
shaping reward              : 5123.377
learning reward             : 9323.377
episode length              : 487.5
abstract changes / episode  : 441.9
same abstract-state steps   : 9.3%
same-state shaping / episode: 0.000
changed-state shaping / ep. : 5123.377
terminal shaping / episode  : 45.215
DFA transitions / episode   : 2.34
DFA transitions in window   : 1->2: 70, 2->3: 66, 3->4: 56, 4->5: 42
epsilon (next episode)       : 0.16200
replay buffer                : 300000 samples [1: 41.2%, 2: 24.5%, 3: 20.9%, 4: 13.4%, 5: 0.0%]
DFA state visits in window   : 1: 21870, 2: 11573, 3: 8890, 4: 6472, 5: 42
DFA state visits cumulative  : 1: 1567802, 2: 530290, 3: 399633, 4: 205250, 5: 1123
DFA state entries in window  : 1: 100, 2: 70, 3: 66, 4: 56, 5: 42
DFA state entries cumulative : 1: 9100, 2: 2808, 3: 2033, 4: 1558, 5: 1123
transitions cumulative       : 1->2: 2808, 2->3: 2033, 3->4: 1558, 4->5: 1123
accepted directly from s0    : 0
Gym endings cumulative       : terminated=7555, truncated=423

[Episode 9200/12000 | last 100]
success rate                : 42.0% (cumulative 12.7%)
failure rate                : 0.0% (cumulative 0.0%)
completed cycles / episode  : 0.000
synthetic task reward       : 4200.000
shaping reward              : 5372.831
learning reward             : 9572.831
episode length              : 449.8
abstract changes / episode  : 412.1
same abstract-state steps   : 8.4%
same-state shaping / episode: 0.000
changed-state shaping / ep. : 5372.831
terminal shaping / episode  : 44.769
DFA transitions / episode   : 2.46
DFA transitions in window   : 1->2: 75, 2->3: 68, 3->4: 61, 4->5: 42
epsilon (next episode)       : 0.15879
replay buffer                : 300000 samples [1: 41.6%, 2: 24.4%, 3: 20.5%, 4: 13.5%, 5: 0.0%]
DFA state visits in window   : 1: 15887, 2: 12101, 3: 10169, 4: 6884, 5: 42
DFA state visits cumulative  : 1: 1583689, 2: 542391, 3: 409802, 4: 212134, 5: 1165
DFA state entries in window  : 1: 100, 2: 75, 3: 68, 4: 61, 5: 42
DFA state entries cumulative : 1: 9200, 2: 2883, 3: 2101, 4: 1619, 5: 1165
transitions cumulative       : 1->2: 2883, 2->3: 2101, 3->4: 1619, 4->5: 1165
accepted directly from s0    : 0
Gym endings cumulative       : terminated=7610, truncated=426

[Episode 9300/12000 | last 100]
success rate                : 36.0% (cumulative 12.9%)
failure rate                : 0.0% (cumulative 0.0%)
completed cycles / episode  : 0.000
synthetic task reward       : 3600.000
shaping reward              : 4653.625
learning reward             : 8253.625
episode length              : 399.5
abstract changes / episode  : 373.1
same abstract-state steps   : 6.6%
same-state shaping / episode: 0.000
changed-state shaping / ep. : 4653.625
terminal shaping / episode  : 33.205
DFA transitions / episode   : 2.08
DFA transitions in window   : 1->2: 63, 2->3: 58, 3->4: 51, 4->5: 36
epsilon (next episode)       : 0.15564
replay buffer                : 300000 samples [1: 41.7%, 2: 24.4%, 3: 20.5%, 4: 13.3%, 5: 0.0%]
DFA state visits in window   : 1: 17078, 2: 10002, 3: 7869, 4: 5069, 5: 36
DFA state visits cumulative  : 1: 1600767, 2: 552393, 3: 417671, 4: 217203, 5: 1201
DFA state entries in window  : 1: 100, 2: 63, 3: 58, 4: 51, 5: 36
DFA state entries cumulative : 1: 9300, 2: 2946, 3: 2159, 4: 1670, 5: 1201
transitions cumulative       : 1->2: 2946, 2->3: 2159, 3->4: 1670, 4->5: 1201
accepted directly from s0    : 0
Gym endings cumulative       : terminated=7673, truncated=427

[Episode 9400/12000 | last 100]
success rate                : 43.0% (cumulative 13.2%)
failure rate                : 0.0% (cumulative 0.0%)
completed cycles / episode  : 0.000
synthetic task reward       : 4300.000
shaping reward              : 5077.736
learning reward             : 9377.736
episode length              : 440.2
abstract changes / episode  : 397.2
same abstract-state steps   : 9.8%
same-state shaping / episode: 0.000
changed-state shaping / ep. : 5077.736
terminal shaping / episode  : 50.091
DFA transitions / episode   : 2.28
DFA transitions in window   : 1->2: 71, 2->3: 60, 3->4: 54, 4->5: 43
epsilon (next episode)       : 0.15256
replay buffer                : 300000 samples [1: 41.7%, 2: 24.5%, 3: 21.1%, 4: 12.6%, 5: 0.0%]
DFA state visits in window   : 1: 18095, 2: 11301, 3: 9287, 4: 5392, 5: 43
DFA state visits cumulative  : 1: 1618862, 2: 563694, 3: 426958, 4: 222595, 5: 1244
DFA state entries in window  : 1: 100, 2: 71, 3: 60, 4: 54, 5: 43
DFA state entries cumulative : 1: 9400, 2: 3017, 3: 2219, 4: 1724, 5: 1244
transitions cumulative       : 1->2: 3017, 2->3: 2219, 3->4: 1724, 4->5: 1244
accepted directly from s0    : 0
Gym endings cumulative       : terminated=7723, truncated=434

[Episode 9500/12000 | last 100]
success rate                : 61.0% (cumulative 13.7%)
failure rate                : 0.0% (cumulative 0.0%)
completed cycles / episode  : 0.000
synthetic task reward       : 6100.000
shaping reward              : 6340.110
learning reward             : 12440.110
episode length              : 509.0
abstract changes / episode  : 450.4
same abstract-state steps   : 11.5%
same-state shaping / episode: 0.000
changed-state shaping / ep. : 6340.110
terminal shaping / episode  : 72.563
DFA transitions / episode   : 2.73
DFA transitions in window   : 1->2: 77, 2->3: 68, 3->4: 67, 4->5: 61
epsilon (next episode)       : 0.14954
replay buffer                : 300000 samples [1: 41.7%, 2: 25.0%, 3: 20.7%, 4: 12.6%, 5: 0.0%]
DFA state visits in window   : 1: 20756, 2: 13779, 3: 10406, 4: 5994, 5: 61
DFA state visits cumulative  : 1: 1639618, 2: 577473, 3: 437364, 4: 228589, 5: 1305
DFA state entries in window  : 1: 100, 2: 77, 3: 68, 4: 67, 5: 61
DFA state entries cumulative : 1: 9500, 2: 3094, 3: 2287, 4: 1791, 5: 1305
transitions cumulative       : 1->2: 3094, 2->3: 2287, 3->4: 1791, 4->5: 1305
accepted directly from s0    : 0
Gym endings cumulative       : terminated=7754, truncated=442

Starting autonomous greedy evaluation at episode 9500 (1000 fixed-seed episodes)...
[Greedy evaluation at episode 9500 | 1000 fixed-seed episodes]
success=47.5%, failure=0.0%, task reward=4750.000, length=730.7
DFA transitions: 1->2: 492, 2->3: 484, 3->4: 477, 4->5: 475

[Episode 9600/12000 | last 100]
success rate                : 42.0% (cumulative 14.0%)
failure rate                : 0.0% (cumulative 0.0%)
completed cycles / episode  : 0.000
synthetic task reward       : 4200.000
shaping reward              : 4985.836
learning reward             : 9185.836
episode length              : 428.4
abstract changes / episode  : 398.6
same abstract-state steps   : 6.9%
same-state shaping / episode: 0.000
changed-state shaping / ep. : 4985.836
terminal shaping / episode  : 49.456
DFA transitions / episode   : 2.37
DFA transitions in window   : 1->2: 80, 2->3: 62, 3->4: 53, 4->5: 42
epsilon (next episode)       : 0.14658
replay buffer                : 300000 samples [1: 40.5%, 2: 26.6%, 3: 20.3%, 4: 12.6%, 5: 0.0%]
DFA state visits in window   : 1: 16657, 2: 13565, 3: 8105, 4: 4568, 5: 42
DFA state visits cumulative  : 1: 1656275, 2: 591038, 3: 445469, 4: 233157, 5: 1347
DFA state entries in window  : 1: 100, 2: 80, 3: 62, 4: 53, 5: 42
DFA state entries cumulative : 1: 9600, 2: 3174, 3: 2349, 4: 1844, 5: 1347
transitions cumulative       : 1->2: 3174, 2->3: 2349, 3->4: 1844, 4->5: 1347
accepted directly from s0    : 0
Gym endings cumulative       : terminated=7811, truncated=443

[Episode 9700/12000 | last 100]
success rate                : 23.0% (cumulative 14.1%)
failure rate                : 0.0% (cumulative 0.0%)
completed cycles / episode  : 0.000
synthetic task reward       : 2300.000
shaping reward              : 2734.944
learning reward             : 5034.944
episode length              : 356.0
abstract changes / episode  : 327.9
same abstract-state steps   : 7.9%
same-state shaping / episode: 0.000
changed-state shaping / ep. : 2734.944
terminal shaping / episode  : 21.768
DFA transitions / episode   : 1.68
DFA transitions in window   : 1->2: 58, 2->3: 46, 3->4: 41, 4->5: 23
epsilon (next episode)       : 0.14368
replay buffer                : 300000 samples [1: 41.3%, 2: 26.6%, 3: 19.8%, 4: 12.4%, 5: 0.0%]
DFA state visits in window   : 1: 17738, 2: 8507, 3: 6027, 4: 3406, 5: 23
DFA state visits cumulative  : 1: 1674013, 2: 599545, 3: 451496, 4: 236563, 5: 1370
DFA state entries in window  : 1: 100, 2: 58, 3: 46, 4: 41, 5: 23
DFA state entries cumulative : 1: 9700, 2: 3232, 3: 2395, 4: 1885, 5: 1370
transitions cumulative       : 1->2: 3232, 2->3: 2395, 3->4: 1885, 4->5: 1370
accepted directly from s0    : 0
Gym endings cumulative       : terminated=7887, truncated=444

[Episode 9800/12000 | last 100]
success rate                : 0.0% (cumulative 14.0%)
failure rate                : 0.0% (cumulative 0.0%)
completed cycles / episode  : 0.000
synthetic task reward       : 0.000
shaping reward              : 37.861
learning reward             : 37.861
episode length              : 280.6
abstract changes / episode  : 255.0
same abstract-state steps   : 9.1%
same-state shaping / episode: 0.000
changed-state shaping / ep. : 37.861
terminal shaping / episode  : -2.060
DFA transitions / episode   : 0.50
DFA transitions in window   : 1->2: 41, 2->3: 7, 3->4: 2
epsilon (next episode)       : 0.14083
replay buffer                : 300000 samples [1: 44.2%, 2: 26.1%, 3: 18.6%, 4: 11.2%, 5: 0.0%]
DFA state visits in window   : 1: 21037, 2: 5426, 3: 1558, 4: 141, 5: 0
DFA state visits cumulative  : 1: 1695050, 2: 604971, 3: 453054, 4: 236704, 5: 1370
DFA state entries in window  : 1: 100, 2: 41, 3: 7, 4: 2, 5: 0
DFA state entries cumulative : 1: 9800, 2: 3273, 3: 2402, 4: 1887, 5: 1370
transitions cumulative       : 1->2: 3273, 2->3: 2402, 3->4: 1887, 4->5: 1370
accepted directly from s0    : 0
Gym endings cumulative       : terminated=7986, truncated=445

[Episode 9900/12000 | last 100]
success rate                : 8.0% (cumulative 13.9%)
failure rate                : 0.0% (cumulative 0.0%)
completed cycles / episode  : 0.000
synthetic task reward       : 800.000
shaping reward              : 1723.297
learning reward             : 2523.297
episode length              : 625.8
abstract changes / episode  : 495.2
same abstract-state steps   : 20.9%
same-state shaping / episode: 0.000
changed-state shaping / ep. : 1723.297
terminal shaping / episode  : 8.831
DFA transitions / episode   : 1.46
DFA transitions in window   : 1->2: 62, 2->3: 43, 3->4: 33, 4->5: 8
epsilon (next episode)       : 0.13804
replay buffer                : 300000 samples [1: 46.9%, 2: 25.1%, 3: 17.4%, 4: 10.5%, 5: 0.0%]
DFA state visits in window   : 1: 30832, 2: 14154, 3: 9940, 4: 7741, 5: 8
DFA state visits cumulative  : 1: 1725882, 2: 619125, 3: 462994, 4: 244445, 5: 1378
DFA state entries in window  : 1: 100, 2: 62, 3: 43, 4: 33, 5: 8
DFA state entries cumulative : 1: 9900, 2: 3335, 3: 2445, 4: 1920, 5: 1378
transitions cumulative       : 1->2: 3335, 2->3: 2445, 3->4: 1920, 4->5: 1378
accepted directly from s0    : 0
Gym endings cumulative       : terminated=8047, truncated=476

[Episode 10000/12000 | last 100]
success rate                : 5.0% (cumulative 13.8%)
failure rate                : 0.0% (cumulative 0.0%)
completed cycles / episode  : 0.000
synthetic task reward       : 500.000
shaping reward              : 1365.163
learning reward             : 1865.163
episode length              : 442.4
abstract changes / episode  : 395.4
same abstract-state steps   : 10.6%
same-state shaping / episode: 0.000
changed-state shaping / ep. : 1365.163
terminal shaping / episode  : 4.975
DFA transitions / episode   : 0.99
DFA transitions in window   : 1->2: 42, 2->3: 34, 3->4: 18, 4->5: 5
epsilon (next episode)       : 0.13531
replay buffer                : 300000 samples [1: 46.9%, 2: 24.9%, 3: 18.4%, 4: 9.8%, 5: 0.0%]
DFA state visits in window   : 1: 19880, 2: 9889, 3: 11755, 4: 2815, 5: 5
DFA state visits cumulative  : 1: 1745762, 2: 629014, 3: 474749, 4: 247260, 5: 1383
DFA state entries in window  : 1: 100, 2: 42, 3: 34, 4: 18, 5: 5
DFA state entries cumulative : 1: 10000, 2: 3377, 3: 2479, 4: 1938, 5: 1383
transitions cumulative       : 1->2: 3377, 2->3: 2479, 3->4: 1938, 4->5: 1383
accepted directly from s0    : 0
Gym endings cumulative       : terminated=8123, truncated=495

Starting autonomous greedy evaluation at episode 10000 (1000 fixed-seed episodes)...
[Greedy evaluation at episode 10000 | 1000 fixed-seed episodes]
success=0.1%, failure=0.0%, task reward=10.000, length=353.2
DFA transitions: 1->2: 513, 2->3: 243, 3->4: 10, 4->5: 1

[Episode 10100/12000 | last 100]
success rate                : 4.0% (cumulative 13.7%)
failure rate                : 0.0% (cumulative 0.0%)
completed cycles / episode  : 0.000
synthetic task reward       : 400.000
shaping reward              : 617.755
learning reward             : 1017.755
episode length              : 258.2
abstract changes / episode  : 242.0
same abstract-state steps   : 6.3%
same-state shaping / episode: 0.000
changed-state shaping / ep. : 617.755
terminal shaping / episode  : 4.357
DFA transitions / episode   : 0.64
DFA transitions in window   : 1->2: 36, 2->3: 17, 3->4: 7, 4->5: 4
epsilon (next episode)       : 0.13263
replay buffer                : 300000 samples [1: 48.5%, 2: 24.3%, 3: 18.3%, 4: 8.9%, 5: 0.0%]
DFA state visits in window   : 1: 15941, 2: 5175, 3: 4266, 4: 536, 5: 4
DFA state visits cumulative  : 1: 1761703, 2: 634189, 3: 479015, 4: 247796, 5: 1387
DFA state entries in window  : 1: 100, 2: 36, 3: 17, 4: 7, 5: 4
DFA state entries cumulative : 1: 10100, 2: 3413, 3: 2496, 4: 1945, 5: 1387
transitions cumulative       : 1->2: 3413, 2->3: 2496, 3->4: 1945, 4->5: 1387
accepted directly from s0    : 0
Gym endings cumulative       : terminated=8217, truncated=497

[Episode 10200/12000 | last 100]
success rate                : 15.0% (cumulative 13.7%)
failure rate                : 0.0% (cumulative 0.0%)
completed cycles / episode  : 0.000
synthetic task reward       : 1500.000
shaping reward              : 2983.719
learning reward             : 4483.719
episode length              : 484.3
abstract changes / episode  : 432.1
same abstract-state steps   : 10.8%
same-state shaping / episode: 0.000
changed-state shaping / ep. : 2983.719
terminal shaping / episode  : 5.314
DFA transitions / episode   : 1.61
DFA transitions in window   : 1->2: 59, 2->3: 50, 3->4: 37, 4->5: 15
epsilon (next episode)       : 0.13000
replay buffer                : 300000 samples [1: 49.5%, 2: 24.4%, 3: 18.3%, 4: 7.8%, 5: 0.0%]
DFA state visits in window   : 1: 20508, 2: 13071, 3: 11641, 4: 3299, 5: 15
DFA state visits cumulative  : 1: 1782211, 2: 647260, 3: 490656, 4: 251095, 5: 1402
DFA state entries in window  : 1: 100, 2: 59, 3: 50, 4: 37, 5: 15
DFA state entries cumulative : 1: 10200, 2: 3472, 3: 2546, 4: 1982, 5: 1402
transitions cumulative       : 1->2: 3472, 2->3: 2546, 3->4: 1982, 4->5: 1402
accepted directly from s0    : 0
Gym endings cumulative       : terminated=8288, truncated=511

[Episode 10300/12000 | last 100]
success rate                : 30.0% (cumulative 13.9%)
failure rate                : 0.0% (cumulative 0.0%)
completed cycles / episode  : 0.000
synthetic task reward       : 3000.000
shaping reward              : 3908.884
learning reward             : 6908.884
episode length              : 401.2
abstract changes / episode  : 354.2
same abstract-state steps   : 11.7%
same-state shaping / episode: 0.000
changed-state shaping / ep. : 3908.884
terminal shaping / episode  : 32.114
DFA transitions / episode   : 1.78
DFA transitions in window   : 1->2: 54, 2->3: 49, 3->4: 45, 4->5: 30
epsilon (next episode)       : 0.12743
replay buffer                : 300000 samples [1: 50.4%, 2: 23.5%, 3: 18.4%, 4: 7.7%, 5: 0.0%]
DFA state visits in window   : 1: 18922, 2: 9506, 3: 7801, 4: 3959, 5: 30
DFA state visits cumulative  : 1: 1801133, 2: 656766, 3: 498457, 4: 255054, 5: 1432
DFA state entries in window  : 1: 100, 2: 54, 3: 49, 4: 45, 5: 30
DFA state entries cumulative : 1: 10300, 2: 3526, 3: 2595, 4: 2027, 5: 1432
transitions cumulative       : 1->2: 3526, 2->3: 2595, 3->4: 2027, 4->5: 1432
accepted directly from s0    : 0
Gym endings cumulative       : terminated=8355, truncated=514

[Episode 10400/12000 | last 100]
success rate                : 34.0% (cumulative 14.1%)
failure rate                : 0.0% (cumulative 0.0%)
completed cycles / episode  : 0.000
synthetic task reward       : 3400.000
shaping reward              : 4093.797
learning reward             : 7493.797
episode length              : 487.5
abstract changes / episode  : 434.2
same abstract-state steps   : 10.9%
same-state shaping / episode: 0.000
changed-state shaping / ep. : 4093.797
terminal shaping / episode  : 40.053
DFA transitions / episode   : 2.04
DFA transitions in window   : 1->2: 65, 2->3: 57, 3->4: 48, 4->5: 34
epsilon (next episode)       : 0.12490
replay buffer                : 300000 samples [1: 49.1%, 2: 23.3%, 3: 19.8%, 4: 7.7%, 5: 0.0%]
DFA state visits in window   : 1: 18646, 2: 12845, 3: 12552, 4: 4774, 5: 34
DFA state visits cumulative  : 1: 1819779, 2: 669611, 3: 511009, 4: 259828, 5: 1466
DFA state entries in window  : 1: 100, 2: 65, 3: 57, 4: 48, 5: 34
DFA state entries cumulative : 1: 10400, 2: 3591, 3: 2652, 4: 2075, 5: 1466
transitions cumulative       : 1->2: 3591, 2->3: 2652, 3->4: 2075, 4->5: 1466
accepted directly from s0    : 0
Gym endings cumulative       : terminated=8410, truncated=525

[Episode 10500/12000 | last 100]
success rate                : 22.0% (cumulative 14.2%)
failure rate                : 0.0% (cumulative 0.0%)
completed cycles / episode  : 0.000
synthetic task reward       : 2200.000
shaping reward              : 2921.997
learning reward             : 5121.997
episode length              : 518.3
abstract changes / episode  : 449.6
same abstract-state steps   : 13.2%
same-state shaping / episode: 0.000
changed-state shaping / ep. : 2921.997
terminal shaping / episode  : 23.553
DFA transitions / episode   : 1.86
DFA transitions in window   : 1->2: 71, 2->3: 50, 3->4: 43, 4->5: 22
epsilon (next episode)       : 0.12243
replay buffer                : 300000 samples [1: 42.5%, 2: 24.6%, 3: 22.5%, 4: 10.5%, 5: 0.0%]
DFA state visits in window   : 1: 16824, 2: 15596, 3: 10570, 4: 8916, 5: 22
DFA state visits cumulative  : 1: 1836603, 2: 685207, 3: 521579, 4: 268744, 5: 1488
DFA state entries in window  : 1: 100, 2: 71, 3: 50, 4: 43, 5: 22
DFA state entries cumulative : 1: 10500, 2: 3662, 3: 2702, 4: 2118, 5: 1488
transitions cumulative       : 1->2: 3662, 2->3: 2702, 3->4: 2118, 4->5: 1488
accepted directly from s0    : 0
Gym endings cumulative       : terminated=8474, truncated=539

Starting autonomous greedy evaluation at episode 10500 (1000 fixed-seed episodes)...
[Greedy evaluation at episode 10500 | 1000 fixed-seed episodes]
success=34.2%, failure=0.0%, task reward=3420.000, length=479.6
DFA transitions: 1->2: 644, 2->3: 437, 3->4: 420, 4->5: 342

[Episode 10600/12000 | last 100]
success rate                : 10.0% (cumulative 14.1%)
failure rate                : 0.0% (cumulative 0.0%)
completed cycles / episode  : 0.000
synthetic task reward       : 1000.000
shaping reward              : 1549.489
learning reward             : 2549.489
episode length              : 429.2
abstract changes / episode  : 359.1
same abstract-state steps   : 16.3%
same-state shaping / episode: 0.000
changed-state shaping / ep. : 1549.489
terminal shaping / episode  : 7.413
DFA transitions / episode   : 1.15
DFA transitions in window   : 1->2: 45, 2->3: 34, 3->4: 26, 4->5: 10
epsilon (next episode)       : 0.12001
replay buffer                : 300000 samples [1: 44.2%, 2: 25.2%, 3: 21.0%, 4: 9.5%, 5: 0.0%]
DFA state visits in window   : 1: 23039, 2: 10073, 3: 5161, 4: 4741, 5: 10
DFA state visits cumulative  : 1: 1859642, 2: 695280, 3: 526740, 4: 273485, 5: 1498
DFA state entries in window  : 1: 100, 2: 45, 3: 34, 4: 26, 5: 10
DFA state entries cumulative : 1: 10600, 2: 3707, 3: 2736, 4: 2144, 5: 1498
transitions cumulative       : 1->2: 3707, 2->3: 2736, 3->4: 2144, 4->5: 1498
accepted directly from s0    : 0
Gym endings cumulative       : terminated=8552, truncated=551

[Episode 10700/12000 | last 100]
success rate                : 31.0% (cumulative 14.3%)
failure rate                : 0.0% (cumulative 0.0%)
completed cycles / episode  : 0.000
synthetic task reward       : 3100.000
shaping reward              : 4694.977
learning reward             : 7794.977
episode length              : 530.6
abstract changes / episode  : 449.0
same abstract-state steps   : 15.4%
same-state shaping / episode: 0.000
changed-state shaping / ep. : 4694.977
terminal shaping / episode  : 26.831
DFA transitions / episode   : 2.40
DFA transitions in window   : 1->2: 79, 2->3: 67, 3->4: 63, 4->5: 31
epsilon (next episode)       : 0.11763
replay buffer                : 300000 samples [1: 41.4%, 2: 26.2%, 3: 19.8%, 4: 12.6%, 5: 0.0%]
DFA state visits in window   : 1: 19098, 2: 14481, 3: 7712, 4: 11841, 5: 31
DFA state visits cumulative  : 1: 1878740, 2: 709761, 3: 534452, 4: 285326, 5: 1529
DFA state entries in window  : 1: 100, 2: 79, 3: 67, 4: 63, 5: 31
DFA state entries cumulative : 1: 10700, 2: 3786, 3: 2803, 4: 2207, 5: 1529
transitions cumulative       : 1->2: 3786, 2->3: 2803, 3->4: 2207, 4->5: 1529
accepted directly from s0    : 0
Gym endings cumulative       : terminated=8606, truncated=566

[Episode 10800/12000 | last 100]
success rate                : 32.0% (cumulative 14.5%)
failure rate                : 0.0% (cumulative 0.0%)
completed cycles / episode  : 0.000
synthetic task reward       : 3200.000
shaping reward              : 4375.929
learning reward             : 7575.929
episode length              : 442.3
abstract changes / episode  : 385.8
same abstract-state steps   : 12.8%
same-state shaping / episode: 0.000
changed-state shaping / ep. : 4375.929
terminal shaping / episode  : 24.750
DFA transitions / episode   : 1.99
DFA transitions in window   : 1->2: 63, 2->3: 55, 3->4: 49, 4->5: 32
epsilon (next episode)       : 0.11530
replay buffer                : 300000 samples [1: 42.1%, 2: 25.4%, 3: 19.0%, 4: 13.6%, 5: 0.0%]
DFA state visits in window   : 1: 22933, 2: 7830, 3: 8737, 4: 4799, 5: 32
DFA state visits cumulative  : 1: 1901673, 2: 717591, 3: 543189, 4: 290125, 5: 1561
DFA state entries in window  : 1: 100, 2: 63, 3: 55, 4: 49, 5: 32
DFA state entries cumulative : 1: 10800, 2: 3849, 3: 2858, 4: 2256, 5: 1561
transitions cumulative       : 1->2: 3849, 2->3: 2858, 3->4: 2256, 4->5: 1561
accepted directly from s0    : 0
Gym endings cumulative       : terminated=8670, truncated=570

[Episode 10900/12000 | last 100]
success rate                : 50.0% (cumulative 14.8%)
failure rate                : 0.0% (cumulative 0.0%)
completed cycles / episode  : 0.000
synthetic task reward       : 5000.000
shaping reward              : 5336.587
learning reward             : 10336.587
episode length              : 419.8
abstract changes / episode  : 372.4
same abstract-state steps   : 11.3%
same-state shaping / episode: 0.000
changed-state shaping / ep. : 5336.587
terminal shaping / episode  : 52.477
DFA transitions / episode   : 2.42
DFA transitions in window   : 1->2: 72, 2->3: 64, 3->4: 56, 4->5: 50
epsilon (next episode)       : 0.11302
replay buffer                : 300000 samples [1: 42.1%, 2: 25.8%, 3: 17.9%, 4: 14.2%, 5: 0.0%]
DFA state visits in window   : 1: 19145, 2: 12004, 3: 5451, 4: 5433, 5: 50
DFA state visits cumulative  : 1: 1920818, 2: 729595, 3: 548640, 4: 295558, 5: 1611
DFA state entries in window  : 1: 100, 2: 72, 3: 64, 4: 56, 5: 50
DFA state entries cumulative : 1: 10900, 2: 3921, 3: 2922, 4: 2312, 5: 1611
transitions cumulative       : 1->2: 3921, 2->3: 2922, 3->4: 2312, 4->5: 1611
accepted directly from s0    : 0
Gym endings cumulative       : terminated=8719, truncated=571

[Episode 11000/12000 | last 100]
success rate                : 29.0% (cumulative 14.9%)
failure rate                : 0.0% (cumulative 0.0%)
completed cycles / episode  : 0.000
synthetic task reward       : 2900.000
shaping reward              : 3646.464
learning reward             : 6546.464
episode length              : 470.6
abstract changes / episode  : 391.4
same abstract-state steps   : 16.8%
same-state shaping / episode: 0.000
changed-state shaping / ep. : 3646.464
terminal shaping / episode  : 29.477
DFA transitions / episode   : 1.74
DFA transitions in window   : 1->2: 61, 2->3: 44, 3->4: 40, 4->5: 29
epsilon (next episode)       : 0.11078
replay buffer                : 300000 samples [1: 43.3%, 2: 26.4%, 3: 16.3%, 4: 14.0%, 5: 0.0%]
DFA state visits in window   : 1: 22714, 2: 14365, 3: 5807, 4: 4244, 5: 29
DFA state visits cumulative  : 1: 1943532, 2: 743960, 3: 554447, 4: 299802, 5: 1640
DFA state entries in window  : 1: 100, 2: 61, 3: 44, 4: 40, 5: 29
DFA state entries cumulative : 1: 11000, 2: 3982, 3: 2966, 4: 2352, 5: 1640
transitions cumulative       : 1->2: 3982, 2->3: 2966, 3->4: 2352, 4->5: 1640
accepted directly from s0    : 0
Gym endings cumulative       : terminated=8784, truncated=577

Starting autonomous greedy evaluation at episode 11000 (1000 fixed-seed episodes)...
[Greedy evaluation at episode 11000 | 1000 fixed-seed episodes]
success=22.4%, failure=0.0%, task reward=2240.000, length=413.5
DFA transitions: 1->2: 486, 2->3: 232, 3->4: 231, 4->5: 224

[Episode 11100/12000 | last 100]
success rate                : 21.0% (cumulative 15.0%)
failure rate                : 0.0% (cumulative 0.0%)
completed cycles / episode  : 0.000
synthetic task reward       : 2100.000
shaping reward              : 2533.165
learning reward             : 4633.165
episode length              : 470.6
abstract changes / episode  : 383.5
same abstract-state steps   : 18.5%
same-state shaping / episode: 0.000
changed-state shaping / ep. : 2533.165
terminal shaping / episode  : 23.007
DFA transitions / episode   : 1.47
DFA transitions in window   : 1->2: 47, 2->3: 42, 3->4: 37, 4->5: 21
epsilon (next episode)       : 0.10858
replay buffer                : 300000 samples [1: 48.0%, 2: 24.8%, 3: 14.3%, 4: 12.9%, 5: 0.0%]
DFA state visits in window   : 1: 28881, 2: 8896, 3: 5733, 4: 3628, 5: 21
DFA state visits cumulative  : 1: 1972413, 2: 752856, 3: 560180, 4: 303430, 5: 1661
DFA state entries in window  : 1: 100, 2: 47, 3: 42, 4: 37, 5: 21
DFA state entries cumulative : 1: 11100, 2: 4029, 3: 3008, 4: 2389, 5: 1661
transitions cumulative       : 1->2: 4029, 2->3: 3008, 3->4: 2389, 4->5: 1661
accepted directly from s0    : 0
Gym endings cumulative       : terminated=8856, truncated=584

[Episode 11200/12000 | last 100]
success rate                : 11.0% (cumulative 14.9%)
failure rate                : 0.0% (cumulative 0.0%)
completed cycles / episode  : 0.000
synthetic task reward       : 1100.000
shaping reward              : 1356.517
learning reward             : 2456.517
episode length              : 477.8
abstract changes / episode  : 352.9
same abstract-state steps   : 26.1%
same-state shaping / episode: 0.000
changed-state shaping / ep. : 1356.517
terminal shaping / episode  : 17.469
DFA transitions / episode   : 0.83
DFA transitions in window   : 1->2: 36, 2->3: 21, 3->4: 15, 4->5: 11
epsilon (next episode)       : 0.10643
replay buffer                : 300000 samples [1: 53.3%, 2: 23.0%, 3: 13.0%, 4: 10.7%, 5: 0.0%]
DFA state visits in window   : 1: 35851, 2: 7362, 3: 3182, 4: 1477, 5: 11
DFA state visits cumulative  : 1: 2008264, 2: 760218, 3: 563362, 4: 304907, 5: 1672
DFA state entries in window  : 1: 100, 2: 36, 3: 21, 4: 15, 5: 11
DFA state entries cumulative : 1: 11200, 2: 4065, 3: 3029, 4: 2404, 5: 1672
transitions cumulative       : 1->2: 4065, 2->3: 3029, 3->4: 2404, 4->5: 1672
accepted directly from s0    : 0
Gym endings cumulative       : terminated=8934, truncated=595

[Episode 11300/12000 | last 100]
success rate                : 7.0% (cumulative 14.9%)
failure rate                : 0.0% (cumulative 0.0%)
completed cycles / episode  : 0.000
synthetic task reward       : 700.000
shaping reward              : 741.440
learning reward             : 1441.440
episode length              : 496.0
abstract changes / episode  : 373.6
same abstract-state steps   : 24.7%
same-state shaping / episode: 0.000
changed-state shaping / ep. : 741.440
terminal shaping / episode  : 7.827
DFA transitions / episode   : 0.47
DFA transitions in window   : 1->2: 20, 2->3: 12, 3->4: 8, 4->5: 7
epsilon (next episode)       : 0.10433
replay buffer                : 300000 samples [1: 60.7%, 2: 20.0%, 3: 11.4%, 4: 7.9%, 5: 0.0%]
DFA state visits in window   : 1: 43539, 2: 3478, 3: 1803, 4: 869, 5: 7
DFA state visits cumulative  : 1: 2051803, 2: 763696, 3: 565165, 4: 305776, 5: 1679
DFA state entries in window  : 1: 100, 2: 20, 3: 12, 4: 8, 5: 7
DFA state entries cumulative : 1: 11300, 2: 4085, 3: 3041, 4: 2412, 5: 1679
transitions cumulative       : 1->2: 4085, 2->3: 3041, 3->4: 2412, 4->5: 1679
accepted directly from s0    : 0
Gym endings cumulative       : terminated=9009, truncated=613

[Episode 11400/12000 | last 100]
success rate                : 30.0% (cumulative 15.0%)
failure rate                : 0.0% (cumulative 0.0%)
completed cycles / episode  : 0.000
synthetic task reward       : 3000.000
shaping reward              : 3043.894
learning reward             : 6043.894
episode length              : 366.4
abstract changes / episode  : 326.9
same abstract-state steps   : 10.8%
same-state shaping / episode: 0.000
changed-state shaping / ep. : 3043.894
terminal shaping / episode  : 33.568
DFA transitions / episode   : 1.51
DFA transitions in window   : 1->2: 48, 2->3: 40, 3->4: 33, 4->5: 30
epsilon (next episode)       : 0.10226
replay buffer                : 300000 samples [1: 61.1%, 2: 20.7%, 3: 10.8%, 4: 7.4%, 5: 0.0%]
DFA state visits in window   : 1: 16460, 2: 10963, 3: 5236, 4: 4053, 5: 30
DFA state visits cumulative  : 1: 2068263, 2: 774659, 3: 570401, 4: 309829, 5: 1709
DFA state entries in window  : 1: 100, 2: 48, 3: 40, 4: 33, 5: 30
DFA state entries cumulative : 1: 11400, 2: 4133, 3: 3081, 4: 2445, 5: 1709
transitions cumulative       : 1->2: 4133, 2->3: 3081, 3->4: 2445, 4->5: 1709
accepted directly from s0    : 0
Gym endings cumulative       : terminated=9078, truncated=614

[Episode 11500/12000 | last 100]
success rate                : 44.0% (cumulative 15.2%)
failure rate                : 0.0% (cumulative 0.0%)
completed cycles / episode  : 0.000
synthetic task reward       : 4400.000
shaping reward              : 4809.808
learning reward             : 9209.808
episode length              : 403.8
abstract changes / episode  : 350.8
same abstract-state steps   : 13.1%
same-state shaping / episode: 0.000
changed-state shaping / ep. : 4809.808
terminal shaping / episode  : 51.804
DFA transitions / episode   : 2.11
DFA transitions in window   : 1->2: 59, 2->3: 56, 3->4: 52, 4->5: 44
epsilon (next episode)       : 0.10024
replay buffer                : 300000 samples [1: 58.5%, 2: 21.7%, 3: 11.8%, 4: 8.0%, 5: 0.0%]
DFA state visits in window   : 1: 15313, 2: 10800, 3: 9205, 4: 5121, 5: 44
DFA state visits cumulative  : 1: 2083576, 2: 785459, 3: 579606, 4: 314950, 5: 1753
DFA state entries in window  : 1: 100, 2: 59, 3: 56, 4: 52, 5: 44
DFA state entries cumulative : 1: 11500, 2: 4192, 3: 3137, 4: 2497, 5: 1753
transitions cumulative       : 1->2: 4192, 2->3: 3137, 3->4: 2497, 4->5: 1753
accepted directly from s0    : 0
Gym endings cumulative       : terminated=9131, truncated=617

Starting autonomous greedy evaluation at episode 11500 (1000 fixed-seed episodes)...
[Greedy evaluation at episode 11500 | 1000 fixed-seed episodes]
success=50.5%, failure=0.0%, task reward=5050.000, length=382.9
DFA transitions: 1->2: 551, 2->3: 519, 3->4: 511, 4->5: 505

[Episode 11600/12000 | last 100]
success rate                : 39.0% (cumulative 15.4%)
failure rate                : 0.0% (cumulative 0.0%)
completed cycles / episode  : 0.000
synthetic task reward       : 3900.000
shaping reward              : 4567.635
learning reward             : 8467.635
episode length              : 405.5
abstract changes / episode  : 359.4
same abstract-state steps   : 11.4%
same-state shaping / episode: 0.000
changed-state shaping / ep. : 4567.635
terminal shaping / episode  : 39.181
DFA transitions / episode   : 2.07
DFA transitions in window   : 1->2: 62, 2->3: 56, 3->4: 50, 4->5: 39
epsilon (next episode)       : 0.09825
replay buffer                : 300000 samples [1: 58.3%, 2: 22.3%, 3: 11.6%, 4: 7.8%, 5: 0.0%]
DFA state visits in window   : 1: 16058, 2: 13355, 3: 6061, 4: 5134, 5: 39
DFA state visits cumulative  : 1: 2099634, 2: 798814, 3: 585667, 4: 320084, 5: 1792
DFA state entries in window  : 1: 100, 2: 62, 3: 56, 4: 50, 5: 39
DFA state entries cumulative : 1: 11600, 2: 4254, 3: 3193, 4: 2547, 5: 1792
transitions cumulative       : 1->2: 4254, 2->3: 3193, 3->4: 2547, 4->5: 1792
accepted directly from s0    : 0
Gym endings cumulative       : terminated=9189, truncated=620

[Episode 11700/12000 | last 100]
success rate                : 31.0% (cumulative 15.6%)
failure rate                : 0.0% (cumulative 0.0%)
completed cycles / episode  : 0.000
synthetic task reward       : 3100.000
shaping reward              : 3630.578
learning reward             : 6730.578
episode length              : 391.3
abstract changes / episode  : 332.2
same abstract-state steps   : 15.1%
same-state shaping / episode: 0.000
changed-state shaping / ep. : 3630.578
terminal shaping / episode  : 33.290
DFA transitions / episode   : 1.75
DFA transitions in window   : 1->2: 62, 2->3: 42, 3->4: 40, 4->5: 31
epsilon (next episode)       : 0.09631
replay buffer                : 300000 samples [1: 57.4%, 2: 22.7%, 3: 12.0%, 4: 7.9%, 5: 0.0%]
DFA state visits in window   : 1: 16725, 2: 13510, 3: 5157, 4: 3806, 5: 31
DFA state visits cumulative  : 1: 2116359, 2: 812324, 3: 590824, 4: 323890, 5: 1823
DFA state entries in window  : 1: 100, 2: 62, 3: 42, 4: 40, 5: 31
DFA state entries cumulative : 1: 11700, 2: 4316, 3: 3235, 4: 2587, 5: 1823
transitions cumulative       : 1->2: 4316, 2->3: 3235, 3->4: 2587, 4->5: 1823
accepted directly from s0    : 0
Gym endings cumulative       : terminated=9251, truncated=627

[Episode 11800/12000 | last 100]
success rate                : 31.0% (cumulative 15.7%)
failure rate                : 0.0% (cumulative 0.0%)
completed cycles / episode  : 0.000
synthetic task reward       : 3100.000
shaping reward              : 3112.870
learning reward             : 6212.870
episode length              : 330.3
abstract changes / episode  : 291.8
same abstract-state steps   : 11.7%
same-state shaping / episode: 0.000
changed-state shaping / ep. : 3112.870
terminal shaping / episode  : 41.744
DFA transitions / episode   : 1.59
DFA transitions in window   : 1->2: 60, 2->3: 36, 3->4: 32, 4->5: 31
epsilon (next episode)       : 0.09440
replay buffer                : 300000 samples [1: 56.4%, 2: 23.6%, 3: 12.2%, 4: 7.8%, 5: 0.0%]
DFA state visits in window   : 1: 16620, 2: 8940, 3: 4887, 4: 2650, 5: 31
DFA state visits cumulative  : 1: 2132979, 2: 821264, 3: 595711, 4: 326540, 5: 1854
DFA state entries in window  : 1: 100, 2: 60, 3: 36, 4: 32, 5: 31
DFA state entries cumulative : 1: 11800, 2: 4376, 3: 3271, 4: 2619, 5: 1854
transitions cumulative       : 1->2: 4376, 2->3: 3271, 3->4: 2619, 4->5: 1854
accepted directly from s0    : 0
Gym endings cumulative       : terminated=9320, truncated=627

[Episode 11900/12000 | last 100]
success rate                : 54.0% (cumulative 16.0%)
failure rate                : 0.0% (cumulative 0.0%)
completed cycles / episode  : 0.000
synthetic task reward       : 5400.000
shaping reward              : 5414.437
learning reward             : 10814.437
episode length              : 415.0
abstract changes / episode  : 361.5
same abstract-state steps   : 12.9%
same-state shaping / episode: 0.000
changed-state shaping / ep. : 5414.437
terminal shaping / episode  : 64.925
DFA transitions / episode   : 2.41
DFA transitions in window   : 1->2: 70, 2->3: 60, 3->4: 57, 4->5: 54
epsilon (next episode)       : 0.09253
replay buffer                : 300000 samples [1: 52.3%, 2: 24.7%, 3: 13.7%, 4: 9.3%, 5: 0.0%]
DFA state visits in window   : 1: 16690, 2: 11619, 3: 7843, 4: 5394, 5: 54
DFA state visits cumulative  : 1: 2149669, 2: 832883, 3: 603554, 4: 331934, 5: 1908
DFA state entries in window  : 1: 100, 2: 70, 3: 60, 4: 57, 5: 54
DFA state entries cumulative : 1: 11900, 2: 4446, 3: 3331, 4: 2676, 5: 1908
transitions cumulative       : 1->2: 4446, 2->3: 3331, 3->4: 2676, 4->5: 1908
accepted directly from s0    : 0
Gym endings cumulative       : terminated=9363, truncated=630

[Episode 12000/12000 | last 100]
success rate                : 42.0% (cumulative 16.2%)
failure rate                : 0.0% (cumulative 0.0%)
completed cycles / episode  : 0.000
synthetic task reward       : 4200.000
shaping reward              : 4307.353
learning reward             : 8507.353
episode length              : 400.3
abstract changes / episode  : 345.0
same abstract-state steps   : 13.8%
same-state shaping / episode: 0.000
changed-state shaping / ep. : 4307.353
terminal shaping / episode  : 58.847
DFA transitions / episode   : 2.08
DFA transitions in window   : 1->2: 76, 2->3: 46, 3->4: 44, 4->5: 42
epsilon (next episode)       : 0.09070
replay buffer                : 300000 samples [1: 46.9%, 2: 27.8%, 3: 14.9%, 4: 10.3%, 5: 0.0%]
DFA state visits in window   : 1: 18409, 2: 11535, 3: 5606, 4: 4539, 5: 42
DFA state visits cumulative  : 1: 2168078, 2: 844418, 3: 609160, 4: 336473, 5: 1950
DFA state entries in window  : 1: 100, 2: 76, 3: 46, 4: 44, 5: 42
DFA state entries cumulative : 1: 12000, 2: 4522, 3: 3377, 4: 2720, 5: 1950
transitions cumulative       : 1->2: 4522, 2->3: 3377, 3->4: 2720, 4->5: 1950
accepted directly from s0    : 0
Gym endings cumulative       : terminated=9419, truncated=632

Starting autonomous greedy evaluation at episode 12000 (1000 fixed-seed episodes)...
[Greedy evaluation at episode 12000 | 1000 fixed-seed episodes]
success=72.0%, failure=0.0%, task reward=7200.000, length=496.1
DFA transitions: 1->2: 777, 2->3: 754, 3->4: 737, 4->5: 720
Last policy saved after episode 12000. Best greedy evaluation: episode 8500, mean task reward=9450.000
