
=== NEW RUN ===
episodes=12000, shaping=True, goal_reward=10000.0, gamma=0.99
gamma_shaping=1.0, shaping_formula=gamma_shaping*Phi(next)-Phi(state)
ground_unbiased_learner=False
eval_interval=500, eval_episodes=1000, eval_seed=100000
inter_level_shaping=False, inter_level_formula=gamma*Phi(next)-Phi(state)
task_type=ltlf, task=F(wp1 & X(F(wp2 & X(F(wp3 & X(F(g1)))))))
regions={wp1: {'center': [-0.75, 1.0625], 'radius': 0.1}, wp2: {'center': [0, 0.6875], 'radius': 0.1}, wp3: {'center': [0, 1.0625], 'radius': 0.1}, g1: {'center': [0.75, 1.0625], 'radius': 0.1}}
dfa_states=[1, 2, 3, 4, 5], pre_trace=1, accepting=[5], failure=[]

[Episode 1/12000 | last 1]
success rate                : 0.0% (cumulative 0.0%)
failure rate                : 0.0% (cumulative 0.0%)
completed cycles / episode  : 0.000
synthetic task reward       : 0.000
shaping reward              : -151.986
learning reward             : -151.986
episode length              : 66.0
abstract changes / episode  : 66.0
same abstract-state steps   : 0.0%
same-state shaping / episode: 0.000
changed-state shaping / ep. : -151.986
terminal shaping / episode  : -1.932
DFA transitions / episode   : 0.00
DFA transitions in window   : none
epsilon (next episode)       : 0.99980
replay buffer                : 66 samples [1: 100.0%, 2: 0.0%, 3: 0.0%, 4: 0.0%, 5: 0.0%]
DFA state visits in window   : 1: 67, 2: 0, 3: 0, 4: 0, 5: 0
DFA state visits cumulative  : 1: 67, 2: 0, 3: 0, 4: 0, 5: 0
DFA state entries in window  : 1: 1, 2: 0, 3: 0, 4: 0, 5: 0
DFA state entries cumulative : 1: 1, 2: 0, 3: 0, 4: 0, 5: 0
transitions cumulative       : none
accepted directly from s0    : 0
Gym endings cumulative       : terminated=1, truncated=0

[Episode 100/12000 | last 100]
success rate                : 0.0% (cumulative 0.0%)
failure rate                : 0.0% (cumulative 0.0%)
completed cycles / episode  : 0.000
synthetic task reward       : 0.000
shaping reward              : -154.015
learning reward             : -154.015
episode length              : 90.7
abstract changes / episode  : 86.7
same abstract-state steps   : 4.4%
same-state shaping / episode: 0.000
changed-state shaping / ep. : -154.015
terminal shaping / episode  : -0.813
DFA transitions / episode   : 0.00
DFA transitions in window   : none
epsilon (next episode)       : 0.98020
replay buffer                : 9074 samples [1: 100.0%, 2: 0.0%, 3: 0.0%, 4: 0.0%, 5: 0.0%]
DFA state visits in window   : 1: 9174, 2: 0, 3: 0, 4: 0, 5: 0
DFA state visits cumulative  : 1: 9174, 2: 0, 3: 0, 4: 0, 5: 0
DFA state entries in window  : 1: 100, 2: 0, 3: 0, 4: 0, 5: 0
DFA state entries cumulative : 1: 100, 2: 0, 3: 0, 4: 0, 5: 0
transitions cumulative       : none
accepted directly from s0    : 0
Gym endings cumulative       : terminated=100, truncated=0

[Episode 200/12000 | last 100]
success rate                : 0.0% (cumulative 0.0%)
failure rate                : 0.0% (cumulative 0.0%)
completed cycles / episode  : 0.000
synthetic task reward       : 0.000
shaping reward              : -152.534
learning reward             : -152.534
episode length              : 101.4
abstract changes / episode  : 88.6
same abstract-state steps   : 12.7%
same-state shaping / episode: 0.000
changed-state shaping / ep. : -152.534
terminal shaping / episode  : -0.939
DFA transitions / episode   : 0.00
DFA transitions in window   : none
epsilon (next episode)       : 0.96079
replay buffer                : 19216 samples [1: 100.0%, 2: 0.0%, 3: 0.0%, 4: 0.0%, 5: 0.0%]
DFA state visits in window   : 1: 10242, 2: 0, 3: 0, 4: 0, 5: 0
DFA state visits cumulative  : 1: 19416, 2: 0, 3: 0, 4: 0, 5: 0
DFA state entries in window  : 1: 100, 2: 0, 3: 0, 4: 0, 5: 0
DFA state entries cumulative : 1: 200, 2: 0, 3: 0, 4: 0, 5: 0
transitions cumulative       : none
accepted directly from s0    : 0
Gym endings cumulative       : terminated=199, truncated=1

[Episode 300/12000 | last 100]
success rate                : 0.0% (cumulative 0.0%)
failure rate                : 0.0% (cumulative 0.0%)
completed cycles / episode  : 0.000
synthetic task reward       : 0.000
shaping reward              : -142.836
learning reward             : -142.836
episode length              : 91.9
abstract changes / episode  : 88.6
same abstract-state steps   : 3.6%
same-state shaping / episode: 0.000
changed-state shaping / ep. : -142.836
terminal shaping / episode  : -1.172
DFA transitions / episode   : 0.02
DFA transitions in window   : 1->2: 2
epsilon (next episode)       : 0.94176
replay buffer                : 28409 samples [1: 99.8%, 2: 0.2%, 3: 0.0%, 4: 0.0%, 5: 0.0%]
DFA state visits in window   : 1: 9237, 2: 56, 3: 0, 4: 0, 5: 0
DFA state visits cumulative  : 1: 28653, 2: 56, 3: 0, 4: 0, 5: 0
DFA state entries in window  : 1: 100, 2: 2, 3: 0, 4: 0, 5: 0
DFA state entries cumulative : 1: 300, 2: 2, 3: 0, 4: 0, 5: 0
transitions cumulative       : 1->2: 2
accepted directly from s0    : 0
Gym endings cumulative       : terminated=299, truncated=1

[Episode 400/12000 | last 100]
success rate                : 0.0% (cumulative 0.0%)
failure rate                : 0.0% (cumulative 0.0%)
completed cycles / episode  : 0.000
synthetic task reward       : 0.000
shaping reward              : -141.421
learning reward             : -141.421
episode length              : 95.0
abstract changes / episode  : 92.0
same abstract-state steps   : 3.2%
same-state shaping / episode: 0.000
changed-state shaping / ep. : -141.421
terminal shaping / episode  : -1.154
DFA transitions / episode   : 0.03
DFA transitions in window   : 1->2: 3
epsilon (next episode)       : 0.92311
replay buffer                : 37914 samples [1: 99.7%, 2: 0.3%, 3: 0.0%, 4: 0.0%, 5: 0.0%]
DFA state visits in window   : 1: 9525, 2: 80, 3: 0, 4: 0, 5: 0
DFA state visits cumulative  : 1: 38178, 2: 136, 3: 0, 4: 0, 5: 0
DFA state entries in window  : 1: 100, 2: 3, 3: 0, 4: 0, 5: 0
DFA state entries cumulative : 1: 400, 2: 5, 3: 0, 4: 0, 5: 0
transitions cumulative       : 1->2: 5
accepted directly from s0    : 0
Gym endings cumulative       : terminated=399, truncated=1

[Episode 500/12000 | last 100]
success rate                : 0.0% (cumulative 0.0%)
failure rate                : 0.0% (cumulative 0.0%)
completed cycles / episode  : 0.000
synthetic task reward       : 0.000
shaping reward              : -142.595
learning reward             : -142.595
episode length              : 96.2
abstract changes / episode  : 92.1
same abstract-state steps   : 4.2%
same-state shaping / episode: 0.000
changed-state shaping / ep. : -142.595
terminal shaping / episode  : -1.309
DFA transitions / episode   : 0.01
DFA transitions in window   : 1->2: 1
epsilon (next episode)       : 0.90483
replay buffer                : 47531 samples [1: 99.7%, 2: 0.3%, 3: 0.0%, 4: 0.0%, 5: 0.0%]
DFA state visits in window   : 1: 9693, 2: 24, 3: 0, 4: 0, 5: 0
DFA state visits cumulative  : 1: 47871, 2: 160, 3: 0, 4: 0, 5: 0
DFA state entries in window  : 1: 100, 2: 1, 3: 0, 4: 0, 5: 0
DFA state entries cumulative : 1: 500, 2: 6, 3: 0, 4: 0, 5: 0
transitions cumulative       : 1->2: 6
accepted directly from s0    : 0
Gym endings cumulative       : terminated=499, truncated=1

Starting autonomous greedy evaluation at episode 500 (1000 fixed-seed episodes)...
[Greedy evaluation at episode 500 | 1000 fixed-seed episodes]
success=0.0%, failure=0.0%, task reward=0.000, length=125.5
DFA transitions: none
Best policy updated from autonomous greedy evaluation at episode 500.

[Episode 600/12000 | last 100]
success rate                : 0.0% (cumulative 0.0%)
failure rate                : 0.0% (cumulative 0.0%)
completed cycles / episode  : 0.000
synthetic task reward       : 0.000
shaping reward              : -137.270
learning reward             : -137.270
episode length              : 96.0
abstract changes / episode  : 92.6
same abstract-state steps   : 3.5%
same-state shaping / episode: 0.000
changed-state shaping / ep. : -137.270
terminal shaping / episode  : -0.975
DFA transitions / episode   : 0.03
DFA transitions in window   : 1->2: 3
epsilon (next episode)       : 0.88691
replay buffer                : 57126 samples [1: 99.6%, 2: 0.4%, 3: 0.0%, 4: 0.0%, 5: 0.0%]
DFA state visits in window   : 1: 9626, 2: 69, 3: 0, 4: 0, 5: 0
DFA state visits cumulative  : 1: 57497, 2: 229, 3: 0, 4: 0, 5: 0
DFA state entries in window  : 1: 100, 2: 3, 3: 0, 4: 0, 5: 0
DFA state entries cumulative : 1: 600, 2: 9, 3: 0, 4: 0, 5: 0
transitions cumulative       : 1->2: 9
accepted directly from s0    : 0
Gym endings cumulative       : terminated=599, truncated=1

[Episode 700/12000 | last 100]
success rate                : 0.0% (cumulative 0.0%)
failure rate                : 0.0% (cumulative 0.0%)
completed cycles / episode  : 0.000
synthetic task reward       : 0.000
shaping reward              : -146.779
learning reward             : -146.779
episode length              : 99.5
abstract changes / episode  : 95.5
same abstract-state steps   : 4.1%
same-state shaping / episode: 0.000
changed-state shaping / ep. : -146.779
terminal shaping / episode  : -1.260
DFA transitions / episode   : 0.00
DFA transitions in window   : none
epsilon (next episode)       : 0.86935
replay buffer                : 67080 samples [1: 99.7%, 2: 0.3%, 3: 0.0%, 4: 0.0%, 5: 0.0%]
DFA state visits in window   : 1: 10054, 2: 0, 3: 0, 4: 0, 5: 0
DFA state visits cumulative  : 1: 67551, 2: 229, 3: 0, 4: 0, 5: 0
DFA state entries in window  : 1: 100, 2: 0, 3: 0, 4: 0, 5: 0
DFA state entries cumulative : 1: 700, 2: 9, 3: 0, 4: 0, 5: 0
transitions cumulative       : 1->2: 9
accepted directly from s0    : 0
Gym endings cumulative       : terminated=699, truncated=1

[Episode 800/12000 | last 100]
success rate                : 0.0% (cumulative 0.0%)
failure rate                : 0.0% (cumulative 0.0%)
completed cycles / episode  : 0.000
synthetic task reward       : 0.000
shaping reward              : -137.418
learning reward             : -137.418
episode length              : 99.0
abstract changes / episode  : 95.6
same abstract-state steps   : 3.5%
same-state shaping / episode: 0.000
changed-state shaping / ep. : -137.418
terminal shaping / episode  : -0.897
DFA transitions / episode   : 0.03
DFA transitions in window   : 1->2: 3
epsilon (next episode)       : 0.85213
replay buffer                : 76984 samples [1: 99.6%, 2: 0.4%, 3: 0.0%, 4: 0.0%, 5: 0.0%]
DFA state visits in window   : 1: 9912, 2: 92, 3: 0, 4: 0, 5: 0
DFA state visits cumulative  : 1: 77463, 2: 321, 3: 0, 4: 0, 5: 0
DFA state entries in window  : 1: 100, 2: 3, 3: 0, 4: 0, 5: 0
DFA state entries cumulative : 1: 800, 2: 12, 3: 0, 4: 0, 5: 0
transitions cumulative       : 1->2: 12
accepted directly from s0    : 0
Gym endings cumulative       : terminated=799, truncated=1

[Episode 900/12000 | last 100]
success rate                : 0.0% (cumulative 0.0%)
failure rate                : 0.0% (cumulative 0.0%)
completed cycles / episode  : 0.000
synthetic task reward       : 0.000
shaping reward              : -133.667
learning reward             : -133.667
episode length              : 99.5
abstract changes / episode  : 94.2
same abstract-state steps   : 5.3%
same-state shaping / episode: 0.000
changed-state shaping / ep. : -133.667
terminal shaping / episode  : -0.799
DFA transitions / episode   : 0.03
DFA transitions in window   : 1->2: 3
epsilon (next episode)       : 0.83526
replay buffer                : 86929 samples [1: 99.6%, 2: 0.4%, 3: 0.0%, 4: 0.0%, 5: 0.0%]
DFA state visits in window   : 1: 9982, 2: 63, 3: 0, 4: 0, 5: 0
DFA state visits cumulative  : 1: 87445, 2: 384, 3: 0, 4: 0, 5: 0
DFA state entries in window  : 1: 100, 2: 3, 3: 0, 4: 0, 5: 0
DFA state entries cumulative : 1: 900, 2: 15, 3: 0, 4: 0, 5: 0
transitions cumulative       : 1->2: 15
accepted directly from s0    : 0
Gym endings cumulative       : terminated=899, truncated=1

[Episode 1000/12000 | last 100]
success rate                : 0.0% (cumulative 0.0%)
failure rate                : 0.0% (cumulative 0.0%)
completed cycles / episode  : 0.000
synthetic task reward       : 0.000
shaping reward              : -124.369
learning reward             : -124.369
episode length              : 106.5
abstract changes / episode  : 99.9
same abstract-state steps   : 6.2%
same-state shaping / episode: 0.000
changed-state shaping / ep. : -124.369
terminal shaping / episode  : -1.012
DFA transitions / episode   : 0.04
DFA transitions in window   : 1->2: 4
epsilon (next episode)       : 0.81871
replay buffer                : 97578 samples [1: 99.5%, 2: 0.5%, 3: 0.0%, 4: 0.0%, 5: 0.0%]
DFA state visits in window   : 1: 10625, 2: 124, 3: 0, 4: 0, 5: 0
DFA state visits cumulative  : 1: 98070, 2: 508, 3: 0, 4: 0, 5: 0
DFA state entries in window  : 1: 100, 2: 4, 3: 0, 4: 0, 5: 0
DFA state entries cumulative : 1: 1000, 2: 19, 3: 0, 4: 0, 5: 0
transitions cumulative       : 1->2: 19
accepted directly from s0    : 0
Gym endings cumulative       : terminated=999, truncated=1

Starting autonomous greedy evaluation at episode 1000 (1000 fixed-seed episodes)...
[Greedy evaluation at episode 1000 | 1000 fixed-seed episodes]
success=0.0%, failure=0.0%, task reward=0.000, length=133.8
DFA transitions: none

[Episode 1100/12000 | last 100]
success rate                : 0.0% (cumulative 0.0%)
failure rate                : 0.0% (cumulative 0.0%)
completed cycles / episode  : 0.000
synthetic task reward       : 0.000
shaping reward              : -106.272
learning reward             : -106.272
episode length              : 114.9
abstract changes / episode  : 105.1
same abstract-state steps   : 8.5%
same-state shaping / episode: 0.000
changed-state shaping / ep. : -106.272
terminal shaping / episode  : -1.767
DFA transitions / episode   : 0.08
DFA transitions in window   : 1->2: 8
epsilon (next episode)       : 0.80250
replay buffer                : 109071 samples [1: 99.4%, 2: 0.6%, 3: 0.0%, 4: 0.0%, 5: 0.0%]
DFA state visits in window   : 1: 11397, 2: 196, 3: 0, 4: 0, 5: 0
DFA state visits cumulative  : 1: 109467, 2: 704, 3: 0, 4: 0, 5: 0
DFA state entries in window  : 1: 100, 2: 8, 3: 0, 4: 0, 5: 0
DFA state entries cumulative : 1: 1100, 2: 27, 3: 0, 4: 0, 5: 0
transitions cumulative       : 1->2: 27
accepted directly from s0    : 0
Gym endings cumulative       : terminated=1099, truncated=1

[Episode 1200/12000 | last 100]
success rate                : 0.0% (cumulative 0.0%)
failure rate                : 0.0% (cumulative 0.0%)
completed cycles / episode  : 0.000
synthetic task reward       : 0.000
shaping reward              : -115.155
learning reward             : -115.155
episode length              : 126.2
abstract changes / episode  : 112.7
same abstract-state steps   : 10.7%
same-state shaping / episode: 0.000
changed-state shaping / ep. : -115.155
terminal shaping / episode  : -1.046
DFA transitions / episode   : 0.03
DFA transitions in window   : 1->2: 3
epsilon (next episode)       : 0.78661
replay buffer                : 121691 samples [1: 99.4%, 2: 0.6%, 3: 0.0%, 4: 0.0%, 5: 0.0%]
DFA state visits in window   : 1: 12609, 2: 111, 3: 0, 4: 0, 5: 0
DFA state visits cumulative  : 1: 122076, 2: 815, 3: 0, 4: 0, 5: 0
DFA state entries in window  : 1: 100, 2: 3, 3: 0, 4: 0, 5: 0
DFA state entries cumulative : 1: 1200, 2: 30, 3: 0, 4: 0, 5: 0
transitions cumulative       : 1->2: 30
accepted directly from s0    : 0
Gym endings cumulative       : terminated=1198, truncated=2

[Episode 1300/12000 | last 100]
success rate                : 0.0% (cumulative 0.0%)
failure rate                : 0.0% (cumulative 0.0%)
completed cycles / episode  : 0.000
synthetic task reward       : 0.000
shaping reward              : -137.814
learning reward             : -137.814
episode length              : 114.4
abstract changes / episode  : 109.8
same abstract-state steps   : 4.1%
same-state shaping / episode: 0.000
changed-state shaping / ep. : -137.814
terminal shaping / episode  : -1.039
DFA transitions / episode   : 0.02
DFA transitions in window   : 1->2: 2
epsilon (next episode)       : 0.77103
replay buffer                : 133135 samples [1: 99.4%, 2: 0.6%, 3: 0.0%, 4: 0.0%, 5: 0.0%]
DFA state visits in window   : 1: 11469, 2: 75, 3: 0, 4: 0, 5: 0
DFA state visits cumulative  : 1: 133545, 2: 890, 3: 0, 4: 0, 5: 0
DFA state entries in window  : 1: 100, 2: 2, 3: 0, 4: 0, 5: 0
DFA state entries cumulative : 1: 1300, 2: 32, 3: 0, 4: 0, 5: 0
transitions cumulative       : 1->2: 32
accepted directly from s0    : 0
Gym endings cumulative       : terminated=1298, truncated=2

[Episode 1400/12000 | last 100]
success rate                : 0.0% (cumulative 0.0%)
failure rate                : 0.0% (cumulative 0.0%)
completed cycles / episode  : 0.000
synthetic task reward       : 0.000
shaping reward              : -134.139
learning reward             : -134.139
episode length              : 117.2
abstract changes / episode  : 109.6
same abstract-state steps   : 6.5%
same-state shaping / episode: 0.000
changed-state shaping / ep. : -134.139
terminal shaping / episode  : -0.519
DFA transitions / episode   : 0.02
DFA transitions in window   : 1->2: 2
epsilon (next episode)       : 0.75576
replay buffer                : 144854 samples [1: 99.4%, 2: 0.6%, 3: 0.0%, 4: 0.0%, 5: 0.0%]
DFA state visits in window   : 1: 11738, 2: 81, 3: 0, 4: 0, 5: 0
DFA state visits cumulative  : 1: 145283, 2: 971, 3: 0, 4: 0, 5: 0
DFA state entries in window  : 1: 100, 2: 2, 3: 0, 4: 0, 5: 0
DFA state entries cumulative : 1: 1400, 2: 34, 3: 0, 4: 0, 5: 0
transitions cumulative       : 1->2: 34
accepted directly from s0    : 0
Gym endings cumulative       : terminated=1398, truncated=2

[Episode 1500/12000 | last 100]
success rate                : 0.0% (cumulative 0.0%)
failure rate                : 0.0% (cumulative 0.0%)
completed cycles / episode  : 0.000
synthetic task reward       : 0.000
shaping reward              : -145.029
learning reward             : -145.029
episode length              : 126.7
abstract changes / episode  : 113.8
same abstract-state steps   : 10.2%
same-state shaping / episode: 0.000
changed-state shaping / ep. : -145.029
terminal shaping / episode  : -0.808
DFA transitions / episode   : 0.02
DFA transitions in window   : 1->2: 2
epsilon (next episode)       : 0.74080
replay buffer                : 157526 samples [1: 99.3%, 2: 0.7%, 3: 0.0%, 4: 0.0%, 5: 0.0%]
DFA state visits in window   : 1: 12669, 2: 103, 3: 0, 4: 0, 5: 0
DFA state visits cumulative  : 1: 157952, 2: 1074, 3: 0, 4: 0, 5: 0
DFA state entries in window  : 1: 100, 2: 2, 3: 0, 4: 0, 5: 0
DFA state entries cumulative : 1: 1500, 2: 36, 3: 0, 4: 0, 5: 0
transitions cumulative       : 1->2: 36
accepted directly from s0    : 0
Gym endings cumulative       : terminated=1498, truncated=2

Starting autonomous greedy evaluation at episode 1500 (1000 fixed-seed episodes)...
[Greedy evaluation at episode 1500 | 1000 fixed-seed episodes]
success=0.0%, failure=0.0%, task reward=0.000, length=162.8
DFA transitions: none

[Episode 1600/12000 | last 100]
success rate                : 0.0% (cumulative 0.0%)
failure rate                : 0.0% (cumulative 0.0%)
completed cycles / episode  : 0.000
synthetic task reward       : 0.000
shaping reward              : -148.328
learning reward             : -148.328
episode length              : 114.5
abstract changes / episode  : 106.0
same abstract-state steps   : 7.4%
same-state shaping / episode: 0.000
changed-state shaping / ep. : -148.328
terminal shaping / episode  : -0.919
DFA transitions / episode   : 0.02
DFA transitions in window   : 1->2: 2
epsilon (next episode)       : 0.72613
replay buffer                : 168980 samples [1: 99.3%, 2: 0.7%, 3: 0.0%, 4: 0.0%, 5: 0.0%]
DFA state visits in window   : 1: 11464, 2: 90, 3: 0, 4: 0, 5: 0
DFA state visits cumulative  : 1: 169416, 2: 1164, 3: 0, 4: 0, 5: 0
DFA state entries in window  : 1: 100, 2: 2, 3: 0, 4: 0, 5: 0
DFA state entries cumulative : 1: 1600, 2: 38, 3: 0, 4: 0, 5: 0
transitions cumulative       : 1->2: 38
accepted directly from s0    : 0
Gym endings cumulative       : terminated=1598, truncated=2

[Episode 1700/12000 | last 100]
success rate                : 0.0% (cumulative 0.0%)
failure rate                : 0.0% (cumulative 0.0%)
completed cycles / episode  : 0.000
synthetic task reward       : 0.000
shaping reward              : -157.324
learning reward             : -157.324
episode length              : 113.0
abstract changes / episode  : 105.6
same abstract-state steps   : 6.6%
same-state shaping / episode: 0.000
changed-state shaping / ep. : -157.324
terminal shaping / episode  : -0.366
DFA transitions / episode   : 0.00
DFA transitions in window   : none
epsilon (next episode)       : 0.71175
replay buffer                : 180280 samples [1: 99.4%, 2: 0.6%, 3: 0.0%, 4: 0.0%, 5: 0.0%]
DFA state visits in window   : 1: 11400, 2: 0, 3: 0, 4: 0, 5: 0
DFA state visits cumulative  : 1: 180816, 2: 1164, 3: 0, 4: 0, 5: 0
DFA state entries in window  : 1: 100, 2: 0, 3: 0, 4: 0, 5: 0
DFA state entries cumulative : 1: 1700, 2: 38, 3: 0, 4: 0, 5: 0
transitions cumulative       : 1->2: 38
accepted directly from s0    : 0
Gym endings cumulative       : terminated=1698, truncated=2

[Episode 1800/12000 | last 100]
success rate                : 0.0% (cumulative 0.0%)
failure rate                : 0.0% (cumulative 0.0%)
completed cycles / episode  : 0.000
synthetic task reward       : 0.000
shaping reward              : -157.441
learning reward             : -157.441
episode length              : 116.7
abstract changes / episode  : 106.8
same abstract-state steps   : 8.4%
same-state shaping / episode: 0.000
changed-state shaping / ep. : -157.441
terminal shaping / episode  : -0.667
DFA transitions / episode   : 0.00
DFA transitions in window   : none
epsilon (next episode)       : 0.69765
replay buffer                : 191946 samples [1: 99.4%, 2: 0.6%, 3: 0.0%, 4: 0.0%, 5: 0.0%]
DFA state visits in window   : 1: 11766, 2: 0, 3: 0, 4: 0, 5: 0
DFA state visits cumulative  : 1: 192582, 2: 1164, 3: 0, 4: 0, 5: 0
DFA state entries in window  : 1: 100, 2: 0, 3: 0, 4: 0, 5: 0
DFA state entries cumulative : 1: 1800, 2: 38, 3: 0, 4: 0, 5: 0
transitions cumulative       : 1->2: 38
accepted directly from s0    : 0
Gym endings cumulative       : terminated=1798, truncated=2

[Episode 1900/12000 | last 100]
success rate                : 0.0% (cumulative 0.0%)
failure rate                : 0.0% (cumulative 0.0%)
completed cycles / episode  : 0.000
synthetic task reward       : 0.000
shaping reward              : -157.776
learning reward             : -157.776
episode length              : 114.3
abstract changes / episode  : 104.1
same abstract-state steps   : 8.9%
same-state shaping / episode: 0.000
changed-state shaping / ep. : -157.776
terminal shaping / episode  : -0.619
DFA transitions / episode   : 0.00
DFA transitions in window   : none
epsilon (next episode)       : 0.68384
replay buffer                : 203373 samples [1: 99.4%, 2: 0.6%, 3: 0.0%, 4: 0.0%, 5: 0.0%]
DFA state visits in window   : 1: 11527, 2: 0, 3: 0, 4: 0, 5: 0
DFA state visits cumulative  : 1: 204109, 2: 1164, 3: 0, 4: 0, 5: 0
DFA state entries in window  : 1: 100, 2: 0, 3: 0, 4: 0, 5: 0
DFA state entries cumulative : 1: 1900, 2: 38, 3: 0, 4: 0, 5: 0
transitions cumulative       : 1->2: 38
accepted directly from s0    : 0
Gym endings cumulative       : terminated=1898, truncated=2

[Episode 2000/12000 | last 100]
success rate                : 0.0% (cumulative 0.0%)
failure rate                : 0.0% (cumulative 0.0%)
completed cycles / episode  : 0.000
synthetic task reward       : 0.000
shaping reward              : -154.783
learning reward             : -154.783
episode length              : 101.1
abstract changes / episode  : 95.1
same abstract-state steps   : 6.0%
same-state shaping / episode: 0.000
changed-state shaping / ep. : -154.783
terminal shaping / episode  : -0.544
DFA transitions / episode   : 0.00
DFA transitions in window   : none
epsilon (next episode)       : 0.67029
replay buffer                : 213484 samples [1: 99.5%, 2: 0.5%, 3: 0.0%, 4: 0.0%, 5: 0.0%]
DFA state visits in window   : 1: 10211, 2: 0, 3: 0, 4: 0, 5: 0
DFA state visits cumulative  : 1: 214320, 2: 1164, 3: 0, 4: 0, 5: 0
DFA state entries in window  : 1: 100, 2: 0, 3: 0, 4: 0, 5: 0
DFA state entries cumulative : 1: 2000, 2: 38, 3: 0, 4: 0, 5: 0
transitions cumulative       : 1->2: 38
accepted directly from s0    : 0
Gym endings cumulative       : terminated=1998, truncated=2

Starting autonomous greedy evaluation at episode 2000 (1000 fixed-seed episodes)...
[Greedy evaluation at episode 2000 | 1000 fixed-seed episodes]
success=0.0%, failure=0.0%, task reward=0.000, length=284.5
DFA transitions: none

[Episode 2100/12000 | last 100]
success rate                : 0.0% (cumulative 0.0%)
failure rate                : 0.0% (cumulative 0.0%)
completed cycles / episode  : 0.000
synthetic task reward       : 0.000
shaping reward              : -154.767
learning reward             : -154.767
episode length              : 100.8
abstract changes / episode  : 95.3
same abstract-state steps   : 5.4%
same-state shaping / episode: 0.000
changed-state shaping / ep. : -154.767
terminal shaping / episode  : -0.424
DFA transitions / episode   : 0.00
DFA transitions in window   : none
epsilon (next episode)       : 0.65702
replay buffer                : 223564 samples [1: 99.5%, 2: 0.5%, 3: 0.0%, 4: 0.0%, 5: 0.0%]
DFA state visits in window   : 1: 10180, 2: 0, 3: 0, 4: 0, 5: 0
DFA state visits cumulative  : 1: 224500, 2: 1164, 3: 0, 4: 0, 5: 0
DFA state entries in window  : 1: 100, 2: 0, 3: 0, 4: 0, 5: 0
DFA state entries cumulative : 1: 2100, 2: 38, 3: 0, 4: 0, 5: 0
transitions cumulative       : 1->2: 38
accepted directly from s0    : 0
Gym endings cumulative       : terminated=2098, truncated=2

[Episode 2200/12000 | last 100]
success rate                : 0.0% (cumulative 0.0%)
failure rate                : 0.0% (cumulative 0.0%)
completed cycles / episode  : 0.000
synthetic task reward       : 0.000
shaping reward              : -154.250
learning reward             : -154.250
episode length              : 98.3
abstract changes / episode  : 94.8
same abstract-state steps   : 3.6%
same-state shaping / episode: 0.000
changed-state shaping / ep. : -154.250
terminal shaping / episode  : -0.432
DFA transitions / episode   : 0.00
DFA transitions in window   : none
epsilon (next episode)       : 0.64401
replay buffer                : 233398 samples [1: 99.5%, 2: 0.5%, 3: 0.0%, 4: 0.0%, 5: 0.0%]
DFA state visits in window   : 1: 9934, 2: 0, 3: 0, 4: 0, 5: 0
DFA state visits cumulative  : 1: 234434, 2: 1164, 3: 0, 4: 0, 5: 0
DFA state entries in window  : 1: 100, 2: 0, 3: 0, 4: 0, 5: 0
DFA state entries cumulative : 1: 2200, 2: 38, 3: 0, 4: 0, 5: 0
transitions cumulative       : 1->2: 38
accepted directly from s0    : 0
Gym endings cumulative       : terminated=2198, truncated=2

[Episode 2300/12000 | last 100]
success rate                : 0.0% (cumulative 0.0%)
failure rate                : 0.0% (cumulative 0.0%)
completed cycles / episode  : 0.000
synthetic task reward       : 0.000
shaping reward              : -155.263
learning reward             : -155.263
episode length              : 97.9
abstract changes / episode  : 93.1
same abstract-state steps   : 4.9%
same-state shaping / episode: 0.000
changed-state shaping / ep. : -155.263
terminal shaping / episode  : -0.411
DFA transitions / episode   : 0.00
DFA transitions in window   : none
epsilon (next episode)       : 0.63125
replay buffer                : 243186 samples [1: 99.5%, 2: 0.5%, 3: 0.0%, 4: 0.0%, 5: 0.0%]
DFA state visits in window   : 1: 9888, 2: 0, 3: 0, 4: 0, 5: 0
DFA state visits cumulative  : 1: 244322, 2: 1164, 3: 0, 4: 0, 5: 0
DFA state entries in window  : 1: 100, 2: 0, 3: 0, 4: 0, 5: 0
DFA state entries cumulative : 1: 2300, 2: 38, 3: 0, 4: 0, 5: 0
transitions cumulative       : 1->2: 38
accepted directly from s0    : 0
Gym endings cumulative       : terminated=2298, truncated=2

[Episode 2400/12000 | last 100]
success rate                : 0.0% (cumulative 0.0%)
failure rate                : 0.0% (cumulative 0.0%)
completed cycles / episode  : 0.000
synthetic task reward       : 0.000
shaping reward              : -154.470
learning reward             : -154.470
episode length              : 101.4
abstract changes / episode  : 97.1
same abstract-state steps   : 4.3%
same-state shaping / episode: 0.000
changed-state shaping / ep. : -154.470
terminal shaping / episode  : -0.414
DFA transitions / episode   : 0.00
DFA transitions in window   : none
epsilon (next episode)       : 0.61875
replay buffer                : 253327 samples [1: 99.6%, 2: 0.4%, 3: 0.0%, 4: 0.0%, 5: 0.0%]
DFA state visits in window   : 1: 10241, 2: 0, 3: 0, 4: 0, 5: 0
DFA state visits cumulative  : 1: 254563, 2: 1164, 3: 0, 4: 0, 5: 0
DFA state entries in window  : 1: 100, 2: 0, 3: 0, 4: 0, 5: 0
DFA state entries cumulative : 1: 2400, 2: 38, 3: 0, 4: 0, 5: 0
transitions cumulative       : 1->2: 38
accepted directly from s0    : 0
Gym endings cumulative       : terminated=2398, truncated=2

[Episode 2500/12000 | last 100]
success rate                : 0.0% (cumulative 0.0%)
failure rate                : 0.0% (cumulative 0.0%)
completed cycles / episode  : 0.000
synthetic task reward       : 0.000
shaping reward              : -140.631
learning reward             : -140.631
episode length              : 117.2
abstract changes / episode  : 104.0
same abstract-state steps   : 11.2%
same-state shaping / episode: 0.000
changed-state shaping / ep. : -140.631
terminal shaping / episode  : -0.208
DFA transitions / episode   : 0.01
DFA transitions in window   : 1->2: 1
epsilon (next episode)       : 0.60650
replay buffer                : 265047 samples [1: 99.6%, 2: 0.4%, 3: 0.0%, 4: 0.0%, 5: 0.0%]
DFA state visits in window   : 1: 11800, 2: 20, 3: 0, 4: 0, 5: 0
DFA state visits cumulative  : 1: 266363, 2: 1184, 3: 0, 4: 0, 5: 0
DFA state entries in window  : 1: 100, 2: 1, 3: 0, 4: 0, 5: 0
DFA state entries cumulative : 1: 2500, 2: 39, 3: 0, 4: 0, 5: 0
transitions cumulative       : 1->2: 39
accepted directly from s0    : 0
Gym endings cumulative       : terminated=2498, truncated=2

Starting autonomous greedy evaluation at episode 2500 (1000 fixed-seed episodes)...
[Greedy evaluation at episode 2500 | 1000 fixed-seed episodes]
success=0.0%, failure=0.0%, task reward=0.000, length=221.5
DFA transitions: none

[Episode 2600/12000 | last 100]
success rate                : 0.0% (cumulative 0.0%)
failure rate                : 0.0% (cumulative 0.0%)
completed cycles / episode  : 0.000
synthetic task reward       : 0.000
shaping reward              : -153.131
learning reward             : -153.131
episode length              : 115.2
abstract changes / episode  : 102.0
same abstract-state steps   : 11.5%
same-state shaping / episode: 0.000
changed-state shaping / ep. : -153.131
terminal shaping / episode  : -0.626
DFA transitions / episode   : 0.00
DFA transitions in window   : none
epsilon (next episode)       : 0.59449
replay buffer                : 276569 samples [1: 99.6%, 2: 0.4%, 3: 0.0%, 4: 0.0%, 5: 0.0%]
DFA state visits in window   : 1: 11622, 2: 0, 3: 0, 4: 0, 5: 0
DFA state visits cumulative  : 1: 277985, 2: 1184, 3: 0, 4: 0, 5: 0
DFA state entries in window  : 1: 100, 2: 0, 3: 0, 4: 0, 5: 0
DFA state entries cumulative : 1: 2600, 2: 39, 3: 0, 4: 0, 5: 0
transitions cumulative       : 1->2: 39
accepted directly from s0    : 0
Gym endings cumulative       : terminated=2598, truncated=2

[Episode 2700/12000 | last 100]
success rate                : 0.0% (cumulative 0.0%)
failure rate                : 0.0% (cumulative 0.0%)
completed cycles / episode  : 0.000
synthetic task reward       : 0.000
shaping reward              : -148.708
learning reward             : -148.708
episode length              : 105.2
abstract changes / episode  : 95.0
same abstract-state steps   : 9.7%
same-state shaping / episode: 0.000
changed-state shaping / ep. : -148.708
terminal shaping / episode  : -0.359
DFA transitions / episode   : 0.01
DFA transitions in window   : 1->2: 1
epsilon (next episode)       : 0.58272
replay buffer                : 287084 samples [1: 99.6%, 2: 0.4%, 3: 0.0%, 4: 0.0%, 5: 0.0%]
DFA state visits in window   : 1: 10569, 2: 46, 3: 0, 4: 0, 5: 0
DFA state visits cumulative  : 1: 288554, 2: 1230, 3: 0, 4: 0, 5: 0
DFA state entries in window  : 1: 100, 2: 1, 3: 0, 4: 0, 5: 0
DFA state entries cumulative : 1: 2700, 2: 40, 3: 0, 4: 0, 5: 0
transitions cumulative       : 1->2: 40
accepted directly from s0    : 0
Gym endings cumulative       : terminated=2698, truncated=2

[Episode 2800/12000 | last 100]
success rate                : 0.0% (cumulative 0.0%)
failure rate                : 0.0% (cumulative 0.0%)
completed cycles / episode  : 0.000
synthetic task reward       : 0.000
shaping reward              : -151.317
learning reward             : -151.317
episode length              : 99.8
abstract changes / episode  : 92.9
same abstract-state steps   : 6.9%
same-state shaping / episode: 0.000
changed-state shaping / ep. : -151.317
terminal shaping / episode  : -0.275
DFA transitions / episode   : 0.00
DFA transitions in window   : none
epsilon (next episode)       : 0.57118
replay buffer                : 297064 samples [1: 99.6%, 2: 0.4%, 3: 0.0%, 4: 0.0%, 5: 0.0%]
DFA state visits in window   : 1: 10080, 2: 0, 3: 0, 4: 0, 5: 0
DFA state visits cumulative  : 1: 298634, 2: 1230, 3: 0, 4: 0, 5: 0
DFA state entries in window  : 1: 100, 2: 0, 3: 0, 4: 0, 5: 0
DFA state entries cumulative : 1: 2800, 2: 40, 3: 0, 4: 0, 5: 0
transitions cumulative       : 1->2: 40
accepted directly from s0    : 0
Gym endings cumulative       : terminated=2798, truncated=2

[Episode 2900/12000 | last 100]
success rate                : 0.0% (cumulative 0.0%)
failure rate                : 0.0% (cumulative 0.0%)
completed cycles / episode  : 0.000
synthetic task reward       : 0.000
shaping reward              : -152.285
learning reward             : -152.285
episode length              : 97.6
abstract changes / episode  : 94.3
same abstract-state steps   : 3.3%
same-state shaping / episode: 0.000
changed-state shaping / ep. : -152.285
terminal shaping / episode  : -0.615
DFA transitions / episode   : 0.00
DFA transitions in window   : none
epsilon (next episode)       : 0.55987
replay buffer                : 300000 samples [1: 99.6%, 2: 0.4%, 3: 0.0%, 4: 0.0%, 5: 0.0%]
DFA state visits in window   : 1: 9859, 2: 0, 3: 0, 4: 0, 5: 0
DFA state visits cumulative  : 1: 308493, 2: 1230, 3: 0, 4: 0, 5: 0
DFA state entries in window  : 1: 100, 2: 0, 3: 0, 4: 0, 5: 0
DFA state entries cumulative : 1: 2900, 2: 40, 3: 0, 4: 0, 5: 0
transitions cumulative       : 1->2: 40
accepted directly from s0    : 0
Gym endings cumulative       : terminated=2898, truncated=2

[Episode 3000/12000 | last 100]
success rate                : 0.0% (cumulative 0.0%)
failure rate                : 0.0% (cumulative 0.0%)
completed cycles / episode  : 0.000
synthetic task reward       : 0.000
shaping reward              : -152.933
learning reward             : -152.933
episode length              : 94.6
abstract changes / episode  : 89.6
same abstract-state steps   : 5.2%
same-state shaping / episode: 0.000
changed-state shaping / ep. : -152.933
terminal shaping / episode  : -0.660
DFA transitions / episode   : 0.00
DFA transitions in window   : none
epsilon (next episode)       : 0.54878
replay buffer                : 300000 samples [1: 99.6%, 2: 0.4%, 3: 0.0%, 4: 0.0%, 5: 0.0%]
DFA state visits in window   : 1: 9556, 2: 0, 3: 0, 4: 0, 5: 0
DFA state visits cumulative  : 1: 318049, 2: 1230, 3: 0, 4: 0, 5: 0
DFA state entries in window  : 1: 100, 2: 0, 3: 0, 4: 0, 5: 0
DFA state entries cumulative : 1: 3000, 2: 40, 3: 0, 4: 0, 5: 0
transitions cumulative       : 1->2: 40
accepted directly from s0    : 0
Gym endings cumulative       : terminated=2998, truncated=2

Starting autonomous greedy evaluation at episode 3000 (1000 fixed-seed episodes)...
[Greedy evaluation at episode 3000 | 1000 fixed-seed episodes]
success=0.0%, failure=0.0%, task reward=0.000, length=332.6
DFA transitions: none

[Episode 3100/12000 | last 100]
success rate                : 0.0% (cumulative 0.0%)
failure rate                : 0.0% (cumulative 0.0%)
completed cycles / episode  : 0.000
synthetic task reward       : 0.000
shaping reward              : -153.692
learning reward             : -153.692
episode length              : 98.3
abstract changes / episode  : 94.0
same abstract-state steps   : 4.5%
same-state shaping / episode: 0.000
changed-state shaping / ep. : -153.692
terminal shaping / episode  : -0.605
DFA transitions / episode   : 0.00
DFA transitions in window   : none
epsilon (next episode)       : 0.53791
replay buffer                : 300000 samples [1: 99.6%, 2: 0.4%, 3: 0.0%, 4: 0.0%, 5: 0.0%]
DFA state visits in window   : 1: 9934, 2: 0, 3: 0, 4: 0, 5: 0
DFA state visits cumulative  : 1: 327983, 2: 1230, 3: 0, 4: 0, 5: 0
DFA state entries in window  : 1: 100, 2: 0, 3: 0, 4: 0, 5: 0
DFA state entries cumulative : 1: 3100, 2: 40, 3: 0, 4: 0, 5: 0
transitions cumulative       : 1->2: 40
accepted directly from s0    : 0
Gym endings cumulative       : terminated=3098, truncated=2

[Episode 3200/12000 | last 100]
success rate                : 0.0% (cumulative 0.0%)
failure rate                : 0.0% (cumulative 0.0%)
completed cycles / episode  : 0.000
synthetic task reward       : 0.000
shaping reward              : -152.944
learning reward             : -152.944
episode length              : 109.4
abstract changes / episode  : 103.1
same abstract-state steps   : 5.7%
same-state shaping / episode: 0.000
changed-state shaping / ep. : -152.944
terminal shaping / episode  : -0.465
DFA transitions / episode   : 0.00
DFA transitions in window   : none
epsilon (next episode)       : 0.52726
replay buffer                : 300000 samples [1: 99.6%, 2: 0.4%, 3: 0.0%, 4: 0.0%, 5: 0.0%]
DFA state visits in window   : 1: 11040, 2: 0, 3: 0, 4: 0, 5: 0
DFA state visits cumulative  : 1: 339023, 2: 1230, 3: 0, 4: 0, 5: 0
DFA state entries in window  : 1: 100, 2: 0, 3: 0, 4: 0, 5: 0
DFA state entries cumulative : 1: 3200, 2: 40, 3: 0, 4: 0, 5: 0
transitions cumulative       : 1->2: 40
accepted directly from s0    : 0
Gym endings cumulative       : terminated=3198, truncated=2

[Episode 3300/12000 | last 100]
success rate                : 0.0% (cumulative 0.0%)
failure rate                : 0.0% (cumulative 0.0%)
completed cycles / episode  : 0.000
synthetic task reward       : 0.000
shaping reward              : -149.957
learning reward             : -149.957
episode length              : 101.9
abstract changes / episode  : 97.8
same abstract-state steps   : 4.0%
same-state shaping / episode: 0.000
changed-state shaping / ep. : -149.957
terminal shaping / episode  : -0.727
DFA transitions / episode   : 0.00
DFA transitions in window   : none
epsilon (next episode)       : 0.51682
replay buffer                : 300000 samples [1: 99.7%, 2: 0.3%, 3: 0.0%, 4: 0.0%, 5: 0.0%]
DFA state visits in window   : 1: 10290, 2: 0, 3: 0, 4: 0, 5: 0
DFA state visits cumulative  : 1: 349313, 2: 1230, 3: 0, 4: 0, 5: 0
DFA state entries in window  : 1: 100, 2: 0, 3: 0, 4: 0, 5: 0
DFA state entries cumulative : 1: 3300, 2: 40, 3: 0, 4: 0, 5: 0
transitions cumulative       : 1->2: 40
accepted directly from s0    : 0
Gym endings cumulative       : terminated=3298, truncated=2

[Episode 3400/12000 | last 100]
success rate                : 0.0% (cumulative 0.0%)
failure rate                : 0.0% (cumulative 0.0%)
completed cycles / episode  : 0.000
synthetic task reward       : 0.000
shaping reward              : -151.887
learning reward             : -151.887
episode length              : 110.9
abstract changes / episode  : 104.5
same abstract-state steps   : 5.7%
same-state shaping / episode: 0.000
changed-state shaping / ep. : -151.887
terminal shaping / episode  : -0.753
DFA transitions / episode   : 0.00
DFA transitions in window   : none
epsilon (next episode)       : 0.50658
replay buffer                : 300000 samples [1: 99.7%, 2: 0.3%, 3: 0.0%, 4: 0.0%, 5: 0.0%]
DFA state visits in window   : 1: 11187, 2: 0, 3: 0, 4: 0, 5: 0
DFA state visits cumulative  : 1: 360500, 2: 1230, 3: 0, 4: 0, 5: 0
DFA state entries in window  : 1: 100, 2: 0, 3: 0, 4: 0, 5: 0
DFA state entries cumulative : 1: 3400, 2: 40, 3: 0, 4: 0, 5: 0
transitions cumulative       : 1->2: 40
accepted directly from s0    : 0
Gym endings cumulative       : terminated=3398, truncated=2

[Episode 3500/12000 | last 100]
success rate                : 0.0% (cumulative 0.0%)
failure rate                : 0.0% (cumulative 0.0%)
completed cycles / episode  : 0.000
synthetic task reward       : 0.000
shaping reward              : -151.428
learning reward             : -151.428
episode length              : 127.9
abstract changes / episode  : 120.1
same abstract-state steps   : 6.1%
same-state shaping / episode: 0.000
changed-state shaping / ep. : -151.428
terminal shaping / episode  : -0.587
DFA transitions / episode   : 0.00
DFA transitions in window   : none
epsilon (next episode)       : 0.49655
replay buffer                : 300000 samples [1: 99.7%, 2: 0.3%, 3: 0.0%, 4: 0.0%, 5: 0.0%]
DFA state visits in window   : 1: 12889, 2: 0, 3: 0, 4: 0, 5: 0
DFA state visits cumulative  : 1: 373389, 2: 1230, 3: 0, 4: 0, 5: 0
DFA state entries in window  : 1: 100, 2: 0, 3: 0, 4: 0, 5: 0
DFA state entries cumulative : 1: 3500, 2: 40, 3: 0, 4: 0, 5: 0
transitions cumulative       : 1->2: 40
accepted directly from s0    : 0
Gym endings cumulative       : terminated=3498, truncated=2

Starting autonomous greedy evaluation at episode 3500 (1000 fixed-seed episodes)...
[Greedy evaluation at episode 3500 | 1000 fixed-seed episodes]
success=0.0%, failure=0.0%, task reward=0.000, length=584.3
DFA transitions: 1->2: 82

[Episode 3600/12000 | last 100]
success rate                : 0.0% (cumulative 0.0%)
failure rate                : 0.0% (cumulative 0.0%)
completed cycles / episode  : 0.000
synthetic task reward       : 0.000
shaping reward              : -152.759
learning reward             : -152.759
episode length              : 207.7
abstract changes / episode  : 172.9
same abstract-state steps   : 16.8%
same-state shaping / episode: 0.000
changed-state shaping / ep. : -152.759
terminal shaping / episode  : -0.368
DFA transitions / episode   : 0.00
DFA transitions in window   : none
epsilon (next episode)       : 0.48672
replay buffer                : 300000 samples [1: 99.7%, 2: 0.3%, 3: 0.0%, 4: 0.0%, 5: 0.0%]
DFA state visits in window   : 1: 20865, 2: 0, 3: 0, 4: 0, 5: 0
DFA state visits cumulative  : 1: 394254, 2: 1230, 3: 0, 4: 0, 5: 0
DFA state entries in window  : 1: 100, 2: 0, 3: 0, 4: 0, 5: 0
DFA state entries cumulative : 1: 3600, 2: 40, 3: 0, 4: 0, 5: 0
transitions cumulative       : 1->2: 40
accepted directly from s0    : 0
Gym endings cumulative       : terminated=3595, truncated=5

[Episode 3700/12000 | last 100]
success rate                : 0.0% (cumulative 0.0%)
failure rate                : 0.0% (cumulative 0.0%)
completed cycles / episode  : 0.000
synthetic task reward       : 0.000
shaping reward              : -117.055
learning reward             : -117.055
episode length              : 239.3
abstract changes / episode  : 196.1
same abstract-state steps   : 18.1%
same-state shaping / episode: 0.000
changed-state shaping / ep. : -117.055
terminal shaping / episode  : -1.116
DFA transitions / episode   : 0.06
DFA transitions in window   : 1->2: 5, 2->3: 1
epsilon (next episode)       : 0.47708
replay buffer                : 300000 samples [1: 99.7%, 2: 0.3%, 3: 0.0%, 4: 0.0%, 5: 0.0%]
DFA state visits in window   : 1: 23719, 2: 290, 3: 20, 4: 0, 5: 0
DFA state visits cumulative  : 1: 417973, 2: 1520, 3: 20, 4: 0, 5: 0
DFA state entries in window  : 1: 100, 2: 5, 3: 1, 4: 0, 5: 0
DFA state entries cumulative : 1: 3700, 2: 45, 3: 1, 4: 0, 5: 0
transitions cumulative       : 1->2: 45, 2->3: 1
accepted directly from s0    : 0
Gym endings cumulative       : terminated=3693, truncated=7

[Episode 3800/12000 | last 100]
success rate                : 0.0% (cumulative 0.0%)
failure rate                : 0.0% (cumulative 0.0%)
completed cycles / episode  : 0.000
synthetic task reward       : 0.000
shaping reward              : -121.612
learning reward             : -121.612
episode length              : 355.9
abstract changes / episode  : 269.3
same abstract-state steps   : 24.3%
same-state shaping / episode: 0.000
changed-state shaping / ep. : -121.612
terminal shaping / episode  : -0.729
DFA transitions / episode   : 0.05
DFA transitions in window   : 1->2: 5
epsilon (next episode)       : 0.46763
replay buffer                : 300000 samples [1: 99.7%, 2: 0.3%, 3: 0.0%, 4: 0.0%, 5: 0.0%]
DFA state visits in window   : 1: 35332, 2: 354, 3: 0, 4: 0, 5: 0
DFA state visits cumulative  : 1: 453305, 2: 1874, 3: 20, 4: 0, 5: 0
DFA state entries in window  : 1: 100, 2: 5, 3: 0, 4: 0, 5: 0
DFA state entries cumulative : 1: 3800, 2: 50, 3: 1, 4: 0, 5: 0
transitions cumulative       : 1->2: 50, 2->3: 1
accepted directly from s0    : 0
Gym endings cumulative       : terminated=3791, truncated=9

[Episode 3900/12000 | last 100]
success rate                : 0.0% (cumulative 0.0%)
failure rate                : 0.0% (cumulative 0.0%)
completed cycles / episode  : 0.000
synthetic task reward       : 0.000
shaping reward              : -80.121
learning reward             : -80.121
episode length              : 343.6
abstract changes / episode  : 272.7
same abstract-state steps   : 20.7%
same-state shaping / episode: 0.000
changed-state shaping / ep. : -80.121
terminal shaping / episode  : -1.205
DFA transitions / episode   : 0.05
DFA transitions in window   : 1->2: 5
epsilon (next episode)       : 0.45837
replay buffer                : 300000 samples [1: 99.4%, 2: 0.6%, 3: 0.0%, 4: 0.0%, 5: 0.0%]
DFA state visits in window   : 1: 33479, 2: 984, 3: 0, 4: 0, 5: 0
DFA state visits cumulative  : 1: 486784, 2: 2858, 3: 20, 4: 0, 5: 0
DFA state entries in window  : 1: 100, 2: 5, 3: 0, 4: 0, 5: 0
DFA state entries cumulative : 1: 3900, 2: 55, 3: 1, 4: 0, 5: 0
transitions cumulative       : 1->2: 55, 2->3: 1
accepted directly from s0    : 0
Gym endings cumulative       : terminated=3890, truncated=10

[Episode 4000/12000 | last 100]
success rate                : 0.0% (cumulative 0.0%)
failure rate                : 0.0% (cumulative 0.0%)
completed cycles / episode  : 0.000
synthetic task reward       : 0.000
shaping reward              : -99.351
learning reward             : -99.351
episode length              : 375.6
abstract changes / episode  : 270.4
same abstract-state steps   : 28.0%
same-state shaping / episode: 0.000
changed-state shaping / ep. : -99.351
terminal shaping / episode  : -0.432
DFA transitions / episode   : 0.07
DFA transitions in window   : 1->2: 6, 2->3: 1
epsilon (next episode)       : 0.44929
replay buffer                : 300000 samples [1: 99.2%, 2: 0.8%, 3: 0.0%, 4: 0.0%, 5: 0.0%]
DFA state visits in window   : 1: 36823, 2: 755, 3: 80, 4: 0, 5: 0
DFA state visits cumulative  : 1: 523607, 2: 3613, 3: 100, 4: 0, 5: 0
DFA state entries in window  : 1: 100, 2: 6, 3: 1, 4: 0, 5: 0
DFA state entries cumulative : 1: 4000, 2: 61, 3: 2, 4: 0, 5: 0
transitions cumulative       : 1->2: 61, 2->3: 2
accepted directly from s0    : 0
Gym endings cumulative       : terminated=3985, truncated=15

Starting autonomous greedy evaluation at episode 4000 (1000 fixed-seed episodes)...
[Greedy evaluation at episode 4000 | 1000 fixed-seed episodes]
success=0.0%, failure=0.0%, task reward=0.000, length=235.9
DFA transitions: 1->2: 52

[Episode 4100/12000 | last 100]
success rate                : 0.0% (cumulative 0.0%)
failure rate                : 0.0% (cumulative 0.0%)
completed cycles / episode  : 0.000
synthetic task reward       : 0.000
shaping reward              : -88.772
learning reward             : -88.772
episode length              : 211.8
abstract changes / episode  : 189.7
same abstract-state steps   : 10.4%
same-state shaping / episode: 0.000
changed-state shaping / ep. : -88.772
terminal shaping / episode  : -0.646
DFA transitions / episode   : 0.08
DFA transitions in window   : 1->2: 8
epsilon (next episode)       : 0.44040
replay buffer                : 300000 samples [1: 98.8%, 2: 1.2%, 3: 0.0%, 4: 0.0%, 5: 0.0%]
DFA state visits in window   : 1: 20130, 2: 1152, 3: 0, 4: 0, 5: 0
DFA state visits cumulative  : 1: 543737, 2: 4765, 3: 100, 4: 0, 5: 0
DFA state entries in window  : 1: 100, 2: 8, 3: 0, 4: 0, 5: 0
DFA state entries cumulative : 1: 4100, 2: 69, 3: 2, 4: 0, 5: 0
transitions cumulative       : 1->2: 69, 2->3: 2
accepted directly from s0    : 0
Gym endings cumulative       : terminated=4085, truncated=15

[Episode 4200/12000 | last 100]
success rate                : 0.0% (cumulative 0.0%)
failure rate                : 0.0% (cumulative 0.0%)
completed cycles / episode  : 0.000
synthetic task reward       : 0.000
shaping reward              : -35.101
learning reward             : -35.101
episode length              : 283.8
abstract changes / episode  : 240.6
same abstract-state steps   : 15.2%
same-state shaping / episode: 0.000
changed-state shaping / ep. : -35.101
terminal shaping / episode  : -1.481
DFA transitions / episode   : 0.19
DFA transitions in window   : 1->2: 19
epsilon (next episode)       : 0.43167
replay buffer                : 300000 samples [1: 97.7%, 2: 2.3%, 3: 0.0%, 4: 0.0%, 5: 0.0%]
DFA state visits in window   : 1: 25138, 2: 3344, 3: 0, 4: 0, 5: 0
DFA state visits cumulative  : 1: 568875, 2: 8109, 3: 100, 4: 0, 5: 0
DFA state entries in window  : 1: 100, 2: 19, 3: 0, 4: 0, 5: 0
DFA state entries cumulative : 1: 4200, 2: 88, 3: 2, 4: 0, 5: 0
transitions cumulative       : 1->2: 88, 2->3: 2
accepted directly from s0    : 0
Gym endings cumulative       : terminated=4183, truncated=17

[Episode 4300/12000 | last 100]
success rate                : 0.0% (cumulative 0.0%)
failure rate                : 0.0% (cumulative 0.0%)
completed cycles / episode  : 0.000
synthetic task reward       : 0.000
shaping reward              : -87.839
learning reward             : -87.839
episode length              : 295.3
abstract changes / episode  : 247.0
same abstract-state steps   : 16.4%
same-state shaping / episode: 0.000
changed-state shaping / ep. : -87.839
terminal shaping / episode  : -0.703
DFA transitions / episode   : 0.13
DFA transitions in window   : 1->2: 13
epsilon (next episode)       : 0.42313
replay buffer                : 300000 samples [1: 97.2%, 2: 2.7%, 3: 0.0%, 4: 0.0%, 5: 0.0%]
DFA state visits in window   : 1: 28211, 2: 1422, 3: 0, 4: 0, 5: 0
DFA state visits cumulative  : 1: 597086, 2: 9531, 3: 100, 4: 0, 5: 0
DFA state entries in window  : 1: 100, 2: 13, 3: 0, 4: 0, 5: 0
DFA state entries cumulative : 1: 4300, 2: 101, 3: 2, 4: 0, 5: 0
transitions cumulative       : 1->2: 101, 2->3: 2
accepted directly from s0    : 0
Gym endings cumulative       : terminated=4280, truncated=20

[Episode 4400/12000 | last 100]
success rate                : 0.0% (cumulative 0.0%)
failure rate                : 0.0% (cumulative 0.0%)
completed cycles / episode  : 0.000
synthetic task reward       : 0.000
shaping reward              : -61.708
learning reward             : -61.708
episode length              : 309.4
abstract changes / episode  : 250.8
same abstract-state steps   : 18.9%
same-state shaping / episode: 0.000
changed-state shaping / ep. : -61.708
terminal shaping / episode  : -0.482
DFA transitions / episode   : 0.21
DFA transitions in window   : 1->2: 17, 2->3: 4
epsilon (next episode)       : 0.41475
replay buffer                : 300000 samples [1: 96.2%, 2: 3.6%, 3: 0.2%, 4: 0.0%, 5: 0.0%]
DFA state visits in window   : 1: 27836, 2: 2624, 3: 585, 4: 0, 5: 0
DFA state visits cumulative  : 1: 624922, 2: 12155, 3: 685, 4: 0, 5: 0
DFA state entries in window  : 1: 100, 2: 17, 3: 4, 4: 0, 5: 0
DFA state entries cumulative : 1: 4400, 2: 118, 3: 6, 4: 0, 5: 0
transitions cumulative       : 1->2: 118, 2->3: 6
accepted directly from s0    : 0
Gym endings cumulative       : terminated=4379, truncated=21

[Episode 4500/12000 | last 100]
success rate                : 0.0% (cumulative 0.0%)
failure rate                : 0.0% (cumulative 0.0%)
completed cycles / episode  : 0.000
synthetic task reward       : 0.000
shaping reward              : -37.741
learning reward             : -37.741
episode length              : 310.2
abstract changes / episode  : 269.4
same abstract-state steps   : 13.2%
same-state shaping / episode: 0.000
changed-state shaping / ep. : -37.741
terminal shaping / episode  : -0.285
DFA transitions / episode   : 0.08
DFA transitions in window   : 1->2: 8
epsilon (next episode)       : 0.40653
replay buffer                : 300000 samples [1: 95.5%, 2: 4.2%, 3: 0.2%, 4: 0.0%, 5: 0.0%]
DFA state visits in window   : 1: 29244, 2: 1878, 3: 0, 4: 0, 5: 0
DFA state visits cumulative  : 1: 654166, 2: 14033, 3: 685, 4: 0, 5: 0
DFA state entries in window  : 1: 100, 2: 8, 3: 0, 4: 0, 5: 0
DFA state entries cumulative : 1: 4500, 2: 126, 3: 6, 4: 0, 5: 0
transitions cumulative       : 1->2: 126, 2->3: 6
accepted directly from s0    : 0
Gym endings cumulative       : terminated=4478, truncated=22

Starting autonomous greedy evaluation at episode 4500 (1000 fixed-seed episodes)...
[Greedy evaluation at episode 4500 | 1000 fixed-seed episodes]
success=0.0%, failure=0.0%, task reward=0.000, length=320.6
DFA transitions: 1->2: 107, 2->3: 6

[Episode 4600/12000 | last 100]
success rate                : 0.0% (cumulative 0.0%)
failure rate                : 0.0% (cumulative 0.0%)
completed cycles / episode  : 0.000
synthetic task reward       : 0.000
shaping reward              : 73.221
learning reward             : 73.221
episode length              : 434.3
abstract changes / episode  : 381.3
same abstract-state steps   : 12.2%
same-state shaping / episode: 0.000
changed-state shaping / ep. : 73.221
terminal shaping / episode  : -0.522
DFA transitions / episode   : 0.40
DFA transitions in window   : 1->2: 30, 2->3: 8, 3->4: 2
epsilon (next episode)       : 0.39848
replay buffer                : 300000 samples [1: 91.3%, 2: 7.9%, 3: 0.7%, 4: 0.1%, 5: 0.0%]
DFA state visits in window   : 1: 30635, 2: 11137, 3: 1447, 4: 310, 5: 0
DFA state visits cumulative  : 1: 684801, 2: 25170, 3: 2132, 4: 310, 5: 0
DFA state entries in window  : 1: 100, 2: 30, 3: 8, 4: 2, 5: 0
DFA state entries cumulative : 1: 4600, 2: 156, 3: 14, 4: 2, 5: 0
transitions cumulative       : 1->2: 156, 2->3: 14, 3->4: 2
accepted directly from s0    : 0
Gym endings cumulative       : terminated=4565, truncated=35

[Episode 4700/12000 | last 100]
success rate                : 0.0% (cumulative 0.0%)
failure rate                : 0.0% (cumulative 0.0%)
completed cycles / episode  : 0.000
synthetic task reward       : 0.000
shaping reward              : 37.494
learning reward             : 37.494
episode length              : 403.8
abstract changes / episode  : 353.8
same abstract-state steps   : 12.4%
same-state shaping / episode: 0.000
changed-state shaping / ep. : 37.494
terminal shaping / episode  : -0.283
DFA transitions / episode   : 0.35
DFA transitions in window   : 1->2: 30, 2->3: 4, 3->4: 1
epsilon (next episode)       : 0.39059
replay buffer                : 300000 samples [1: 88.9%, 2: 10.1%, 3: 0.9%, 4: 0.1%, 5: 0.0%]
DFA state visits in window   : 1: 32697, 2: 7191, 3: 487, 4: 107, 5: 0
DFA state visits cumulative  : 1: 717498, 2: 32361, 3: 2619, 4: 417, 5: 0
DFA state entries in window  : 1: 100, 2: 30, 3: 4, 4: 1, 5: 0
DFA state entries cumulative : 1: 4700, 2: 186, 3: 18, 4: 3, 5: 0
transitions cumulative       : 1->2: 186, 2->3: 18, 3->4: 3
accepted directly from s0    : 0
Gym endings cumulative       : terminated=4657, truncated=43

[Episode 4800/12000 | last 100]
success rate                : 0.0% (cumulative 0.0%)
failure rate                : 0.0% (cumulative 0.0%)
completed cycles / episode  : 0.000
synthetic task reward       : 0.000
shaping reward              : 236.550
learning reward             : 236.550
episode length              : 463.4
abstract changes / episode  : 417.7
same abstract-state steps   : 9.9%
same-state shaping / episode: 0.000
changed-state shaping / ep. : 236.550
terminal shaping / episode  : -1.478
DFA transitions / episode   : 0.53
DFA transitions in window   : 1->2: 37, 2->3: 13, 3->4: 3
epsilon (next episode)       : 0.38286
replay buffer                : 300000 samples [1: 85.0%, 2: 12.7%, 3: 2.1%, 4: 0.3%, 5: 0.0%]
DFA state visits in window   : 1: 33710, 2: 8659, 3: 3669, 4: 404, 5: 0
DFA state visits cumulative  : 1: 751208, 2: 41020, 3: 6288, 4: 821, 5: 0
DFA state entries in window  : 1: 100, 2: 37, 3: 13, 4: 3, 5: 0
DFA state entries cumulative : 1: 4800, 2: 223, 3: 31, 4: 6, 5: 0
transitions cumulative       : 1->2: 223, 2->3: 31, 3->4: 6
accepted directly from s0    : 0
Gym endings cumulative       : terminated=4739, truncated=61

[Episode 4900/12000 | last 100]
success rate                : 1.0% (cumulative 0.0%)
failure rate                : 0.0% (cumulative 0.0%)
completed cycles / episode  : 0.000
synthetic task reward       : 100.000
shaping reward              : 142.393
learning reward             : 242.393
episode length              : 369.4
abstract changes / episode  : 341.7
same abstract-state steps   : 7.5%
same-state shaping / episode: 0.000
changed-state shaping / ep. : 142.393
terminal shaping / episode  : 0.097
DFA transitions / episode   : 0.50
DFA transitions in window   : 1->2: 43, 2->3: 5, 3->4: 1, 4->5: 1
epsilon (next episode)       : 0.37527
replay buffer                : 300000 samples [1: 81.8%, 2: 15.4%, 3: 2.5%, 4: 0.3%, 5: 0.0%]
DFA state visits in window   : 1: 26162, 2: 9510, 3: 1309, 4: 57, 5: 1
DFA state visits cumulative  : 1: 777370, 2: 50530, 3: 7597, 4: 878, 5: 1
DFA state entries in window  : 1: 100, 2: 43, 3: 5, 4: 1, 5: 1
DFA state entries cumulative : 1: 4900, 2: 266, 3: 36, 4: 7, 5: 1
transitions cumulative       : 1->2: 266, 2->3: 36, 3->4: 7, 4->5: 1
accepted directly from s0    : 0
Gym endings cumulative       : terminated=4831, truncated=68

[Episode 5000/12000 | last 100]
success rate                : 0.0% (cumulative 0.0%)
failure rate                : 0.0% (cumulative 0.0%)
completed cycles / episode  : 0.000
synthetic task reward       : 0.000
shaping reward              : 335.396
learning reward             : 335.396
episode length              : 467.5
abstract changes / episode  : 432.7
same abstract-state steps   : 7.4%
same-state shaping / episode: 0.000
changed-state shaping / ep. : 335.396
terminal shaping / episode  : -3.663
DFA transitions / episode   : 0.74
DFA transitions in window   : 1->2: 48, 2->3: 24, 3->4: 2
epsilon (next episode)       : 0.36784
replay buffer                : 300000 samples [1: 76.7%, 2: 18.8%, 3: 4.2%, 4: 0.3%, 5: 0.0%]
DFA state visits in window   : 1: 27555, 2: 14036, 3: 5102, 4: 153, 5: 0
DFA state visits cumulative  : 1: 804925, 2: 64566, 3: 12699, 4: 1031, 5: 1
DFA state entries in window  : 1: 100, 2: 48, 3: 24, 4: 2, 5: 0
DFA state entries cumulative : 1: 5000, 2: 314, 3: 60, 4: 9, 5: 1
transitions cumulative       : 1->2: 314, 2->3: 60, 3->4: 9, 4->5: 1
accepted directly from s0    : 0
Gym endings cumulative       : terminated=4912, truncated=87

Starting autonomous greedy evaluation at episode 5000 (1000 fixed-seed episodes)...
[Greedy evaluation at episode 5000 | 1000 fixed-seed episodes]
success=0.0%, failure=0.0%, task reward=0.000, length=960.2
DFA transitions: 1->2: 131, 2->3: 86

[Episode 5100/12000 | last 100]
success rate                : 2.0% (cumulative 0.1%)
failure rate                : 0.0% (cumulative 0.0%)
completed cycles / episode  : 0.000
synthetic task reward       : 200.000
shaping reward              : 680.425
learning reward             : 880.425
episode length              : 423.0
abstract changes / episode  : 392.6
same abstract-state steps   : 7.2%
same-state shaping / episode: 0.000
changed-state shaping / ep. : 680.425
terminal shaping / episode  : -4.360
DFA transitions / episode   : 0.79
DFA transitions in window   : 1->2: 44, 2->3: 23, 3->4: 10, 4->5: 2
epsilon (next episode)       : 0.36056
replay buffer                : 300000 samples [1: 72.6%, 2: 21.2%, 3: 5.6%, 4: 0.6%, 5: 0.0%]
DFA state visits in window   : 1: 25704, 2: 10986, 3: 4832, 4: 879, 5: 2
DFA state visits cumulative  : 1: 830629, 2: 75552, 3: 17531, 4: 1910, 5: 3
DFA state entries in window  : 1: 100, 2: 44, 3: 23, 4: 10, 5: 2
DFA state entries cumulative : 1: 5100, 2: 358, 3: 83, 4: 19, 5: 3
transitions cumulative       : 1->2: 358, 2->3: 83, 3->4: 19, 4->5: 3
accepted directly from s0    : 0
Gym endings cumulative       : terminated=4998, truncated=99

[Episode 5200/12000 | last 100]
success rate                : 0.0% (cumulative 0.1%)
failure rate                : 0.0% (cumulative 0.0%)
completed cycles / episode  : 0.000
synthetic task reward       : 0.000
shaping reward              : 222.193
learning reward             : 222.193
episode length              : 417.9
abstract changes / episode  : 393.1
same abstract-state steps   : 5.9%
same-state shaping / episode: 0.000
changed-state shaping / ep. : 222.193
terminal shaping / episode  : -2.146
DFA transitions / episode   : 0.79
DFA transitions in window   : 1->2: 54, 2->3: 21, 3->4: 4
epsilon (next episode)       : 0.35342
replay buffer                : 300000 samples [1: 67.5%, 2: 24.3%, 3: 7.5%, 4: 0.8%, 5: 0.0%]
DFA state visits in window   : 1: 24925, 2: 10899, 3: 5677, 4: 386, 5: 0
DFA state visits cumulative  : 1: 855554, 2: 86451, 3: 23208, 4: 2296, 5: 3
DFA state entries in window  : 1: 100, 2: 54, 3: 21, 4: 4, 5: 0
DFA state entries cumulative : 1: 5200, 2: 412, 3: 104, 4: 23, 5: 3
transitions cumulative       : 1->2: 412, 2->3: 104, 3->4: 23, 4->5: 3
accepted directly from s0    : 0
Gym endings cumulative       : terminated=5089, truncated=108

[Episode 5300/12000 | last 100]
success rate                : 4.0% (cumulative 0.1%)
failure rate                : 0.0% (cumulative 0.0%)
completed cycles / episode  : 0.000
synthetic task reward       : 400.000
shaping reward              : 675.423
learning reward             : 1075.423
episode length              : 435.2
abstract changes / episode  : 401.1
same abstract-state steps   : 7.8%
same-state shaping / episode: 0.000
changed-state shaping / ep. : 675.423
terminal shaping / episode  : 5.341
DFA transitions / episode   : 0.90
DFA transitions in window   : 1->2: 51, 2->3: 27, 3->4: 8, 4->5: 4
epsilon (next episode)       : 0.34642
replay buffer                : 300000 samples [1: 65.6%, 2: 24.5%, 3: 9.0%, 4: 0.9%, 5: 0.0%]
DFA state visits in window   : 1: 24577, 2: 12270, 3: 6079, 4: 686, 5: 4
DFA state visits cumulative  : 1: 880131, 2: 98721, 3: 29287, 4: 2982, 5: 7
DFA state entries in window  : 1: 100, 2: 51, 3: 27, 4: 8, 5: 4
DFA state entries cumulative : 1: 5300, 2: 463, 3: 131, 4: 31, 5: 7
transitions cumulative       : 1->2: 463, 2->3: 131, 3->4: 31, 4->5: 7
accepted directly from s0    : 0
Gym endings cumulative       : terminated=5178, truncated=115

[Episode 5400/12000 | last 100]
success rate                : 0.0% (cumulative 0.1%)
failure rate                : 0.0% (cumulative 0.0%)
completed cycles / episode  : 0.000
synthetic task reward       : 0.000
shaping reward              : 228.516
learning reward             : 228.516
episode length              : 366.7
abstract changes / episode  : 336.9
same abstract-state steps   : 8.1%
same-state shaping / episode: 0.000
changed-state shaping / ep. : 228.516
terminal shaping / episode  : -2.220
DFA transitions / episode   : 0.64
DFA transitions in window   : 1->2: 46, 2->3: 16, 3->4: 2
epsilon (next episode)       : 0.33956
replay buffer                : 300000 samples [1: 63.0%, 2: 25.6%, 3: 10.4%, 4: 1.0%, 5: 0.0%]
DFA state visits in window   : 1: 21965, 2: 10013, 3: 4497, 4: 293, 5: 0
DFA state visits cumulative  : 1: 902096, 2: 108734, 3: 33784, 4: 3275, 5: 7
DFA state entries in window  : 1: 100, 2: 46, 3: 16, 4: 2, 5: 0
DFA state entries cumulative : 1: 5400, 2: 509, 3: 147, 4: 33, 5: 7
transitions cumulative       : 1->2: 509, 2->3: 147, 3->4: 33, 4->5: 7
accepted directly from s0    : 0
Gym endings cumulative       : terminated=5270, truncated=123

[Episode 5500/12000 | last 100]
success rate                : 1.0% (cumulative 0.1%)
failure rate                : 0.0% (cumulative 0.0%)
completed cycles / episode  : 0.000
synthetic task reward       : 100.000
shaping reward              : 231.606
learning reward             : 331.606
episode length              : 364.4
abstract changes / episode  : 339.0
same abstract-state steps   : 7.0%
same-state shaping / episode: 0.000
changed-state shaping / ep. : 231.606
terminal shaping / episode  : -1.713
DFA transitions / episode   : 0.56
DFA transitions in window   : 1->2: 39, 2->3: 13, 3->4: 3, 4->5: 1
epsilon (next episode)       : 0.33283
replay buffer                : 300000 samples [1: 61.5%, 2: 26.8%, 3: 10.7%, 4: 1.0%, 5: 0.0%]
DFA state visits in window   : 1: 21679, 2: 11336, 3: 3237, 4: 282, 5: 1
DFA state visits cumulative  : 1: 923775, 2: 120070, 3: 37021, 4: 3557, 5: 8
DFA state entries in window  : 1: 100, 2: 39, 3: 13, 4: 3, 5: 1
DFA state entries cumulative : 1: 5500, 2: 548, 3: 160, 4: 36, 5: 8
transitions cumulative       : 1->2: 548, 2->3: 160, 3->4: 36, 4->5: 8
accepted directly from s0    : 0
Gym endings cumulative       : terminated=5366, truncated=126

Starting autonomous greedy evaluation at episode 5500 (1000 fixed-seed episodes)...
[Greedy evaluation at episode 5500 | 1000 fixed-seed episodes]
success=0.0%, failure=0.0%, task reward=0.000, length=850.2
DFA transitions: 1->2: 799, 2->3: 103, 3->4: 23

[Episode 5600/12000 | last 100]
success rate                : 0.0% (cumulative 0.1%)
failure rate                : 0.0% (cumulative 0.0%)
completed cycles / episode  : 0.000
synthetic task reward       : 0.000
shaping reward              : 208.612
learning reward             : 208.612
episode length              : 394.7
abstract changes / episode  : 361.4
same abstract-state steps   : 8.4%
same-state shaping / episode: 0.000
changed-state shaping / ep. : 208.612
terminal shaping / episode  : -0.519
DFA transitions / episode   : 0.76
DFA transitions in window   : 1->2: 52, 2->3: 20, 3->4: 4
epsilon (next episode)       : 0.32624
replay buffer                : 300000 samples [1: 58.8%, 2: 28.1%, 3: 12.0%, 4: 1.1%, 5: 0.0%]
DFA state visits in window   : 1: 20711, 2: 12437, 3: 5972, 4: 449, 5: 0
DFA state visits cumulative  : 1: 944486, 2: 132507, 3: 42993, 4: 4006, 5: 8
DFA state entries in window  : 1: 100, 2: 52, 3: 20, 4: 4, 5: 0
DFA state entries cumulative : 1: 5600, 2: 600, 3: 180, 4: 40, 5: 8
transitions cumulative       : 1->2: 600, 2->3: 180, 3->4: 40, 4->5: 8
accepted directly from s0    : 0
Gym endings cumulative       : terminated=5460, truncated=133

[Episode 5700/12000 | last 100]
success rate                : 0.0% (cumulative 0.1%)
failure rate                : 0.0% (cumulative 0.0%)
completed cycles / episode  : 0.000
synthetic task reward       : 0.000
shaping reward              : 315.566
learning reward             : 315.566
episode length              : 432.4
abstract changes / episode  : 394.1
same abstract-state steps   : 8.8%
same-state shaping / episode: 0.000
changed-state shaping / ep. : 315.566
terminal shaping / episode  : -2.339
DFA transitions / episode   : 0.83
DFA transitions in window   : 1->2: 55, 2->3: 25, 3->4: 3
epsilon (next episode)       : 0.31978
replay buffer                : 300000 samples [1: 57.3%, 2: 28.7%, 3: 12.9%, 4: 1.1%, 5: 0.0%]
DFA state visits in window   : 1: 23137, 2: 13014, 3: 6996, 4: 190, 5: 0
DFA state visits cumulative  : 1: 967623, 2: 145521, 3: 49989, 4: 4196, 5: 8
DFA state entries in window  : 1: 100, 2: 55, 3: 25, 4: 3, 5: 0
DFA state entries cumulative : 1: 5700, 2: 655, 3: 205, 4: 43, 5: 8
transitions cumulative       : 1->2: 655, 2->3: 205, 3->4: 43, 4->5: 8
accepted directly from s0    : 0
Gym endings cumulative       : terminated=5552, truncated=141

[Episode 5800/12000 | last 100]
success rate                : 7.0% (cumulative 0.3%)
failure rate                : 0.0% (cumulative 0.0%)
completed cycles / episode  : 0.000
synthetic task reward       : 700.000
shaping reward              : 922.236
learning reward             : 1622.236
episode length              : 452.6
abstract changes / episode  : 419.9
same abstract-state steps   : 7.2%
same-state shaping / episode: 0.000
changed-state shaping / ep. : 922.236
terminal shaping / episode  : 9.322
DFA transitions / episode   : 1.06
DFA transitions in window   : 1->2: 56, 2->3: 32, 3->4: 11, 4->5: 7
epsilon (next episode)       : 0.31345
replay buffer                : 300000 samples [1: 55.4%, 2: 29.1%, 3: 14.2%, 4: 1.3%, 5: 0.0%]
DFA state visits in window   : 1: 21856, 2: 13692, 3: 8716, 4: 1085, 5: 7
DFA state visits cumulative  : 1: 989479, 2: 159213, 3: 58705, 4: 5281, 5: 15
DFA state entries in window  : 1: 100, 2: 56, 3: 32, 4: 11, 5: 7
DFA state entries cumulative : 1: 5800, 2: 711, 3: 237, 4: 54, 5: 15
transitions cumulative       : 1->2: 711, 2->3: 237, 3->4: 54, 4->5: 15
accepted directly from s0    : 0
Gym endings cumulative       : terminated=5638, truncated=148

[Episode 5900/12000 | last 100]
success rate                : 4.0% (cumulative 0.3%)
failure rate                : 0.0% (cumulative 0.0%)
completed cycles / episode  : 0.000
synthetic task reward       : 400.000
shaping reward              : 834.064
learning reward             : 1234.064
episode length              : 461.9
abstract changes / episode  : 423.7
same abstract-state steps   : 8.3%
same-state shaping / episode: 0.000
changed-state shaping / ep. : 834.064
terminal shaping / episode  : 4.847
DFA transitions / episode   : 1.13
DFA transitions in window   : 1->2: 65, 2->3: 35, 3->4: 9, 4->5: 4
epsilon (next episode)       : 0.30724
replay buffer                : 300000 samples [1: 52.8%, 2: 30.1%, 3: 15.8%, 4: 1.3%, 5: 0.0%]
DFA state visits in window   : 1: 19520, 2: 14880, 3: 11046, 4: 835, 5: 4
DFA state visits cumulative  : 1: 1008999, 2: 174093, 3: 69751, 4: 6116, 5: 19
DFA state entries in window  : 1: 100, 2: 65, 3: 35, 4: 9, 5: 4
DFA state entries cumulative : 1: 5900, 2: 776, 3: 272, 4: 63, 5: 19
transitions cumulative       : 1->2: 776, 2->3: 272, 3->4: 63, 4->5: 19
accepted directly from s0    : 0
Gym endings cumulative       : terminated=5722, truncated=160

[Episode 6000/12000 | last 100]
success rate                : 5.0% (cumulative 0.4%)
failure rate                : 0.0% (cumulative 0.0%)
completed cycles / episode  : 0.000
synthetic task reward       : 500.000
shaping reward              : 773.007
learning reward             : 1273.007
episode length              : 385.4
abstract changes / episode  : 363.8
same abstract-state steps   : 5.6%
same-state shaping / episode: 0.000
changed-state shaping / ep. : 773.007
terminal shaping / episode  : 5.199
DFA transitions / episode   : 0.92
DFA transitions in window   : 1->2: 51, 2->3: 27, 3->4: 9, 4->5: 5
epsilon (next episode)       : 0.30116
replay buffer                : 300000 samples [1: 51.8%, 2: 30.1%, 3: 16.7%, 4: 1.3%, 5: 0.0%]
DFA state visits in window   : 1: 20016, 2: 10809, 3: 7271, 4: 535, 5: 5
DFA state visits cumulative  : 1: 1029015, 2: 184902, 3: 77022, 4: 6651, 5: 24
DFA state entries in window  : 1: 100, 2: 51, 3: 27, 4: 9, 5: 5
DFA state entries cumulative : 1: 6000, 2: 827, 3: 299, 4: 72, 5: 24
transitions cumulative       : 1->2: 827, 2->3: 299, 3->4: 72, 4->5: 24
accepted directly from s0    : 0
Gym endings cumulative       : terminated=5809, truncated=168

Starting autonomous greedy evaluation at episode 6000 (1000 fixed-seed episodes)...
[Greedy evaluation at episode 6000 | 1000 fixed-seed episodes]
success=55.6%, failure=0.0%, task reward=5560.000, length=616.2
DFA transitions: 1->2: 685, 2->3: 635, 3->4: 616, 4->5: 556
Best policy updated from autonomous greedy evaluation at episode 6000.

[Episode 6100/12000 | last 100]
success rate                : 9.0% (cumulative 0.5%)
failure rate                : 0.0% (cumulative 0.0%)
completed cycles / episode  : 0.000
synthetic task reward       : 900.000
shaping reward              : 1315.425
learning reward             : 2215.425
episode length              : 411.5
abstract changes / episode  : 386.6
same abstract-state steps   : 6.1%
same-state shaping / episode: 0.000
changed-state shaping / ep. : 1315.425
terminal shaping / episode  : 10.490
DFA transitions / episode   : 1.05
DFA transitions in window   : 1->2: 51, 2->3: 30, 3->4: 15, 4->5: 9
epsilon (next episode)       : 0.29519
replay buffer                : 300000 samples [1: 50.9%, 2: 29.5%, 3: 18.0%, 4: 1.5%, 5: 0.0%]
DFA state visits in window   : 1: 20677, 2: 9491, 3: 9799, 4: 1274, 5: 9
DFA state visits cumulative  : 1: 1049692, 2: 194393, 3: 86821, 4: 7925, 5: 33
DFA state entries in window  : 1: 100, 2: 51, 3: 30, 4: 15, 5: 9
DFA state entries cumulative : 1: 6100, 2: 878, 3: 329, 4: 87, 5: 33
transitions cumulative       : 1->2: 878, 2->3: 329, 3->4: 87, 4->5: 33
accepted directly from s0    : 0
Gym endings cumulative       : terminated=5895, truncated=173

[Episode 6200/12000 | last 100]
success rate                : 7.0% (cumulative 0.6%)
failure rate                : 0.0% (cumulative 0.0%)
completed cycles / episode  : 0.000
synthetic task reward       : 700.000
shaping reward              : 995.250
learning reward             : 1695.250
episode length              : 343.6
abstract changes / episode  : 320.7
same abstract-state steps   : 6.7%
same-state shaping / episode: 0.000
changed-state shaping / ep. : 995.250
terminal shaping / episode  : 11.740
DFA transitions / episode   : 0.86
DFA transitions in window   : 1->2: 39, 2->3: 26, 3->4: 14, 4->5: 7
epsilon (next episode)       : 0.28935
replay buffer                : 300000 samples [1: 50.3%, 2: 28.6%, 3: 19.0%, 4: 2.0%, 5: 0.0%]
DFA state visits in window   : 1: 18578, 2: 8040, 3: 6254, 4: 1576, 5: 7
DFA state visits cumulative  : 1: 1068270, 2: 202433, 3: 93075, 4: 9501, 5: 40
DFA state entries in window  : 1: 100, 2: 39, 3: 26, 4: 14, 5: 7
DFA state entries cumulative : 1: 6200, 2: 917, 3: 355, 4: 101, 5: 40
transitions cumulative       : 1->2: 917, 2->3: 355, 3->4: 101, 4->5: 40
accepted directly from s0    : 0
Gym endings cumulative       : terminated=5983, truncated=178

[Episode 6300/12000 | last 100]
success rate                : 7.0% (cumulative 0.7%)
failure rate                : 0.0% (cumulative 0.0%)
completed cycles / episode  : 0.000
synthetic task reward       : 700.000
shaping reward              : 1181.117
learning reward             : 1881.117
episode length              : 373.8
abstract changes / episode  : 351.2
same abstract-state steps   : 6.0%
same-state shaping / episode: 0.000
changed-state shaping / ep. : 1181.117
terminal shaping / episode  : 7.336
DFA transitions / episode   : 1.00
DFA transitions in window   : 1->2: 49, 2->3: 27, 3->4: 17, 4->5: 7
epsilon (next episode)       : 0.28362
replay buffer                : 300000 samples [1: 49.3%, 2: 29.1%, 3: 19.1%, 4: 2.5%, 5: 0.0%]
DFA state visits in window   : 1: 18283, 2: 12471, 3: 4971, 4: 1746, 5: 7
DFA state visits cumulative  : 1: 1086553, 2: 214904, 3: 98046, 4: 11247, 5: 47
DFA state entries in window  : 1: 100, 2: 49, 3: 27, 4: 17, 5: 7
DFA state entries cumulative : 1: 6300, 2: 966, 3: 382, 4: 118, 5: 47
transitions cumulative       : 1->2: 966, 2->3: 382, 3->4: 118, 4->5: 47
accepted directly from s0    : 0
Gym endings cumulative       : terminated=6073, truncated=181

[Episode 6400/12000 | last 100]
success rate                : 2.0% (cumulative 0.8%)
failure rate                : 0.0% (cumulative 0.0%)
completed cycles / episode  : 0.000
synthetic task reward       : 200.000
shaping reward              : 379.113
learning reward             : 579.113
episode length              : 373.8
abstract changes / episode  : 335.3
same abstract-state steps   : 10.3%
same-state shaping / episode: 0.000
changed-state shaping / ep. : 379.113
terminal shaping / episode  : 1.329
DFA transitions / episode   : 0.66
DFA transitions in window   : 1->2: 45, 2->3: 16, 3->4: 3, 4->5: 2
epsilon (next episode)       : 0.27800
replay buffer                : 300000 samples [1: 50.6%, 2: 28.8%, 3: 18.1%, 4: 2.5%, 5: 0.0%]
DFA state visits in window   : 1: 22316, 2: 10833, 3: 4038, 4: 292, 5: 2
DFA state visits cumulative  : 1: 1108869, 2: 225737, 3: 102084, 4: 11539, 5: 49
DFA state entries in window  : 1: 100, 2: 45, 3: 16, 4: 3, 5: 2
DFA state entries cumulative : 1: 6400, 2: 1011, 3: 398, 4: 121, 5: 49
transitions cumulative       : 1->2: 1011, 2->3: 398, 3->4: 121, 4->5: 49
accepted directly from s0    : 0
Gym endings cumulative       : terminated=6166, truncated=186

[Episode 6500/12000 | last 100]
success rate                : 6.0% (cumulative 0.8%)
failure rate                : 0.0% (cumulative 0.0%)
completed cycles / episode  : 0.000
synthetic task reward       : 600.000
shaping reward              : 1061.592
learning reward             : 1661.592
episode length              : 397.9
abstract changes / episode  : 363.4
same abstract-state steps   : 8.7%
same-state shaping / episode: 0.000
changed-state shaping / ep. : 1061.592
terminal shaping / episode  : 3.599
DFA transitions / episode   : 1.12
DFA transitions in window   : 1->2: 58, 2->3: 35, 3->4: 13, 4->5: 6
epsilon (next episode)       : 0.27250
replay buffer                : 300000 samples [1: 51.1%, 2: 28.1%, 3: 18.2%, 4: 2.6%, 5: 0.0%]
DFA state visits in window   : 1: 22216, 2: 10347, 3: 6286, 4: 1040, 5: 6
DFA state visits cumulative  : 1: 1131085, 2: 236084, 3: 108370, 4: 12579, 5: 55
DFA state entries in window  : 1: 100, 2: 58, 3: 35, 4: 13, 5: 6
DFA state entries cumulative : 1: 6500, 2: 1069, 3: 433, 4: 134, 5: 55
transitions cumulative       : 1->2: 1069, 2->3: 433, 3->4: 134, 4->5: 55
accepted directly from s0    : 0
Gym endings cumulative       : terminated=6254, truncated=192

Starting autonomous greedy evaluation at episode 6500 (1000 fixed-seed episodes)...
[Greedy evaluation at episode 6500 | 1000 fixed-seed episodes]
success=30.9%, failure=0.0%, task reward=3090.000, length=613.2
DFA transitions: 1->2: 703, 2->3: 655, 3->4: 360, 4->5: 309

[Episode 6600/12000 | last 100]
success rate                : 10.0% (cumulative 1.0%)
failure rate                : 0.0% (cumulative 0.0%)
completed cycles / episode  : 0.000
synthetic task reward       : 1000.000
shaping reward              : 1214.818
learning reward             : 2214.818
episode length              : 389.0
abstract changes / episode  : 366.6
same abstract-state steps   : 5.8%
same-state shaping / episode: 0.000
changed-state shaping / ep. : 1214.818
terminal shaping / episode  : 12.995
DFA transitions / episode   : 1.14
DFA transitions in window   : 1->2: 54, 2->3: 36, 3->4: 14, 4->5: 10
epsilon (next episode)       : 0.26710
replay buffer                : 300000 samples [1: 52.2%, 2: 26.6%, 3: 18.4%, 4: 2.8%, 5: 0.0%]
DFA state visits in window   : 1: 20233, 2: 9077, 3: 8262, 4: 1420, 5: 10
DFA state visits cumulative  : 1: 1151318, 2: 245161, 3: 116632, 4: 13999, 5: 65
DFA state entries in window  : 1: 100, 2: 54, 3: 36, 4: 14, 5: 10
DFA state entries cumulative : 1: 6600, 2: 1123, 3: 469, 4: 148, 5: 65
transitions cumulative       : 1->2: 1123, 2->3: 469, 3->4: 148, 4->5: 65
accepted directly from s0    : 0
Gym endings cumulative       : terminated=6340, truncated=196

[Episode 6700/12000 | last 100]
success rate                : 14.0% (cumulative 1.2%)
failure rate                : 0.0% (cumulative 0.0%)
completed cycles / episode  : 0.000
synthetic task reward       : 1400.000
shaping reward              : 2009.672
learning reward             : 3409.672
episode length              : 520.0
abstract changes / episode  : 480.4
same abstract-state steps   : 7.6%
same-state shaping / episode: 0.000
changed-state shaping / ep. : 2009.672
terminal shaping / episode  : 17.614
DFA transitions / episode   : 1.52
DFA transitions in window   : 1->2: 66, 2->3: 50, 3->4: 22, 4->5: 14
epsilon (next episode)       : 0.26181
replay buffer                : 300000 samples [1: 50.6%, 2: 28.0%, 3: 18.4%, 4: 3.1%, 5: 0.0%]
DFA state visits in window   : 1: 20226, 2: 17966, 3: 12161, 4: 1735, 5: 14
DFA state visits cumulative  : 1: 1171544, 2: 263127, 3: 128793, 4: 15734, 5: 79
DFA state entries in window  : 1: 100, 2: 66, 3: 50, 4: 22, 5: 14
DFA state entries cumulative : 1: 6700, 2: 1189, 3: 519, 4: 170, 5: 79
transitions cumulative       : 1->2: 1189, 2->3: 519, 3->4: 170, 4->5: 79
accepted directly from s0    : 0
Gym endings cumulative       : terminated=6411, truncated=211

[Episode 6800/12000 | last 100]
success rate                : 11.0% (cumulative 1.3%)
failure rate                : 0.0% (cumulative 0.0%)
completed cycles / episode  : 0.000
synthetic task reward       : 1100.000
shaping reward              : 1837.857
learning reward             : 2937.857
episode length              : 471.1
abstract changes / episode  : 432.3
same abstract-state steps   : 8.2%
same-state shaping / episode: 0.000
changed-state shaping / ep. : 1837.857
terminal shaping / episode  : 7.477
DFA transitions / episode   : 1.48
DFA transitions in window   : 1->2: 67, 2->3: 48, 3->4: 22, 4->5: 11
epsilon (next episode)       : 0.25663
replay buffer                : 300000 samples [1: 49.2%, 2: 28.2%, 3: 18.9%, 4: 3.7%, 5: 0.0%]
DFA state visits in window   : 1: 20462, 2: 12887, 3: 11285, 4: 2565, 5: 11
DFA state visits cumulative  : 1: 1192006, 2: 276014, 3: 140078, 4: 18299, 5: 90
DFA state entries in window  : 1: 100, 2: 67, 3: 48, 4: 22, 5: 11
DFA state entries cumulative : 1: 6800, 2: 1256, 3: 567, 4: 192, 5: 90
transitions cumulative       : 1->2: 1256, 2->3: 567, 3->4: 192, 4->5: 90
accepted directly from s0    : 0
Gym endings cumulative       : terminated=6492, truncated=219

[Episode 6900/12000 | last 100]
success rate                : 7.0% (cumulative 1.4%)
failure rate                : 0.0% (cumulative 0.0%)
completed cycles / episode  : 0.000
synthetic task reward       : 700.000
shaping reward              : 1434.562
learning reward             : 2134.562
episode length              : 449.8
abstract changes / episode  : 422.0
same abstract-state steps   : 6.2%
same-state shaping / episode: 0.000
changed-state shaping / ep. : 1434.562
terminal shaping / episode  : 7.663
DFA transitions / episode   : 1.27
DFA transitions in window   : 1->2: 64, 2->3: 37, 3->4: 19, 4->5: 7
epsilon (next episode)       : 0.25154
replay buffer                : 300000 samples [1: 49.0%, 2: 28.9%, 3: 18.4%, 4: 3.7%, 5: 0.0%]
DFA state visits in window   : 1: 22571, 2: 13019, 3: 7406, 4: 2077, 5: 7
DFA state visits cumulative  : 1: 1214577, 2: 289033, 3: 147484, 4: 20376, 5: 97
DFA state entries in window  : 1: 100, 2: 64, 3: 37, 4: 19, 5: 7
DFA state entries cumulative : 1: 6900, 2: 1320, 3: 604, 4: 211, 5: 97
transitions cumulative       : 1->2: 1320, 2->3: 604, 3->4: 211, 4->5: 97
accepted directly from s0    : 0
Gym endings cumulative       : terminated=6577, truncated=227

[Episode 7000/12000 | last 100]
success rate                : 15.0% (cumulative 1.6%)
failure rate                : 0.0% (cumulative 0.0%)
completed cycles / episode  : 0.000
synthetic task reward       : 1500.000
shaping reward              : 2570.150
learning reward             : 4070.150
episode length              : 444.3
abstract changes / episode  : 410.6
same abstract-state steps   : 7.6%
same-state shaping / episode: 0.000
changed-state shaping / ep. : 2570.150
terminal shaping / episode  : 10.656
DFA transitions / episode   : 1.53
DFA transitions in window   : 1->2: 63, 2->3: 44, 3->4: 31, 4->5: 15
epsilon (next episode)       : 0.24656
replay buffer                : 300000 samples [1: 48.3%, 2: 29.1%, 3: 18.6%, 4: 4.0%, 5: 0.0%]
DFA state visits in window   : 1: 20394, 2: 14025, 3: 7020, 4: 3077, 5: 15
DFA state visits cumulative  : 1: 1234971, 2: 303058, 3: 154504, 4: 23453, 5: 112
DFA state entries in window  : 1: 100, 2: 63, 3: 44, 4: 31, 5: 15
DFA state entries cumulative : 1: 7000, 2: 1383, 3: 648, 4: 242, 5: 112
transitions cumulative       : 1->2: 1383, 2->3: 648, 3->4: 242, 4->5: 112
accepted directly from s0    : 0
Gym endings cumulative       : terminated=6657, truncated=232

Starting autonomous greedy evaluation at episode 7000 (1000 fixed-seed episodes)...
[Greedy evaluation at episode 7000 | 1000 fixed-seed episodes]
success=0.3%, failure=0.0%, task reward=30.000, length=906.6
DFA transitions: 1->2: 116, 2->3: 14, 3->4: 8, 4->5: 3

[Episode 7100/12000 | last 100]
success rate                : 12.0% (cumulative 1.7%)
failure rate                : 0.0% (cumulative 0.0%)
completed cycles / episode  : 0.000
synthetic task reward       : 1200.000
shaping reward              : 1923.176
learning reward             : 3123.176
episode length              : 395.0
abstract changes / episode  : 372.1
same abstract-state steps   : 5.8%
same-state shaping / episode: 0.000
changed-state shaping / ep. : 1923.176
terminal shaping / episode  : 9.004
DFA transitions / episode   : 1.31
DFA transitions in window   : 1->2: 56, 2->3: 40, 3->4: 23, 4->5: 12
epsilon (next episode)       : 0.24168
replay buffer                : 300000 samples [1: 47.9%, 2: 28.4%, 3: 19.0%, 4: 4.7%, 5: 0.0%]
DFA state visits in window   : 1: 20890, 2: 10389, 3: 6034, 4: 2271, 5: 12
DFA state visits cumulative  : 1: 1255861, 2: 313447, 3: 160538, 4: 25724, 5: 124
DFA state entries in window  : 1: 100, 2: 56, 3: 40, 4: 23, 5: 12
DFA state entries cumulative : 1: 7100, 2: 1439, 3: 688, 4: 265, 5: 124
transitions cumulative       : 1->2: 1439, 2->3: 688, 3->4: 265, 4->5: 124
accepted directly from s0    : 0
Gym endings cumulative       : terminated=6743, truncated=234

[Episode 7200/12000 | last 100]
success rate                : 18.0% (cumulative 2.0%)
failure rate                : 0.0% (cumulative 0.0%)
completed cycles / episode  : 0.000
synthetic task reward       : 1800.000
shaping reward              : 2709.923
learning reward             : 4509.923
episode length              : 457.4
abstract changes / episode  : 426.5
same abstract-state steps   : 6.8%
same-state shaping / episode: 0.000
changed-state shaping / ep. : 2709.923
terminal shaping / episode  : 9.931
DFA transitions / episode   : 1.62
DFA transitions in window   : 1->2: 62, 2->3: 46, 3->4: 36, 4->5: 18
epsilon (next episode)       : 0.23689
replay buffer                : 300000 samples [1: 46.2%, 2: 28.8%, 3: 19.4%, 4: 5.5%, 5: 0.0%]
DFA state visits in window   : 1: 22662, 2: 11389, 3: 8041, 4: 3733, 5: 18
DFA state visits cumulative  : 1: 1278523, 2: 324836, 3: 168579, 4: 29457, 5: 142
DFA state entries in window  : 1: 100, 2: 62, 3: 46, 4: 36, 5: 18
DFA state entries cumulative : 1: 7200, 2: 1501, 3: 734, 4: 301, 5: 142
transitions cumulative       : 1->2: 1501, 2->3: 734, 3->4: 301, 4->5: 142
accepted directly from s0    : 0
Gym endings cumulative       : terminated=6820, truncated=239

[Episode 7300/12000 | last 100]
success rate                : 26.0% (cumulative 2.3%)
failure rate                : 0.0% (cumulative 0.0%)
completed cycles / episode  : 0.000
synthetic task reward       : 2600.000
shaping reward              : 3289.958
learning reward             : 5889.958
episode length              : 470.9
abstract changes / episode  : 433.7
same abstract-state steps   : 7.9%
same-state shaping / episode: 0.000
changed-state shaping / ep. : 3289.958
terminal shaping / episode  : 31.165
DFA transitions / episode   : 1.83
DFA transitions in window   : 1->2: 68, 2->3: 51, 3->4: 38, 4->5: 26
epsilon (next episode)       : 0.23220
replay buffer                : 300000 samples [1: 46.4%, 2: 28.6%, 3: 18.9%, 4: 6.1%, 5: 0.0%]
DFA state visits in window   : 1: 20855, 2: 12851, 3: 10006, 4: 3451, 5: 26
DFA state visits cumulative  : 1: 1299378, 2: 337687, 3: 178585, 4: 32908, 5: 168
DFA state entries in window  : 1: 100, 2: 68, 3: 51, 4: 38, 5: 26
DFA state entries cumulative : 1: 7300, 2: 1569, 3: 785, 4: 339, 5: 168
transitions cumulative       : 1->2: 1569, 2->3: 785, 3->4: 339, 4->5: 168
accepted directly from s0    : 0
Gym endings cumulative       : terminated=6888, truncated=245

[Episode 7400/12000 | last 100]
success rate                : 18.0% (cumulative 2.5%)
failure rate                : 0.0% (cumulative 0.0%)
completed cycles / episode  : 0.000
synthetic task reward       : 1800.000
shaping reward              : 2221.945
learning reward             : 4021.945
episode length              : 347.5
abstract changes / episode  : 323.0
same abstract-state steps   : 7.1%
same-state shaping / episode: 0.000
changed-state shaping / ep. : 2221.945
terminal shaping / episode  : 17.312
DFA transitions / episode   : 1.30
DFA transitions in window   : 1->2: 54, 2->3: 32, 3->4: 26, 4->5: 18
epsilon (next episode)       : 0.22760
replay buffer                : 300000 samples [1: 48.5%, 2: 27.3%, 3: 17.8%, 4: 6.4%, 5: 0.0%]
DFA state visits in window   : 1: 18929, 2: 8787, 3: 4783, 4: 2334, 5: 18
DFA state visits cumulative  : 1: 1318307, 2: 346474, 3: 183368, 4: 35242, 5: 186
DFA state entries in window  : 1: 100, 2: 54, 3: 32, 4: 26, 5: 18
DFA state entries cumulative : 1: 7400, 2: 1623, 3: 817, 4: 365, 5: 186
transitions cumulative       : 1->2: 1623, 2->3: 817, 3->4: 365, 4->5: 186
accepted directly from s0    : 0
Gym endings cumulative       : terminated=6970, truncated=245

[Episode 7500/12000 | last 100]
success rate                : 30.0% (cumulative 2.9%)
failure rate                : 0.0% (cumulative 0.0%)
completed cycles / episode  : 0.000
synthetic task reward       : 3000.000
shaping reward              : 3679.663
learning reward             : 6679.663
episode length              : 423.6
abstract changes / episode  : 393.8
same abstract-state steps   : 7.0%
same-state shaping / episode: 0.000
changed-state shaping / ep. : 3679.663
terminal shaping / episode  : 33.995
DFA transitions / episode   : 1.76
DFA transitions in window   : 1->2: 57, 2->3: 47, 3->4: 42, 4->5: 30
epsilon (next episode)       : 0.22310
replay buffer                : 300000 samples [1: 49.0%, 2: 27.4%, 3: 16.7%, 4: 6.8%, 5: 0.0%]
DFA state visits in window   : 1: 20734, 2: 11469, 3: 6808, 4: 3416, 5: 30
DFA state visits cumulative  : 1: 1339041, 2: 357943, 3: 190176, 4: 38658, 5: 216
DFA state entries in window  : 1: 100, 2: 57, 3: 47, 4: 42, 5: 30
DFA state entries cumulative : 1: 7500, 2: 1680, 3: 864, 4: 407, 5: 216
transitions cumulative       : 1->2: 1680, 2->3: 864, 3->4: 407, 4->5: 216
accepted directly from s0    : 0
Gym endings cumulative       : terminated=7036, truncated=249

Starting autonomous greedy evaluation at episode 7500 (1000 fixed-seed episodes)...
[Greedy evaluation at episode 7500 | 1000 fixed-seed episodes]
success=31.6%, failure=0.0%, task reward=3160.000, length=659.8
DFA transitions: 1->2: 546, 2->3: 466, 3->4: 432, 4->5: 316

[Episode 7600/12000 | last 100]
success rate                : 30.0% (cumulative 3.2%)
failure rate                : 0.0% (cumulative 0.0%)
completed cycles / episode  : 0.000
synthetic task reward       : 3000.000
shaping reward              : 3954.863
learning reward             : 6954.863
episode length              : 388.8
abstract changes / episode  : 358.3
same abstract-state steps   : 7.8%
same-state shaping / episode: 0.000
changed-state shaping / ep. : 3954.863
terminal shaping / episode  : 29.859
DFA transitions / episode   : 1.82
DFA transitions in window   : 1->2: 59, 2->3: 48, 3->4: 45, 4->5: 30
epsilon (next episode)       : 0.21868
replay buffer                : 300000 samples [1: 48.3%, 2: 27.2%, 3: 17.2%, 4: 7.3%, 5: 0.0%]
DFA state visits in window   : 1: 17548, 2: 10052, 3: 7901, 4: 3446, 5: 30
DFA state visits cumulative  : 1: 1356589, 2: 367995, 3: 198077, 4: 42104, 5: 246
DFA state entries in window  : 1: 100, 2: 59, 3: 48, 4: 45, 5: 30
DFA state entries cumulative : 1: 7600, 2: 1739, 3: 912, 4: 452, 5: 246
transitions cumulative       : 1->2: 1739, 2->3: 912, 3->4: 452, 4->5: 246
accepted directly from s0    : 0
Gym endings cumulative       : terminated=7104, truncated=251

[Episode 7700/12000 | last 100]
success rate                : 34.0% (cumulative 3.6%)
failure rate                : 0.0% (cumulative 0.0%)
completed cycles / episode  : 0.000
synthetic task reward       : 3400.000
shaping reward              : 3929.916
learning reward             : 7329.916
episode length              : 443.2
abstract changes / episode  : 408.6
same abstract-state steps   : 7.8%
same-state shaping / episode: 0.000
changed-state shaping / ep. : 3929.916
terminal shaping / episode  : 47.294
DFA transitions / episode   : 1.80
DFA transitions in window   : 1->2: 55, 2->3: 47, 3->4: 44, 4->5: 34
epsilon (next episode)       : 0.21435
replay buffer                : 300000 samples [1: 49.2%, 2: 25.8%, 3: 17.6%, 4: 7.3%, 5: 0.0%]
DFA state visits in window   : 1: 22145, 2: 11355, 3: 7857, 4: 3028, 5: 34
DFA state visits cumulative  : 1: 1378734, 2: 379350, 3: 205934, 4: 45132, 5: 280
DFA state entries in window  : 1: 100, 2: 55, 3: 47, 4: 44, 5: 34
DFA state entries cumulative : 1: 7700, 2: 1794, 3: 959, 4: 496, 5: 280
transitions cumulative       : 1->2: 1794, 2->3: 959, 3->4: 496, 4->5: 280
accepted directly from s0    : 0
Gym endings cumulative       : terminated=7169, truncated=252

[Episode 7800/12000 | last 100]
success rate                : 30.0% (cumulative 4.0%)
failure rate                : 0.0% (cumulative 0.0%)
completed cycles / episode  : 0.000
synthetic task reward       : 3000.000
shaping reward              : 3286.142
learning reward             : 6286.142
episode length              : 407.4
abstract changes / episode  : 375.7
same abstract-state steps   : 7.8%
same-state shaping / episode: 0.000
changed-state shaping / ep. : 3286.142
terminal shaping / episode  : 39.961
DFA transitions / episode   : 1.66
DFA transitions in window   : 1->2: 57, 2->3: 43, 3->4: 36, 4->5: 30
epsilon (next episode)       : 0.21010
replay buffer                : 300000 samples [1: 49.7%, 2: 25.2%, 3: 17.6%, 4: 7.4%, 5: 0.0%]
DFA state visits in window   : 1: 23370, 2: 8358, 3: 6445, 4: 2638, 5: 30
DFA state visits cumulative  : 1: 1402104, 2: 387708, 3: 212379, 4: 47770, 5: 310
DFA state entries in window  : 1: 100, 2: 57, 3: 43, 4: 36, 5: 30
DFA state entries cumulative : 1: 7800, 2: 1851, 3: 1002, 4: 532, 5: 310
transitions cumulative       : 1->2: 1851, 2->3: 1002, 3->4: 532, 4->5: 310
accepted directly from s0    : 0
Gym endings cumulative       : terminated=7238, truncated=253

[Episode 7900/12000 | last 100]
success rate                : 31.0% (cumulative 4.3%)
failure rate                : 0.0% (cumulative 0.0%)
completed cycles / episode  : 0.000
synthetic task reward       : 3100.000
shaping reward              : 3605.665
learning reward             : 6705.665
episode length              : 487.4
abstract changes / episode  : 448.7
same abstract-state steps   : 8.0%
same-state shaping / episode: 0.000
changed-state shaping / ep. : 3605.665
terminal shaping / episode  : 39.932
DFA transitions / episode   : 1.96
DFA transitions in window   : 1->2: 72, 2->3: 54, 3->4: 39, 4->5: 31
epsilon (next episode)       : 0.20594
replay buffer                : 300000 samples [1: 49.1%, 2: 26.2%, 3: 17.6%, 4: 7.1%, 5: 0.0%]
DFA state visits in window   : 1: 22738, 2: 14845, 3: 8594, 4: 2636, 5: 31
DFA state visits cumulative  : 1: 1424842, 2: 402553, 3: 220973, 4: 50406, 5: 341
DFA state entries in window  : 1: 100, 2: 72, 3: 54, 4: 39, 5: 31
DFA state entries cumulative : 1: 7900, 2: 1923, 3: 1056, 4: 571, 5: 341
transitions cumulative       : 1->2: 1923, 2->3: 1056, 3->4: 571, 4->5: 341
accepted directly from s0    : 0
Gym endings cumulative       : terminated=7300, truncated=260

[Episode 8000/12000 | last 100]
success rate                : 44.0% (cumulative 4.8%)
failure rate                : 0.0% (cumulative 0.0%)
completed cycles / episode  : 0.000
synthetic task reward       : 4400.000
shaping reward              : 4789.568
learning reward             : 9189.568
episode length              : 474.1
abstract changes / episode  : 427.4
same abstract-state steps   : 9.8%
same-state shaping / episode: 0.000
changed-state shaping / ep. : 4789.568
terminal shaping / episode  : 73.357
DFA transitions / episode   : 2.24
DFA transitions in window   : 1->2: 70, 2->3: 58, 3->4: 52, 4->5: 44
epsilon (next episode)       : 0.20186
replay buffer                : 300000 samples [1: 49.2%, 2: 26.2%, 3: 17.5%, 4: 7.1%, 5: 0.0%]
DFA state visits in window   : 1: 20685, 2: 13513, 3: 9790, 4: 3473, 5: 44
DFA state visits cumulative  : 1: 1445527, 2: 416066, 3: 230763, 4: 53879, 5: 385
DFA state entries in window  : 1: 100, 2: 70, 3: 58, 4: 52, 5: 44
DFA state entries cumulative : 1: 8000, 2: 1993, 3: 1114, 4: 623, 5: 385
transitions cumulative       : 1->2: 1993, 2->3: 1114, 3->4: 623, 4->5: 385
accepted directly from s0    : 0
Gym endings cumulative       : terminated=7352, truncated=264

Starting autonomous greedy evaluation at episode 8000 (1000 fixed-seed episodes)...
[Greedy evaluation at episode 8000 | 1000 fixed-seed episodes]
success=15.8%, failure=0.0%, task reward=1580.000, length=258.3
DFA transitions: 1->2: 201, 2->3: 193, 3->4: 165, 4->5: 158

[Episode 8100/12000 | last 100]
success rate                : 35.0% (cumulative 5.2%)
failure rate                : 0.0% (cumulative 0.0%)
completed cycles / episode  : 0.000
synthetic task reward       : 3500.000
shaping reward              : 3878.785
learning reward             : 7378.785
episode length              : 432.4
abstract changes / episode  : 393.9
same abstract-state steps   : 8.9%
same-state shaping / episode: 0.000
changed-state shaping / ep. : 3878.785
terminal shaping / episode  : 43.162
DFA transitions / episode   : 1.99
DFA transitions in window   : 1->2: 68, 2->3: 52, 3->4: 44, 4->5: 35
epsilon (next episode)       : 0.19787
replay buffer                : 300000 samples [1: 47.7%, 2: 27.3%, 3: 18.0%, 4: 7.0%, 5: 0.0%]
DFA state visits in window   : 1: 18457, 2: 14241, 3: 7338, 4: 3273, 5: 35
DFA state visits cumulative  : 1: 1463984, 2: 430307, 3: 238101, 4: 57152, 5: 420
DFA state entries in window  : 1: 100, 2: 68, 3: 52, 4: 44, 5: 35
DFA state entries cumulative : 1: 8100, 2: 2061, 3: 1166, 4: 667, 5: 420
transitions cumulative       : 1->2: 2061, 2->3: 1166, 3->4: 667, 4->5: 420
accepted directly from s0    : 0
Gym endings cumulative       : terminated=7414, truncated=267

[Episode 8200/12000 | last 100]
success rate                : 36.0% (cumulative 5.6%)
failure rate                : 0.0% (cumulative 0.0%)
completed cycles / episode  : 0.000
synthetic task reward       : 3600.000
shaping reward              : 3921.625
learning reward             : 7521.625
episode length              : 419.4
abstract changes / episode  : 378.1
same abstract-state steps   : 9.8%
same-state shaping / episode: 0.000
changed-state shaping / ep. : 3921.625
terminal shaping / episode  : 52.551
DFA transitions / episode   : 1.94
DFA transitions in window   : 1->2: 58, 2->3: 53, 3->4: 47, 4->5: 36
epsilon (next episode)       : 0.19395
replay buffer                : 300000 samples [1: 48.0%, 2: 26.7%, 3: 18.2%, 4: 7.1%, 5: 0.0%]
DFA state visits in window   : 1: 21929, 2: 9348, 3: 7432, 4: 3293, 5: 36
DFA state visits cumulative  : 1: 1485913, 2: 439655, 3: 245533, 4: 60445, 5: 456
DFA state entries in window  : 1: 100, 2: 58, 3: 53, 4: 47, 5: 36
DFA state entries cumulative : 1: 8200, 2: 2119, 3: 1219, 4: 714, 5: 456
transitions cumulative       : 1->2: 2119, 2->3: 1219, 3->4: 714, 4->5: 456
accepted directly from s0    : 0
Gym endings cumulative       : terminated=7476, truncated=270

[Episode 8300/12000 | last 100]
success rate                : 35.0% (cumulative 5.9%)
failure rate                : 0.0% (cumulative 0.0%)
completed cycles / episode  : 0.000
synthetic task reward       : 3500.000
shaping reward              : 3876.987
learning reward             : 7376.987
episode length              : 422.0
abstract changes / episode  : 395.1
same abstract-state steps   : 6.4%
same-state shaping / episode: 0.000
changed-state shaping / ep. : 3876.987
terminal shaping / episode  : 41.101
DFA transitions / episode   : 2.13
DFA transitions in window   : 1->2: 70, 2->3: 61, 3->4: 47, 4->5: 35
epsilon (next episode)       : 0.19011
replay buffer                : 300000 samples [1: 48.1%, 2: 26.9%, 3: 18.0%, 4: 7.0%, 5: 0.0%]
DFA state visits in window   : 1: 18574, 2: 11452, 3: 8854, 4: 3383, 5: 35
DFA state visits cumulative  : 1: 1504487, 2: 451107, 3: 254387, 4: 63828, 5: 491
DFA state entries in window  : 1: 100, 2: 70, 3: 61, 4: 47, 5: 35
DFA state entries cumulative : 1: 8300, 2: 2189, 3: 1280, 4: 761, 5: 491
transitions cumulative       : 1->2: 2189, 2->3: 1280, 3->4: 761, 4->5: 491
accepted directly from s0    : 0
Gym endings cumulative       : terminated=7540, truncated=271

[Episode 8400/12000 | last 100]
success rate                : 38.0% (cumulative 6.3%)
failure rate                : 0.0% (cumulative 0.0%)
completed cycles / episode  : 0.000
synthetic task reward       : 3800.000
shaping reward              : 4167.771
learning reward             : 7967.771
episode length              : 405.0
abstract changes / episode  : 371.4
same abstract-state steps   : 8.3%
same-state shaping / episode: 0.000
changed-state shaping / ep. : 4167.771
terminal shaping / episode  : 53.485
DFA transitions / episode   : 2.08
DFA transitions in window   : 1->2: 65, 2->3: 56, 3->4: 49, 4->5: 38
epsilon (next episode)       : 0.18634
replay buffer                : 300000 samples [1: 47.2%, 2: 26.8%, 3: 18.7%, 4: 7.3%, 5: 0.0%]
DFA state visits in window   : 1: 19180, 2: 9643, 3: 8358, 4: 3383, 5: 38
DFA state visits cumulative  : 1: 1523667, 2: 460750, 3: 262745, 4: 67211, 5: 529
DFA state entries in window  : 1: 100, 2: 65, 3: 56, 4: 49, 5: 38
DFA state entries cumulative : 1: 8400, 2: 2254, 3: 1336, 4: 810, 5: 529
transitions cumulative       : 1->2: 2254, 2->3: 1336, 3->4: 810, 4->5: 529
accepted directly from s0    : 0
Gym endings cumulative       : terminated=7602, truncated=271

[Episode 8500/12000 | last 100]
success rate                : 19.0% (cumulative 6.4%)
failure rate                : 0.0% (cumulative 0.0%)
completed cycles / episode  : 0.000
synthetic task reward       : 1900.000
shaping reward              : 2074.925
learning reward             : 3974.925
episode length              : 352.8
abstract changes / episode  : 316.8
same abstract-state steps   : 10.2%
same-state shaping / episode: 0.000
changed-state shaping / ep. : 2074.925
terminal shaping / episode  : 27.297
DFA transitions / episode   : 1.14
DFA transitions in window   : 1->2: 43, 2->3: 29, 3->4: 23, 4->5: 19
epsilon (next episode)       : 0.18265
replay buffer                : 300000 samples [1: 47.1%, 2: 27.8%, 3: 18.2%, 4: 6.9%, 5: 0.0%]
DFA state visits in window   : 1: 19292, 2: 10247, 3: 4398, 4: 1424, 5: 19
DFA state visits cumulative  : 1: 1542959, 2: 470997, 3: 267143, 4: 68635, 5: 548
DFA state entries in window  : 1: 100, 2: 43, 3: 29, 4: 23, 5: 19
DFA state entries cumulative : 1: 8500, 2: 2297, 3: 1365, 4: 833, 5: 548
transitions cumulative       : 1->2: 2297, 2->3: 1365, 3->4: 833, 4->5: 548
accepted directly from s0    : 0
Gym endings cumulative       : terminated=7677, truncated=277

Starting autonomous greedy evaluation at episode 8500 (1000 fixed-seed episodes)...
[Greedy evaluation at episode 8500 | 1000 fixed-seed episodes]
success=38.8%, failure=0.0%, task reward=3880.000, length=331.1
DFA transitions: 1->2: 627, 2->3: 627, 3->4: 388, 4->5: 388

[Episode 8600/12000 | last 100]
success rate                : 33.0% (cumulative 6.8%)
failure rate                : 0.0% (cumulative 0.0%)
completed cycles / episode  : 0.000
synthetic task reward       : 3300.000
shaping reward              : 3445.176
learning reward             : 6745.176
episode length              : 335.7
abstract changes / episode  : 306.0
same abstract-state steps   : 8.9%
same-state shaping / episode: 0.000
changed-state shaping / ep. : 3445.176
terminal shaping / episode  : 52.657
DFA transitions / episode   : 1.58
DFA transitions in window   : 1->2: 48, 2->3: 39, 3->4: 38, 4->5: 33
epsilon (next episode)       : 0.17904
replay buffer                : 300000 samples [1: 47.7%, 2: 26.8%, 3: 18.3%, 4: 7.2%, 5: 0.0%]
DFA state visits in window   : 1: 18090, 2: 7427, 3: 5527, 4: 2594, 5: 33
DFA state visits cumulative  : 1: 1561049, 2: 478424, 3: 272670, 4: 71229, 5: 581
DFA state entries in window  : 1: 100, 2: 48, 3: 39, 4: 38, 5: 33
DFA state entries cumulative : 1: 8600, 2: 2345, 3: 1404, 4: 871, 5: 581
transitions cumulative       : 1->2: 2345, 2->3: 1404, 3->4: 871, 4->5: 581
accepted directly from s0    : 0
Gym endings cumulative       : terminated=7743, truncated=278

[Episode 8700/12000 | last 100]
success rate                : 23.0% (cumulative 6.9%)
failure rate                : 0.0% (cumulative 0.0%)
completed cycles / episode  : 0.000
synthetic task reward       : 2300.000
shaping reward              : 2172.125
learning reward             : 4472.125
episode length              : 289.8
abstract changes / episode  : 257.6
same abstract-state steps   : 11.1%
same-state shaping / episode: 0.000
changed-state shaping / ep. : 2172.125
terminal shaping / episode  : 46.983
DFA transitions / episode   : 0.99
DFA transitions in window   : 1->2: 28, 2->3: 25, 3->4: 23, 4->5: 23
epsilon (next episode)       : 0.17549
replay buffer                : 300000 samples [1: 49.9%, 2: 25.6%, 3: 17.4%, 4: 7.1%, 5: 0.0%]
DFA state visits in window   : 1: 19947, 2: 4813, 3: 2745, 4: 1548, 5: 23
DFA state visits cumulative  : 1: 1580996, 2: 483237, 3: 275415, 4: 72777, 5: 604
DFA state entries in window  : 1: 100, 2: 28, 3: 25, 4: 23, 5: 23
DFA state entries cumulative : 1: 8700, 2: 2373, 3: 1429, 4: 894, 5: 604
transitions cumulative       : 1->2: 2373, 2->3: 1429, 3->4: 894, 4->5: 604
accepted directly from s0    : 0
Gym endings cumulative       : terminated=7820, truncated=279

[Episode 8800/12000 | last 100]
success rate                : 4.0% (cumulative 6.9%)
failure rate                : 0.0% (cumulative 0.0%)
completed cycles / episode  : 0.000
synthetic task reward       : 400.000
shaping reward              : 299.658
learning reward             : 699.658
episode length              : 290.1
abstract changes / episode  : 236.3
same abstract-state steps   : 18.6%
same-state shaping / episode: 0.000
changed-state shaping / ep. : 299.658
terminal shaping / episode  : 6.370
DFA transitions / episode   : 0.20
DFA transitions in window   : 1->2: 6, 2->3: 5, 3->4: 5, 4->5: 4
epsilon (next episode)       : 0.17201
replay buffer                : 300000 samples [1: 54.7%, 2: 23.3%, 3: 15.5%, 4: 6.5%, 5: 0.0%]
DFA state visits in window   : 1: 27046, 2: 1216, 3: 503, 4: 346, 5: 4
DFA state visits cumulative  : 1: 1608042, 2: 484453, 3: 275918, 4: 73123, 5: 608
DFA state entries in window  : 1: 100, 2: 6, 3: 5, 4: 5, 5: 4
DFA state entries cumulative : 1: 8800, 2: 2379, 3: 1434, 4: 899, 5: 608
transitions cumulative       : 1->2: 2379, 2->3: 1434, 3->4: 899, 4->5: 608
accepted directly from s0    : 0
Gym endings cumulative       : terminated=7916, truncated=279

[Episode 8900/12000 | last 100]
success rate                : 30.0% (cumulative 7.2%)
failure rate                : 0.0% (cumulative 0.0%)
completed cycles / episode  : 0.000
synthetic task reward       : 3000.000
shaping reward              : 3254.903
learning reward             : 6254.903
episode length              : 444.7
abstract changes / episode  : 397.5
same abstract-state steps   : 10.6%
same-state shaping / episode: 0.000
changed-state shaping / ep. : 3254.903
terminal shaping / episode  : 51.909
DFA transitions / episode   : 1.58
DFA transitions in window   : 1->2: 48, 2->3: 42, 3->4: 38, 4->5: 30
epsilon (next episode)       : 0.16861
replay buffer                : 300000 samples [1: 58.1%, 2: 21.0%, 3: 14.7%, 4: 6.2%, 5: 0.0%]
DFA state visits in window   : 1: 28634, 2: 7718, 3: 5808, 4: 2378, 5: 30
DFA state visits cumulative  : 1: 1636676, 2: 492171, 3: 281726, 4: 75501, 5: 638
DFA state entries in window  : 1: 100, 2: 48, 3: 42, 4: 38, 5: 30
DFA state entries cumulative : 1: 8900, 2: 2427, 3: 1476, 4: 937, 5: 638
transitions cumulative       : 1->2: 2427, 2->3: 1476, 3->4: 937, 4->5: 638
accepted directly from s0    : 0
Gym endings cumulative       : terminated=7984, truncated=281

[Episode 9000/12000 | last 100]
success rate                : 50.0% (cumulative 7.6%)
failure rate                : 0.0% (cumulative 0.0%)
completed cycles / episode  : 0.000
synthetic task reward       : 5000.000
shaping reward              : 5666.006
learning reward             : 10666.006
episode length              : 440.3
abstract changes / episode  : 412.9
same abstract-state steps   : 6.2%
same-state shaping / episode: 0.000
changed-state shaping / ep. : 5666.006
terminal shaping / episode  : 75.121
DFA transitions / episode   : 2.56
DFA transitions in window   : 1->2: 76, 2->3: 68, 3->4: 62, 4->5: 50
epsilon (next episode)       : 0.16527
replay buffer                : 300000 samples [1: 56.4%, 2: 21.7%, 3: 15.5%, 4: 6.5%, 5: 0.0%]
DFA state visits in window   : 1: 18274, 2: 11872, 3: 9877, 4: 4059, 5: 50
DFA state visits cumulative  : 1: 1654950, 2: 504043, 3: 291603, 4: 79560, 5: 688
DFA state entries in window  : 1: 100, 2: 76, 3: 68, 4: 62, 5: 50
DFA state entries cumulative : 1: 9000, 2: 2503, 3: 1544, 4: 999, 5: 688
transitions cumulative       : 1->2: 2503, 2->3: 1544, 3->4: 999, 4->5: 688
accepted directly from s0    : 0
Gym endings cumulative       : terminated=8032, truncated=283

Starting autonomous greedy evaluation at episode 9000 (1000 fixed-seed episodes)...
[Greedy evaluation at episode 9000 | 1000 fixed-seed episodes]
success=31.0%, failure=0.0%, task reward=3100.000, length=595.9
DFA transitions: 1->2: 925, 2->3: 833, 3->4: 576, 4->5: 310

[Episode 9100/12000 | last 100]
success rate                : 40.0% (cumulative 8.0%)
failure rate                : 0.0% (cumulative 0.0%)
completed cycles / episode  : 0.000
synthetic task reward       : 4000.000
shaping reward              : 4546.804
learning reward             : 8546.804
episode length              : 455.8
abstract changes / episode  : 427.7
same abstract-state steps   : 6.2%
same-state shaping / episode: 0.000
changed-state shaping / ep. : 4546.804
terminal shaping / episode  : 40.198
DFA transitions / episode   : 2.19
DFA transitions in window   : 1->2: 66, 2->3: 60, 3->4: 53, 4->5: 40
epsilon (next episode)       : 0.16200
replay buffer                : 300000 samples [1: 57.5%, 2: 20.7%, 3: 15.3%, 4: 6.4%, 5: 0.0%]
DFA state visits in window   : 1: 23271, 2: 9641, 3: 9014, 4: 3711, 5: 40
DFA state visits cumulative  : 1: 1678221, 2: 513684, 3: 300617, 4: 83271, 5: 728
DFA state entries in window  : 1: 100, 2: 66, 3: 60, 4: 53, 5: 40
DFA state entries cumulative : 1: 9100, 2: 2569, 3: 1604, 4: 1052, 5: 728
transitions cumulative       : 1->2: 2569, 2->3: 1604, 3->4: 1052, 4->5: 728
accepted directly from s0    : 0
Gym endings cumulative       : terminated=8088, truncated=287

[Episode 9200/12000 | last 100]
success rate                : 41.0% (cumulative 8.4%)
failure rate                : 0.0% (cumulative 0.0%)
completed cycles / episode  : 0.000
synthetic task reward       : 4100.000
shaping reward              : 4372.133
learning reward             : 8472.133
episode length              : 352.9
abstract changes / episode  : 329.0
same abstract-state steps   : 6.8%
same-state shaping / episode: 0.000
changed-state shaping / ep. : 4372.133
terminal shaping / episode  : 63.315
DFA transitions / episode   : 1.97
DFA transitions in window   : 1->2: 56, 2->3: 52, 3->4: 48, 4->5: 41
epsilon (next episode)       : 0.15879
replay buffer                : 300000 samples [1: 58.4%, 2: 20.0%, 3: 15.0%, 4: 6.6%, 5: 0.0%]
DFA state visits in window   : 1: 18522, 2: 6605, 3: 6726, 4: 3498, 5: 41
DFA state visits cumulative  : 1: 1696743, 2: 520289, 3: 307343, 4: 86769, 5: 769
DFA state entries in window  : 1: 100, 2: 56, 3: 52, 4: 48, 5: 41
DFA state entries cumulative : 1: 9200, 2: 2625, 3: 1656, 4: 1100, 5: 769
transitions cumulative       : 1->2: 2625, 2->3: 1656, 3->4: 1100, 4->5: 769
accepted directly from s0    : 0
Gym endings cumulative       : terminated=8145, truncated=289

[Episode 9300/12000 | last 100]
success rate                : 33.0% (cumulative 8.6%)
failure rate                : 0.0% (cumulative 0.0%)
completed cycles / episode  : 0.000
synthetic task reward       : 3300.000
shaping reward              : 3502.845
learning reward             : 6802.845
episode length              : 324.1
abstract changes / episode  : 298.6
same abstract-state steps   : 7.9%
same-state shaping / episode: 0.000
changed-state shaping / ep. : 3502.845
terminal shaping / episode  : 49.303
DFA transitions / episode   : 1.54
DFA transitions in window   : 1->2: 45, 2->3: 39, 3->4: 37, 4->5: 33
epsilon (next episode)       : 0.15564
replay buffer                : 300000 samples [1: 58.3%, 2: 19.3%, 3: 15.4%, 4: 7.0%, 5: 0.0%]
DFA state visits in window   : 1: 18163, 2: 7131, 3: 4587, 4: 2601, 5: 33
DFA state visits cumulative  : 1: 1714906, 2: 527420, 3: 311930, 4: 89370, 5: 802
DFA state entries in window  : 1: 100, 2: 45, 3: 39, 4: 37, 5: 33
DFA state entries cumulative : 1: 9300, 2: 2670, 3: 1695, 4: 1137, 5: 802
transitions cumulative       : 1->2: 2670, 2->3: 1695, 3->4: 1137, 4->5: 802
accepted directly from s0    : 0
Gym endings cumulative       : terminated=8211, truncated=290

[Episode 9400/12000 | last 100]
success rate                : 26.0% (cumulative 8.8%)
failure rate                : 0.0% (cumulative 0.0%)
completed cycles / episode  : 0.000
synthetic task reward       : 2600.000
shaping reward              : 2888.131
learning reward             : 5488.131
episode length              : 290.5
abstract changes / episode  : 267.4
same abstract-state steps   : 8.0%
same-state shaping / episode: 0.000
changed-state shaping / ep. : 2888.131
terminal shaping / episode  : 40.505
DFA transitions / episode   : 1.37
DFA transitions in window   : 1->2: 44, 2->3: 35, 3->4: 32, 4->5: 26
epsilon (next episode)       : 0.15256
replay buffer                : 300000 samples [1: 58.4%, 2: 19.4%, 3: 15.1%, 4: 7.2%, 5: 0.0%]
DFA state visits in window   : 1: 15846, 2: 6858, 3: 4091, 4: 2332, 5: 26
DFA state visits cumulative  : 1: 1730752, 2: 534278, 3: 316021, 4: 91702, 5: 828
DFA state entries in window  : 1: 100, 2: 44, 3: 35, 4: 32, 5: 26
DFA state entries cumulative : 1: 9400, 2: 2714, 3: 1730, 4: 1169, 5: 828
transitions cumulative       : 1->2: 2714, 2->3: 1730, 3->4: 1169, 4->5: 828
accepted directly from s0    : 0
Gym endings cumulative       : terminated=8285, truncated=290

[Episode 9500/12000 | last 100]
success rate                : 24.0% (cumulative 9.0%)
failure rate                : 0.0% (cumulative 0.0%)
completed cycles / episode  : 0.000
synthetic task reward       : 2400.000
shaping reward              : 2729.156
learning reward             : 5129.156
episode length              : 348.1
abstract changes / episode  : 322.3
same abstract-state steps   : 7.4%
same-state shaping / episode: 0.000
changed-state shaping / ep. : 2729.156
terminal shaping / episode  : 28.459
DFA transitions / episode   : 1.37
DFA transitions in window   : 1->2: 47, 2->3: 34, 3->4: 32, 4->5: 24
epsilon (next episode)       : 0.14954
replay buffer                : 300000 samples [1: 58.2%, 2: 19.2%, 3: 15.4%, 4: 7.2%, 5: 0.0%]
DFA state visits in window   : 1: 21661, 2: 5664, 3: 5022, 4: 2537, 5: 24
DFA state visits cumulative  : 1: 1752413, 2: 539942, 3: 321043, 4: 94239, 5: 852
DFA state entries in window  : 1: 100, 2: 47, 3: 34, 4: 32, 5: 24
DFA state entries cumulative : 1: 9500, 2: 2761, 3: 1764, 4: 1201, 5: 852
transitions cumulative       : 1->2: 2761, 2->3: 1764, 3->4: 1201, 4->5: 852
accepted directly from s0    : 0
Gym endings cumulative       : terminated=8360, truncated=291

Starting autonomous greedy evaluation at episode 9500 (1000 fixed-seed episodes)...
[Greedy evaluation at episode 9500 | 1000 fixed-seed episodes]
success=0.6%, failure=0.0%, task reward=60.000, length=448.5
DFA transitions: 1->2: 34, 2->3: 14, 3->4: 11, 4->5: 6

[Episode 9600/12000 | last 100]
success rate                : 36.0% (cumulative 9.2%)
failure rate                : 0.0% (cumulative 0.0%)
completed cycles / episode  : 0.000
synthetic task reward       : 3600.000
shaping reward              : 3746.469
learning reward             : 7346.469
episode length              : 462.4
abstract changes / episode  : 420.4
same abstract-state steps   : 9.1%
same-state shaping / episode: 0.000
changed-state shaping / ep. : 3746.469
terminal shaping / episode  : 52.398
DFA transitions / episode   : 1.81
DFA transitions in window   : 1->2: 55, 2->3: 50, 3->4: 40, 4->5: 36
epsilon (next episode)       : 0.14658
replay buffer                : 300000 samples [1: 54.4%, 2: 21.0%, 3: 16.7%, 4: 7.8%, 5: 0.0%]
DFA state visits in window   : 1: 28300, 2: 8805, 3: 6548, 4: 2655, 5: 36
DFA state visits cumulative  : 1: 1780713, 2: 548747, 3: 327591, 4: 96894, 5: 888
DFA state entries in window  : 1: 100, 2: 55, 3: 50, 4: 40, 5: 36
DFA state entries cumulative : 1: 9600, 2: 2816, 3: 1814, 4: 1241, 5: 888
transitions cumulative       : 1->2: 2816, 2->3: 1814, 3->4: 1241, 4->5: 888
accepted directly from s0    : 0
Gym endings cumulative       : terminated=8423, truncated=292

[Episode 9700/12000 | last 100]
success rate                : 41.0% (cumulative 9.6%)
failure rate                : 0.0% (cumulative 0.0%)
completed cycles / episode  : 0.000
synthetic task reward       : 4100.000
shaping reward              : 4405.779
learning reward             : 8505.779
episode length              : 485.1
abstract changes / episode  : 429.3
same abstract-state steps   : 11.5%
same-state shaping / episode: 0.000
changed-state shaping / ep. : 4405.779
terminal shaping / episode  : 76.061
DFA transitions / episode   : 2.23
DFA transitions in window   : 1->2: 71, 2->3: 64, 3->4: 47, 4->5: 41
epsilon (next episode)       : 0.14368
replay buffer                : 300000 samples [1: 53.7%, 2: 21.6%, 3: 17.0%, 4: 7.6%, 5: 0.0%]
DFA state visits in window   : 1: 24529, 2: 12499, 3: 8693, 4: 2848, 5: 41
DFA state visits cumulative  : 1: 1805242, 2: 561246, 3: 336284, 4: 99742, 5: 929
DFA state entries in window  : 1: 100, 2: 71, 3: 64, 4: 47, 5: 41
DFA state entries cumulative : 1: 9700, 2: 2887, 3: 1878, 4: 1288, 5: 929
transitions cumulative       : 1->2: 2887, 2->3: 1878, 3->4: 1288, 4->5: 929
accepted directly from s0    : 0
Gym endings cumulative       : terminated=8478, truncated=296

[Episode 9800/12000 | last 100]
success rate                : 43.0% (cumulative 9.9%)
failure rate                : 0.0% (cumulative 0.0%)
completed cycles / episode  : 0.000
synthetic task reward       : 4300.000
shaping reward              : 4760.935
learning reward             : 9060.935
episode length              : 417.9
abstract changes / episode  : 382.6
same abstract-state steps   : 8.5%
same-state shaping / episode: 0.000
changed-state shaping / ep. : 4760.935
terminal shaping / episode  : 52.019
DFA transitions / episode   : 2.37
DFA transitions in window   : 1->2: 75, 2->3: 67, 3->4: 52, 4->5: 43
epsilon (next episode)       : 0.14083
replay buffer                : 300000 samples [1: 53.8%, 2: 21.8%, 3: 16.9%, 4: 7.5%, 5: 0.0%]
DFA state visits in window   : 1: 17670, 2: 11823, 3: 8825, 4: 3530, 5: 43
DFA state visits cumulative  : 1: 1822912, 2: 573069, 3: 345109, 4: 103272, 5: 972
DFA state entries in window  : 1: 100, 2: 75, 3: 67, 4: 52, 5: 43
DFA state entries cumulative : 1: 9800, 2: 2962, 3: 1945, 4: 1340, 5: 972
transitions cumulative       : 1->2: 2962, 2->3: 1945, 3->4: 1340, 4->5: 972
accepted directly from s0    : 0
Gym endings cumulative       : terminated=8534, truncated=297

[Episode 9900/12000 | last 100]
success rate                : 69.0% (cumulative 10.5%)
failure rate                : 0.0% (cumulative 0.0%)
completed cycles / episode  : 0.000
synthetic task reward       : 6900.000
shaping reward              : 7100.125
learning reward             : 14000.125
episode length              : 494.8
abstract changes / episode  : 445.5
same abstract-state steps   : 10.0%
same-state shaping / episode: 0.000
changed-state shaping / ep. : 7100.125
terminal shaping / episode  : 132.811
DFA transitions / episode   : 3.23
DFA transitions in window   : 1->2: 93, 2->3: 85, 3->4: 76, 4->5: 69
epsilon (next episode)       : 0.13804
replay buffer                : 300000 samples [1: 52.1%, 2: 23.4%, 3: 16.8%, 4: 7.7%, 5: 0.0%]
DFA state visits in window   : 1: 20302, 2: 14542, 3: 9523, 4: 5145, 5: 69
DFA state visits cumulative  : 1: 1843214, 2: 587611, 3: 354632, 4: 108417, 5: 1041
DFA state entries in window  : 1: 100, 2: 93, 3: 85, 4: 76, 5: 69
DFA state entries cumulative : 1: 9900, 2: 3055, 3: 2030, 4: 1416, 5: 1041
transitions cumulative       : 1->2: 3055, 2->3: 2030, 3->4: 1416, 4->5: 1041
accepted directly from s0    : 0
Gym endings cumulative       : terminated=8563, truncated=299

[Episode 10000/12000 | last 100]
success rate                : 72.0% (cumulative 11.1%)
failure rate                : 0.0% (cumulative 0.0%)
completed cycles / episode  : 0.000
synthetic task reward       : 7200.000
shaping reward              : 7610.777
learning reward             : 14810.777
episode length              : 469.2
abstract changes / episode  : 431.6
same abstract-state steps   : 8.0%
same-state shaping / episode: 0.000
changed-state shaping / ep. : 7610.777
terminal shaping / episode  : 120.497
DFA transitions / episode   : 3.26
DFA transitions in window   : 1->2: 86, 2->3: 85, 3->4: 83, 4->5: 72
epsilon (next episode)       : 0.13531
replay buffer                : 300000 samples [1: 50.0%, 2: 24.3%, 3: 17.4%, 4: 8.3%, 5: 0.0%]
DFA state visits in window   : 1: 20319, 2: 12055, 3: 8927, 4: 5650, 5: 72
DFA state visits cumulative  : 1: 1863533, 2: 599666, 3: 363559, 4: 114067, 5: 1113
DFA state entries in window  : 1: 100, 2: 86, 3: 85, 4: 83, 5: 72
DFA state entries cumulative : 1: 10000, 2: 3141, 3: 2115, 4: 1499, 5: 1113
transitions cumulative       : 1->2: 3141, 2->3: 2115, 3->4: 1499, 4->5: 1113
accepted directly from s0    : 0
Gym endings cumulative       : terminated=8589, truncated=301

Starting autonomous greedy evaluation at episode 10000 (1000 fixed-seed episodes)...
[Greedy evaluation at episode 10000 | 1000 fixed-seed episodes]
success=95.8%, failure=0.0%, task reward=9580.000, length=432.6
DFA transitions: 1->2: 961, 2->3: 961, 3->4: 961, 4->5: 958
Best policy updated from autonomous greedy evaluation at episode 10000.

[Episode 10100/12000 | last 100]
success rate                : 69.0% (cumulative 11.7%)
failure rate                : 0.0% (cumulative 0.0%)
completed cycles / episode  : 0.000
synthetic task reward       : 6900.000
shaping reward              : 6953.472
learning reward             : 13853.472
episode length              : 428.0
abstract changes / episode  : 385.1
same abstract-state steps   : 10.0%
same-state shaping / episode: 0.000
changed-state shaping / ep. : 6953.472
terminal shaping / episode  : 122.237
DFA transitions / episode   : 3.01
DFA transitions in window   : 1->2: 83, 2->3: 77, 3->4: 72, 4->5: 69
epsilon (next episode)       : 0.13263
replay buffer                : 300000 samples [1: 48.4%, 2: 25.0%, 3: 17.8%, 4: 8.8%, 5: 0.0%]
DFA state visits in window   : 1: 18040, 2: 11547, 3: 8339, 4: 4904, 5: 69
DFA state visits cumulative  : 1: 1881573, 2: 611213, 3: 371898, 4: 118971, 5: 1182
DFA state entries in window  : 1: 100, 2: 83, 3: 77, 4: 72, 5: 69
DFA state entries cumulative : 1: 10100, 2: 3224, 3: 2192, 4: 1571, 5: 1182
transitions cumulative       : 1->2: 3224, 2->3: 2192, 3->4: 1571, 4->5: 1182
accepted directly from s0    : 0
Gym endings cumulative       : terminated=8619, truncated=302

[Episode 10200/12000 | last 100]
success rate                : 50.0% (cumulative 12.1%)
failure rate                : 0.0% (cumulative 0.0%)
completed cycles / episode  : 0.000
synthetic task reward       : 5000.000
shaping reward              : 5250.857
learning reward             : 10250.857
episode length              : 396.4
abstract changes / episode  : 362.0
same abstract-state steps   : 8.7%
same-state shaping / episode: 0.000
changed-state shaping / ep. : 5250.857
terminal shaping / episode  : 90.863
DFA transitions / episode   : 2.48
DFA transitions in window   : 1->2: 74, 2->3: 67, 3->4: 57, 4->5: 50
epsilon (next episode)       : 0.13000
replay buffer                : 300000 samples [1: 46.0%, 2: 26.1%, 3: 18.7%, 4: 9.2%, 5: 0.0%]
DFA state visits in window   : 1: 19148, 2: 9142, 3: 7683, 4: 3714, 5: 50
DFA state visits cumulative  : 1: 1900721, 2: 620355, 3: 379581, 4: 122685, 5: 1232
DFA state entries in window  : 1: 100, 2: 74, 3: 67, 4: 57, 5: 50
DFA state entries cumulative : 1: 10200, 2: 3298, 3: 2259, 4: 1628, 5: 1232
transitions cumulative       : 1->2: 3298, 2->3: 2259, 3->4: 1628, 4->5: 1232
accepted directly from s0    : 0
Gym endings cumulative       : terminated=8667, truncated=305

[Episode 10300/12000 | last 100]
success rate                : 19.0% (cumulative 12.1%)
failure rate                : 0.0% (cumulative 0.0%)
completed cycles / episode  : 0.000
synthetic task reward       : 1900.000
shaping reward              : 5336.288
learning reward             : 7236.288
episode length              : 409.3
abstract changes / episode  : 365.6
same abstract-state steps   : 10.7%
same-state shaping / episode: 0.000
changed-state shaping / ep. : 5336.288
terminal shaping / episode  : -30.978
DFA transitions / episode   : 2.36
DFA transitions in window   : 1->2: 74, 2->3: 74, 3->4: 69, 4->5: 19
epsilon (next episode)       : 0.12743
replay buffer                : 300000 samples [1: 44.2%, 2: 26.3%, 3: 19.3%, 4: 10.2%, 5: 0.0%]
DFA state visits in window   : 1: 17245, 2: 10444, 3: 7660, 4: 5659, 5: 19
DFA state visits cumulative  : 1: 1917966, 2: 630799, 3: 387241, 4: 128344, 5: 1251
DFA state entries in window  : 1: 100, 2: 74, 3: 74, 4: 69, 5: 19
DFA state entries cumulative : 1: 10300, 2: 3372, 3: 2333, 4: 1697, 5: 1251
transitions cumulative       : 1->2: 3372, 2->3: 2333, 3->4: 1697, 4->5: 1251
accepted directly from s0    : 0
Gym endings cumulative       : terminated=8746, truncated=307

[Episode 10400/12000 | last 100]
success rate                : 41.0% (cumulative 12.4%)
failure rate                : 0.0% (cumulative 0.0%)
completed cycles / episode  : 0.000
synthetic task reward       : 4100.000
shaping reward              : 4948.476
learning reward             : 9048.476
episode length              : 342.1
abstract changes / episode  : 308.6
same abstract-state steps   : 9.8%
same-state shaping / episode: 0.000
changed-state shaping / ep. : 4948.476
terminal shaping / episode  : 57.137
DFA transitions / episode   : 2.22
DFA transitions in window   : 1->2: 69, 2->3: 57, 3->4: 55, 4->5: 41
epsilon (next episode)       : 0.12490
replay buffer                : 300000 samples [1: 43.7%, 2: 26.5%, 3: 19.0%, 4: 10.8%, 5: 0.0%]
DFA state visits in window   : 1: 16788, 2: 8499, 3: 5248, 4: 3731, 5: 41
DFA state visits cumulative  : 1: 1934754, 2: 639298, 3: 392489, 4: 132075, 5: 1292
DFA state entries in window  : 1: 100, 2: 69, 3: 57, 4: 55, 5: 41
DFA state entries cumulative : 1: 10400, 2: 3441, 3: 2390, 4: 1752, 5: 1292
transitions cumulative       : 1->2: 3441, 2->3: 2390, 3->4: 1752, 4->5: 1292
accepted directly from s0    : 0
Gym endings cumulative       : terminated=8803, truncated=309

[Episode 10500/12000 | last 100]
success rate                : 60.0% (cumulative 12.9%)
failure rate                : 0.0% (cumulative 0.0%)
completed cycles / episode  : 0.000
synthetic task reward       : 6000.000
shaping reward              : 6117.383
learning reward             : 12117.383
episode length              : 410.1
abstract changes / episode  : 377.0
same abstract-state steps   : 8.1%
same-state shaping / episode: 0.000
changed-state shaping / ep. : 6117.383
terminal shaping / episode  : 119.818
DFA transitions / episode   : 2.78
DFA transitions in window   : 1->2: 81, 2->3: 74, 3->4: 63, 4->5: 60
epsilon (next episode)       : 0.12243
replay buffer                : 300000 samples [1: 43.9%, 2: 25.7%, 3: 19.3%, 4: 11.1%, 5: 0.0%]
DFA state visits in window   : 1: 18277, 2: 9279, 3: 9186, 4: 4307, 5: 60
DFA state visits cumulative  : 1: 1953031, 2: 648577, 3: 401675, 4: 136382, 5: 1352
DFA state entries in window  : 1: 100, 2: 81, 3: 74, 4: 63, 5: 60
DFA state entries cumulative : 1: 10500, 2: 3522, 3: 2464, 4: 1815, 5: 1352
transitions cumulative       : 1->2: 3522, 2->3: 2464, 3->4: 1815, 4->5: 1352
accepted directly from s0    : 0
Gym endings cumulative       : terminated=8842, truncated=310

Starting autonomous greedy evaluation at episode 10500 (1000 fixed-seed episodes)...
[Greedy evaluation at episode 10500 | 1000 fixed-seed episodes]
success=77.7%, failure=0.0%, task reward=7770.000, length=365.6
DFA transitions: 1->2: 825, 2->3: 778, 3->4: 777, 4->5: 777

[Episode 10600/12000 | last 100]
success rate                : 61.0% (cumulative 13.3%)
failure rate                : 0.0% (cumulative 0.0%)
completed cycles / episode  : 0.000
synthetic task reward       : 6100.000
shaping reward              : 6412.582
learning reward             : 12512.582
episode length              : 473.6
abstract changes / episode  : 427.5
same abstract-state steps   : 9.7%
same-state shaping / episode: 0.000
changed-state shaping / ep. : 6412.582
terminal shaping / episode  : 100.766
DFA transitions / episode   : 2.89
DFA transitions in window   : 1->2: 81, 2->3: 77, 3->4: 70, 4->5: 61
epsilon (next episode)       : 0.12001
replay buffer                : 300000 samples [1: 45.4%, 2: 24.2%, 3: 19.1%, 4: 11.3%, 5: 0.0%]
DFA state visits in window   : 1: 23608, 2: 9655, 3: 8747, 4: 5387, 5: 61
DFA state visits cumulative  : 1: 1976639, 2: 658232, 3: 410422, 4: 141769, 5: 1413
DFA state entries in window  : 1: 100, 2: 81, 3: 77, 4: 70, 5: 61
DFA state entries cumulative : 1: 10600, 2: 3603, 3: 2541, 4: 1885, 5: 1413
transitions cumulative       : 1->2: 3603, 2->3: 2541, 3->4: 1885, 4->5: 1413
accepted directly from s0    : 0
Gym endings cumulative       : terminated=8880, truncated=311

[Episode 10700/12000 | last 100]
success rate                : 65.0% (cumulative 13.8%)
failure rate                : 0.0% (cumulative 0.0%)
completed cycles / episode  : 0.000
synthetic task reward       : 6500.000
shaping reward              : 6443.429
learning reward             : 12943.429
episode length              : 391.2
abstract changes / episode  : 364.5
same abstract-state steps   : 6.8%
same-state shaping / episode: 0.000
changed-state shaping / ep. : 6443.429
terminal shaping / episode  : 126.592
DFA transitions / episode   : 2.90
DFA transitions in window   : 1->2: 85, 2->3: 74, 3->4: 66, 4->5: 65
epsilon (next episode)       : 0.11763
replay buffer                : 300000 samples [1: 45.6%, 2: 24.2%, 3: 18.8%, 4: 11.4%, 5: 0.0%]
DFA state visits in window   : 1: 17488, 2: 9820, 3: 6957, 4: 4891, 5: 65
DFA state visits cumulative  : 1: 1994127, 2: 668052, 3: 417379, 4: 146660, 5: 1478
DFA state entries in window  : 1: 100, 2: 85, 3: 74, 4: 66, 5: 65
DFA state entries cumulative : 1: 10700, 2: 3688, 3: 2615, 4: 1951, 5: 1478
transitions cumulative       : 1->2: 3688, 2->3: 2615, 3->4: 1951, 4->5: 1478
accepted directly from s0    : 0
Gym endings cumulative       : terminated=8915, truncated=311

[Episode 10800/12000 | last 100]
success rate                : 63.0% (cumulative 14.3%)
failure rate                : 0.0% (cumulative 0.0%)
completed cycles / episode  : 0.000
synthetic task reward       : 6300.000
shaping reward              : 6205.515
learning reward             : 12505.515
episode length              : 378.4
abstract changes / episode  : 347.7
same abstract-state steps   : 8.1%
same-state shaping / episode: 0.000
changed-state shaping / ep. : 6205.515
terminal shaping / episode  : 114.943
DFA transitions / episode   : 2.70
DFA transitions in window   : 1->2: 77, 2->3: 66, 3->4: 64, 4->5: 63
epsilon (next episode)       : 0.11530
replay buffer                : 300000 samples [1: 46.0%, 2: 24.3%, 3: 18.1%, 4: 11.6%, 5: 0.0%]
DFA state visits in window   : 1: 17984, 2: 10294, 3: 4856, 4: 4740, 5: 63
DFA state visits cumulative  : 1: 2012111, 2: 678346, 3: 422235, 4: 151400, 5: 1541
DFA state entries in window  : 1: 100, 2: 77, 3: 66, 4: 64, 5: 63
DFA state entries cumulative : 1: 10800, 2: 3765, 3: 2681, 4: 2015, 5: 1541
transitions cumulative       : 1->2: 3765, 2->3: 2681, 3->4: 2015, 4->5: 1541
accepted directly from s0    : 0
Gym endings cumulative       : terminated=8952, truncated=311

[Episode 10900/12000 | last 100]
success rate                : 63.0% (cumulative 14.7%)
failure rate                : 0.0% (cumulative 0.0%)
completed cycles / episode  : 0.000
synthetic task reward       : 6300.000
shaping reward              : 6434.123
learning reward             : 12734.123
episode length              : 401.8
abstract changes / episode  : 371.8
same abstract-state steps   : 7.5%
same-state shaping / episode: 0.000
changed-state shaping / ep. : 6434.123
terminal shaping / episode  : 115.834
DFA transitions / episode   : 2.83
DFA transitions in window   : 1->2: 82, 2->3: 71, 3->4: 67, 4->5: 63
epsilon (next episode)       : 0.11302
replay buffer                : 300000 samples [1: 46.9%, 2: 24.3%, 3: 16.8%, 4: 11.9%, 5: 0.0%]
DFA state visits in window   : 1: 19063, 2: 10997, 3: 4915, 4: 5238, 5: 63
DFA state visits cumulative  : 1: 2031174, 2: 689343, 3: 427150, 4: 156638, 5: 1604
DFA state entries in window  : 1: 100, 2: 82, 3: 71, 4: 67, 5: 63
DFA state entries cumulative : 1: 10900, 2: 3847, 3: 2752, 4: 2082, 5: 1604
transitions cumulative       : 1->2: 3847, 2->3: 2752, 3->4: 2082, 4->5: 1604
accepted directly from s0    : 0
Gym endings cumulative       : terminated=8988, truncated=312

[Episode 11000/12000 | last 100]
success rate                : 49.0% (cumulative 15.0%)
failure rate                : 0.0% (cumulative 0.0%)
completed cycles / episode  : 0.000
synthetic task reward       : 4900.000
shaping reward              : 5357.732
learning reward             : 10257.732
episode length              : 415.0
abstract changes / episode  : 378.2
same abstract-state steps   : 8.9%
same-state shaping / episode: 0.000
changed-state shaping / ep. : 5357.732
terminal shaping / episode  : 72.668
DFA transitions / episode   : 2.55
DFA transitions in window   : 1->2: 75, 2->3: 68, 3->4: 63, 4->5: 49
epsilon (next episode)       : 0.11078
replay buffer                : 300000 samples [1: 46.2%, 2: 24.4%, 3: 17.3%, 4: 12.1%, 5: 0.0%]
DFA state visits in window   : 1: 17487, 2: 10781, 3: 7760, 4: 5527, 5: 49
DFA state visits cumulative  : 1: 2048661, 2: 700124, 3: 434910, 4: 162165, 5: 1653
DFA state entries in window  : 1: 100, 2: 75, 3: 68, 4: 63, 5: 49
DFA state entries cumulative : 1: 11000, 2: 3922, 3: 2820, 4: 2145, 5: 1653
transitions cumulative       : 1->2: 3922, 2->3: 2820, 3->4: 2145, 4->5: 1653
accepted directly from s0    : 0
Gym endings cumulative       : terminated=9038, truncated=313

Starting autonomous greedy evaluation at episode 11000 (1000 fixed-seed episodes)...
[Greedy evaluation at episode 11000 | 1000 fixed-seed episodes]
success=67.0%, failure=0.0%, task reward=6700.000, length=329.8
DFA transitions: 1->2: 755, 2->3: 676, 3->4: 675, 4->5: 670

[Episode 11100/12000 | last 100]
success rate                : 29.0% (cumulative 15.2%)
failure rate                : 0.0% (cumulative 0.0%)
completed cycles / episode  : 0.000
synthetic task reward       : 2900.000
shaping reward              : 3613.640
learning reward             : 6513.640
episode length              : 333.2
abstract changes / episode  : 314.6
same abstract-state steps   : 5.6%
same-state shaping / episode: 0.000
changed-state shaping / ep. : 3613.640
terminal shaping / episode  : 30.266
DFA transitions / episode   : 1.71
DFA transitions in window   : 1->2: 57, 2->3: 45, 3->4: 40, 4->5: 29
epsilon (next episode)       : 0.10858
replay buffer                : 300000 samples [1: 47.7%, 2: 23.8%, 3: 16.6%, 4: 11.9%, 5: 0.0%]
DFA state visits in window   : 1: 19046, 2: 5912, 3: 4923, 4: 3514, 5: 29
DFA state visits cumulative  : 1: 2067707, 2: 706036, 3: 439833, 4: 165679, 5: 1682
DFA state entries in window  : 1: 100, 2: 57, 3: 45, 4: 40, 5: 29
DFA state entries cumulative : 1: 11100, 2: 3979, 3: 2865, 4: 2185, 5: 1682
transitions cumulative       : 1->2: 3979, 2->3: 2865, 3->4: 2185, 4->5: 1682
accepted directly from s0    : 0
Gym endings cumulative       : terminated=9109, truncated=313

[Episode 11200/12000 | last 100]
success rate                : 44.0% (cumulative 15.4%)
failure rate                : 0.0% (cumulative 0.0%)
completed cycles / episode  : 0.000
synthetic task reward       : 4400.000
shaping reward              : 4834.322
learning reward             : 9234.322
episode length              : 375.4
abstract changes / episode  : 335.9
same abstract-state steps   : 10.5%
same-state shaping / episode: 0.000
changed-state shaping / ep. : 4834.322
terminal shaping / episode  : 69.891
DFA transitions / episode   : 2.20
DFA transitions in window   : 1->2: 66, 2->3: 60, 3->4: 50, 4->5: 44
epsilon (next episode)       : 0.10643
replay buffer                : 300000 samples [1: 46.9%, 2: 24.8%, 3: 16.2%, 4: 12.1%, 5: 0.0%]
DFA state visits in window   : 1: 15751, 2: 11417, 3: 6288, 4: 4141, 5: 44
DFA state visits cumulative  : 1: 2083458, 2: 717453, 3: 446121, 4: 169820, 5: 1726
DFA state entries in window  : 1: 100, 2: 66, 3: 60, 4: 50, 5: 44
DFA state entries cumulative : 1: 11200, 2: 4045, 3: 2925, 4: 2235, 5: 1726
transitions cumulative       : 1->2: 4045, 2->3: 2925, 3->4: 2235, 4->5: 1726
accepted directly from s0    : 0
Gym endings cumulative       : terminated=9160, truncated=318

[Episode 11300/12000 | last 100]
success rate                : 59.0% (cumulative 15.8%)
failure rate                : 0.0% (cumulative 0.0%)
completed cycles / episode  : 0.000
synthetic task reward       : 5900.000
shaping reward              : 6041.608
learning reward             : 11941.608
episode length              : 336.2
abstract changes / episode  : 310.6
same abstract-state steps   : 7.6%
same-state shaping / episode: 0.000
changed-state shaping / ep. : 6041.608
terminal shaping / episode  : 104.213
DFA transitions / episode   : 2.66
DFA transitions in window   : 1->2: 75, 2->3: 68, 3->4: 64, 4->5: 59
epsilon (next episode)       : 0.10433
replay buffer                : 300000 samples [1: 46.7%, 2: 25.0%, 3: 16.1%, 4: 12.2%, 5: 0.0%]
DFA state visits in window   : 1: 14821, 2: 8687, 3: 5731, 4: 4425, 5: 59
DFA state visits cumulative  : 1: 2098279, 2: 726140, 3: 451852, 4: 174245, 5: 1785
DFA state entries in window  : 1: 100, 2: 75, 3: 68, 4: 64, 5: 59
DFA state entries cumulative : 1: 11300, 2: 4120, 3: 2993, 4: 2299, 5: 1785
transitions cumulative       : 1->2: 4120, 2->3: 2993, 3->4: 2299, 4->5: 1785
accepted directly from s0    : 0
Gym endings cumulative       : terminated=9201, truncated=318

[Episode 11400/12000 | last 100]
success rate                : 52.0% (cumulative 16.1%)
failure rate                : 0.0% (cumulative 0.0%)
completed cycles / episode  : 0.000
synthetic task reward       : 5200.000
shaping reward              : 5401.095
learning reward             : 10601.095
episode length              : 361.5
abstract changes / episode  : 325.1
same abstract-state steps   : 10.1%
same-state shaping / episode: 0.000
changed-state shaping / ep. : 5401.095
terminal shaping / episode  : 80.704
DFA transitions / episode   : 2.34
DFA transitions in window   : 1->2: 64, 2->3: 60, 3->4: 58, 4->5: 52
epsilon (next episode)       : 0.10226
replay buffer                : 300000 samples [1: 46.4%, 2: 25.3%, 3: 16.1%, 4: 12.3%, 5: 0.0%]
DFA state visits in window   : 1: 17370, 2: 7896, 3: 6678, 4: 4256, 5: 52
DFA state visits cumulative  : 1: 2115649, 2: 734036, 3: 458530, 4: 178501, 5: 1837
DFA state entries in window  : 1: 100, 2: 64, 3: 60, 4: 58, 5: 52
DFA state entries cumulative : 1: 11400, 2: 4184, 3: 3053, 4: 2357, 5: 1837
transitions cumulative       : 1->2: 4184, 2->3: 3053, 3->4: 2357, 4->5: 1837
accepted directly from s0    : 0
Gym endings cumulative       : terminated=9246, truncated=321

[Episode 11500/12000 | last 100]
success rate                : 46.0% (cumulative 16.4%)
failure rate                : 0.0% (cumulative 0.0%)
completed cycles / episode  : 0.000
synthetic task reward       : 4600.000
shaping reward              : 4511.414
learning reward             : 9111.414
episode length              : 286.7
abstract changes / episode  : 258.6
same abstract-state steps   : 9.8%
same-state shaping / episode: 0.000
changed-state shaping / ep. : 4511.414
terminal shaping / episode  : 80.125
DFA transitions / episode   : 1.94
DFA transitions in window   : 1->2: 51, 2->3: 49, 3->4: 48, 4->5: 46
epsilon (next episode)       : 0.10024
replay buffer                : 300000 samples [1: 46.9%, 2: 25.2%, 3: 15.6%, 4: 12.3%, 5: 0.0%]
DFA state visits in window   : 1: 14506, 2: 6709, 3: 4068, 4: 3441, 5: 46
DFA state visits cumulative  : 1: 2130155, 2: 740745, 3: 462598, 4: 181942, 5: 1883
DFA state entries in window  : 1: 100, 2: 51, 3: 49, 4: 48, 5: 46
DFA state entries cumulative : 1: 11500, 2: 4235, 3: 3102, 4: 2405, 5: 1883
transitions cumulative       : 1->2: 4235, 2->3: 3102, 3->4: 2405, 4->5: 1883
accepted directly from s0    : 0
Gym endings cumulative       : terminated=9300, truncated=321

Starting autonomous greedy evaluation at episode 11500 (1000 fixed-seed episodes)...
[Greedy evaluation at episode 11500 | 1000 fixed-seed episodes]
success=50.9%, failure=0.0%, task reward=5090.000, length=237.7
DFA transitions: 1->2: 517, 2->3: 510, 3->4: 510, 4->5: 509

[Episode 11600/12000 | last 100]
success rate                : 45.0% (cumulative 16.6%)
failure rate                : 0.0% (cumulative 0.0%)
completed cycles / episode  : 0.000
synthetic task reward       : 4500.000
shaping reward              : 4615.197
learning reward             : 9115.197
episode length              : 258.0
abstract changes / episode  : 241.7
same abstract-state steps   : 6.3%
same-state shaping / episode: 0.000
changed-state shaping / ep. : 4615.197
terminal shaping / episode  : 85.650
DFA transitions / episode   : 1.97
DFA transitions in window   : 1->2: 52, 2->3: 50, 3->4: 50, 4->5: 45
epsilon (next episode)       : 0.09825
replay buffer                : 300000 samples [1: 47.2%, 2: 24.9%, 3: 15.5%, 4: 12.4%, 5: 0.0%]
DFA state visits in window   : 1: 12700, 2: 6428, 3: 3062, 4: 3668, 5: 45
DFA state visits cumulative  : 1: 2142855, 2: 747173, 3: 465660, 4: 185610, 5: 1928
DFA state entries in window  : 1: 100, 2: 52, 3: 50, 4: 50, 5: 45
DFA state entries cumulative : 1: 11600, 2: 4287, 3: 3152, 4: 2455, 5: 1928
transitions cumulative       : 1->2: 4287, 2->3: 3152, 3->4: 2455, 4->5: 1928
accepted directly from s0    : 0
Gym endings cumulative       : terminated=9355, truncated=321

[Episode 11700/12000 | last 100]
success rate                : 52.0% (cumulative 16.9%)
failure rate                : 0.0% (cumulative 0.0%)
completed cycles / episode  : 0.000
synthetic task reward       : 5200.000
shaping reward              : 5362.980
learning reward             : 10562.980
episode length              : 330.1
abstract changes / episode  : 311.8
same abstract-state steps   : 5.5%
same-state shaping / episode: 0.000
changed-state shaping / ep. : 5362.980
terminal shaping / episode  : 68.668
DFA transitions / episode   : 2.42
DFA transitions in window   : 1->2: 68, 2->3: 63, 3->4: 59, 4->5: 52
epsilon (next episode)       : 0.09631
replay buffer                : 300000 samples [1: 46.8%, 2: 24.9%, 3: 15.8%, 4: 12.5%, 5: 0.0%]
DFA state visits in window   : 1: 15725, 2: 7894, 3: 5123, 4: 4320, 5: 52
DFA state visits cumulative  : 1: 2158580, 2: 755067, 3: 470783, 4: 189930, 5: 1980
DFA state entries in window  : 1: 100, 2: 68, 3: 63, 4: 59, 5: 52
DFA state entries cumulative : 1: 11700, 2: 4355, 3: 3215, 4: 2514, 5: 1980
transitions cumulative       : 1->2: 4355, 2->3: 3215, 3->4: 2514, 4->5: 1980
accepted directly from s0    : 0
Gym endings cumulative       : terminated=9403, truncated=321

[Episode 11800/12000 | last 100]
success rate                : 48.0% (cumulative 17.2%)
failure rate                : 0.0% (cumulative 0.0%)
completed cycles / episode  : 0.000
synthetic task reward       : 4800.000
shaping reward              : 4722.742
learning reward             : 9522.742
episode length              : 266.2
abstract changes / episode  : 251.4
same abstract-state steps   : 5.6%
same-state shaping / episode: 0.000
changed-state shaping / ep. : 4722.742
terminal shaping / episode  : 87.542
DFA transitions / episode   : 2.03
DFA transitions in window   : 1->2: 54, 2->3: 51, 3->4: 50, 4->5: 48
epsilon (next episode)       : 0.09440
replay buffer                : 300000 samples [1: 47.1%, 2: 24.7%, 3: 15.7%, 4: 12.5%, 5: 0.0%]
DFA state visits in window   : 1: 12789, 2: 7091, 3: 3199, 4: 3598, 5: 48
DFA state visits cumulative  : 1: 2171369, 2: 762158, 3: 473982, 4: 193528, 5: 2028
DFA state entries in window  : 1: 100, 2: 54, 3: 51, 4: 50, 5: 48
DFA state entries cumulative : 1: 11800, 2: 4409, 3: 3266, 4: 2564, 5: 2028
transitions cumulative       : 1->2: 4409, 2->3: 3266, 3->4: 2564, 4->5: 2028
accepted directly from s0    : 0
Gym endings cumulative       : terminated=9454, truncated=322

[Episode 11900/12000 | last 100]
success rate                : 56.0% (cumulative 17.5%)
failure rate                : 0.0% (cumulative 0.0%)
completed cycles / episode  : 0.000
synthetic task reward       : 5600.000
shaping reward              : 5648.907
learning reward             : 11248.907
episode length              : 345.0
abstract changes / episode  : 322.1
same abstract-state steps   : 6.6%
same-state shaping / episode: 0.000
changed-state shaping / ep. : 5648.907
terminal shaping / episode  : 90.660
DFA transitions / episode   : 2.55
DFA transitions in window   : 1->2: 71, 2->3: 65, 3->4: 63, 4->5: 56
epsilon (next episode)       : 0.09253
replay buffer                : 300000 samples [1: 48.0%, 2: 24.4%, 3: 15.1%, 4: 12.5%, 5: 0.0%]
DFA state visits in window   : 1: 16535, 2: 9271, 3: 4194, 4: 4541, 5: 56
DFA state visits cumulative  : 1: 2187904, 2: 771429, 3: 478176, 4: 198069, 5: 2084
DFA state entries in window  : 1: 100, 2: 71, 3: 65, 4: 63, 5: 56
DFA state entries cumulative : 1: 11900, 2: 4480, 3: 3331, 4: 2627, 5: 2084
transitions cumulative       : 1->2: 4480, 2->3: 3331, 3->4: 2627, 4->5: 2084
accepted directly from s0    : 0
Gym endings cumulative       : terminated=9498, truncated=322

[Episode 12000/12000 | last 100]
success rate                : 42.0% (cumulative 17.7%)
failure rate                : 0.0% (cumulative 0.0%)
completed cycles / episode  : 0.000
synthetic task reward       : 4200.000
shaping reward              : 4297.294
learning reward             : 8497.294
episode length              : 355.2
abstract changes / episode  : 320.7
same abstract-state steps   : 9.7%
same-state shaping / episode: 0.000
changed-state shaping / ep. : 4297.294
terminal shaping / episode  : 62.624
DFA transitions / episode   : 2.24
DFA transitions in window   : 1->2: 76, 2->3: 62, 3->4: 44, 4->5: 42
epsilon (next episode)       : 0.09070
replay buffer                : 300000 samples [1: 47.6%, 2: 25.8%, 3: 14.5%, 4: 12.1%, 5: 0.0%]
DFA state visits in window   : 1: 17877, 2: 10284, 3: 4327, 4: 3088, 5: 42
DFA state visits cumulative  : 1: 2205781, 2: 781713, 3: 482503, 4: 201157, 5: 2126
DFA state entries in window  : 1: 100, 2: 76, 3: 62, 4: 44, 5: 42
DFA state entries cumulative : 1: 12000, 2: 4556, 3: 3393, 4: 2671, 5: 2126
transitions cumulative       : 1->2: 4556, 2->3: 3393, 3->4: 2671, 4->5: 2126
accepted directly from s0    : 0
Gym endings cumulative       : terminated=9554, truncated=324

Starting autonomous greedy evaluation at episode 12000 (1000 fixed-seed episodes)...
[Greedy evaluation at episode 12000 | 1000 fixed-seed episodes]
success=95.2%, failure=0.0%, task reward=9520.000, length=386.1
DFA transitions: 1->2: 952, 2->3: 952, 3->4: 952, 4->5: 952
Last policy saved after episode 12000. Best greedy evaluation: episode 10000, mean task reward=9580.000
