
=== NEW RUN ===
episodes=12000, shaping=True, goal_reward=10000.0, gamma=0.99
gamma_shaping=1.0, shaping_formula=gamma_shaping*Phi(next)-Phi(state)
ground_unbiased_learner=False
eval_interval=500, eval_episodes=1000, eval_seed=100000
inter_level_shaping=False, inter_level_formula=gamma*Phi(next)-Phi(state)
task_type=ltlf, task=F(wp1 & X(F(wp2 & X(F(wp3 & X(F(g1)))))))
regions={wp1: {'center': [-0.75, 1.0625], 'radius': 0.1}, wp2: {'center': [0, 0.6875], 'radius': 0.1}, wp3: {'center': [0, 1.0625], 'radius': 0.1}, g1: {'center': [0.75, 1.0625], 'radius': 0.1}}
dfa_states=[1, 2, 3, 4, 5], pre_trace=1, accepting=[5], failure=[]

[Episode 1/12000 | last 1]
success rate                : 0.0% (cumulative 0.0%)
failure rate                : 0.0% (cumulative 0.0%)
completed cycles / episode  : 0.000
synthetic task reward       : 0.000
shaping reward              : -679.476
learning reward             : -679.476
episode length              : 107.0
abstract changes / episode  : 26.0
same abstract-state steps   : 75.7%
same-state shaping / episode: 0.000
changed-state shaping / ep. : -679.476
terminal shaping / episode  : 0.000
DFA transitions / episode   : 0.00
DFA transitions in window   : none
epsilon (next episode)       : 0.99980
replay buffer                : 107 samples [1: 100.0%, 2: 0.0%, 3: 0.0%, 4: 0.0%, 5: 0.0%]
DFA state visits in window   : 1: 108, 2: 0, 3: 0, 4: 0, 5: 0
DFA state visits cumulative  : 1: 108, 2: 0, 3: 0, 4: 0, 5: 0
DFA state entries in window  : 1: 1, 2: 0, 3: 0, 4: 0, 5: 0
DFA state entries cumulative : 1: 1, 2: 0, 3: 0, 4: 0, 5: 0
transitions cumulative       : none
accepted directly from s0    : 0
Gym endings cumulative       : terminated=1, truncated=0

[Episode 100/12000 | last 100]
success rate                : 0.0% (cumulative 0.0%)
failure rate                : 0.0% (cumulative 0.0%)
completed cycles / episode  : 0.000
synthetic task reward       : 0.000
shaping reward              : -605.260
learning reward             : -605.260
episode length              : 90.4
abstract changes / episode  : 25.2
same abstract-state steps   : 72.2%
same-state shaping / episode: 0.000
changed-state shaping / ep. : -605.260
terminal shaping / episode  : -6.540
DFA transitions / episode   : 0.01
DFA transitions in window   : 1->2: 1
epsilon (next episode)       : 0.98020
replay buffer                : 9039 samples [1: 99.7%, 2: 0.3%, 3: 0.0%, 4: 0.0%, 5: 0.0%]
DFA state visits in window   : 1: 9111, 2: 28, 3: 0, 4: 0, 5: 0
DFA state visits cumulative  : 1: 9111, 2: 28, 3: 0, 4: 0, 5: 0
DFA state entries in window  : 1: 100, 2: 1, 3: 0, 4: 0, 5: 0
DFA state entries cumulative : 1: 100, 2: 1, 3: 0, 4: 0, 5: 0
transitions cumulative       : 1->2: 1
accepted directly from s0    : 0
Gym endings cumulative       : terminated=100, truncated=0

[Episode 200/12000 | last 100]
success rate                : 0.0% (cumulative 0.0%)
failure rate                : 0.0% (cumulative 0.0%)
completed cycles / episode  : 0.000
synthetic task reward       : 0.000
shaping reward              : -598.856
learning reward             : -598.856
episode length              : 90.7
abstract changes / episode  : 25.6
same abstract-state steps   : 71.7%
same-state shaping / episode: 0.000
changed-state shaping / ep. : -598.856
terminal shaping / episode  : -6.547
DFA transitions / episode   : 0.03
DFA transitions in window   : 1->2: 3
epsilon (next episode)       : 0.96079
replay buffer                : 18108 samples [1: 99.5%, 2: 0.5%, 3: 0.0%, 4: 0.0%, 5: 0.0%]
DFA state visits in window   : 1: 9107, 2: 62, 3: 0, 4: 0, 5: 0
DFA state visits cumulative  : 1: 18218, 2: 90, 3: 0, 4: 0, 5: 0
DFA state entries in window  : 1: 100, 2: 3, 3: 0, 4: 0, 5: 0
DFA state entries cumulative : 1: 200, 2: 4, 3: 0, 4: 0, 5: 0
transitions cumulative       : 1->2: 4
accepted directly from s0    : 0
Gym endings cumulative       : terminated=200, truncated=0

[Episode 300/12000 | last 100]
success rate                : 0.0% (cumulative 0.0%)
failure rate                : 0.0% (cumulative 0.0%)
completed cycles / episode  : 0.000
synthetic task reward       : 0.000
shaping reward              : -632.805
learning reward             : -632.805
episode length              : 94.0
abstract changes / episode  : 25.7
same abstract-state steps   : 72.7%
same-state shaping / episode: 0.000
changed-state shaping / ep. : -632.805
terminal shaping / episode  : -1.457
DFA transitions / episode   : 0.01
DFA transitions in window   : 1->2: 1
epsilon (next episode)       : 0.94176
replay buffer                : 27506 samples [1: 99.6%, 2: 0.4%, 3: 0.0%, 4: 0.0%, 5: 0.0%]
DFA state visits in window   : 1: 9477, 2: 21, 3: 0, 4: 0, 5: 0
DFA state visits cumulative  : 1: 27695, 2: 111, 3: 0, 4: 0, 5: 0
DFA state entries in window  : 1: 100, 2: 1, 3: 0, 4: 0, 5: 0
DFA state entries cumulative : 1: 300, 2: 5, 3: 0, 4: 0, 5: 0
transitions cumulative       : 1->2: 5
accepted directly from s0    : 0
Gym endings cumulative       : terminated=300, truncated=0

[Episode 400/12000 | last 100]
success rate                : 0.0% (cumulative 0.0%)
failure rate                : 0.0% (cumulative 0.0%)
completed cycles / episode  : 0.000
synthetic task reward       : 0.000
shaping reward              : -618.281
learning reward             : -618.281
episode length              : 91.3
abstract changes / episode  : 25.9
same abstract-state steps   : 71.6%
same-state shaping / episode: 0.000
changed-state shaping / ep. : -618.281
terminal shaping / episode  : -3.654
DFA transitions / episode   : 0.00
DFA transitions in window   : none
epsilon (next episode)       : 0.92311
replay buffer                : 36639 samples [1: 99.7%, 2: 0.3%, 3: 0.0%, 4: 0.0%, 5: 0.0%]
DFA state visits in window   : 1: 9233, 2: 0, 3: 0, 4: 0, 5: 0
DFA state visits cumulative  : 1: 36928, 2: 111, 3: 0, 4: 0, 5: 0
DFA state entries in window  : 1: 100, 2: 0, 3: 0, 4: 0, 5: 0
DFA state entries cumulative : 1: 400, 2: 5, 3: 0, 4: 0, 5: 0
transitions cumulative       : 1->2: 5
accepted directly from s0    : 0
Gym endings cumulative       : terminated=400, truncated=0

[Episode 500/12000 | last 100]
success rate                : 0.0% (cumulative 0.0%)
failure rate                : 0.0% (cumulative 0.0%)
completed cycles / episode  : 0.000
synthetic task reward       : 0.000
shaping reward              : -562.160
learning reward             : -562.160
episode length              : 100.2
abstract changes / episode  : 26.5
same abstract-state steps   : 73.6%
same-state shaping / episode: 0.000
changed-state shaping / ep. : -562.160
terminal shaping / episode  : -7.394
DFA transitions / episode   : 0.05
DFA transitions in window   : 1->2: 5
epsilon (next episode)       : 0.90483
replay buffer                : 46659 samples [1: 99.5%, 2: 0.5%, 3: 0.0%, 4: 0.0%, 5: 0.0%]
DFA state visits in window   : 1: 9989, 2: 131, 3: 0, 4: 0, 5: 0
DFA state visits cumulative  : 1: 46917, 2: 242, 3: 0, 4: 0, 5: 0
DFA state entries in window  : 1: 100, 2: 5, 3: 0, 4: 0, 5: 0
DFA state entries cumulative : 1: 500, 2: 10, 3: 0, 4: 0, 5: 0
transitions cumulative       : 1->2: 10
accepted directly from s0    : 0
Gym endings cumulative       : terminated=500, truncated=0

Starting autonomous greedy evaluation at episode 500 (1000 fixed-seed episodes)...
[Greedy evaluation at episode 500 | 1000 fixed-seed episodes]
success=0.0%, failure=0.0%, task reward=0.000, length=144.9
DFA transitions: none
Best policy updated from autonomous greedy evaluation at episode 500.

[Episode 600/12000 | last 100]
success rate                : 0.0% (cumulative 0.0%)
failure rate                : 0.0% (cumulative 0.0%)
completed cycles / episode  : 0.000
synthetic task reward       : 0.000
shaping reward              : -594.796
learning reward             : -594.796
episode length              : 126.8
abstract changes / episode  : 26.0
same abstract-state steps   : 79.5%
same-state shaping / episode: 0.000
changed-state shaping / ep. : -594.796
terminal shaping / episode  : -3.640
DFA transitions / episode   : 0.04
DFA transitions in window   : 1->2: 4
epsilon (next episode)       : 0.88691
replay buffer                : 59334 samples [1: 99.4%, 2: 0.6%, 3: 0.0%, 4: 0.0%, 5: 0.0%]
DFA state visits in window   : 1: 12671, 2: 104, 3: 0, 4: 0, 5: 0
DFA state visits cumulative  : 1: 59588, 2: 346, 3: 0, 4: 0, 5: 0
DFA state entries in window  : 1: 100, 2: 4, 3: 0, 4: 0, 5: 0
DFA state entries cumulative : 1: 600, 2: 14, 3: 0, 4: 0, 5: 0
transitions cumulative       : 1->2: 14
accepted directly from s0    : 0
Gym endings cumulative       : terminated=597, truncated=3

[Episode 700/12000 | last 100]
success rate                : 0.0% (cumulative 0.0%)
failure rate                : 0.0% (cumulative 0.0%)
completed cycles / episode  : 0.000
synthetic task reward       : 0.000
shaping reward              : -547.255
learning reward             : -547.255
episode length              : 109.1
abstract changes / episode  : 25.8
same abstract-state steps   : 76.3%
same-state shaping / episode: 0.000
changed-state shaping / ep. : -547.255
terminal shaping / episode  : -5.859
DFA transitions / episode   : 0.07
DFA transitions in window   : 1->2: 7
epsilon (next episode)       : 0.86935
replay buffer                : 70241 samples [1: 99.3%, 2: 0.7%, 3: 0.0%, 4: 0.0%, 5: 0.0%]
DFA state visits in window   : 1: 10833, 2: 174, 3: 0, 4: 0, 5: 0
DFA state visits cumulative  : 1: 70421, 2: 520, 3: 0, 4: 0, 5: 0
DFA state entries in window  : 1: 100, 2: 7, 3: 0, 4: 0, 5: 0
DFA state entries cumulative : 1: 700, 2: 21, 3: 0, 4: 0, 5: 0
transitions cumulative       : 1->2: 21
accepted directly from s0    : 0
Gym endings cumulative       : terminated=697, truncated=3

[Episode 800/12000 | last 100]
success rate                : 0.0% (cumulative 0.0%)
failure rate                : 0.0% (cumulative 0.0%)
completed cycles / episode  : 0.000
synthetic task reward       : 0.000
shaping reward              : -567.452
learning reward             : -567.452
episode length              : 104.8
abstract changes / episode  : 26.3
same abstract-state steps   : 74.9%
same-state shaping / episode: 0.000
changed-state shaping / ep. : -567.452
terminal shaping / episode  : -5.158
DFA transitions / episode   : 0.04
DFA transitions in window   : 1->2: 4
epsilon (next episode)       : 0.85213
replay buffer                : 80720 samples [1: 99.3%, 2: 0.7%, 3: 0.0%, 4: 0.0%, 5: 0.0%]
DFA state visits in window   : 1: 10485, 2: 94, 3: 0, 4: 0, 5: 0
DFA state visits cumulative  : 1: 80906, 2: 614, 3: 0, 4: 0, 5: 0
DFA state entries in window  : 1: 100, 2: 4, 3: 0, 4: 0, 5: 0
DFA state entries cumulative : 1: 800, 2: 25, 3: 0, 4: 0, 5: 0
transitions cumulative       : 1->2: 25
accepted directly from s0    : 0
Gym endings cumulative       : terminated=797, truncated=3

[Episode 900/12000 | last 100]
success rate                : 0.0% (cumulative 0.0%)
failure rate                : 0.0% (cumulative 0.0%)
completed cycles / episode  : 0.000
synthetic task reward       : 0.000
shaping reward              : -552.579
learning reward             : -552.579
episode length              : 106.7
abstract changes / episode  : 26.1
same abstract-state steps   : 75.5%
same-state shaping / episode: 0.000
changed-state shaping / ep. : -552.579
terminal shaping / episode  : -2.197
DFA transitions / episode   : 0.05
DFA transitions in window   : 1->2: 5
epsilon (next episode)       : 0.83526
replay buffer                : 91386 samples [1: 99.2%, 2: 0.8%, 3: 0.0%, 4: 0.0%, 5: 0.0%]
DFA state visits in window   : 1: 10624, 2: 142, 3: 0, 4: 0, 5: 0
DFA state visits cumulative  : 1: 91530, 2: 756, 3: 0, 4: 0, 5: 0
DFA state entries in window  : 1: 100, 2: 5, 3: 0, 4: 0, 5: 0
DFA state entries cumulative : 1: 900, 2: 30, 3: 0, 4: 0, 5: 0
transitions cumulative       : 1->2: 30
accepted directly from s0    : 0
Gym endings cumulative       : terminated=897, truncated=3

[Episode 1000/12000 | last 100]
success rate                : 0.0% (cumulative 0.0%)
failure rate                : 0.0% (cumulative 0.0%)
completed cycles / episode  : 0.000
synthetic task reward       : 0.000
shaping reward              : -568.999
learning reward             : -568.999
episode length              : 107.2
abstract changes / episode  : 25.6
same abstract-state steps   : 76.1%
same-state shaping / episode: 0.000
changed-state shaping / ep. : -568.999
terminal shaping / episode  : -3.654
DFA transitions / episode   : 0.02
DFA transitions in window   : 1->2: 2
epsilon (next episode)       : 0.81871
replay buffer                : 102101 samples [1: 99.3%, 2: 0.7%, 3: 0.0%, 4: 0.0%, 5: 0.0%]
DFA state visits in window   : 1: 10774, 2: 41, 3: 0, 4: 0, 5: 0
DFA state visits cumulative  : 1: 102304, 2: 797, 3: 0, 4: 0, 5: 0
DFA state entries in window  : 1: 100, 2: 2, 3: 0, 4: 0, 5: 0
DFA state entries cumulative : 1: 1000, 2: 32, 3: 0, 4: 0, 5: 0
transitions cumulative       : 1->2: 32
accepted directly from s0    : 0
Gym endings cumulative       : terminated=997, truncated=3

Starting autonomous greedy evaluation at episode 1000 (1000 fixed-seed episodes)...
[Greedy evaluation at episode 1000 | 1000 fixed-seed episodes]
success=0.0%, failure=0.0%, task reward=0.000, length=130.3
DFA transitions: none
Best policy updated from autonomous greedy evaluation at episode 1000.

[Episode 1100/12000 | last 100]
success rate                : 0.0% (cumulative 0.0%)
failure rate                : 0.0% (cumulative 0.0%)
completed cycles / episode  : 0.000
synthetic task reward       : 0.000
shaping reward              : -564.448
learning reward             : -564.448
episode length              : 110.2
abstract changes / episode  : 26.6
same abstract-state steps   : 75.9%
same-state shaping / episode: 0.000
changed-state shaping / ep. : -564.448
terminal shaping / episode  : -7.309
DFA transitions / episode   : 0.06
DFA transitions in window   : 1->2: 6
epsilon (next episode)       : 0.80250
replay buffer                : 113124 samples [1: 99.1%, 2: 0.9%, 3: 0.0%, 4: 0.0%, 5: 0.0%]
DFA state visits in window   : 1: 10893, 2: 230, 3: 0, 4: 0, 5: 0
DFA state visits cumulative  : 1: 113197, 2: 1027, 3: 0, 4: 0, 5: 0
DFA state entries in window  : 1: 100, 2: 6, 3: 0, 4: 0, 5: 0
DFA state entries cumulative : 1: 1100, 2: 38, 3: 0, 4: 0, 5: 0
transitions cumulative       : 1->2: 38
accepted directly from s0    : 0
Gym endings cumulative       : terminated=1097, truncated=3

[Episode 1200/12000 | last 100]
success rate                : 0.0% (cumulative 0.0%)
failure rate                : 0.0% (cumulative 0.0%)
completed cycles / episode  : 0.000
synthetic task reward       : 0.000
shaping reward              : -549.545
learning reward             : -549.545
episode length              : 106.1
abstract changes / episode  : 25.8
same abstract-state steps   : 75.7%
same-state shaping / episode: 0.000
changed-state shaping / ep. : -549.545
terminal shaping / episode  : -4.402
DFA transitions / episode   : 0.03
DFA transitions in window   : 1->2: 3
epsilon (next episode)       : 0.78661
replay buffer                : 123738 samples [1: 99.1%, 2: 0.9%, 3: 0.0%, 4: 0.0%, 5: 0.0%]
DFA state visits in window   : 1: 10608, 2: 106, 3: 0, 4: 0, 5: 0
DFA state visits cumulative  : 1: 123805, 2: 1133, 3: 0, 4: 0, 5: 0
DFA state entries in window  : 1: 100, 2: 3, 3: 0, 4: 0, 5: 0
DFA state entries cumulative : 1: 1200, 2: 41, 3: 0, 4: 0, 5: 0
transitions cumulative       : 1->2: 41
accepted directly from s0    : 0
Gym endings cumulative       : terminated=1197, truncated=3

[Episode 1300/12000 | last 100]
success rate                : 0.0% (cumulative 0.0%)
failure rate                : 0.0% (cumulative 0.0%)
completed cycles / episode  : 0.000
synthetic task reward       : 0.000
shaping reward              : -539.896
learning reward             : -539.896
episode length              : 114.8
abstract changes / episode  : 26.1
same abstract-state steps   : 77.3%
same-state shaping / episode: 0.000
changed-state shaping / ep. : -539.896
terminal shaping / episode  : -2.974
DFA transitions / episode   : 0.03
DFA transitions in window   : 1->2: 3
epsilon (next episode)       : 0.77103
replay buffer                : 135222 samples [1: 99.1%, 2: 0.9%, 3: 0.0%, 4: 0.0%, 5: 0.0%]
DFA state visits in window   : 1: 11510, 2: 74, 3: 0, 4: 0, 5: 0
DFA state visits cumulative  : 1: 135315, 2: 1207, 3: 0, 4: 0, 5: 0
DFA state entries in window  : 1: 100, 2: 3, 3: 0, 4: 0, 5: 0
DFA state entries cumulative : 1: 1300, 2: 44, 3: 0, 4: 0, 5: 0
transitions cumulative       : 1->2: 44
accepted directly from s0    : 0
Gym endings cumulative       : terminated=1297, truncated=3

[Episode 1400/12000 | last 100]
success rate                : 0.0% (cumulative 0.0%)
failure rate                : 0.0% (cumulative 0.0%)
completed cycles / episode  : 0.000
synthetic task reward       : 0.000
shaping reward              : -578.706
learning reward             : -578.706
episode length              : 103.3
abstract changes / episode  : 26.3
same abstract-state steps   : 74.6%
same-state shaping / episode: 0.000
changed-state shaping / ep. : -578.706
terminal shaping / episode  : -2.227
DFA transitions / episode   : 0.04
DFA transitions in window   : 1->2: 4
epsilon (next episode)       : 0.75576
replay buffer                : 145548 samples [1: 99.1%, 2: 0.9%, 3: 0.0%, 4: 0.0%, 5: 0.0%]
DFA state visits in window   : 1: 10305, 2: 121, 3: 0, 4: 0, 5: 0
DFA state visits cumulative  : 1: 145620, 2: 1328, 3: 0, 4: 0, 5: 0
DFA state entries in window  : 1: 100, 2: 4, 3: 0, 4: 0, 5: 0
DFA state entries cumulative : 1: 1400, 2: 48, 3: 0, 4: 0, 5: 0
transitions cumulative       : 1->2: 48
accepted directly from s0    : 0
Gym endings cumulative       : terminated=1397, truncated=3

[Episode 1500/12000 | last 100]
success rate                : 0.0% (cumulative 0.0%)
failure rate                : 0.0% (cumulative 0.0%)
completed cycles / episode  : 0.000
synthetic task reward       : 0.000
shaping reward              : -637.855
learning reward             : -637.855
episode length              : 104.8
abstract changes / episode  : 25.8
same abstract-state steps   : 75.4%
same-state shaping / episode: 0.000
changed-state shaping / ep. : -637.855
terminal shaping / episode  : -0.007
DFA transitions / episode   : 0.00
DFA transitions in window   : none
epsilon (next episode)       : 0.74080
replay buffer                : 156025 samples [1: 99.2%, 2: 0.8%, 3: 0.0%, 4: 0.0%, 5: 0.0%]
DFA state visits in window   : 1: 10577, 2: 0, 3: 0, 4: 0, 5: 0
DFA state visits cumulative  : 1: 156197, 2: 1328, 3: 0, 4: 0, 5: 0
DFA state entries in window  : 1: 100, 2: 0, 3: 0, 4: 0, 5: 0
DFA state entries cumulative : 1: 1500, 2: 48, 3: 0, 4: 0, 5: 0
transitions cumulative       : 1->2: 48
accepted directly from s0    : 0
Gym endings cumulative       : terminated=1497, truncated=3

Starting autonomous greedy evaluation at episode 1500 (1000 fixed-seed episodes)...
[Greedy evaluation at episode 1500 | 1000 fixed-seed episodes]
success=0.0%, failure=0.0%, task reward=0.000, length=297.4
DFA transitions: 1->2: 578

[Episode 1600/12000 | last 100]
success rate                : 0.0% (cumulative 0.0%)
failure rate                : 0.0% (cumulative 0.0%)
completed cycles / episode  : 0.000
synthetic task reward       : 0.000
shaping reward              : -637.366
learning reward             : -637.366
episode length              : 113.4
abstract changes / episode  : 27.0
same abstract-state steps   : 76.2%
same-state shaping / episode: 0.000
changed-state shaping / ep. : -637.366
terminal shaping / episode  : -0.732
DFA transitions / episode   : 0.00
DFA transitions in window   : none
epsilon (next episode)       : 0.72613
replay buffer                : 167369 samples [1: 99.2%, 2: 0.8%, 3: 0.0%, 4: 0.0%, 5: 0.0%]
DFA state visits in window   : 1: 11444, 2: 0, 3: 0, 4: 0, 5: 0
DFA state visits cumulative  : 1: 167641, 2: 1328, 3: 0, 4: 0, 5: 0
DFA state entries in window  : 1: 100, 2: 0, 3: 0, 4: 0, 5: 0
DFA state entries cumulative : 1: 1600, 2: 48, 3: 0, 4: 0, 5: 0
transitions cumulative       : 1->2: 48
accepted directly from s0    : 0
Gym endings cumulative       : terminated=1597, truncated=3

[Episode 1700/12000 | last 100]
success rate                : 0.0% (cumulative 0.0%)
failure rate                : 0.0% (cumulative 0.0%)
completed cycles / episode  : 0.000
synthetic task reward       : 0.000
shaping reward              : -628.076
learning reward             : -628.076
episode length              : 103.3
abstract changes / episode  : 26.1
same abstract-state steps   : 74.7%
same-state shaping / episode: 0.000
changed-state shaping / ep. : -628.076
terminal shaping / episode  : -2.886
DFA transitions / episode   : 0.00
DFA transitions in window   : none
epsilon (next episode)       : 0.71175
replay buffer                : 177704 samples [1: 99.3%, 2: 0.7%, 3: 0.0%, 4: 0.0%, 5: 0.0%]
DFA state visits in window   : 1: 10435, 2: 0, 3: 0, 4: 0, 5: 0
DFA state visits cumulative  : 1: 178076, 2: 1328, 3: 0, 4: 0, 5: 0
DFA state entries in window  : 1: 100, 2: 0, 3: 0, 4: 0, 5: 0
DFA state entries cumulative : 1: 1700, 2: 48, 3: 0, 4: 0, 5: 0
transitions cumulative       : 1->2: 48
accepted directly from s0    : 0
Gym endings cumulative       : terminated=1697, truncated=3

[Episode 1800/12000 | last 100]
success rate                : 0.0% (cumulative 0.0%)
failure rate                : 0.0% (cumulative 0.0%)
completed cycles / episode  : 0.000
synthetic task reward       : 0.000
shaping reward              : -618.588
learning reward             : -618.588
episode length              : 105.1
abstract changes / episode  : 26.6
same abstract-state steps   : 74.7%
same-state shaping / episode: 0.000
changed-state shaping / ep. : -618.588
terminal shaping / episode  : -3.632
DFA transitions / episode   : 0.01
DFA transitions in window   : 1->2: 1
epsilon (next episode)       : 0.69765
replay buffer                : 188214 samples [1: 99.3%, 2: 0.7%, 3: 0.0%, 4: 0.0%, 5: 0.0%]
DFA state visits in window   : 1: 10579, 2: 31, 3: 0, 4: 0, 5: 0
DFA state visits cumulative  : 1: 188655, 2: 1359, 3: 0, 4: 0, 5: 0
DFA state entries in window  : 1: 100, 2: 1, 3: 0, 4: 0, 5: 0
DFA state entries cumulative : 1: 1800, 2: 49, 3: 0, 4: 0, 5: 0
transitions cumulative       : 1->2: 49
accepted directly from s0    : 0
Gym endings cumulative       : terminated=1797, truncated=3

[Episode 1900/12000 | last 100]
success rate                : 0.0% (cumulative 0.0%)
failure rate                : 0.0% (cumulative 0.0%)
completed cycles / episode  : 0.000
synthetic task reward       : 0.000
shaping reward              : -625.015
learning reward             : -625.015
episode length              : 109.3
abstract changes / episode  : 26.4
same abstract-state steps   : 75.9%
same-state shaping / episode: 0.000
changed-state shaping / ep. : -625.015
terminal shaping / episode  : -5.097
DFA transitions / episode   : 0.01
DFA transitions in window   : 1->2: 1
epsilon (next episode)       : 0.68384
replay buffer                : 199149 samples [1: 99.3%, 2: 0.7%, 3: 0.0%, 4: 0.0%, 5: 0.0%]
DFA state visits in window   : 1: 11010, 2: 25, 3: 0, 4: 0, 5: 0
DFA state visits cumulative  : 1: 199665, 2: 1384, 3: 0, 4: 0, 5: 0
DFA state entries in window  : 1: 100, 2: 1, 3: 0, 4: 0, 5: 0
DFA state entries cumulative : 1: 1900, 2: 50, 3: 0, 4: 0, 5: 0
transitions cumulative       : 1->2: 50
accepted directly from s0    : 0
Gym endings cumulative       : terminated=1897, truncated=3

[Episode 2000/12000 | last 100]
success rate                : 0.0% (cumulative 0.0%)
failure rate                : 0.0% (cumulative 0.0%)
completed cycles / episode  : 0.000
synthetic task reward       : 0.000
shaping reward              : -618.609
learning reward             : -618.609
episode length              : 105.8
abstract changes / episode  : 26.0
same abstract-state steps   : 75.4%
same-state shaping / episode: 0.000
changed-state shaping / ep. : -618.609
terminal shaping / episode  : -4.379
DFA transitions / episode   : 0.00
DFA transitions in window   : none
epsilon (next episode)       : 0.67029
replay buffer                : 209727 samples [1: 99.4%, 2: 0.6%, 3: 0.0%, 4: 0.0%, 5: 0.0%]
DFA state visits in window   : 1: 10678, 2: 0, 3: 0, 4: 0, 5: 0
DFA state visits cumulative  : 1: 210343, 2: 1384, 3: 0, 4: 0, 5: 0
DFA state entries in window  : 1: 100, 2: 0, 3: 0, 4: 0, 5: 0
DFA state entries cumulative : 1: 2000, 2: 50, 3: 0, 4: 0, 5: 0
transitions cumulative       : 1->2: 50
accepted directly from s0    : 0
Gym endings cumulative       : terminated=1997, truncated=3

Starting autonomous greedy evaluation at episode 2000 (1000 fixed-seed episodes)...
[Greedy evaluation at episode 2000 | 1000 fixed-seed episodes]
success=0.0%, failure=0.0%, task reward=0.000, length=340.8
DFA transitions: 1->2: 676

[Episode 2100/12000 | last 100]
success rate                : 0.0% (cumulative 0.0%)
failure rate                : 0.0% (cumulative 0.0%)
completed cycles / episode  : 0.000
synthetic task reward       : 0.000
shaping reward              : -615.123
learning reward             : -615.123
episode length              : 107.2
abstract changes / episode  : 26.7
same abstract-state steps   : 75.1%
same-state shaping / episode: 0.000
changed-state shaping / ep. : -615.123
terminal shaping / episode  : -2.944
DFA transitions / episode   : 0.01
DFA transitions in window   : 1->2: 1
epsilon (next episode)       : 0.65702
replay buffer                : 220446 samples [1: 99.4%, 2: 0.6%, 3: 0.0%, 4: 0.0%, 5: 0.0%]
DFA state visits in window   : 1: 10783, 2: 36, 3: 0, 4: 0, 5: 0
DFA state visits cumulative  : 1: 221126, 2: 1420, 3: 0, 4: 0, 5: 0
DFA state entries in window  : 1: 100, 2: 1, 3: 0, 4: 0, 5: 0
DFA state entries cumulative : 1: 2100, 2: 51, 3: 0, 4: 0, 5: 0
transitions cumulative       : 1->2: 51
accepted directly from s0    : 0
Gym endings cumulative       : terminated=2097, truncated=3

[Episode 2200/12000 | last 100]
success rate                : 0.0% (cumulative 0.0%)
failure rate                : 0.0% (cumulative 0.0%)
completed cycles / episode  : 0.000
synthetic task reward       : 0.000
shaping reward              : -623.384
learning reward             : -623.384
episode length              : 110.1
abstract changes / episode  : 26.4
same abstract-state steps   : 76.0%
same-state shaping / episode: 0.000
changed-state shaping / ep. : -623.384
terminal shaping / episode  : -0.725
DFA transitions / episode   : 0.02
DFA transitions in window   : 1->2: 2
epsilon (next episode)       : 0.64401
replay buffer                : 231459 samples [1: 99.4%, 2: 0.6%, 3: 0.0%, 4: 0.0%, 5: 0.0%]
DFA state visits in window   : 1: 11041, 2: 72, 3: 0, 4: 0, 5: 0
DFA state visits cumulative  : 1: 232167, 2: 1492, 3: 0, 4: 0, 5: 0
DFA state entries in window  : 1: 100, 2: 2, 3: 0, 4: 0, 5: 0
DFA state entries cumulative : 1: 2200, 2: 53, 3: 0, 4: 0, 5: 0
transitions cumulative       : 1->2: 53
accepted directly from s0    : 0
Gym endings cumulative       : terminated=2197, truncated=3

[Episode 2300/12000 | last 100]
success rate                : 0.0% (cumulative 0.0%)
failure rate                : 0.0% (cumulative 0.0%)
completed cycles / episode  : 0.000
synthetic task reward       : 0.000
shaping reward              : -629.796
learning reward             : -629.796
episode length              : 118.6
abstract changes / episode  : 26.3
same abstract-state steps   : 77.9%
same-state shaping / episode: 0.000
changed-state shaping / ep. : -629.796
terminal shaping / episode  : -1.472
DFA transitions / episode   : 0.01
DFA transitions in window   : 1->2: 1
epsilon (next episode)       : 0.63125
replay buffer                : 243322 samples [1: 99.4%, 2: 0.6%, 3: 0.0%, 4: 0.0%, 5: 0.0%]
DFA state visits in window   : 1: 11931, 2: 32, 3: 0, 4: 0, 5: 0
DFA state visits cumulative  : 1: 244098, 2: 1524, 3: 0, 4: 0, 5: 0
DFA state entries in window  : 1: 100, 2: 1, 3: 0, 4: 0, 5: 0
DFA state entries cumulative : 1: 2300, 2: 54, 3: 0, 4: 0, 5: 0
transitions cumulative       : 1->2: 54
accepted directly from s0    : 0
Gym endings cumulative       : terminated=2296, truncated=4

[Episode 2400/12000 | last 100]
success rate                : 0.0% (cumulative 0.0%)
failure rate                : 0.0% (cumulative 0.0%)
completed cycles / episode  : 0.000
synthetic task reward       : 0.000
shaping reward              : -637.269
learning reward             : -637.269
episode length              : 126.1
abstract changes / episode  : 26.9
same abstract-state steps   : 78.7%
same-state shaping / episode: 0.000
changed-state shaping / ep. : -637.269
terminal shaping / episode  : -5.097
DFA transitions / episode   : 0.00
DFA transitions in window   : none
epsilon (next episode)       : 0.61875
replay buffer                : 255934 samples [1: 99.4%, 2: 0.6%, 3: 0.0%, 4: 0.0%, 5: 0.0%]
DFA state visits in window   : 1: 12712, 2: 0, 3: 0, 4: 0, 5: 0
DFA state visits cumulative  : 1: 256810, 2: 1524, 3: 0, 4: 0, 5: 0
DFA state entries in window  : 1: 100, 2: 0, 3: 0, 4: 0, 5: 0
DFA state entries cumulative : 1: 2400, 2: 54, 3: 0, 4: 0, 5: 0
transitions cumulative       : 1->2: 54
accepted directly from s0    : 0
Gym endings cumulative       : terminated=2396, truncated=4

[Episode 2500/12000 | last 100]
success rate                : 0.0% (cumulative 0.0%)
failure rate                : 0.0% (cumulative 0.0%)
completed cycles / episode  : 0.000
synthetic task reward       : 0.000
shaping reward              : -646.356
learning reward             : -646.356
episode length              : 123.6
abstract changes / episode  : 26.9
same abstract-state steps   : 78.3%
same-state shaping / episode: 0.000
changed-state shaping / ep. : -646.356
terminal shaping / episode  : -1.436
DFA transitions / episode   : 0.01
DFA transitions in window   : 1->2: 1
epsilon (next episode)       : 0.60650
replay buffer                : 268296 samples [1: 99.4%, 2: 0.6%, 3: 0.0%, 4: 0.0%, 5: 0.0%]
DFA state visits in window   : 1: 12431, 2: 31, 3: 0, 4: 0, 5: 0
DFA state visits cumulative  : 1: 269241, 2: 1555, 3: 0, 4: 0, 5: 0
DFA state entries in window  : 1: 100, 2: 1, 3: 0, 4: 0, 5: 0
DFA state entries cumulative : 1: 2500, 2: 55, 3: 0, 4: 0, 5: 0
transitions cumulative       : 1->2: 55
accepted directly from s0    : 0
Gym endings cumulative       : terminated=2496, truncated=4

Starting autonomous greedy evaluation at episode 2500 (1000 fixed-seed episodes)...
[Greedy evaluation at episode 2500 | 1000 fixed-seed episodes]
success=0.0%, failure=0.0%, task reward=0.000, length=313.9
DFA transitions: none

[Episode 2600/12000 | last 100]
success rate                : 0.0% (cumulative 0.0%)
failure rate                : 0.0% (cumulative 0.0%)
completed cycles / episode  : 0.000
synthetic task reward       : 0.000
shaping reward              : -641.120
learning reward             : -641.120
episode length              : 124.1
abstract changes / episode  : 27.0
same abstract-state steps   : 78.2%
same-state shaping / episode: 0.000
changed-state shaping / ep. : -641.120
terminal shaping / episode  : -2.182
DFA transitions / episode   : 0.00
DFA transitions in window   : none
epsilon (next episode)       : 0.59449
replay buffer                : 280707 samples [1: 99.5%, 2: 0.5%, 3: 0.0%, 4: 0.0%, 5: 0.0%]
DFA state visits in window   : 1: 12511, 2: 0, 3: 0, 4: 0, 5: 0
DFA state visits cumulative  : 1: 281752, 2: 1555, 3: 0, 4: 0, 5: 0
DFA state entries in window  : 1: 100, 2: 0, 3: 0, 4: 0, 5: 0
DFA state entries cumulative : 1: 2600, 2: 55, 3: 0, 4: 0, 5: 0
transitions cumulative       : 1->2: 55
accepted directly from s0    : 0
Gym endings cumulative       : terminated=2596, truncated=4

[Episode 2700/12000 | last 100]
success rate                : 0.0% (cumulative 0.0%)
failure rate                : 0.0% (cumulative 0.0%)
completed cycles / episode  : 0.000
synthetic task reward       : 0.000
shaping reward              : -631.769
learning reward             : -631.769
episode length              : 119.5
abstract changes / episode  : 26.4
same abstract-state steps   : 77.9%
same-state shaping / episode: 0.000
changed-state shaping / ep. : -631.769
terminal shaping / episode  : -3.625
DFA transitions / episode   : 0.00
DFA transitions in window   : none
epsilon (next episode)       : 0.58272
replay buffer                : 292658 samples [1: 99.5%, 2: 0.5%, 3: 0.0%, 4: 0.0%, 5: 0.0%]
DFA state visits in window   : 1: 12051, 2: 0, 3: 0, 4: 0, 5: 0
DFA state visits cumulative  : 1: 293803, 2: 1555, 3: 0, 4: 0, 5: 0
DFA state entries in window  : 1: 100, 2: 0, 3: 0, 4: 0, 5: 0
DFA state entries cumulative : 1: 2700, 2: 55, 3: 0, 4: 0, 5: 0
transitions cumulative       : 1->2: 55
accepted directly from s0    : 0
Gym endings cumulative       : terminated=2696, truncated=4

[Episode 2800/12000 | last 100]
success rate                : 0.0% (cumulative 0.0%)
failure rate                : 0.0% (cumulative 0.0%)
completed cycles / episode  : 0.000
synthetic task reward       : 0.000
shaping reward              : -642.136
learning reward             : -642.136
episode length              : 151.6
abstract changes / episode  : 26.7
same abstract-state steps   : 82.4%
same-state shaping / episode: 0.000
changed-state shaping / ep. : -642.136
terminal shaping / episode  : -2.893
DFA transitions / episode   : 0.00
DFA transitions in window   : none
epsilon (next episode)       : 0.57118
replay buffer                : 300000 samples [1: 99.5%, 2: 0.5%, 3: 0.0%, 4: 0.0%, 5: 0.0%]
DFA state visits in window   : 1: 15260, 2: 0, 3: 0, 4: 0, 5: 0
DFA state visits cumulative  : 1: 309063, 2: 1555, 3: 0, 4: 0, 5: 0
DFA state entries in window  : 1: 100, 2: 0, 3: 0, 4: 0, 5: 0
DFA state entries cumulative : 1: 2800, 2: 55, 3: 0, 4: 0, 5: 0
transitions cumulative       : 1->2: 55
accepted directly from s0    : 0
Gym endings cumulative       : terminated=2793, truncated=7

[Episode 2900/12000 | last 100]
success rate                : 0.0% (cumulative 0.0%)
failure rate                : 0.0% (cumulative 0.0%)
completed cycles / episode  : 0.000
synthetic task reward       : 0.000
shaping reward              : -620.554
learning reward             : -620.554
episode length              : 154.1
abstract changes / episode  : 26.3
same abstract-state steps   : 82.9%
same-state shaping / episode: 0.000
changed-state shaping / ep. : -620.554
terminal shaping / episode  : -1.443
DFA transitions / episode   : 0.00
DFA transitions in window   : none
epsilon (next episode)       : 0.55987
replay buffer                : 300000 samples [1: 99.5%, 2: 0.5%, 3: 0.0%, 4: 0.0%, 5: 0.0%]
DFA state visits in window   : 1: 15507, 2: 0, 3: 0, 4: 0, 5: 0
DFA state visits cumulative  : 1: 324570, 2: 1555, 3: 0, 4: 0, 5: 0
DFA state entries in window  : 1: 100, 2: 0, 3: 0, 4: 0, 5: 0
DFA state entries cumulative : 1: 2900, 2: 55, 3: 0, 4: 0, 5: 0
transitions cumulative       : 1->2: 55
accepted directly from s0    : 0
Gym endings cumulative       : terminated=2888, truncated=12

[Episode 3000/12000 | last 100]
success rate                : 0.0% (cumulative 0.0%)
failure rate                : 0.0% (cumulative 0.0%)
completed cycles / episode  : 0.000
synthetic task reward       : 0.000
shaping reward              : -653.260
learning reward             : -653.260
episode length              : 188.7
abstract changes / episode  : 27.8
same abstract-state steps   : 85.3%
same-state shaping / episode: 0.000
changed-state shaping / ep. : -653.260
terminal shaping / episode  : -1.436
DFA transitions / episode   : 0.00
DFA transitions in window   : none
epsilon (next episode)       : 0.54878
replay buffer                : 300000 samples [1: 99.5%, 2: 0.5%, 3: 0.0%, 4: 0.0%, 5: 0.0%]
DFA state visits in window   : 1: 18965, 2: 0, 3: 0, 4: 0, 5: 0
DFA state visits cumulative  : 1: 343535, 2: 1555, 3: 0, 4: 0, 5: 0
DFA state entries in window  : 1: 100, 2: 0, 3: 0, 4: 0, 5: 0
DFA state entries cumulative : 1: 3000, 2: 55, 3: 0, 4: 0, 5: 0
transitions cumulative       : 1->2: 55
accepted directly from s0    : 0
Gym endings cumulative       : terminated=2981, truncated=19

Starting autonomous greedy evaluation at episode 3000 (1000 fixed-seed episodes)...
[Greedy evaluation at episode 3000 | 1000 fixed-seed episodes]
success=0.0%, failure=0.0%, task reward=0.000, length=562.5
DFA transitions: none

[Episode 3100/12000 | last 100]
success rate                : 0.0% (cumulative 0.0%)
failure rate                : 0.0% (cumulative 0.0%)
completed cycles / episode  : 0.000
synthetic task reward       : 0.000
shaping reward              : -641.186
learning reward             : -641.186
episode length              : 150.2
abstract changes / episode  : 26.5
same abstract-state steps   : 82.4%
same-state shaping / episode: 0.000
changed-state shaping / ep. : -641.186
terminal shaping / episode  : -0.725
DFA transitions / episode   : 0.00
DFA transitions in window   : none
epsilon (next episode)       : 0.53791
replay buffer                : 300000 samples [1: 99.6%, 2: 0.4%, 3: 0.0%, 4: 0.0%, 5: 0.0%]
DFA state visits in window   : 1: 15118, 2: 0, 3: 0, 4: 0, 5: 0
DFA state visits cumulative  : 1: 358653, 2: 1555, 3: 0, 4: 0, 5: 0
DFA state entries in window  : 1: 100, 2: 0, 3: 0, 4: 0, 5: 0
DFA state entries cumulative : 1: 3100, 2: 55, 3: 0, 4: 0, 5: 0
transitions cumulative       : 1->2: 55
accepted directly from s0    : 0
Gym endings cumulative       : terminated=3077, truncated=23

[Episode 3200/12000 | last 100]
success rate                : 0.0% (cumulative 0.0%)
failure rate                : 0.0% (cumulative 0.0%)
completed cycles / episode  : 0.000
synthetic task reward       : 0.000
shaping reward              : -638.552
learning reward             : -638.552
episode length              : 220.5
abstract changes / episode  : 27.6
same abstract-state steps   : 87.5%
same-state shaping / episode: 0.000
changed-state shaping / ep. : -638.552
terminal shaping / episode  : -1.465
DFA transitions / episode   : 0.00
DFA transitions in window   : none
epsilon (next episode)       : 0.52726
replay buffer                : 300000 samples [1: 99.7%, 2: 0.3%, 3: 0.0%, 4: 0.0%, 5: 0.0%]
DFA state visits in window   : 1: 22147, 2: 0, 3: 0, 4: 0, 5: 0
DFA state visits cumulative  : 1: 380800, 2: 1555, 3: 0, 4: 0, 5: 0
DFA state entries in window  : 1: 100, 2: 0, 3: 0, 4: 0, 5: 0
DFA state entries cumulative : 1: 3200, 2: 55, 3: 0, 4: 0, 5: 0
transitions cumulative       : 1->2: 55
accepted directly from s0    : 0
Gym endings cumulative       : terminated=3166, truncated=34

[Episode 3300/12000 | last 100]
success rate                : 0.0% (cumulative 0.0%)
failure rate                : 0.0% (cumulative 0.0%)
completed cycles / episode  : 0.000
synthetic task reward       : 0.000
shaping reward              : -618.339
learning reward             : -618.339
episode length              : 205.5
abstract changes / episode  : 27.0
same abstract-state steps   : 86.8%
same-state shaping / episode: 0.000
changed-state shaping / ep. : -618.339
terminal shaping / episode  : 0.802
DFA transitions / episode   : 0.00
DFA transitions in window   : none
epsilon (next episode)       : 0.51682
replay buffer                : 300000 samples [1: 99.7%, 2: 0.3%, 3: 0.0%, 4: 0.0%, 5: 0.0%]
DFA state visits in window   : 1: 20647, 2: 0, 3: 0, 4: 0, 5: 0
DFA state visits cumulative  : 1: 401447, 2: 1555, 3: 0, 4: 0, 5: 0
DFA state entries in window  : 1: 100, 2: 0, 3: 0, 4: 0, 5: 0
DFA state entries cumulative : 1: 3300, 2: 55, 3: 0, 4: 0, 5: 0
transitions cumulative       : 1->2: 55
accepted directly from s0    : 0
Gym endings cumulative       : terminated=3257, truncated=43

[Episode 3400/12000 | last 100]
success rate                : 0.0% (cumulative 0.0%)
failure rate                : 0.0% (cumulative 0.0%)
completed cycles / episode  : 0.000
synthetic task reward       : 0.000
shaping reward              : -630.396
learning reward             : -630.396
episode length              : 179.1
abstract changes / episode  : 28.5
same abstract-state steps   : 84.1%
same-state shaping / episode: 0.000
changed-state shaping / ep. : -630.396
terminal shaping / episode  : -2.197
DFA transitions / episode   : 0.00
DFA transitions in window   : none
epsilon (next episode)       : 0.50658
replay buffer                : 300000 samples [1: 99.8%, 2: 0.2%, 3: 0.0%, 4: 0.0%, 5: 0.0%]
DFA state visits in window   : 1: 18011, 2: 0, 3: 0, 4: 0, 5: 0
DFA state visits cumulative  : 1: 419458, 2: 1555, 3: 0, 4: 0, 5: 0
DFA state entries in window  : 1: 100, 2: 0, 3: 0, 4: 0, 5: 0
DFA state entries cumulative : 1: 3400, 2: 55, 3: 0, 4: 0, 5: 0
transitions cumulative       : 1->2: 55
accepted directly from s0    : 0
Gym endings cumulative       : terminated=3354, truncated=46

[Episode 3500/12000 | last 100]
success rate                : 0.0% (cumulative 0.0%)
failure rate                : 0.0% (cumulative 0.0%)
completed cycles / episode  : 0.000
synthetic task reward       : 0.000
shaping reward              : -702.052
learning reward             : -702.052
episode length              : 167.9
abstract changes / episode  : 27.9
same abstract-state steps   : 83.4%
same-state shaping / episode: 0.000
changed-state shaping / ep. : -702.052
terminal shaping / episode  : -2.893
DFA transitions / episode   : 0.00
DFA transitions in window   : none
epsilon (next episode)       : 0.49655
replay buffer                : 300000 samples [1: 99.9%, 2: 0.1%, 3: 0.0%, 4: 0.0%, 5: 0.0%]
DFA state visits in window   : 1: 16895, 2: 0, 3: 0, 4: 0, 5: 0
DFA state visits cumulative  : 1: 436353, 2: 1555, 3: 0, 4: 0, 5: 0
DFA state entries in window  : 1: 100, 2: 0, 3: 0, 4: 0, 5: 0
DFA state entries cumulative : 1: 3500, 2: 55, 3: 0, 4: 0, 5: 0
transitions cumulative       : 1->2: 55
accepted directly from s0    : 0
Gym endings cumulative       : terminated=3449, truncated=51

Starting autonomous greedy evaluation at episode 3500 (1000 fixed-seed episodes)...
[Greedy evaluation at episode 3500 | 1000 fixed-seed episodes]
success=0.0%, failure=0.0%, task reward=0.000, length=95.1
DFA transitions: none
Best policy updated from autonomous greedy evaluation at episode 3500.

[Episode 3600/12000 | last 100]
success rate                : 0.0% (cumulative 0.0%)
failure rate                : 0.0% (cumulative 0.0%)
completed cycles / episode  : 0.000
synthetic task reward       : 0.000
shaping reward              : -641.135
learning reward             : -641.135
episode length              : 167.6
abstract changes / episode  : 28.3
same abstract-state steps   : 83.1%
same-state shaping / episode: 0.000
changed-state shaping / ep. : -641.135
terminal shaping / episode  : -2.175
DFA transitions / episode   : 0.05
DFA transitions in window   : 1->2: 5
epsilon (next episode)       : 0.48672
replay buffer                : 300000 samples [1: 99.8%, 2: 0.2%, 3: 0.0%, 4: 0.0%, 5: 0.0%]
DFA state visits in window   : 1: 16506, 2: 356, 3: 0, 4: 0, 5: 0
DFA state visits cumulative  : 1: 452859, 2: 1911, 3: 0, 4: 0, 5: 0
DFA state entries in window  : 1: 100, 2: 5, 3: 0, 4: 0, 5: 0
DFA state entries cumulative : 1: 3600, 2: 60, 3: 0, 4: 0, 5: 0
transitions cumulative       : 1->2: 60
accepted directly from s0    : 0
Gym endings cumulative       : terminated=3548, truncated=52

[Episode 3700/12000 | last 100]
success rate                : 0.0% (cumulative 0.0%)
failure rate                : 0.0% (cumulative 0.0%)
completed cycles / episode  : 0.000
synthetic task reward       : 0.000
shaping reward              : -475.097
learning reward             : -475.097
episode length              : 240.1
abstract changes / episode  : 27.7
same abstract-state steps   : 88.5%
same-state shaping / episode: 0.000
changed-state shaping / ep. : -475.097
terminal shaping / episode  : -2.900
DFA transitions / episode   : 0.00
DFA transitions in window   : none
epsilon (next episode)       : 0.47708
replay buffer                : 300000 samples [1: 99.8%, 2: 0.2%, 3: 0.0%, 4: 0.0%, 5: 0.0%]
DFA state visits in window   : 1: 24107, 2: 0, 3: 0, 4: 0, 5: 0
DFA state visits cumulative  : 1: 476966, 2: 1911, 3: 0, 4: 0, 5: 0
DFA state entries in window  : 1: 100, 2: 0, 3: 0, 4: 0, 5: 0
DFA state entries cumulative : 1: 3700, 2: 60, 3: 0, 4: 0, 5: 0
transitions cumulative       : 1->2: 60
accepted directly from s0    : 0
Gym endings cumulative       : terminated=3648, truncated=52

[Episode 3800/12000 | last 100]
success rate                : 0.0% (cumulative 0.0%)
failure rate                : 0.0% (cumulative 0.0%)
completed cycles / episode  : 0.000
synthetic task reward       : 0.000
shaping reward              : -466.365
learning reward             : -466.365
episode length              : 309.7
abstract changes / episode  : 39.3
same abstract-state steps   : 87.3%
same-state shaping / episode: 0.000
changed-state shaping / ep. : -466.365
terminal shaping / episode  : -2.161
DFA transitions / episode   : 0.09
DFA transitions in window   : 1->2: 9
epsilon (next episode)       : 0.46763
replay buffer                : 300000 samples [1: 99.5%, 2: 0.5%, 3: 0.0%, 4: 0.0%, 5: 0.0%]
DFA state visits in window   : 1: 30157, 2: 911, 3: 0, 4: 0, 5: 0
DFA state visits cumulative  : 1: 507123, 2: 2822, 3: 0, 4: 0, 5: 0
DFA state entries in window  : 1: 100, 2: 9, 3: 0, 4: 0, 5: 0
DFA state entries cumulative : 1: 3800, 2: 69, 3: 0, 4: 0, 5: 0
transitions cumulative       : 1->2: 69
accepted directly from s0    : 0
Gym endings cumulative       : terminated=3748, truncated=52

[Episode 3900/12000 | last 100]
success rate                : 0.0% (cumulative 0.0%)
failure rate                : 0.0% (cumulative 0.0%)
completed cycles / episode  : 0.000
synthetic task reward       : 0.000
shaping reward              : -508.189
learning reward             : -508.189
episode length              : 285.5
abstract changes / episode  : 35.8
same abstract-state steps   : 87.5%
same-state shaping / episode: 0.000
changed-state shaping / ep. : -508.189
terminal shaping / episode  : -2.967
DFA transitions / episode   : 0.04
DFA transitions in window   : 1->2: 4
epsilon (next episode)       : 0.45837
replay buffer                : 300000 samples [1: 99.4%, 2: 0.6%, 3: 0.0%, 4: 0.0%, 5: 0.0%]
DFA state visits in window   : 1: 28281, 2: 365, 3: 0, 4: 0, 5: 0
DFA state visits cumulative  : 1: 535404, 2: 3187, 3: 0, 4: 0, 5: 0
DFA state entries in window  : 1: 100, 2: 4, 3: 0, 4: 0, 5: 0
DFA state entries cumulative : 1: 3900, 2: 73, 3: 0, 4: 0, 5: 0
transitions cumulative       : 1->2: 73
accepted directly from s0    : 0
Gym endings cumulative       : terminated=3845, truncated=55

[Episode 4000/12000 | last 100]
success rate                : 0.0% (cumulative 0.0%)
failure rate                : 0.0% (cumulative 0.0%)
completed cycles / episode  : 0.000
synthetic task reward       : 0.000
shaping reward              : -308.440
learning reward             : -308.440
episode length              : 200.3
abstract changes / episode  : 30.6
same abstract-state steps   : 84.7%
same-state shaping / episode: 0.000
changed-state shaping / ep. : -308.440
terminal shaping / episode  : -5.194
DFA transitions / episode   : 0.19
DFA transitions in window   : 1->2: 19
epsilon (next episode)       : 0.44929
replay buffer                : 300000 samples [1: 99.1%, 2: 0.9%, 3: 0.0%, 4: 0.0%, 5: 0.0%]
DFA state visits in window   : 1: 18932, 2: 1196, 3: 0, 4: 0, 5: 0
DFA state visits cumulative  : 1: 554336, 2: 4383, 3: 0, 4: 0, 5: 0
DFA state entries in window  : 1: 100, 2: 19, 3: 0, 4: 0, 5: 0
DFA state entries cumulative : 1: 4000, 2: 92, 3: 0, 4: 0, 5: 0
transitions cumulative       : 1->2: 92
accepted directly from s0    : 0
Gym endings cumulative       : terminated=3944, truncated=56

Starting autonomous greedy evaluation at episode 4000 (1000 fixed-seed episodes)...
[Greedy evaluation at episode 4000 | 1000 fixed-seed episodes]
success=0.0%, failure=0.0%, task reward=0.000, length=178.1
DFA transitions: 1->2: 40

[Episode 4100/12000 | last 100]
success rate                : 0.0% (cumulative 0.0%)
failure rate                : 0.0% (cumulative 0.0%)
completed cycles / episode  : 0.000
synthetic task reward       : 0.000
shaping reward              : -425.653
learning reward             : -425.653
episode length              : 272.7
abstract changes / episode  : 34.2
same abstract-state steps   : 87.5%
same-state shaping / episode: 0.000
changed-state shaping / ep. : -425.653
terminal shaping / episode  : 0.718
DFA transitions / episode   : 0.11
DFA transitions in window   : 1->2: 11
epsilon (next episode)       : 0.44040
replay buffer                : 300000 samples [1: 98.7%, 2: 1.3%, 3: 0.0%, 4: 0.0%, 5: 0.0%]
DFA state visits in window   : 1: 26277, 2: 1091, 3: 0, 4: 0, 5: 0
DFA state visits cumulative  : 1: 580613, 2: 5474, 3: 0, 4: 0, 5: 0
DFA state entries in window  : 1: 100, 2: 11, 3: 0, 4: 0, 5: 0
DFA state entries cumulative : 1: 4100, 2: 103, 3: 0, 4: 0, 5: 0
transitions cumulative       : 1->2: 103
accepted directly from s0    : 0
Gym endings cumulative       : terminated=4043, truncated=57

[Episode 4200/12000 | last 100]
success rate                : 0.0% (cumulative 0.0%)
failure rate                : 0.0% (cumulative 0.0%)
completed cycles / episode  : 0.000
synthetic task reward       : 0.000
shaping reward              : -433.953
learning reward             : -433.953
episode length              : 285.3
abstract changes / episode  : 33.8
same abstract-state steps   : 88.1%
same-state shaping / episode: 0.000
changed-state shaping / ep. : -433.953
terminal shaping / episode  : -0.656
DFA transitions / episode   : 0.08
DFA transitions in window   : 1->2: 8
epsilon (next episode)       : 0.43167
replay buffer                : 300000 samples [1: 98.5%, 2: 1.5%, 3: 0.0%, 4: 0.0%, 5: 0.0%]
DFA state visits in window   : 1: 27998, 2: 631, 3: 0, 4: 0, 5: 0
DFA state visits cumulative  : 1: 608611, 2: 6105, 3: 0, 4: 0, 5: 0
DFA state entries in window  : 1: 100, 2: 8, 3: 0, 4: 0, 5: 0
DFA state entries cumulative : 1: 4200, 2: 111, 3: 0, 4: 0, 5: 0
transitions cumulative       : 1->2: 111
accepted directly from s0    : 0
Gym endings cumulative       : terminated=4143, truncated=57

[Episode 4300/12000 | last 100]
success rate                : 0.0% (cumulative 0.0%)
failure rate                : 0.0% (cumulative 0.0%)
completed cycles / episode  : 0.000
synthetic task reward       : 0.000
shaping reward              : -461.459
learning reward             : -461.459
episode length              : 332.9
abstract changes / episode  : 41.4
same abstract-state steps   : 87.6%
same-state shaping / episode: 0.000
changed-state shaping / ep. : -461.459
terminal shaping / episode  : -4.428
DFA transitions / episode   : 0.08
DFA transitions in window   : 1->2: 8
epsilon (next episode)       : 0.42313
replay buffer                : 300000 samples [1: 98.1%, 2: 1.9%, 3: 0.0%, 4: 0.0%, 5: 0.0%]
DFA state visits in window   : 1: 32107, 2: 1280, 3: 0, 4: 0, 5: 0
DFA state visits cumulative  : 1: 640718, 2: 7385, 3: 0, 4: 0, 5: 0
DFA state entries in window  : 1: 100, 2: 8, 3: 0, 4: 0, 5: 0
DFA state entries cumulative : 1: 4300, 2: 119, 3: 0, 4: 0, 5: 0
transitions cumulative       : 1->2: 119
accepted directly from s0    : 0
Gym endings cumulative       : terminated=4242, truncated=58

[Episode 4400/12000 | last 100]
success rate                : 0.0% (cumulative 0.0%)
failure rate                : 0.0% (cumulative 0.0%)
completed cycles / episode  : 0.000
synthetic task reward       : 0.000
shaping reward              : -529.738
learning reward             : -529.738
episode length              : 199.3
abstract changes / episode  : 31.4
same abstract-state steps   : 84.3%
same-state shaping / episode: 0.000
changed-state shaping / ep. : -529.738
terminal shaping / episode  : -4.559
DFA transitions / episode   : 0.09
DFA transitions in window   : 1->2: 7, 2->3: 2
epsilon (next episode)       : 0.41475
replay buffer                : 300000 samples [1: 97.8%, 2: 2.2%, 3: 0.0%, 4: 0.0%, 5: 0.0%]
DFA state visits in window   : 1: 19096, 2: 856, 3: 76, 4: 0, 5: 0
DFA state visits cumulative  : 1: 659814, 2: 8241, 3: 76, 4: 0, 5: 0
DFA state entries in window  : 1: 100, 2: 7, 3: 2, 4: 0, 5: 0
DFA state entries cumulative : 1: 4400, 2: 126, 3: 2, 4: 0, 5: 0
transitions cumulative       : 1->2: 126, 2->3: 2
accepted directly from s0    : 0
Gym endings cumulative       : terminated=4339, truncated=61

[Episode 4500/12000 | last 100]
success rate                : 0.0% (cumulative 0.0%)
failure rate                : 0.0% (cumulative 0.0%)
completed cycles / episode  : 0.000
synthetic task reward       : 0.000
shaping reward              : -521.307
learning reward             : -521.307
episode length              : 222.3
abstract changes / episode  : 36.3
same abstract-state steps   : 83.7%
same-state shaping / episode: 0.000
changed-state shaping / ep. : -521.307
terminal shaping / episode  : -2.915
DFA transitions / episode   : 0.07
DFA transitions in window   : 1->2: 7
epsilon (next episode)       : 0.40653
replay buffer                : 300000 samples [1: 97.6%, 2: 2.4%, 3: 0.0%, 4: 0.0%, 5: 0.0%]
DFA state visits in window   : 1: 21873, 2: 457, 3: 0, 4: 0, 5: 0
DFA state visits cumulative  : 1: 681687, 2: 8698, 3: 76, 4: 0, 5: 0
DFA state entries in window  : 1: 100, 2: 7, 3: 0, 4: 0, 5: 0
DFA state entries cumulative : 1: 4500, 2: 133, 3: 2, 4: 0, 5: 0
transitions cumulative       : 1->2: 133, 2->3: 2
accepted directly from s0    : 0
Gym endings cumulative       : terminated=4438, truncated=62

Starting autonomous greedy evaluation at episode 4500 (1000 fixed-seed episodes)...
[Greedy evaluation at episode 4500 | 1000 fixed-seed episodes]
success=0.0%, failure=0.0%, task reward=0.000, length=255.5
DFA transitions: 1->2: 134, 2->3: 4

[Episode 4600/12000 | last 100]
success rate                : 0.0% (cumulative 0.0%)
failure rate                : 0.0% (cumulative 0.0%)
completed cycles / episode  : 0.000
synthetic task reward       : 0.000
shaping reward              : -365.543
learning reward             : -365.543
episode length              : 289.3
abstract changes / episode  : 39.7
same abstract-state steps   : 86.3%
same-state shaping / episode: 0.000
changed-state shaping / ep. : -365.543
terminal shaping / episode  : 0.231
DFA transitions / episode   : 0.08
DFA transitions in window   : 1->2: 8
epsilon (next episode)       : 0.39848
replay buffer                : 300000 samples [1: 97.2%, 2: 2.8%, 3: 0.0%, 4: 0.0%, 5: 0.0%]
DFA state visits in window   : 1: 27764, 2: 1267, 3: 0, 4: 0, 5: 0
DFA state visits cumulative  : 1: 709451, 2: 9965, 3: 76, 4: 0, 5: 0
DFA state entries in window  : 1: 100, 2: 8, 3: 0, 4: 0, 5: 0
DFA state entries cumulative : 1: 4600, 2: 141, 3: 2, 4: 0, 5: 0
transitions cumulative       : 1->2: 141, 2->3: 2
accepted directly from s0    : 0
Gym endings cumulative       : terminated=4536, truncated=64

[Episode 4700/12000 | last 100]
success rate                : 0.0% (cumulative 0.0%)
failure rate                : 0.0% (cumulative 0.0%)
completed cycles / episode  : 0.000
synthetic task reward       : 0.000
shaping reward              : -526.288
learning reward             : -526.288
episode length              : 309.9
abstract changes / episode  : 35.3
same abstract-state steps   : 88.6%
same-state shaping / episode: 0.000
changed-state shaping / ep. : -526.288
terminal shaping / episode  : 0.000
DFA transitions / episode   : 0.02
DFA transitions in window   : 1->2: 2
epsilon (next episode)       : 0.39059
replay buffer                : 300000 samples [1: 97.1%, 2: 2.9%, 3: 0.0%, 4: 0.0%, 5: 0.0%]
DFA state visits in window   : 1: 30576, 2: 516, 3: 0, 4: 0, 5: 0
DFA state visits cumulative  : 1: 740027, 2: 10481, 3: 76, 4: 0, 5: 0
DFA state entries in window  : 1: 100, 2: 2, 3: 0, 4: 0, 5: 0
DFA state entries cumulative : 1: 4700, 2: 143, 3: 2, 4: 0, 5: 0
transitions cumulative       : 1->2: 143, 2->3: 2
accepted directly from s0    : 0
Gym endings cumulative       : terminated=4636, truncated=64

[Episode 4800/12000 | last 100]
success rate                : 0.0% (cumulative 0.0%)
failure rate                : 0.0% (cumulative 0.0%)
completed cycles / episode  : 0.000
synthetic task reward       : 0.000
shaping reward              : -293.820
learning reward             : -293.820
episode length              : 397.1
abstract changes / episode  : 47.6
same abstract-state steps   : 88.0%
same-state shaping / episode: 0.000
changed-state shaping / ep. : -293.820
terminal shaping / episode  : -3.732
DFA transitions / episode   : 0.16
DFA transitions in window   : 1->2: 16
epsilon (next episode)       : 0.38286
replay buffer                : 300000 samples [1: 96.1%, 2: 3.9%, 3: 0.0%, 4: 0.0%, 5: 0.0%]
DFA state visits in window   : 1: 36519, 2: 3296, 3: 0, 4: 0, 5: 0
DFA state visits cumulative  : 1: 776546, 2: 13777, 3: 76, 4: 0, 5: 0
DFA state entries in window  : 1: 100, 2: 16, 3: 0, 4: 0, 5: 0
DFA state entries cumulative : 1: 4800, 2: 159, 3: 2, 4: 0, 5: 0
transitions cumulative       : 1->2: 159, 2->3: 2
accepted directly from s0    : 0
Gym endings cumulative       : terminated=4728, truncated=72

[Episode 4900/12000 | last 100]
success rate                : 0.0% (cumulative 0.0%)
failure rate                : 0.0% (cumulative 0.0%)
completed cycles / episode  : 0.000
synthetic task reward       : 0.000
shaping reward              : -483.338
learning reward             : -483.338
episode length              : 516.7
abstract changes / episode  : 57.9
same abstract-state steps   : 88.8%
same-state shaping / episode: 0.000
changed-state shaping / ep. : -483.338
terminal shaping / episode  : -2.974
DFA transitions / episode   : 0.05
DFA transitions in window   : 1->2: 5
epsilon (next episode)       : 0.37527
replay buffer                : 300000 samples [1: 96.1%, 2: 3.9%, 3: 0.0%, 4: 0.0%, 5: 0.0%]
DFA state visits in window   : 1: 50560, 2: 1206, 3: 0, 4: 0, 5: 0
DFA state visits cumulative  : 1: 827106, 2: 14983, 3: 76, 4: 0, 5: 0
DFA state entries in window  : 1: 100, 2: 5, 3: 0, 4: 0, 5: 0
DFA state entries cumulative : 1: 4900, 2: 164, 3: 2, 4: 0, 5: 0
transitions cumulative       : 1->2: 164, 2->3: 2
accepted directly from s0    : 0
Gym endings cumulative       : terminated=4811, truncated=89

[Episode 5000/12000 | last 100]
success rate                : 0.0% (cumulative 0.0%)
failure rate                : 0.0% (cumulative 0.0%)
completed cycles / episode  : 0.000
synthetic task reward       : 0.000
shaping reward              : -196.140
learning reward             : -196.140
episode length              : 420.6
abstract changes / episode  : 50.4
same abstract-state steps   : 88.0%
same-state shaping / episode: 0.000
changed-state shaping / ep. : -196.140
terminal shaping / episode  : -2.259
DFA transitions / episode   : 0.30
DFA transitions in window   : 1->2: 27, 2->3: 3
epsilon (next episode)       : 0.36784
replay buffer                : 300000 samples [1: 94.7%, 2: 5.1%, 3: 0.1%, 4: 0.0%, 5: 0.0%]
DFA state visits in window   : 1: 36074, 2: 5847, 3: 242, 4: 0, 5: 0
DFA state visits cumulative  : 1: 863180, 2: 20830, 3: 318, 4: 0, 5: 0
DFA state entries in window  : 1: 100, 2: 27, 3: 3, 4: 0, 5: 0
DFA state entries cumulative : 1: 5000, 2: 191, 3: 5, 4: 0, 5: 0
transitions cumulative       : 1->2: 191, 2->3: 5
accepted directly from s0    : 0
Gym endings cumulative       : terminated=4906, truncated=94

Starting autonomous greedy evaluation at episode 5000 (1000 fixed-seed episodes)...
[Greedy evaluation at episode 5000 | 1000 fixed-seed episodes]
success=0.0%, failure=0.0%, task reward=0.000, length=416.3
DFA transitions: 1->2: 33

[Episode 5100/12000 | last 100]
success rate                : 0.0% (cumulative 0.0%)
failure rate                : 0.0% (cumulative 0.0%)
completed cycles / episode  : 0.000
synthetic task reward       : 0.000
shaping reward              : -38.288
learning reward             : -38.288
episode length              : 486.2
abstract changes / episode  : 57.1
same abstract-state steps   : 88.3%
same-state shaping / episode: 0.000
changed-state shaping / ep. : -38.288
terminal shaping / episode  : -2.399
DFA transitions / episode   : 0.55
DFA transitions in window   : 1->2: 48, 2->3: 7
epsilon (next episode)       : 0.36056
replay buffer                : 300000 samples [1: 89.5%, 2: 10.0%, 3: 0.5%, 4: 0.0%, 5: 0.0%]
DFA state visits in window   : 1: 31888, 2: 15538, 3: 1292, 4: 0, 5: 0
DFA state visits cumulative  : 1: 895068, 2: 36368, 3: 1610, 4: 0, 5: 0
DFA state entries in window  : 1: 100, 2: 48, 3: 7, 4: 0, 5: 0
DFA state entries cumulative : 1: 5100, 2: 239, 3: 12, 4: 0, 5: 0
transitions cumulative       : 1->2: 239, 2->3: 12
accepted directly from s0    : 0
Gym endings cumulative       : terminated=4995, truncated=105

[Episode 5200/12000 | last 100]
success rate                : 0.0% (cumulative 0.0%)
failure rate                : 0.0% (cumulative 0.0%)
completed cycles / episode  : 0.000
synthetic task reward       : 0.000
shaping reward              : 24.917
learning reward             : 24.917
episode length              : 559.2
abstract changes / episode  : 65.6
same abstract-state steps   : 88.3%
same-state shaping / episode: 0.000
changed-state shaping / ep. : 24.917
terminal shaping / episode  : 0.762
DFA transitions / episode   : 0.66
DFA transitions in window   : 1->2: 42, 2->3: 20, 3->4: 4
epsilon (next episode)       : 0.35342
replay buffer                : 300000 samples [1: 83.3%, 2: 14.4%, 3: 2.1%, 4: 0.3%, 5: 0.0%]
DFA state visits in window   : 1: 34945, 2: 15499, 3: 4816, 4: 756, 5: 0
DFA state visits cumulative  : 1: 930013, 2: 51867, 3: 6426, 4: 756, 5: 0
DFA state entries in window  : 1: 100, 2: 42, 3: 20, 4: 4, 5: 0
DFA state entries cumulative : 1: 5200, 2: 281, 3: 32, 4: 4, 5: 0
transitions cumulative       : 1->2: 281, 2->3: 32, 3->4: 4
accepted directly from s0    : 0
Gym endings cumulative       : terminated=5075, truncated=125

[Episode 5300/12000 | last 100]
success rate                : 0.0% (cumulative 0.0%)
failure rate                : 0.0% (cumulative 0.0%)
completed cycles / episode  : 0.000
synthetic task reward       : 0.000
shaping reward              : 16.406
learning reward             : 16.406
episode length              : 500.6
abstract changes / episode  : 61.0
same abstract-state steps   : 87.8%
same-state shaping / episode: 0.000
changed-state shaping / ep. : 16.406
terminal shaping / episode  : -2.246
DFA transitions / episode   : 0.53
DFA transitions in window   : 1->2: 41, 2->3: 12
epsilon (next episode)       : 0.34642
replay buffer                : 300000 samples [1: 79.3%, 2: 17.6%, 3: 2.9%, 4: 0.3%, 5: 0.0%]
DFA state visits in window   : 1: 36354, 2: 11424, 3: 2387, 4: 0, 5: 0
DFA state visits cumulative  : 1: 966367, 2: 63291, 3: 8813, 4: 756, 5: 0
DFA state entries in window  : 1: 100, 2: 41, 3: 12, 4: 0, 5: 0
DFA state entries cumulative : 1: 5300, 2: 322, 3: 44, 4: 4, 5: 0
transitions cumulative       : 1->2: 322, 2->3: 44, 3->4: 4
accepted directly from s0    : 0
Gym endings cumulative       : terminated=5162, truncated=138

[Episode 5400/12000 | last 100]
success rate                : 0.0% (cumulative 0.0%)
failure rate                : 0.0% (cumulative 0.0%)
completed cycles / episode  : 0.000
synthetic task reward       : 0.000
shaping reward              : 74.590
learning reward             : 74.590
episode length              : 537.4
abstract changes / episode  : 63.6
same abstract-state steps   : 88.2%
same-state shaping / episode: 0.000
changed-state shaping / ep. : 74.590
terminal shaping / episode  : -0.640
DFA transitions / episode   : 0.55
DFA transitions in window   : 1->2: 39, 2->3: 16
epsilon (next episode)       : 0.33956
replay buffer                : 300000 samples [1: 75.3%, 2: 20.3%, 3: 4.2%, 4: 0.3%, 5: 0.0%]
DFA state visits in window   : 1: 38425, 2: 11544, 3: 3871, 4: 0, 5: 0
DFA state visits cumulative  : 1: 1004792, 2: 74835, 3: 12684, 4: 756, 5: 0
DFA state entries in window  : 1: 100, 2: 39, 3: 16, 4: 0, 5: 0
DFA state entries cumulative : 1: 5400, 2: 361, 3: 60, 4: 4, 5: 0
transitions cumulative       : 1->2: 361, 2->3: 60, 3->4: 4
accepted directly from s0    : 0
Gym endings cumulative       : terminated=5244, truncated=156

[Episode 5500/12000 | last 100]
success rate                : 0.0% (cumulative 0.0%)
failure rate                : 0.0% (cumulative 0.0%)
completed cycles / episode  : 0.000
synthetic task reward       : 0.000
shaping reward              : 175.649
learning reward             : 175.649
episode length              : 442.2
abstract changes / episode  : 59.0
same abstract-state steps   : 86.7%
same-state shaping / episode: 0.000
changed-state shaping / ep. : 175.649
terminal shaping / episode  : -0.725
DFA transitions / episode   : 0.76
DFA transitions in window   : 1->2: 53, 2->3: 16, 3->4: 7
epsilon (next episode)       : 0.33283
replay buffer                : 300000 samples [1: 70.2%, 2: 24.2%, 3: 5.1%, 4: 0.5%, 5: 0.0%]
DFA state visits in window   : 1: 27885, 2: 12645, 3: 2901, 4: 889, 5: 0
DFA state visits cumulative  : 1: 1032677, 2: 87480, 3: 15585, 4: 1645, 5: 0
DFA state entries in window  : 1: 100, 2: 53, 3: 16, 4: 7, 5: 0
DFA state entries cumulative : 1: 5500, 2: 414, 3: 76, 4: 11, 5: 0
transitions cumulative       : 1->2: 414, 2->3: 76, 3->4: 11
accepted directly from s0    : 0
Gym endings cumulative       : terminated=5333, truncated=167

Starting autonomous greedy evaluation at episode 5500 (1000 fixed-seed episodes)...
[Greedy evaluation at episode 5500 | 1000 fixed-seed episodes]
success=0.1%, failure=0.0%, task reward=10.000, length=785.0
DFA transitions: 1->2: 990, 2->3: 975, 3->4: 493, 4->5: 1
Best policy updated from autonomous greedy evaluation at episode 5500.

[Episode 5600/12000 | last 100]
success rate                : 0.0% (cumulative 0.0%)
failure rate                : 0.0% (cumulative 0.0%)
completed cycles / episode  : 0.000
synthetic task reward       : 0.000
shaping reward              : 208.420
learning reward             : 208.420
episode length              : 518.4
abstract changes / episode  : 64.9
same abstract-state steps   : 87.5%
same-state shaping / episode: 0.000
changed-state shaping / ep. : 208.420
terminal shaping / episode  : 0.000
DFA transitions / episode   : 0.89
DFA transitions in window   : 1->2: 54, 2->3: 25, 3->4: 10
epsilon (next episode)       : 0.32624
replay buffer                : 300000 samples [1: 64.7%, 2: 26.3%, 3: 8.0%, 4: 1.0%, 5: 0.0%]
DFA state visits in window   : 1: 28028, 2: 13625, 3: 8797, 4: 1492, 5: 0
DFA state visits cumulative  : 1: 1060705, 2: 101105, 3: 24382, 4: 3137, 5: 0
DFA state entries in window  : 1: 100, 2: 54, 3: 25, 4: 10, 5: 0
DFA state entries cumulative : 1: 5600, 2: 468, 3: 101, 4: 21, 5: 0
transitions cumulative       : 1->2: 468, 2->3: 101, 3->4: 21
accepted directly from s0    : 0
Gym endings cumulative       : terminated=5413, truncated=187

[Episode 5700/12000 | last 100]
success rate                : 1.0% (cumulative 0.0%)
failure rate                : 0.0% (cumulative 0.0%)
completed cycles / episode  : 0.000
synthetic task reward       : 100.000
shaping reward              : 211.336
learning reward             : 311.336
episode length              : 413.9
abstract changes / episode  : 57.5
same abstract-state steps   : 86.1%
same-state shaping / episode: 0.000
changed-state shaping / ep. : 211.336
terminal shaping / episode  : -0.569
DFA transitions / episode   : 0.89
DFA transitions in window   : 1->2: 50, 2->3: 26, 3->4: 12, 4->5: 1
epsilon (next episode)       : 0.31978
replay buffer                : 300000 samples [1: 62.9%, 2: 25.5%, 3: 9.9%, 4: 1.6%, 5: 0.0%]
DFA state visits in window   : 1: 21527, 2: 11100, 3: 7038, 4: 1825, 5: 1
DFA state visits cumulative  : 1: 1082232, 2: 112205, 3: 31420, 4: 4962, 5: 1
DFA state entries in window  : 1: 100, 2: 50, 3: 26, 4: 12, 5: 1
DFA state entries cumulative : 1: 5700, 2: 518, 3: 127, 4: 33, 5: 1
transitions cumulative       : 1->2: 518, 2->3: 127, 3->4: 33, 4->5: 1
accepted directly from s0    : 0
Gym endings cumulative       : terminated=5504, truncated=195

[Episode 5800/12000 | last 100]
success rate                : 3.0% (cumulative 0.1%)
failure rate                : 0.0% (cumulative 0.0%)
completed cycles / episode  : 0.000
synthetic task reward       : 300.000
shaping reward              : 197.304
learning reward             : 497.304
episode length              : 394.7
abstract changes / episode  : 58.8
same abstract-state steps   : 85.1%
same-state shaping / episode: 0.000
changed-state shaping / ep. : 197.304
terminal shaping / episode  : 1.244
DFA transitions / episode   : 0.83
DFA transitions in window   : 1->2: 52, 2->3: 20, 3->4: 8, 4->5: 3
epsilon (next episode)       : 0.31345
replay buffer                : 300000 samples [1: 63.8%, 2: 24.3%, 3: 10.2%, 4: 1.7%, 5: 0.0%]
DFA state visits in window   : 1: 24478, 2: 10084, 3: 4399, 4: 610, 5: 3
DFA state visits cumulative  : 1: 1106710, 2: 122289, 3: 35819, 4: 5572, 5: 4
DFA state entries in window  : 1: 100, 2: 52, 3: 20, 4: 8, 5: 3
DFA state entries cumulative : 1: 5800, 2: 570, 3: 147, 4: 41, 5: 4
transitions cumulative       : 1->2: 570, 2->3: 147, 3->4: 41, 4->5: 4
accepted directly from s0    : 0
Gym endings cumulative       : terminated=5598, truncated=198

[Episode 5900/12000 | last 100]
success rate                : 0.0% (cumulative 0.1%)
failure rate                : 0.0% (cumulative 0.0%)
completed cycles / episode  : 0.000
synthetic task reward       : 0.000
shaping reward              : 123.946
learning reward             : 123.946
episode length              : 414.4
abstract changes / episode  : 61.6
same abstract-state steps   : 85.1%
same-state shaping / episode: 0.000
changed-state shaping / ep. : 123.946
terminal shaping / episode  : -1.659
DFA transitions / episode   : 0.82
DFA transitions in window   : 1->2: 55, 2->3: 23, 3->4: 4
epsilon (next episode)       : 0.30724
replay buffer                : 300000 samples [1: 62.2%, 2: 25.3%, 3: 10.7%, 4: 1.7%, 5: 0.0%]
DFA state visits in window   : 1: 27190, 2: 10182, 3: 3743, 4: 423, 5: 0
DFA state visits cumulative  : 1: 1133900, 2: 132471, 3: 39562, 4: 5995, 5: 4
DFA state entries in window  : 1: 100, 2: 55, 3: 23, 4: 4, 5: 0
DFA state entries cumulative : 1: 5900, 2: 625, 3: 170, 4: 45, 5: 4
transitions cumulative       : 1->2: 625, 2->3: 170, 3->4: 45, 4->5: 4
accepted directly from s0    : 0
Gym endings cumulative       : terminated=5696, truncated=200

[Episode 6000/12000 | last 100]
success rate                : 1.0% (cumulative 0.1%)
failure rate                : 0.0% (cumulative 0.0%)
completed cycles / episode  : 0.000
synthetic task reward       : 100.000
shaping reward              : 316.742
learning reward             : 416.742
episode length              : 435.9
abstract changes / episode  : 59.9
same abstract-state steps   : 86.2%
same-state shaping / episode: 0.000
changed-state shaping / ep. : 316.742
terminal shaping / episode  : 0.253
DFA transitions / episode   : 0.96
DFA transitions in window   : 1->2: 50, 2->3: 32, 3->4: 13, 4->5: 1
epsilon (next episode)       : 0.30116
replay buffer                : 300000 samples [1: 60.8%, 2: 25.0%, 3: 12.0%, 4: 2.3%, 5: 0.0%]
DFA state visits in window   : 1: 26144, 2: 9817, 3: 6160, 4: 1563, 5: 1
DFA state visits cumulative  : 1: 1160044, 2: 142288, 3: 45722, 4: 7558, 5: 5
DFA state entries in window  : 1: 100, 2: 50, 3: 32, 4: 13, 5: 1
DFA state entries cumulative : 1: 6000, 2: 675, 3: 202, 4: 58, 5: 5
transitions cumulative       : 1->2: 675, 2->3: 202, 3->4: 58, 4->5: 5
accepted directly from s0    : 0
Gym endings cumulative       : terminated=5785, truncated=210

Starting autonomous greedy evaluation at episode 6000 (1000 fixed-seed episodes)...
[Greedy evaluation at episode 6000 | 1000 fixed-seed episodes]
success=0.0%, failure=0.0%, task reward=0.000, length=849.2
DFA transitions: 1->2: 3

[Episode 6100/12000 | last 100]
success rate                : 4.0% (cumulative 0.1%)
failure rate                : 0.0% (cumulative 0.0%)
completed cycles / episode  : 0.000
synthetic task reward       : 400.000
shaping reward              : 406.428
learning reward             : 806.428
episode length              : 416.3
abstract changes / episode  : 58.1
same abstract-state steps   : 86.0%
same-state shaping / episode: 0.000
changed-state shaping / ep. : 406.428
terminal shaping / episode  : 1.485
DFA transitions / episode   : 1.11
DFA transitions in window   : 1->2: 64, 2->3: 31, 3->4: 12, 4->5: 4
epsilon (next episode)       : 0.29519
replay buffer                : 300000 samples [1: 56.9%, 2: 26.8%, 3: 13.6%, 4: 2.7%, 5: 0.0%]
DFA state visits in window   : 1: 19116, 2: 13605, 3: 7732, 4: 1276, 5: 4
DFA state visits cumulative  : 1: 1179160, 2: 155893, 3: 53454, 4: 8834, 5: 9
DFA state entries in window  : 1: 100, 2: 64, 3: 31, 4: 12, 5: 4
DFA state entries cumulative : 1: 6100, 2: 739, 3: 233, 4: 70, 5: 9
transitions cumulative       : 1->2: 739, 2->3: 233, 3->4: 70, 4->5: 9
accepted directly from s0    : 0
Gym endings cumulative       : terminated=5874, truncated=217

[Episode 6200/12000 | last 100]
success rate                : 3.0% (cumulative 0.2%)
failure rate                : 0.0% (cumulative 0.0%)
completed cycles / episode  : 0.000
synthetic task reward       : 300.000
shaping reward              : 472.561
learning reward             : 772.561
episode length              : 468.7
abstract changes / episode  : 59.8
same abstract-state steps   : 87.2%
same-state shaping / episode: 0.000
changed-state shaping / ep. : 472.561
terminal shaping / episode  : 2.182
DFA transitions / episode   : 1.10
DFA transitions in window   : 1->2: 56, 2->3: 32, 3->4: 19, 4->5: 3
epsilon (next episode)       : 0.28935
replay buffer                : 300000 samples [1: 57.0%, 2: 25.7%, 3: 14.3%, 4: 3.1%, 5: 0.0%]
DFA state visits in window   : 1: 28056, 2: 10880, 3: 5844, 4: 2186, 5: 3
DFA state visits cumulative  : 1: 1207216, 2: 166773, 3: 59298, 4: 11020, 5: 12
DFA state entries in window  : 1: 100, 2: 56, 3: 32, 4: 19, 5: 3
DFA state entries cumulative : 1: 6200, 2: 795, 3: 265, 4: 89, 5: 12
transitions cumulative       : 1->2: 795, 2->3: 265, 3->4: 89, 4->5: 12
accepted directly from s0    : 0
Gym endings cumulative       : terminated=5959, truncated=229

[Episode 6300/12000 | last 100]
success rate                : 2.0% (cumulative 0.2%)
failure rate                : 0.0% (cumulative 0.0%)
completed cycles / episode  : 0.000
synthetic task reward       : 200.000
shaping reward              : 154.830
learning reward             : 354.830
episode length              : 432.5
abstract changes / episode  : 62.2
same abstract-state steps   : 85.6%
same-state shaping / episode: 0.000
changed-state shaping / ep. : 154.830
terminal shaping / episode  : -0.197
DFA transitions / episode   : 0.79
DFA transitions in window   : 1->2: 41, 2->3: 26, 3->4: 10, 4->5: 2
epsilon (next episode)       : 0.28362
replay buffer                : 300000 samples [1: 58.5%, 2: 24.7%, 3: 13.9%, 4: 3.0%, 5: 0.0%]
DFA state visits in window   : 1: 28109, 2: 7754, 3: 6439, 4: 1042, 5: 2
DFA state visits cumulative  : 1: 1235325, 2: 174527, 3: 65737, 4: 12062, 5: 14
DFA state entries in window  : 1: 100, 2: 41, 3: 26, 4: 10, 5: 2
DFA state entries cumulative : 1: 6300, 2: 836, 3: 291, 4: 99, 5: 14
transitions cumulative       : 1->2: 836, 2->3: 291, 3->4: 99, 4->5: 14
accepted directly from s0    : 0
Gym endings cumulative       : terminated=6048, truncated=238

[Episode 6400/12000 | last 100]
success rate                : 6.0% (cumulative 0.3%)
failure rate                : 0.0% (cumulative 0.0%)
completed cycles / episode  : 0.000
synthetic task reward       : 600.000
shaping reward              : 301.913
learning reward             : 901.913
episode length              : 413.3
abstract changes / episode  : 60.2
same abstract-state steps   : 85.4%
same-state shaping / episode: 0.000
changed-state shaping / ep. : 301.913
terminal shaping / episode  : 5.190
DFA transitions / episode   : 0.98
DFA transitions in window   : 1->2: 56, 2->3: 23, 3->4: 13, 4->5: 6
epsilon (next episode)       : 0.27800
replay buffer                : 300000 samples [1: 59.5%, 2: 24.9%, 3: 12.8%, 4: 2.8%, 5: 0.0%]
DFA state visits in window   : 1: 24256, 2: 12246, 3: 3706, 4: 1220, 5: 6
DFA state visits cumulative  : 1: 1259581, 2: 186773, 3: 69443, 4: 13282, 5: 20
DFA state entries in window  : 1: 100, 2: 56, 3: 23, 4: 13, 5: 6
DFA state entries cumulative : 1: 6400, 2: 892, 3: 314, 4: 112, 5: 20
transitions cumulative       : 1->2: 892, 2->3: 314, 3->4: 112, 4->5: 20
accepted directly from s0    : 0
Gym endings cumulative       : terminated=6135, truncated=245

[Episode 6500/12000 | last 100]
success rate                : 3.0% (cumulative 0.4%)
failure rate                : 0.0% (cumulative 0.0%)
completed cycles / episode  : 0.000
synthetic task reward       : 300.000
shaping reward              : 467.387
learning reward             : 767.387
episode length              : 439.2
abstract changes / episode  : 61.0
same abstract-state steps   : 86.1%
same-state shaping / episode: 0.000
changed-state shaping / ep. : 467.387
terminal shaping / episode  : 1.251
DFA transitions / episode   : 1.16
DFA transitions in window   : 1->2: 62, 2->3: 36, 3->4: 15, 4->5: 3
epsilon (next episode)       : 0.27250
replay buffer                : 300000 samples [1: 57.5%, 2: 26.0%, 3: 13.4%, 4: 3.1%, 5: 0.0%]
DFA state visits in window   : 1: 21299, 2: 14404, 3: 6654, 4: 1663, 5: 3
DFA state visits cumulative  : 1: 1280880, 2: 201177, 3: 76097, 4: 14945, 5: 23
DFA state entries in window  : 1: 100, 2: 62, 3: 36, 4: 15, 5: 3
DFA state entries cumulative : 1: 6500, 2: 954, 3: 350, 4: 127, 5: 23
transitions cumulative       : 1->2: 954, 2->3: 350, 3->4: 127, 4->5: 23
accepted directly from s0    : 0
Gym endings cumulative       : terminated=6221, truncated=256

Starting autonomous greedy evaluation at episode 6500 (1000 fixed-seed episodes)...
[Greedy evaluation at episode 6500 | 1000 fixed-seed episodes]
success=0.0%, failure=0.0%, task reward=0.000, length=849.9
DFA transitions: 1->2: 781

[Episode 6600/12000 | last 100]
success rate                : 12.0% (cumulative 0.5%)
failure rate                : 0.0% (cumulative 0.0%)
completed cycles / episode  : 0.000
synthetic task reward       : 1200.000
shaping reward              : 626.383
learning reward             : 1826.383
episode length              : 487.1
abstract changes / episode  : 65.7
same abstract-state steps   : 86.5%
same-state shaping / episode: 0.000
changed-state shaping / ep. : 626.383
terminal shaping / episode  : 8.677
DFA transitions / episode   : 1.52
DFA transitions in window   : 1->2: 65, 2->3: 44, 3->4: 31, 4->5: 12
epsilon (next episode)       : 0.26710
replay buffer                : 300000 samples [1: 54.3%, 2: 27.1%, 3: 14.4%, 4: 4.2%, 5: 0.0%]
DFA state visits in window   : 1: 21142, 2: 15240, 3: 8418, 4: 4003, 5: 12
DFA state visits cumulative  : 1: 1302022, 2: 216417, 3: 84515, 4: 18948, 5: 35
DFA state entries in window  : 1: 100, 2: 65, 3: 44, 4: 31, 5: 12
DFA state entries cumulative : 1: 6600, 2: 1019, 3: 394, 4: 158, 5: 35
transitions cumulative       : 1->2: 1019, 2->3: 394, 3->4: 158, 4->5: 35
accepted directly from s0    : 0
Gym endings cumulative       : terminated=6303, truncated=262

[Episode 6700/12000 | last 100]
success rate                : 18.0% (cumulative 0.8%)
failure rate                : 0.0% (cumulative 0.0%)
completed cycles / episode  : 0.000
synthetic task reward       : 1800.000
shaping reward              : 588.383
learning reward             : 2388.383
episode length              : 387.5
abstract changes / episode  : 56.8
same abstract-state steps   : 85.3%
same-state shaping / episode: 0.000
changed-state shaping / ep. : 588.383
terminal shaping / episode  : 15.640
DFA transitions / episode   : 1.37
DFA transitions in window   : 1->2: 60, 2->3: 35, 3->4: 24, 4->5: 18
epsilon (next episode)       : 0.26181
replay buffer                : 300000 samples [1: 53.1%, 2: 27.3%, 3: 14.9%, 4: 4.6%, 5: 0.0%]
DFA state visits in window   : 1: 20473, 2: 9198, 3: 6668, 4: 2497, 5: 18
DFA state visits cumulative  : 1: 1322495, 2: 225615, 3: 91183, 4: 21445, 5: 53
DFA state entries in window  : 1: 100, 2: 60, 3: 35, 4: 24, 5: 18
DFA state entries cumulative : 1: 6700, 2: 1079, 3: 429, 4: 182, 5: 53
transitions cumulative       : 1->2: 1079, 2->3: 429, 3->4: 182, 4->5: 53
accepted directly from s0    : 0
Gym endings cumulative       : terminated=6381, truncated=266

[Episode 6800/12000 | last 100]
success rate                : 19.0% (cumulative 1.1%)
failure rate                : 0.0% (cumulative 0.0%)
completed cycles / episode  : 0.000
synthetic task reward       : 1900.000
shaping reward              : 497.806
learning reward             : 2397.806
episode length              : 441.6
abstract changes / episode  : 62.9
same abstract-state steps   : 85.7%
same-state shaping / episode: 0.000
changed-state shaping / ep. : 497.806
terminal shaping / episode  : 12.624
DFA transitions / episode   : 1.32
DFA transitions in window   : 1->2: 59, 2->3: 32, 3->4: 22, 4->5: 19
epsilon (next episode)       : 0.25663
replay buffer                : 300000 samples [1: 54.5%, 2: 26.3%, 3: 14.6%, 4: 4.6%, 5: 0.0%]
DFA state visits in window   : 1: 24759, 2: 10858, 3: 6687, 4: 1937, 5: 19
DFA state visits cumulative  : 1: 1347254, 2: 236473, 3: 97870, 4: 23382, 5: 72
DFA state entries in window  : 1: 100, 2: 59, 3: 32, 4: 22, 5: 19
DFA state entries cumulative : 1: 6800, 2: 1138, 3: 461, 4: 204, 5: 72
transitions cumulative       : 1->2: 1138, 2->3: 461, 3->4: 204, 4->5: 72
accepted directly from s0    : 0
Gym endings cumulative       : terminated=6459, truncated=269

[Episode 6900/12000 | last 100]
success rate                : 32.0% (cumulative 1.5%)
failure rate                : 0.0% (cumulative 0.0%)
completed cycles / episode  : 0.000
synthetic task reward       : 3200.000
shaping reward              : 755.096
learning reward             : 3955.096
episode length              : 472.7
abstract changes / episode  : 65.4
same abstract-state steps   : 86.2%
same-state shaping / episode: 0.000
changed-state shaping / ep. : 755.096
terminal shaping / episode  : 32.940
DFA transitions / episode   : 1.84
DFA transitions in window   : 1->2: 62, 2->3: 49, 3->4: 41, 4->5: 32
epsilon (next episode)       : 0.25154
replay buffer                : 300000 samples [1: 52.0%, 2: 27.4%, 3: 15.3%, 4: 5.3%, 5: 0.0%]
DFA state visits in window   : 1: 21825, 2: 13601, 3: 8135, 4: 3781, 5: 32
DFA state visits cumulative  : 1: 1369079, 2: 250074, 3: 106005, 4: 27163, 5: 104
DFA state entries in window  : 1: 100, 2: 62, 3: 49, 4: 41, 5: 32
DFA state entries cumulative : 1: 6900, 2: 1200, 3: 510, 4: 245, 5: 104
transitions cumulative       : 1->2: 1200, 2->3: 510, 3->4: 245, 4->5: 104
accepted directly from s0    : 0
Gym endings cumulative       : terminated=6523, truncated=273

[Episode 7000/12000 | last 100]
success rate                : 26.0% (cumulative 1.9%)
failure rate                : 0.0% (cumulative 0.0%)
completed cycles / episode  : 0.000
synthetic task reward       : 2600.000
shaping reward              : 674.230
learning reward             : 3274.230
episode length              : 388.7
abstract changes / episode  : 58.7
same abstract-state steps   : 84.9%
same-state shaping / episode: 0.000
changed-state shaping / ep. : 674.230
terminal shaping / episode  : 19.071
DFA transitions / episode   : 1.62
DFA transitions in window   : 1->2: 66, 2->3: 40, 3->4: 30, 4->5: 26
epsilon (next episode)       : 0.24656
replay buffer                : 300000 samples [1: 49.7%, 2: 29.1%, 3: 15.5%, 4: 5.7%, 5: 0.0%]
DFA state visits in window   : 1: 17388, 2: 12713, 3: 6640, 4: 2203, 5: 26
DFA state visits cumulative  : 1: 1386467, 2: 262787, 3: 112645, 4: 29366, 5: 130
DFA state entries in window  : 1: 100, 2: 66, 3: 40, 4: 30, 5: 26
DFA state entries cumulative : 1: 7000, 2: 1266, 3: 550, 4: 275, 5: 130
transitions cumulative       : 1->2: 1266, 2->3: 550, 3->4: 275, 4->5: 130
accepted directly from s0    : 0
Gym endings cumulative       : terminated=6595, truncated=275

Starting autonomous greedy evaluation at episode 7000 (1000 fixed-seed episodes)...
[Greedy evaluation at episode 7000 | 1000 fixed-seed episodes]
success=49.6%, failure=0.0%, task reward=4960.000, length=429.2
DFA transitions: 1->2: 733, 2->3: 569, 3->4: 515, 4->5: 496
Best policy updated from autonomous greedy evaluation at episode 7000.

[Episode 7100/12000 | last 100]
success rate                : 24.0% (cumulative 2.2%)
failure rate                : 0.0% (cumulative 0.0%)
completed cycles / episode  : 0.000
synthetic task reward       : 2400.000
shaping reward              : 654.334
learning reward             : 3054.334
episode length              : 424.0
abstract changes / episode  : 60.9
same abstract-state steps   : 85.6%
same-state shaping / episode: 0.000
changed-state shaping / ep. : 654.334
terminal shaping / episode  : 23.194
DFA transitions / episode   : 1.61
DFA transitions in window   : 1->2: 65, 2->3: 42, 3->4: 30, 4->5: 24
epsilon (next episode)       : 0.24168
replay buffer                : 300000 samples [1: 48.1%, 2: 29.3%, 3: 16.6%, 4: 6.0%, 5: 0.0%]
DFA state visits in window   : 1: 19340, 2: 13727, 3: 7398, 4: 2015, 5: 24
DFA state visits cumulative  : 1: 1405807, 2: 276514, 3: 120043, 4: 31381, 5: 154
DFA state entries in window  : 1: 100, 2: 65, 3: 42, 4: 30, 5: 24
DFA state entries cumulative : 1: 7100, 2: 1331, 3: 592, 4: 305, 5: 154
transitions cumulative       : 1->2: 1331, 2->3: 592, 3->4: 305, 4->5: 154
accepted directly from s0    : 0
Gym endings cumulative       : terminated=6664, truncated=282

[Episode 7200/12000 | last 100]
success rate                : 33.0% (cumulative 2.6%)
failure rate                : 0.0% (cumulative 0.0%)
completed cycles / episode  : 0.000
synthetic task reward       : 3300.000
shaping reward              : 748.994
learning reward             : 4048.994
episode length              : 432.4
abstract changes / episode  : 61.3
same abstract-state steps   : 85.8%
same-state shaping / episode: 0.000
changed-state shaping / ep. : 748.994
terminal shaping / episode  : 30.339
DFA transitions / episode   : 1.84
DFA transitions in window   : 1->2: 63, 2->3: 50, 3->4: 38, 4->5: 33
epsilon (next episode)       : 0.23689
replay buffer                : 300000 samples [1: 48.2%, 2: 27.8%, 3: 17.5%, 4: 6.5%, 5: 0.0%]
DFA state visits in window   : 1: 21798, 2: 9605, 3: 8805, 4: 3102, 5: 33
DFA state visits cumulative  : 1: 1427605, 2: 286119, 3: 128848, 4: 34483, 5: 187
DFA state entries in window  : 1: 100, 2: 63, 3: 50, 4: 38, 5: 33
DFA state entries cumulative : 1: 7200, 2: 1394, 3: 642, 4: 343, 5: 187
transitions cumulative       : 1->2: 1394, 2->3: 642, 3->4: 343, 4->5: 187
accepted directly from s0    : 0
Gym endings cumulative       : terminated=6730, truncated=283

[Episode 7300/12000 | last 100]
success rate                : 19.0% (cumulative 2.8%)
failure rate                : 0.0% (cumulative 0.0%)
completed cycles / episode  : 0.000
synthetic task reward       : 1900.000
shaping reward              : 608.671
learning reward             : 2508.671
episode length              : 469.1
abstract changes / episode  : 67.0
same abstract-state steps   : 85.7%
same-state shaping / episode: 0.000
changed-state shaping / ep. : 608.671
terminal shaping / episode  : 16.591
DFA transitions / episode   : 1.51
DFA transitions in window   : 1->2: 68, 2->3: 45, 3->4: 19, 4->5: 19
epsilon (next episode)       : 0.23220
replay buffer                : 300000 samples [1: 50.0%, 2: 27.3%, 3: 17.2%, 4: 5.6%, 5: 0.0%]
DFA state visits in window   : 1: 25663, 2: 12675, 3: 7273, 4: 1384, 5: 19
DFA state visits cumulative  : 1: 1453268, 2: 298794, 3: 136121, 4: 35867, 5: 206
DFA state entries in window  : 1: 100, 2: 68, 3: 45, 4: 19, 5: 19
DFA state entries cumulative : 1: 7300, 2: 1462, 3: 687, 4: 362, 5: 206
transitions cumulative       : 1->2: 1462, 2->3: 687, 3->4: 362, 4->5: 206
accepted directly from s0    : 0
Gym endings cumulative       : terminated=6804, truncated=290

[Episode 7400/12000 | last 100]
success rate                : 36.0% (cumulative 3.3%)
failure rate                : 0.0% (cumulative 0.0%)
completed cycles / episode  : 0.000
synthetic task reward       : 3600.000
shaping reward              : 757.674
learning reward             : 4357.674
episode length              : 407.5
abstract changes / episode  : 60.9
same abstract-state steps   : 85.1%
same-state shaping / episode: 0.000
changed-state shaping / ep. : 757.674
terminal shaping / episode  : 32.546
DFA transitions / episode   : 1.86
DFA transitions in window   : 1->2: 64, 2->3: 47, 3->4: 39, 4->5: 36
epsilon (next episode)       : 0.22760
replay buffer                : 300000 samples [1: 48.7%, 2: 27.4%, 3: 18.1%, 4: 5.7%, 5: 0.0%]
DFA state visits in window   : 1: 17923, 2: 10190, 3: 9916, 4: 2783, 5: 36
DFA state visits cumulative  : 1: 1471191, 2: 308984, 3: 146037, 4: 38650, 5: 242
DFA state entries in window  : 1: 100, 2: 64, 3: 47, 4: 39, 5: 36
DFA state entries cumulative : 1: 7400, 2: 1526, 3: 734, 4: 401, 5: 242
transitions cumulative       : 1->2: 1526, 2->3: 734, 3->4: 401, 4->5: 242
accepted directly from s0    : 0
Gym endings cumulative       : terminated=6868, truncated=290

[Episode 7500/12000 | last 100]
success rate                : 31.0% (cumulative 3.6%)
failure rate                : 0.0% (cumulative 0.0%)
completed cycles / episode  : 0.000
synthetic task reward       : 3100.000
shaping reward              : 851.216
learning reward             : 3951.216
episode length              : 460.7
abstract changes / episode  : 67.8
same abstract-state steps   : 85.3%
same-state shaping / episode: 0.000
changed-state shaping / ep. : 851.216
terminal shaping / episode  : 30.244
DFA transitions / episode   : 1.93
DFA transitions in window   : 1->2: 71, 2->3: 53, 3->4: 38, 4->5: 31
epsilon (next episode)       : 0.22310
replay buffer                : 300000 samples [1: 47.3%, 2: 27.8%, 3: 19.0%, 4: 5.9%, 5: 0.0%]
DFA state visits in window   : 1: 20251, 2: 13032, 3: 10031, 4: 2823, 5: 31
DFA state visits cumulative  : 1: 1491442, 2: 322016, 3: 156068, 4: 41473, 5: 273
DFA state entries in window  : 1: 100, 2: 71, 3: 53, 4: 38, 5: 31
DFA state entries cumulative : 1: 7500, 2: 1597, 3: 787, 4: 439, 5: 273
transitions cumulative       : 1->2: 1597, 2->3: 787, 3->4: 439, 4->5: 273
accepted directly from s0    : 0
Gym endings cumulative       : terminated=6932, truncated=295

Starting autonomous greedy evaluation at episode 7500 (1000 fixed-seed episodes)...
[Greedy evaluation at episode 7500 | 1000 fixed-seed episodes]
success=0.0%, failure=0.0%, task reward=0.000, length=626.2
DFA transitions: 1->2: 655, 2->3: 1

[Episode 7600/12000 | last 100]
success rate                : 30.0% (cumulative 4.0%)
failure rate                : 0.0% (cumulative 0.0%)
completed cycles / episode  : 0.000
synthetic task reward       : 3000.000
shaping reward              : 676.459
learning reward             : 3676.459
episode length              : 473.1
abstract changes / episode  : 59.9
same abstract-state steps   : 87.3%
same-state shaping / episode: 0.000
changed-state shaping / ep. : 676.459
terminal shaping / episode  : 30.000
DFA transitions / episode   : 1.64
DFA transitions in window   : 1->2: 57, 2->3: 43, 3->4: 34, 4->5: 30
epsilon (next episode)       : 0.21868
replay buffer                : 300000 samples [1: 47.6%, 2: 27.7%, 3: 19.1%, 4: 5.5%, 5: 0.0%]
DFA state visits in window   : 1: 23196, 2: 13225, 3: 8289, 4: 2665, 5: 30
DFA state visits cumulative  : 1: 1514638, 2: 335241, 3: 164357, 4: 44138, 5: 303
DFA state entries in window  : 1: 100, 2: 57, 3: 43, 4: 34, 5: 30
DFA state entries cumulative : 1: 7600, 2: 1654, 3: 830, 4: 473, 5: 303
transitions cumulative       : 1->2: 1654, 2->3: 830, 3->4: 473, 4->5: 303
accepted directly from s0    : 0
Gym endings cumulative       : terminated=6997, truncated=300

[Episode 7700/12000 | last 100]
success rate                : 30.0% (cumulative 4.3%)
failure rate                : 0.0% (cumulative 0.0%)
completed cycles / episode  : 0.000
synthetic task reward       : 3000.000
shaping reward              : 703.888
learning reward             : 3703.888
episode length              : 447.8
abstract changes / episode  : 61.9
same abstract-state steps   : 86.2%
same-state shaping / episode: 0.000
changed-state shaping / ep. : 703.888
terminal shaping / episode  : 29.030
DFA transitions / episode   : 1.58
DFA transitions in window   : 1->2: 51, 2->3: 40, 3->4: 37, 4->5: 30
epsilon (next episode)       : 0.21435
replay buffer                : 300000 samples [1: 49.3%, 2: 25.9%, 3: 19.2%, 4: 5.6%, 5: 0.0%]
DFA state visits in window   : 1: 25467, 2: 9044, 3: 7656, 4: 2683, 5: 30
DFA state visits cumulative  : 1: 1540105, 2: 344285, 3: 172013, 4: 46821, 5: 333
DFA state entries in window  : 1: 100, 2: 51, 3: 40, 4: 37, 5: 30
DFA state entries cumulative : 1: 7700, 2: 1705, 3: 870, 4: 510, 5: 333
transitions cumulative       : 1->2: 1705, 2->3: 870, 3->4: 510, 4->5: 333
accepted directly from s0    : 0
Gym endings cumulative       : terminated=7058, truncated=309

[Episode 7800/12000 | last 100]
success rate                : 38.0% (cumulative 4.8%)
failure rate                : 0.0% (cumulative 0.0%)
completed cycles / episode  : 0.000
synthetic task reward       : 3800.000
shaping reward              : 958.125
learning reward             : 4758.125
episode length              : 454.7
abstract changes / episode  : 66.7
same abstract-state steps   : 85.3%
same-state shaping / episode: 0.000
changed-state shaping / ep. : 958.125
terminal shaping / episode  : 34.624
DFA transitions / episode   : 2.09
DFA transitions in window   : 1->2: 74, 2->3: 55, 3->4: 42, 4->5: 38
epsilon (next episode)       : 0.21010
replay buffer                : 300000 samples [1: 49.5%, 2: 24.6%, 3: 20.2%, 4: 5.7%, 5: 0.0%]
DFA state visits in window   : 1: 21395, 2: 9738, 3: 11438, 4: 2964, 5: 38
DFA state visits cumulative  : 1: 1561500, 2: 354023, 3: 183451, 4: 49785, 5: 371
DFA state entries in window  : 1: 100, 2: 74, 3: 55, 4: 42, 5: 38
DFA state entries cumulative : 1: 7800, 2: 1779, 3: 925, 4: 552, 5: 371
transitions cumulative       : 1->2: 1779, 2->3: 925, 3->4: 552, 4->5: 371
accepted directly from s0    : 0
Gym endings cumulative       : terminated=7116, truncated=313

[Episode 7900/12000 | last 100]
success rate                : 40.0% (cumulative 5.2%)
failure rate                : 0.0% (cumulative 0.0%)
completed cycles / episode  : 0.000
synthetic task reward       : 4000.000
shaping reward              : 1099.706
learning reward             : 5099.706
episode length              : 476.1
abstract changes / episode  : 64.1
same abstract-state steps   : 86.5%
same-state shaping / episode: 0.000
changed-state shaping / ep. : 1099.706
terminal shaping / episode  : 41.588
DFA transitions / episode   : 2.09
DFA transitions in window   : 1->2: 69, 2->3: 54, 3->4: 46, 4->5: 40
epsilon (next episode)       : 0.20594
replay buffer                : 300000 samples [1: 48.2%, 2: 25.6%, 3: 20.2%, 4: 6.0%, 5: 0.0%]
DFA state visits in window   : 1: 22097, 2: 13121, 3: 9329, 4: 3125, 5: 40
DFA state visits cumulative  : 1: 1583597, 2: 367144, 3: 192780, 4: 52910, 5: 411
DFA state entries in window  : 1: 100, 2: 69, 3: 54, 4: 46, 5: 40
DFA state entries cumulative : 1: 7900, 2: 1848, 3: 979, 4: 598, 5: 411
transitions cumulative       : 1->2: 1848, 2->3: 979, 3->4: 598, 4->5: 411
accepted directly from s0    : 0
Gym endings cumulative       : terminated=7171, truncated=318

[Episode 8000/12000 | last 100]
success rate                : 24.0% (cumulative 5.4%)
failure rate                : 0.0% (cumulative 0.0%)
completed cycles / episode  : 0.000
synthetic task reward       : 2400.000
shaping reward              : 760.091
learning reward             : 3160.091
episode length              : 435.7
abstract changes / episode  : 62.6
same abstract-state steps   : 85.6%
same-state shaping / episode: 0.000
changed-state shaping / ep. : 760.091
terminal shaping / episode  : 22.307
DFA transitions / episode   : 1.67
DFA transitions in window   : 1->2: 74, 2->3: 39, 3->4: 30, 4->5: 24
epsilon (next episode)       : 0.20186
replay buffer                : 300000 samples [1: 47.6%, 2: 26.6%, 3: 19.7%, 4: 6.0%, 5: 0.0%]
DFA state visits in window   : 1: 19993, 2: 15061, 3: 6573, 4: 2016, 5: 24
DFA state visits cumulative  : 1: 1603590, 2: 382205, 3: 199353, 4: 54926, 5: 435
DFA state entries in window  : 1: 100, 2: 74, 3: 39, 4: 30, 5: 24
DFA state entries cumulative : 1: 8000, 2: 1922, 3: 1018, 4: 628, 5: 435
transitions cumulative       : 1->2: 1922, 2->3: 1018, 3->4: 628, 4->5: 435
accepted directly from s0    : 0
Gym endings cumulative       : terminated=7246, truncated=319

Starting autonomous greedy evaluation at episode 8000 (1000 fixed-seed episodes)...
[Greedy evaluation at episode 8000 | 1000 fixed-seed episodes]
success=9.8%, failure=0.0%, task reward=980.000, length=375.4
DFA transitions: 1->2: 961, 2->3: 103, 3->4: 99, 4->5: 98

[Episode 8100/12000 | last 100]
success rate                : 40.0% (cumulative 5.9%)
failure rate                : 0.0% (cumulative 0.0%)
completed cycles / episode  : 0.000
synthetic task reward       : 4000.000
shaping reward              : 1169.578
learning reward             : 5169.578
episode length              : 544.6
abstract changes / episode  : 75.1
same abstract-state steps   : 86.2%
same-state shaping / episode: 0.000
changed-state shaping / ep. : 1169.578
terminal shaping / episode  : 37.448
DFA transitions / episode   : 2.36
DFA transitions in window   : 1->2: 80, 2->3: 64, 3->4: 52, 4->5: 40
epsilon (next episode)       : 0.19787
replay buffer                : 300000 samples [1: 47.3%, 2: 27.1%, 3: 19.3%, 4: 6.2%, 5: 0.0%]
DFA state visits in window   : 1: 22661, 2: 18041, 3: 9881, 4: 3938, 5: 40
DFA state visits cumulative  : 1: 1626251, 2: 400246, 3: 209234, 4: 58864, 5: 475
DFA state entries in window  : 1: 100, 2: 80, 3: 64, 4: 52, 5: 40
DFA state entries cumulative : 1: 8100, 2: 2002, 3: 1082, 4: 680, 5: 475
transitions cumulative       : 1->2: 2002, 2->3: 1082, 3->4: 680, 4->5: 475
accepted directly from s0    : 0
Gym endings cumulative       : terminated=7303, truncated=322

[Episode 8200/12000 | last 100]
success rate                : 34.0% (cumulative 6.2%)
failure rate                : 0.0% (cumulative 0.0%)
completed cycles / episode  : 0.000
synthetic task reward       : 3400.000
shaping reward              : 927.790
learning reward             : 4327.790
episode length              : 429.2
abstract changes / episode  : 64.5
same abstract-state steps   : 85.0%
same-state shaping / episode: 0.000
changed-state shaping / ep. : 927.790
terminal shaping / episode  : 32.238
DFA transitions / episode   : 1.95
DFA transitions in window   : 1->2: 69, 2->3: 50, 3->4: 42, 4->5: 34
epsilon (next episode)       : 0.19395
replay buffer                : 300000 samples [1: 47.8%, 2: 27.0%, 3: 18.9%, 4: 6.3%, 5: 0.0%]
DFA state visits in window   : 1: 19931, 2: 11473, 3: 8852, 4: 2726, 5: 34
DFA state visits cumulative  : 1: 1646182, 2: 411719, 3: 218086, 4: 61590, 5: 509
DFA state entries in window  : 1: 100, 2: 69, 3: 50, 4: 42, 5: 34
DFA state entries cumulative : 1: 8200, 2: 2071, 3: 1132, 4: 722, 5: 509
transitions cumulative       : 1->2: 2071, 2->3: 1132, 3->4: 722, 4->5: 509
accepted directly from s0    : 0
Gym endings cumulative       : terminated=7368, truncated=323

[Episode 8300/12000 | last 100]
success rate                : 25.0% (cumulative 6.4%)
failure rate                : 0.0% (cumulative 0.0%)
completed cycles / episode  : 0.000
synthetic task reward       : 2500.000
shaping reward              : 787.596
learning reward             : 3287.596
episode length              : 450.7
abstract changes / episode  : 63.4
same abstract-state steps   : 85.9%
same-state shaping / episode: 0.000
changed-state shaping / ep. : 787.596
terminal shaping / episode  : 24.268
DFA transitions / episode   : 1.71
DFA transitions in window   : 1->2: 70, 2->3: 45, 3->4: 31, 4->5: 25
epsilon (next episode)       : 0.19011
replay buffer                : 300000 samples [1: 47.0%, 2: 28.2%, 3: 18.8%, 4: 6.0%, 5: 0.0%]
DFA state visits in window   : 1: 22653, 2: 12918, 3: 7363, 4: 2207, 5: 25
DFA state visits cumulative  : 1: 1668835, 2: 424637, 3: 225449, 4: 63797, 5: 534
DFA state entries in window  : 1: 100, 2: 70, 3: 45, 4: 31, 5: 25
DFA state entries cumulative : 1: 8300, 2: 2141, 3: 1177, 4: 753, 5: 534
transitions cumulative       : 1->2: 2141, 2->3: 1177, 3->4: 753, 4->5: 534
accepted directly from s0    : 0
Gym endings cumulative       : terminated=7437, truncated=329

[Episode 8400/12000 | last 100]
success rate                : 43.0% (cumulative 6.9%)
failure rate                : 0.0% (cumulative 0.0%)
completed cycles / episode  : 0.000
synthetic task reward       : 4300.000
shaping reward              : 1196.722
learning reward             : 5496.722
episode length              : 482.1
abstract changes / episode  : 68.4
same abstract-state steps   : 85.8%
same-state shaping / episode: 0.000
changed-state shaping / ep. : 1196.722
terminal shaping / episode  : 40.350
DFA transitions / episode   : 2.45
DFA transitions in window   : 1->2: 85, 2->3: 68, 3->4: 49, 4->5: 43
epsilon (next episode)       : 0.18634
replay buffer                : 300000 samples [1: 43.8%, 2: 29.8%, 3: 20.1%, 4: 6.3%, 5: 0.0%]
DFA state visits in window   : 1: 17240, 2: 14276, 3: 13226, 4: 3528, 5: 43
DFA state visits cumulative  : 1: 1686075, 2: 438913, 3: 238675, 4: 67325, 5: 577
DFA state entries in window  : 1: 100, 2: 85, 3: 68, 4: 49, 5: 43
DFA state entries cumulative : 1: 8400, 2: 2226, 3: 1245, 4: 802, 5: 577
transitions cumulative       : 1->2: 2226, 2->3: 1245, 3->4: 802, 4->5: 577
accepted directly from s0    : 0
Gym endings cumulative       : terminated=7490, truncated=333

[Episode 8500/12000 | last 100]
success rate                : 50.0% (cumulative 7.4%)
failure rate                : 0.0% (cumulative 0.0%)
completed cycles / episode  : 0.000
synthetic task reward       : 5000.000
shaping reward              : 1313.678
learning reward             : 6313.678
episode length              : 488.2
abstract changes / episode  : 69.2
same abstract-state steps   : 85.8%
same-state shaping / episode: 0.000
changed-state shaping / ep. : 1313.678
terminal shaping / episode  : 49.030
DFA transitions / episode   : 2.71
DFA transitions in window   : 1->2: 84, 2->3: 77, 3->4: 60, 4->5: 50
epsilon (next episode)       : 0.18265
replay buffer                : 300000 samples [1: 43.2%, 2: 29.6%, 3: 20.7%, 4: 6.5%, 5: 0.0%]
DFA state visits in window   : 1: 18142, 2: 13210, 3: 13246, 4: 4269, 5: 50
DFA state visits cumulative  : 1: 1704217, 2: 452123, 3: 251921, 4: 71594, 5: 627
DFA state entries in window  : 1: 100, 2: 84, 3: 77, 4: 60, 5: 50
DFA state entries cumulative : 1: 8500, 2: 2310, 3: 1322, 4: 862, 5: 627
transitions cumulative       : 1->2: 2310, 2->3: 1322, 3->4: 862, 4->5: 627
accepted directly from s0    : 0
Gym endings cumulative       : terminated=7539, truncated=334

Starting autonomous greedy evaluation at episode 8500 (1000 fixed-seed episodes)...
[Greedy evaluation at episode 8500 | 1000 fixed-seed episodes]
success=3.8%, failure=0.0%, task reward=380.000, length=193.5
DFA transitions: 1->2: 119, 2->3: 114, 3->4: 38, 4->5: 38

[Episode 8600/12000 | last 100]
success rate                : 37.0% (cumulative 7.7%)
failure rate                : 0.0% (cumulative 0.0%)
completed cycles / episode  : 0.000
synthetic task reward       : 3700.000
shaping reward              : 820.887
learning reward             : 4520.887
episode length              : 365.7
abstract changes / episode  : 51.5
same abstract-state steps   : 85.9%
same-state shaping / episode: 0.000
changed-state shaping / ep. : 820.887
terminal shaping / episode  : 35.403
DFA transitions / episode   : 1.79
DFA transitions in window   : 1->2: 54, 2->3: 47, 3->4: 41, 4->5: 37
epsilon (next episode)       : 0.17904
replay buffer                : 300000 samples [1: 43.3%, 2: 29.2%, 3: 20.7%, 4: 6.8%, 5: 0.0%]
DFA state visits in window   : 1: 18699, 2: 7960, 3: 7374, 4: 2601, 5: 37
DFA state visits cumulative  : 1: 1722916, 2: 460083, 3: 259295, 4: 74195, 5: 664
DFA state entries in window  : 1: 100, 2: 54, 3: 47, 4: 41, 5: 37
DFA state entries cumulative : 1: 8600, 2: 2364, 3: 1369, 4: 903, 5: 664
transitions cumulative       : 1->2: 2364, 2->3: 1369, 3->4: 903, 4->5: 664
accepted directly from s0    : 0
Gym endings cumulative       : terminated=7602, truncated=334

[Episode 8700/12000 | last 100]
success rate                : 58.0% (cumulative 8.3%)
failure rate                : 0.0% (cumulative 0.0%)
completed cycles / episode  : 0.000
synthetic task reward       : 5800.000
shaping reward              : 1409.847
learning reward             : 7209.847
episode length              : 460.8
abstract changes / episode  : 60.5
same abstract-state steps   : 86.9%
same-state shaping / episode: 0.000
changed-state shaping / ep. : 1409.847
terminal shaping / episode  : 56.528
DFA transitions / episode   : 2.81
DFA transitions in window   : 1->2: 82, 2->3: 75, 3->4: 66, 4->5: 58
epsilon (next episode)       : 0.17549
replay buffer                : 300000 samples [1: 42.3%, 2: 28.3%, 3: 21.7%, 4: 7.7%, 5: 0.0%]
DFA state visits in window   : 1: 15626, 2: 16392, 3: 8664, 4: 5443, 5: 58
DFA state visits cumulative  : 1: 1738542, 2: 476475, 3: 267959, 4: 79638, 5: 722
DFA state entries in window  : 1: 100, 2: 82, 3: 75, 4: 66, 5: 58
DFA state entries cumulative : 1: 8700, 2: 2446, 3: 1444, 4: 969, 5: 722
transitions cumulative       : 1->2: 2446, 2->3: 1444, 3->4: 969, 4->5: 722
accepted directly from s0    : 0
Gym endings cumulative       : terminated=7641, truncated=337

[Episode 8800/12000 | last 100]
success rate                : 67.0% (cumulative 9.0%)
failure rate                : 0.0% (cumulative 0.0%)
completed cycles / episode  : 0.000
synthetic task reward       : 6700.000
shaping reward              : 1564.188
learning reward             : 8264.188
episode length              : 452.2
abstract changes / episode  : 60.2
same abstract-state steps   : 86.7%
same-state shaping / episode: 0.000
changed-state shaping / ep. : 1564.188
terminal shaping / episode  : 65.163
DFA transitions / episode   : 3.10
DFA transitions in window   : 1->2: 84, 2->3: 81, 3->4: 78, 4->5: 67
epsilon (next episode)       : 0.17201
replay buffer                : 300000 samples [1: 40.5%, 2: 28.5%, 3: 22.2%, 4: 8.8%, 5: 0.0%]
DFA state visits in window   : 1: 15461, 2: 12861, 3: 10494, 4: 6441, 5: 67
DFA state visits cumulative  : 1: 1754003, 2: 489336, 3: 278453, 4: 86079, 5: 789
DFA state entries in window  : 1: 100, 2: 84, 3: 81, 4: 78, 5: 67
DFA state entries cumulative : 1: 8800, 2: 2530, 3: 1525, 4: 1047, 5: 789
transitions cumulative       : 1->2: 2530, 2->3: 1525, 3->4: 1047, 4->5: 789
accepted directly from s0    : 0
Gym endings cumulative       : terminated=7673, truncated=338

[Episode 8900/12000 | last 100]
success rate                : 37.0% (cumulative 9.3%)
failure rate                : 0.0% (cumulative 0.0%)
completed cycles / episode  : 0.000
synthetic task reward       : 3700.000
shaping reward              : 799.753
learning reward             : 4499.753
episode length              : 375.1
abstract changes / episode  : 53.0
same abstract-state steps   : 85.9%
same-state shaping / episode: 0.000
changed-state shaping / ep. : 799.753
terminal shaping / episode  : 32.269
DFA transitions / episode   : 1.91
DFA transitions in window   : 1->2: 64, 2->3: 48, 3->4: 42, 4->5: 37
epsilon (next episode)       : 0.16861
replay buffer                : 300000 samples [1: 39.9%, 2: 29.1%, 3: 21.9%, 4: 9.1%, 5: 0.0%]
DFA state visits in window   : 1: 17113, 2: 10925, 3: 6459, 4: 3076, 5: 37
DFA state visits cumulative  : 1: 1771116, 2: 500261, 3: 284912, 4: 89155, 5: 826
DFA state entries in window  : 1: 100, 2: 64, 3: 48, 4: 42, 5: 37
DFA state entries cumulative : 1: 8900, 2: 2594, 3: 1573, 4: 1089, 5: 826
transitions cumulative       : 1->2: 2594, 2->3: 1573, 3->4: 1089, 4->5: 826
accepted directly from s0    : 0
Gym endings cumulative       : terminated=7734, truncated=340

[Episode 9000/12000 | last 100]
success rate                : 52.0% (cumulative 9.8%)
failure rate                : 0.0% (cumulative 0.0%)
completed cycles / episode  : 0.000
synthetic task reward       : 5200.000
shaping reward              : 1245.110
learning reward             : 6445.110
episode length              : 471.5
abstract changes / episode  : 59.2
same abstract-state steps   : 87.5%
same-state shaping / episode: 0.000
changed-state shaping / ep. : 1245.110
terminal shaping / episode  : 49.810
DFA transitions / episode   : 2.45
DFA transitions in window   : 1->2: 75, 2->3: 62, 3->4: 56, 4->5: 52
epsilon (next episode)       : 0.16527
replay buffer                : 300000 samples [1: 40.0%, 2: 27.9%, 3: 22.6%, 4: 9.5%, 5: 0.0%]
DFA state visits in window   : 1: 22215, 2: 11375, 3: 9797, 4: 3809, 5: 52
DFA state visits cumulative  : 1: 1793331, 2: 511636, 3: 294709, 4: 92964, 5: 878
DFA state entries in window  : 1: 100, 2: 75, 3: 62, 4: 56, 5: 52
DFA state entries cumulative : 1: 9000, 2: 2669, 3: 1635, 4: 1145, 5: 878
transitions cumulative       : 1->2: 2669, 2->3: 1635, 3->4: 1145, 4->5: 878
accepted directly from s0    : 0
Gym endings cumulative       : terminated=7780, truncated=342

Starting autonomous greedy evaluation at episode 9000 (1000 fixed-seed episodes)...
[Greedy evaluation at episode 9000 | 1000 fixed-seed episodes]
success=1.5%, failure=0.0%, task reward=150.000, length=769.9
DFA transitions: 1->2: 908, 2->3: 27, 3->4: 16, 4->5: 15

[Episode 9100/12000 | last 100]
success rate                : 51.0% (cumulative 10.2%)
failure rate                : 0.0% (cumulative 0.0%)
completed cycles / episode  : 0.000
synthetic task reward       : 5100.000
shaping reward              : 1256.131
learning reward             : 6356.131
episode length              : 426.4
abstract changes / episode  : 54.2
same abstract-state steps   : 87.3%
same-state shaping / episode: 0.000
changed-state shaping / ep. : 1256.131
terminal shaping / episode  : 50.277
DFA transitions / episode   : 2.57
DFA transitions in window   : 1->2: 83, 2->3: 66, 3->4: 57, 4->5: 51
epsilon (next episode)       : 0.16200
replay buffer                : 300000 samples [1: 40.7%, 2: 28.8%, 3: 20.8%, 4: 9.8%, 5: 0.0%]
DFA state visits in window   : 1: 16589, 2: 14602, 3: 7483, 4: 4011, 5: 51
DFA state visits cumulative  : 1: 1809920, 2: 526238, 3: 302192, 4: 96975, 5: 929
DFA state entries in window  : 1: 100, 2: 83, 3: 66, 4: 57, 5: 51
DFA state entries cumulative : 1: 9100, 2: 2752, 3: 1701, 4: 1202, 5: 929
transitions cumulative       : 1->2: 2752, 2->3: 1701, 3->4: 1202, 4->5: 929
accepted directly from s0    : 0
Gym endings cumulative       : terminated=7826, truncated=345

[Episode 9200/12000 | last 100]
success rate                : 58.0% (cumulative 10.7%)
failure rate                : 0.0% (cumulative 0.0%)
completed cycles / episode  : 0.000
synthetic task reward       : 5800.000
shaping reward              : 1405.472
learning reward             : 7205.472
episode length              : 436.9
abstract changes / episode  : 57.2
same abstract-state steps   : 86.9%
same-state shaping / episode: 0.000
changed-state shaping / ep. : 1405.472
terminal shaping / episode  : 56.356
DFA transitions / episode   : 2.85
DFA transitions in window   : 1->2: 83, 2->3: 79, 3->4: 65, 4->5: 58
epsilon (next episode)       : 0.15879
replay buffer                : 300000 samples [1: 41.0%, 2: 28.6%, 3: 20.0%, 4: 10.3%, 5: 0.0%]
DFA state visits in window   : 1: 17082, 2: 11655, 3: 9399, 4: 5591, 5: 58
DFA state visits cumulative  : 1: 1827002, 2: 537893, 3: 311591, 4: 102566, 5: 987
DFA state entries in window  : 1: 100, 2: 83, 3: 79, 4: 65, 5: 58
DFA state entries cumulative : 1: 9200, 2: 2835, 3: 1780, 4: 1267, 5: 987
transitions cumulative       : 1->2: 2835, 2->3: 1780, 3->4: 1267, 4->5: 987
accepted directly from s0    : 0
Gym endings cumulative       : terminated=7868, truncated=345

[Episode 9300/12000 | last 100]
success rate                : 54.0% (cumulative 11.2%)
failure rate                : 0.0% (cumulative 0.0%)
completed cycles / episode  : 0.000
synthetic task reward       : 5400.000
shaping reward              : 1225.727
learning reward             : 6625.727
episode length              : 429.4
abstract changes / episode  : 58.1
same abstract-state steps   : 86.5%
same-state shaping / episode: 0.000
changed-state shaping / ep. : 1225.727
terminal shaping / episode  : 50.148
DFA transitions / episode   : 2.59
DFA transitions in window   : 1->2: 77, 2->3: 67, 3->4: 61, 4->5: 54
epsilon (next episode)       : 0.15564
replay buffer                : 300000 samples [1: 40.8%, 2: 28.7%, 3: 19.6%, 4: 10.9%, 5: 0.0%]
DFA state visits in window   : 1: 21230, 2: 9631, 3: 7420, 4: 4700, 5: 54
DFA state visits cumulative  : 1: 1848232, 2: 547524, 3: 319011, 4: 107266, 5: 1041
DFA state entries in window  : 1: 100, 2: 77, 3: 67, 4: 61, 5: 54
DFA state entries cumulative : 1: 9300, 2: 2912, 3: 1847, 4: 1328, 5: 1041
transitions cumulative       : 1->2: 2912, 2->3: 1847, 3->4: 1328, 4->5: 1041
accepted directly from s0    : 0
Gym endings cumulative       : terminated=7914, truncated=345

[Episode 9400/12000 | last 100]
success rate                : 46.0% (cumulative 11.6%)
failure rate                : 0.0% (cumulative 0.0%)
completed cycles / episode  : 0.000
synthetic task reward       : 4600.000
shaping reward              : 1209.799
learning reward             : 5809.799
episode length              : 415.1
abstract changes / episode  : 55.8
same abstract-state steps   : 86.6%
same-state shaping / episode: 0.000
changed-state shaping / ep. : 1209.799
terminal shaping / episode  : 44.059
DFA transitions / episode   : 2.47
DFA transitions in window   : 1->2: 83, 2->3: 63, 3->4: 55, 4->5: 46
epsilon (next episode)       : 0.15256
replay buffer                : 300000 samples [1: 42.2%, 2: 27.4%, 3: 19.6%, 4: 10.7%, 5: 0.0%]
DFA state visits in window   : 1: 17302, 2: 11554, 3: 8033, 4: 4674, 5: 46
DFA state visits cumulative  : 1: 1865534, 2: 559078, 3: 327044, 4: 111940, 5: 1087
DFA state entries in window  : 1: 100, 2: 83, 3: 63, 4: 55, 5: 46
DFA state entries cumulative : 1: 9400, 2: 2995, 3: 1910, 4: 1383, 5: 1087
transitions cumulative       : 1->2: 2995, 2->3: 1910, 3->4: 1383, 4->5: 1087
accepted directly from s0    : 0
Gym endings cumulative       : terminated=7968, truncated=345

[Episode 9500/12000 | last 100]
success rate                : 33.0% (cumulative 11.8%)
failure rate                : 0.0% (cumulative 0.0%)
completed cycles / episode  : 0.000
synthetic task reward       : 3300.000
shaping reward              : 847.652
learning reward             : 4147.652
episode length              : 435.2
abstract changes / episode  : 53.9
same abstract-state steps   : 87.6%
same-state shaping / episode: 0.000
changed-state shaping / ep. : 847.652
terminal shaping / episode  : 30.465
DFA transitions / episode   : 1.87
DFA transitions in window   : 1->2: 66, 2->3: 50, 3->4: 38, 4->5: 33
epsilon (next episode)       : 0.14954
replay buffer                : 300000 samples [1: 45.8%, 2: 25.8%, 3: 18.9%, 4: 9.6%, 5: 0.0%]
DFA state visits in window   : 1: 25149, 2: 7675, 3: 8023, 4: 2742, 5: 33
DFA state visits cumulative  : 1: 1890683, 2: 566753, 3: 335067, 4: 114682, 5: 1120
DFA state entries in window  : 1: 100, 2: 66, 3: 50, 4: 38, 5: 33
DFA state entries cumulative : 1: 9500, 2: 3061, 3: 1960, 4: 1421, 5: 1120
transitions cumulative       : 1->2: 3061, 2->3: 1960, 3->4: 1421, 4->5: 1120
accepted directly from s0    : 0
Gym endings cumulative       : terminated=8029, truncated=351

Starting autonomous greedy evaluation at episode 9500 (1000 fixed-seed episodes)...
[Greedy evaluation at episode 9500 | 1000 fixed-seed episodes]
success=14.1%, failure=0.0%, task reward=1410.000, length=365.9
DFA transitions: 1->2: 675, 2->3: 170, 3->4: 148, 4->5: 141

[Episode 9600/12000 | last 100]
success rate                : 30.0% (cumulative 12.0%)
failure rate                : 0.0% (cumulative 0.0%)
completed cycles / episode  : 0.000
synthetic task reward       : 3000.000
shaping reward              : 662.802
learning reward             : 3662.802
episode length              : 379.4
abstract changes / episode  : 48.8
same abstract-state steps   : 87.1%
same-state shaping / episode: 0.000
changed-state shaping / ep. : 662.802
terminal shaping / episode  : 27.628
DFA transitions / episode   : 1.74
DFA transitions in window   : 1->2: 64, 2->3: 45, 3->4: 35, 4->5: 30
epsilon (next episode)       : 0.14658
replay buffer                : 300000 samples [1: 46.8%, 2: 25.1%, 3: 18.9%, 4: 9.3%, 5: 0.0%]
DFA state visits in window   : 1: 20805, 2: 8691, 3: 6310, 4: 2202, 5: 30
DFA state visits cumulative  : 1: 1911488, 2: 575444, 3: 341377, 4: 116884, 5: 1150
DFA state entries in window  : 1: 100, 2: 64, 3: 45, 4: 35, 5: 30
DFA state entries cumulative : 1: 9600, 2: 3125, 3: 2005, 4: 1456, 5: 1150
transitions cumulative       : 1->2: 3125, 2->3: 2005, 3->4: 1456, 4->5: 1150
accepted directly from s0    : 0
Gym endings cumulative       : terminated=8098, truncated=352

[Episode 9700/12000 | last 100]
success rate                : 34.0% (cumulative 12.2%)
failure rate                : 0.0% (cumulative 0.0%)
completed cycles / episode  : 0.000
synthetic task reward       : 3400.000
shaping reward              : 1137.191
learning reward             : 4537.191
episode length              : 522.5
abstract changes / episode  : 60.3
same abstract-state steps   : 88.5%
same-state shaping / episode: 0.000
changed-state shaping / ep. : 1137.191
terminal shaping / episode  : 34.000
DFA transitions / episode   : 2.24
DFA transitions in window   : 1->2: 82, 2->3: 60, 3->4: 48, 4->5: 34
epsilon (next episode)       : 0.14368
replay buffer                : 300000 samples [1: 47.6%, 2: 25.2%, 3: 18.2%, 4: 8.9%, 5: 0.0%]
DFA state visits in window   : 1: 26811, 2: 13693, 3: 8833, 4: 2978, 5: 34
DFA state visits cumulative  : 1: 1938299, 2: 589137, 3: 350210, 4: 119862, 5: 1184
DFA state entries in window  : 1: 100, 2: 82, 3: 60, 4: 48, 5: 34
DFA state entries cumulative : 1: 9700, 2: 3207, 3: 2065, 4: 1504, 5: 1184
transitions cumulative       : 1->2: 3207, 2->3: 2065, 3->4: 1504, 4->5: 1184
accepted directly from s0    : 0
Gym endings cumulative       : terminated=8150, truncated=366

[Episode 9800/12000 | last 100]
success rate                : 23.0% (cumulative 12.3%)
failure rate                : 0.0% (cumulative 0.0%)
completed cycles / episode  : 0.000
synthetic task reward       : 2300.000
shaping reward              : 801.624
learning reward             : 3101.624
episode length              : 572.7
abstract changes / episode  : 67.3
same abstract-state steps   : 88.2%
same-state shaping / episode: 0.000
changed-state shaping / ep. : 801.624
terminal shaping / episode  : 19.636
DFA transitions / episode   : 1.97
DFA transitions in window   : 1->2: 76, 2->3: 66, 3->4: 32, 4->5: 23
epsilon (next episode)       : 0.14083
replay buffer                : 300000 samples [1: 48.9%, 2: 23.9%, 3: 19.6%, 4: 7.7%, 5: 0.0%]
DFA state visits in window   : 1: 25249, 2: 14557, 3: 15118, 4: 2423, 5: 23
DFA state visits cumulative  : 1: 1963548, 2: 603694, 3: 365328, 4: 122285, 5: 1207
DFA state entries in window  : 1: 100, 2: 76, 3: 66, 4: 32, 5: 23
DFA state entries cumulative : 1: 9800, 2: 3283, 3: 2131, 4: 1536, 5: 1207
transitions cumulative       : 1->2: 3283, 2->3: 2131, 3->4: 1536, 4->5: 1207
accepted directly from s0    : 0
Gym endings cumulative       : terminated=8211, truncated=382

[Episode 9900/12000 | last 100]
success rate                : 6.0% (cumulative 12.3%)
failure rate                : 0.0% (cumulative 0.0%)
completed cycles / episode  : 0.000
synthetic task reward       : 600.000
shaping reward              : 339.247
learning reward             : 939.247
episode length              : 527.2
abstract changes / episode  : 51.3
same abstract-state steps   : 90.3%
same-state shaping / episode: 0.000
changed-state shaping / ep. : 339.247
terminal shaping / episode  : 2.715
DFA transitions / episode   : 1.12
DFA transitions in window   : 1->2: 55, 2->3: 42, 3->4: 9, 4->5: 6
epsilon (next episode)       : 0.13804
replay buffer                : 300000 samples [1: 49.9%, 2: 23.7%, 3: 20.6%, 4: 5.8%, 5: 0.0%]
DFA state visits in window   : 1: 27556, 2: 11771, 3: 12770, 4: 713, 5: 6
DFA state visits cumulative  : 1: 1991104, 2: 615465, 3: 378098, 4: 122998, 5: 1213
DFA state entries in window  : 1: 100, 2: 55, 3: 42, 4: 9, 5: 6
DFA state entries cumulative : 1: 9900, 2: 3338, 3: 2173, 4: 1545, 5: 1213
transitions cumulative       : 1->2: 3338, 2->3: 2173, 3->4: 1545, 4->5: 1213
accepted directly from s0    : 0
Gym endings cumulative       : terminated=8283, truncated=404

[Episode 10000/12000 | last 100]
success rate                : 13.0% (cumulative 12.3%)
failure rate                : 0.0% (cumulative 0.0%)
completed cycles / episode  : 0.000
synthetic task reward       : 1300.000
shaping reward              : 680.491
learning reward             : 1980.491
episode length              : 500.7
abstract changes / episode  : 55.8
same abstract-state steps   : 88.9%
same-state shaping / episode: 0.000
changed-state shaping / ep. : 680.491
terminal shaping / episode  : 10.079
DFA transitions / episode   : 1.73
DFA transitions in window   : 1->2: 66, 2->3: 64, 3->4: 30, 4->5: 13
epsilon (next episode)       : 0.13531
replay buffer                : 300000 samples [1: 48.8%, 2: 21.9%, 3: 24.5%, 4: 4.8%, 5: 0.0%]
DFA state visits in window   : 1: 18024, 2: 8044, 3: 21329, 4: 2761, 5: 13
DFA state visits cumulative  : 1: 2009128, 2: 623509, 3: 399427, 4: 125759, 5: 1226
DFA state entries in window  : 1: 100, 2: 66, 3: 64, 4: 30, 5: 13
DFA state entries cumulative : 1: 10000, 2: 3404, 3: 2237, 4: 1575, 5: 1226
transitions cumulative       : 1->2: 3404, 2->3: 2237, 3->4: 1575, 4->5: 1226
accepted directly from s0    : 0
Gym endings cumulative       : terminated=8357, truncated=417

Starting autonomous greedy evaluation at episode 10000 (1000 fixed-seed episodes)...
[Greedy evaluation at episode 10000 | 1000 fixed-seed episodes]
success=0.4%, failure=0.0%, task reward=40.000, length=503.5
DFA transitions: 1->2: 843, 2->3: 837, 3->4: 4, 4->5: 4

[Episode 10100/12000 | last 100]
success rate                : 18.0% (cumulative 12.3%)
failure rate                : 0.0% (cumulative 0.0%)
completed cycles / episode  : 0.000
synthetic task reward       : 1800.000
shaping reward              : 819.683
learning reward             : 2619.683
episode length              : 462.4
abstract changes / episode  : 64.0
same abstract-state steps   : 86.1%
same-state shaping / episode: 0.000
changed-state shaping / ep. : 819.683
terminal shaping / episode  : 15.342
DFA transitions / episode   : 2.02
DFA transitions in window   : 1->2: 85, 2->3: 69, 3->4: 30, 4->5: 18
epsilon (next episode)       : 0.13263
replay buffer                : 300000 samples [1: 45.1%, 2: 23.3%, 3: 27.1%, 4: 4.4%, 5: 0.0%]
DFA state visits in window   : 1: 14477, 2: 12836, 3: 16921, 4: 2086, 5: 18
DFA state visits cumulative  : 1: 2023605, 2: 636345, 3: 416348, 4: 127845, 5: 1244
DFA state entries in window  : 1: 100, 2: 85, 3: 69, 4: 30, 5: 18
DFA state entries cumulative : 1: 10100, 2: 3489, 3: 2306, 4: 1605, 5: 1244
transitions cumulative       : 1->2: 3489, 2->3: 2306, 3->4: 1605, 4->5: 1244
accepted directly from s0    : 0
Gym endings cumulative       : terminated=8438, truncated=418

[Episode 10200/12000 | last 100]
success rate                : 5.0% (cumulative 12.2%)
failure rate                : 0.0% (cumulative 0.0%)
completed cycles / episode  : 0.000
synthetic task reward       : 500.000
shaping reward              : 245.655
learning reward             : 745.655
episode length              : 332.9
abstract changes / episode  : 48.6
same abstract-state steps   : 85.4%
same-state shaping / episode: 0.000
changed-state shaping / ep. : 245.655
terminal shaping / episode  : 1.899
DFA transitions / episode   : 1.24
DFA transitions in window   : 1->2: 62, 2->3: 43, 3->4: 14, 4->5: 5
epsilon (next episode)       : 0.13000
replay buffer                : 300000 samples [1: 43.6%, 2: 23.4%, 3: 28.3%, 4: 4.7%, 5: 0.0%]
DFA state visits in window   : 1: 15141, 2: 7461, 3: 8146, 4: 2636, 5: 5
DFA state visits cumulative  : 1: 2038746, 2: 643806, 3: 424494, 4: 130481, 5: 1249
DFA state entries in window  : 1: 100, 2: 62, 3: 43, 4: 14, 5: 5
DFA state entries cumulative : 1: 10200, 2: 3551, 3: 2349, 4: 1619, 5: 1249
transitions cumulative       : 1->2: 3551, 2->3: 2349, 3->4: 1619, 4->5: 1249
accepted directly from s0    : 0
Gym endings cumulative       : terminated=8531, truncated=420

[Episode 10300/12000 | last 100]
success rate                : 1.0% (cumulative 12.1%)
failure rate                : 0.0% (cumulative 0.0%)
completed cycles / episode  : 0.000
synthetic task reward       : 100.000
shaping reward              : 456.764
learning reward             : 556.764
episode length              : 455.0
abstract changes / episode  : 43.2
same abstract-state steps   : 90.5%
same-state shaping / episode: 0.000
changed-state shaping / ep. : 456.764
terminal shaping / episode  : 1.000
DFA transitions / episode   : 1.15
DFA transitions in window   : 1->2: 54, 2->3: 44, 3->4: 16, 4->5: 1
epsilon (next episode)       : 0.12743
replay buffer                : 300000 samples [1: 42.5%, 2: 22.4%, 3: 30.3%, 4: 4.7%, 5: 0.0%]
DFA state visits in window   : 1: 18948, 2: 8915, 3: 14754, 4: 2986, 5: 1
DFA state visits cumulative  : 1: 2057694, 2: 652721, 3: 439248, 4: 133467, 5: 1250
DFA state entries in window  : 1: 100, 2: 54, 3: 44, 4: 16, 5: 1
DFA state entries cumulative : 1: 10300, 2: 3605, 3: 2393, 4: 1635, 5: 1250
transitions cumulative       : 1->2: 3605, 2->3: 2393, 3->4: 1635, 4->5: 1250
accepted directly from s0    : 0
Gym endings cumulative       : terminated=8613, truncated=437

[Episode 10400/12000 | last 100]
success rate                : 0.0% (cumulative 12.0%)
failure rate                : 0.0% (cumulative 0.0%)
completed cycles / episode  : 0.000
synthetic task reward       : 0.000
shaping reward              : 258.150
learning reward             : 258.150
episode length              : 354.2
abstract changes / episode  : 39.6
same abstract-state steps   : 88.8%
same-state shaping / episode: 0.000
changed-state shaping / ep. : 258.150
terminal shaping / episode  : -2.274
DFA transitions / episode   : 0.84
DFA transitions in window   : 1->2: 51, 2->3: 25, 3->4: 8
epsilon (next episode)       : 0.12490
replay buffer                : 300000 samples [1: 41.7%, 2: 22.0%, 3: 31.8%, 4: 4.5%, 5: 0.0%]
DFA state visits in window   : 1: 17850, 2: 7512, 3: 9020, 4: 1140, 5: 0
DFA state visits cumulative  : 1: 2075544, 2: 660233, 3: 448268, 4: 134607, 5: 1250
DFA state entries in window  : 1: 100, 2: 51, 3: 25, 4: 8, 5: 0
DFA state entries cumulative : 1: 10400, 2: 3656, 3: 2418, 4: 1643, 5: 1250
transitions cumulative       : 1->2: 3656, 2->3: 2418, 3->4: 1643, 4->5: 1250
accepted directly from s0    : 0
Gym endings cumulative       : terminated=8702, truncated=448

[Episode 10500/12000 | last 100]
success rate                : 0.0% (cumulative 11.9%)
failure rate                : 0.0% (cumulative 0.0%)
completed cycles / episode  : 0.000
synthetic task reward       : 0.000
shaping reward              : -6.883
learning reward             : -6.883
episode length              : 292.2
abstract changes / episode  : 40.3
same abstract-state steps   : 86.2%
same-state shaping / episode: 0.000
changed-state shaping / ep. : -6.883
terminal shaping / episode  : -4.631
DFA transitions / episode   : 0.65
DFA transitions in window   : 1->2: 58, 2->3: 6, 3->4: 1
epsilon (next episode)       : 0.12243
replay buffer                : 300000 samples [1: 44.2%, 2: 22.2%, 3: 29.4%, 4: 4.2%, 5: 0.0%]
DFA state visits in window   : 1: 18914, 2: 9042, 3: 1108, 4: 261, 5: 0
DFA state visits cumulative  : 1: 2094458, 2: 669275, 3: 449376, 4: 134868, 5: 1250
DFA state entries in window  : 1: 100, 2: 58, 3: 6, 4: 1, 5: 0
DFA state entries cumulative : 1: 10500, 2: 3714, 3: 2424, 4: 1644, 5: 1250
transitions cumulative       : 1->2: 3714, 2->3: 2424, 3->4: 1644, 4->5: 1250
accepted directly from s0    : 0
Gym endings cumulative       : terminated=8802, truncated=448

Starting autonomous greedy evaluation at episode 10500 (1000 fixed-seed episodes)...
[Greedy evaluation at episode 10500 | 1000 fixed-seed episodes]
success=0.0%, failure=0.0%, task reward=0.000, length=374.4
DFA transitions: 1->2: 33, 2->3: 8, 3->4: 1

[Episode 10600/12000 | last 100]
success rate                : 0.0% (cumulative 11.8%)
failure rate                : 0.0% (cumulative 0.0%)
completed cycles / episode  : 0.000
synthetic task reward       : 0.000
shaping reward              : -283.369
learning reward             : -283.369
episode length              : 356.7
abstract changes / episode  : 40.1
same abstract-state steps   : 88.7%
same-state shaping / episode: 0.000
changed-state shaping / ep. : -283.369
terminal shaping / episode  : -2.175
DFA transitions / episode   : 0.21
DFA transitions in window   : 1->2: 16, 2->3: 4, 3->4: 1
epsilon (next episode)       : 0.12001
replay buffer                : 300000 samples [1: 49.5%, 2: 20.6%, 3: 25.8%, 4: 4.2%, 5: 0.0%]
DFA state visits in window   : 1: 30932, 2: 3114, 3: 1486, 4: 242, 5: 0
DFA state visits cumulative  : 1: 2125390, 2: 672389, 3: 450862, 4: 135110, 5: 1250
DFA state entries in window  : 1: 100, 2: 16, 3: 4, 4: 1, 5: 0
DFA state entries cumulative : 1: 10600, 2: 3730, 3: 2428, 4: 1645, 5: 1250
transitions cumulative       : 1->2: 3730, 2->3: 2428, 3->4: 1645, 4->5: 1250
accepted directly from s0    : 0
Gym endings cumulative       : terminated=8897, truncated=453

[Episode 10700/12000 | last 100]
success rate                : 2.0% (cumulative 11.7%)
failure rate                : 0.0% (cumulative 0.0%)
completed cycles / episode  : 0.000
synthetic task reward       : 200.000
shaping reward              : 368.746
learning reward             : 568.746
episode length              : 671.4
abstract changes / episode  : 61.6
same abstract-state steps   : 90.8%
same-state shaping / episode: 0.000
changed-state shaping / ep. : 368.746
terminal shaping / episode  : 1.275
DFA transitions / episode   : 1.26
DFA transitions in window   : 1->2: 64, 2->3: 51, 3->4: 9, 4->5: 2
epsilon (next episode)       : 0.11763
replay buffer                : 300000 samples [1: 49.1%, 2: 21.2%, 3: 25.8%, 4: 3.9%, 5: 0.0%]
DFA state visits in window   : 1: 28539, 2: 13634, 3: 23304, 4: 1764, 5: 2
DFA state visits cumulative  : 1: 2153929, 2: 686023, 3: 474166, 4: 136874, 5: 1252
DFA state entries in window  : 1: 100, 2: 64, 3: 51, 4: 9, 5: 2
DFA state entries cumulative : 1: 10700, 2: 3794, 3: 2479, 4: 1654, 5: 1252
transitions cumulative       : 1->2: 3794, 2->3: 2479, 3->4: 1654, 4->5: 1252
accepted directly from s0    : 0
Gym endings cumulative       : terminated=8958, truncated=490

[Episode 10800/12000 | last 100]
success rate                : 13.0% (cumulative 11.7%)
failure rate                : 0.0% (cumulative 0.0%)
completed cycles / episode  : 0.000
synthetic task reward       : 1300.000
shaping reward              : 599.263
learning reward             : 1899.263
episode length              : 448.3
abstract changes / episode  : 58.6
same abstract-state steps   : 86.9%
same-state shaping / episode: 0.000
changed-state shaping / ep. : 599.263
terminal shaping / episode  : 11.339
DFA transitions / episode   : 1.75
DFA transitions in window   : 1->2: 73, 2->3: 55, 3->4: 34, 4->5: 13
epsilon (next episode)       : 0.11530
replay buffer                : 300000 samples [1: 50.2%, 2: 21.1%, 3: 23.7%, 4: 4.9%, 5: 0.0%]
DFA state visits in window   : 1: 18040, 2: 11874, 3: 9245, 4: 5759, 5: 13
DFA state visits cumulative  : 1: 2171969, 2: 697897, 3: 483411, 4: 142633, 5: 1265
DFA state entries in window  : 1: 100, 2: 73, 3: 55, 4: 34, 5: 13
DFA state entries cumulative : 1: 10800, 2: 3867, 3: 2534, 4: 1688, 5: 1265
transitions cumulative       : 1->2: 3867, 2->3: 2534, 3->4: 1688, 4->5: 1265
accepted directly from s0    : 0
Gym endings cumulative       : terminated=9040, truncated=495

[Episode 10900/12000 | last 100]
success rate                : 6.0% (cumulative 11.7%)
failure rate                : 0.0% (cumulative 0.0%)
completed cycles / episode  : 0.000
synthetic task reward       : 600.000
shaping reward              : 356.548
learning reward             : 956.548
episode length              : 468.9
abstract changes / episode  : 64.6
same abstract-state steps   : 86.2%
same-state shaping / episode: 0.000
changed-state shaping / ep. : 356.548
terminal shaping / episode  : -0.297
DFA transitions / episode   : 1.40
DFA transitions in window   : 1->2: 67, 2->3: 47, 3->4: 20, 4->5: 6
epsilon (next episode)       : 0.11302
replay buffer                : 300000 samples [1: 51.3%, 2: 21.2%, 3: 22.4%, 4: 5.1%, 5: 0.0%]
DFA state visits in window   : 1: 23325, 2: 10840, 3: 9546, 4: 3273, 5: 6
DFA state visits cumulative  : 1: 2195294, 2: 708737, 3: 492957, 4: 145906, 5: 1271
DFA state entries in window  : 1: 100, 2: 67, 3: 47, 4: 20, 5: 6
DFA state entries cumulative : 1: 10900, 2: 3934, 3: 2581, 4: 1708, 5: 1271
transitions cumulative       : 1->2: 3934, 2->3: 2581, 3->4: 1708, 4->5: 1271
accepted directly from s0    : 0
Gym endings cumulative       : terminated=9132, truncated=497

[Episode 11000/12000 | last 100]
success rate                : 7.0% (cumulative 11.6%)
failure rate                : 0.0% (cumulative 0.0%)
completed cycles / episode  : 0.000
synthetic task reward       : 700.000
shaping reward              : 520.256
learning reward             : 1220.256
episode length              : 534.0
abstract changes / episode  : 65.2
same abstract-state steps   : 87.8%
same-state shaping / episode: 0.000
changed-state shaping / ep. : 520.256
terminal shaping / episode  : 4.554
DFA transitions / episode   : 1.57
DFA transitions in window   : 1->2: 71, 2->3: 54, 3->4: 25, 4->5: 7
epsilon (next episode)       : 0.11078
replay buffer                : 300000 samples [1: 51.4%, 2: 23.2%, 3: 19.9%, 4: 5.5%, 5: 0.0%]
DFA state visits in window   : 1: 24203, 2: 15273, 3: 9652, 4: 4361, 5: 7
DFA state visits cumulative  : 1: 2219497, 2: 724010, 3: 502609, 4: 150267, 5: 1278
DFA state entries in window  : 1: 100, 2: 71, 3: 54, 4: 25, 5: 7
DFA state entries cumulative : 1: 11000, 2: 4005, 3: 2635, 4: 1733, 5: 1278
transitions cumulative       : 1->2: 4005, 2->3: 2635, 3->4: 1733, 4->5: 1278
accepted directly from s0    : 0
Gym endings cumulative       : terminated=9210, truncated=512

Starting autonomous greedy evaluation at episode 11000 (1000 fixed-seed episodes)...
[Greedy evaluation at episode 11000 | 1000 fixed-seed episodes]
success=0.4%, failure=0.0%, task reward=40.000, length=795.7
DFA transitions: 1->2: 800, 2->3: 606, 3->4: 30, 4->5: 4

[Episode 11100/12000 | last 100]
success rate                : 21.0% (cumulative 11.7%)
failure rate                : 0.0% (cumulative 0.0%)
completed cycles / episode  : 0.000
synthetic task reward       : 2100.000
shaping reward              : 718.604
learning reward             : 2818.604
episode length              : 471.3
abstract changes / episode  : 57.6
same abstract-state steps   : 87.8%
same-state shaping / episode: 0.000
changed-state shaping / ep. : 718.604
terminal shaping / episode  : 19.224
DFA transitions / episode   : 1.76
DFA transitions in window   : 1->2: 70, 2->3: 52, 3->4: 33, 4->5: 21
epsilon (next episode)       : 0.10858
replay buffer                : 300000 samples [1: 51.2%, 2: 21.3%, 3: 20.6%, 4: 6.9%, 5: 0.0%]
DFA state visits in window   : 1: 24575, 2: 8972, 3: 8313, 4: 5349, 5: 21
DFA state visits cumulative  : 1: 2244072, 2: 732982, 3: 510922, 4: 155616, 5: 1299
DFA state entries in window  : 1: 100, 2: 70, 3: 52, 4: 33, 5: 21
DFA state entries cumulative : 1: 11100, 2: 4075, 3: 2687, 4: 1766, 5: 1299
transitions cumulative       : 1->2: 4075, 2->3: 2687, 3->4: 1766, 4->5: 1299
accepted directly from s0    : 0
Gym endings cumulative       : terminated=9286, truncated=515

[Episode 11200/12000 | last 100]
success rate                : 12.0% (cumulative 11.7%)
failure rate                : 0.0% (cumulative 0.0%)
completed cycles / episode  : 0.000
synthetic task reward       : 1200.000
shaping reward              : 576.960
learning reward             : 1776.960
episode length              : 451.8
abstract changes / episode  : 52.5
same abstract-state steps   : 88.4%
same-state shaping / episode: 0.000
changed-state shaping / ep. : 576.960
terminal shaping / episode  : 12.810
DFA transitions / episode   : 1.51
DFA transitions in window   : 1->2: 68, 2->3: 52, 3->4: 19, 4->5: 12
epsilon (next episode)       : 0.10643
replay buffer                : 300000 samples [1: 45.5%, 2: 23.3%, 3: 23.9%, 4: 7.3%, 5: 0.0%]
DFA state visits in window   : 1: 20800, 2: 9780, 3: 12393, 4: 2292, 5: 12
DFA state visits cumulative  : 1: 2264872, 2: 742762, 3: 523315, 4: 157908, 5: 1311
DFA state entries in window  : 1: 100, 2: 68, 3: 52, 4: 19, 5: 12
DFA state entries cumulative : 1: 11200, 2: 4143, 3: 2739, 4: 1785, 5: 1311
transitions cumulative       : 1->2: 4143, 2->3: 2739, 3->4: 1785, 4->5: 1311
accepted directly from s0    : 0
Gym endings cumulative       : terminated=9367, truncated=522

[Episode 11300/12000 | last 100]
success rate                : 9.0% (cumulative 11.7%)
failure rate                : 0.0% (cumulative 0.0%)
completed cycles / episode  : 0.000
synthetic task reward       : 900.000
shaping reward              : 306.617
learning reward             : 1206.617
episode length              : 493.7
abstract changes / episode  : 60.2
same abstract-state steps   : 87.8%
same-state shaping / episode: 0.000
changed-state shaping / ep. : 306.617
terminal shaping / episode  : 5.992
DFA transitions / episode   : 1.25
DFA transitions in window   : 1->2: 55, 2->3: 44, 3->4: 17, 4->5: 9
epsilon (next episode)       : 0.10433
replay buffer                : 300000 samples [1: 47.1%, 2: 23.6%, 3: 21.5%, 4: 7.8%, 5: 0.0%]
DFA state visits in window   : 1: 25004, 2: 11684, 3: 10971, 4: 1803, 5: 9
DFA state visits cumulative  : 1: 2289876, 2: 754446, 3: 534286, 4: 159711, 5: 1320
DFA state entries in window  : 1: 100, 2: 55, 3: 44, 4: 17, 5: 9
DFA state entries cumulative : 1: 11300, 2: 4198, 3: 2783, 4: 1802, 5: 1320
transitions cumulative       : 1->2: 4198, 2->3: 2783, 3->4: 1802, 4->5: 1320
accepted directly from s0    : 0
Gym endings cumulative       : terminated=9448, truncated=532

[Episode 11400/12000 | last 100]
success rate                : 21.0% (cumulative 11.8%)
failure rate                : 0.0% (cumulative 0.0%)
completed cycles / episode  : 0.000
synthetic task reward       : 2100.000
shaping reward              : 700.360
learning reward             : 2800.360
episode length              : 426.7
abstract changes / episode  : 53.8
same abstract-state steps   : 87.4%
same-state shaping / episode: 0.000
changed-state shaping / ep. : 700.360
terminal shaping / episode  : 14.188
DFA transitions / episode   : 1.68
DFA transitions in window   : 1->2: 56, 2->3: 51, 3->4: 40, 4->5: 21
epsilon (next episode)       : 0.10226
replay buffer                : 300000 samples [1: 48.1%, 2: 23.7%, 3: 20.0%, 4: 8.2%, 5: 0.0%]
DFA state visits in window   : 1: 19660, 2: 11432, 3: 6792, 4: 4867, 5: 21
DFA state visits cumulative  : 1: 2309536, 2: 765878, 3: 541078, 4: 164578, 5: 1341
DFA state entries in window  : 1: 100, 2: 56, 3: 51, 4: 40, 5: 21
DFA state entries cumulative : 1: 11400, 2: 4254, 3: 2834, 4: 1842, 5: 1341
transitions cumulative       : 1->2: 4254, 2->3: 2834, 3->4: 1842, 4->5: 1341
accepted directly from s0    : 0
Gym endings cumulative       : terminated=9521, truncated=538

[Episode 11500/12000 | last 100]
success rate                : 7.0% (cumulative 11.7%)
failure rate                : 0.0% (cumulative 0.0%)
completed cycles / episode  : 0.000
synthetic task reward       : 700.000
shaping reward              : 198.431
learning reward             : 898.431
episode length              : 413.7
abstract changes / episode  : 50.4
same abstract-state steps   : 87.8%
same-state shaping / episode: 0.000
changed-state shaping / ep. : 198.431
terminal shaping / episode  : 2.902
DFA transitions / episode   : 1.01
DFA transitions in window   : 1->2: 40, 2->3: 35, 3->4: 19, 4->5: 7
epsilon (next episode)       : 0.10024
replay buffer                : 300000 samples [1: 49.6%, 2: 23.2%, 3: 19.9%, 4: 7.3%, 5: 0.0%]
DFA state visits in window   : 1: 24233, 2: 7398, 3: 7712, 4: 2117, 5: 7
DFA state visits cumulative  : 1: 2333769, 2: 773276, 3: 548790, 4: 166695, 5: 1348
DFA state entries in window  : 1: 100, 2: 40, 3: 35, 4: 19, 5: 7
DFA state entries cumulative : 1: 11500, 2: 4294, 3: 2869, 4: 1861, 5: 1348
transitions cumulative       : 1->2: 4294, 2->3: 2869, 3->4: 1861, 4->5: 1348
accepted directly from s0    : 0
Gym endings cumulative       : terminated=9607, truncated=545

Starting autonomous greedy evaluation at episode 11500 (1000 fixed-seed episodes)...
[Greedy evaluation at episode 11500 | 1000 fixed-seed episodes]
success=52.8%, failure=0.0%, task reward=5280.000, length=672.5
DFA transitions: 1->2: 741, 2->3: 716, 3->4: 626, 4->5: 528
Best policy updated from autonomous greedy evaluation at episode 11500.

[Episode 11600/12000 | last 100]
success rate                : 4.0% (cumulative 11.7%)
failure rate                : 0.0% (cumulative 0.0%)
completed cycles / episode  : 0.000
synthetic task reward       : 400.000
shaping reward              : 424.586
learning reward             : 824.586
episode length              : 511.7
abstract changes / episode  : 65.6
same abstract-state steps   : 87.2%
same-state shaping / episode: 0.000
changed-state shaping / ep. : 424.586
terminal shaping / episode  : -5.919
DFA transitions / episode   : 1.49
DFA transitions in window   : 1->2: 74, 2->3: 57, 3->4: 14, 4->5: 4
epsilon (next episode)       : 0.09825
replay buffer                : 300000 samples [1: 50.3%, 2: 23.3%, 3: 19.7%, 4: 6.7%, 5: 0.0%]
DFA state visits in window   : 1: 26627, 2: 13440, 3: 9912, 4: 1287, 5: 4
DFA state visits cumulative  : 1: 2360396, 2: 786716, 3: 558702, 4: 167982, 5: 1352
DFA state entries in window  : 1: 100, 2: 74, 3: 57, 4: 14, 5: 4
DFA state entries cumulative : 1: 11600, 2: 4368, 3: 2926, 4: 1875, 5: 1352
transitions cumulative       : 1->2: 4368, 2->3: 2926, 3->4: 1875, 4->5: 1352
accepted directly from s0    : 0
Gym endings cumulative       : terminated=9693, truncated=555

[Episode 11700/12000 | last 100]
success rate                : 32.0% (cumulative 11.8%)
failure rate                : 0.0% (cumulative 0.0%)
completed cycles / episode  : 0.000
synthetic task reward       : 3200.000
shaping reward              : 1097.517
learning reward             : 4297.517
episode length              : 536.9
abstract changes / episode  : 65.0
same abstract-state steps   : 87.9%
same-state shaping / episode: 0.000
changed-state shaping / ep. : 1097.517
terminal shaping / episode  : 29.249
DFA transitions / episode   : 2.31
DFA transitions in window   : 1->2: 80, 2->3: 72, 3->4: 47, 4->5: 32
epsilon (next episode)       : 0.09631
replay buffer                : 300000 samples [1: 49.0%, 2: 22.8%, 3: 21.5%, 4: 6.7%, 5: 0.0%]
DFA state visits in window   : 1: 21894, 2: 12174, 3: 14009, 4: 5683, 5: 32
DFA state visits cumulative  : 1: 2382290, 2: 798890, 3: 572711, 4: 173665, 5: 1384
DFA state entries in window  : 1: 100, 2: 80, 3: 72, 4: 47, 5: 32
DFA state entries cumulative : 1: 11700, 2: 4448, 3: 2998, 4: 1922, 5: 1384
transitions cumulative       : 1->2: 4448, 2->3: 2998, 3->4: 1922, 4->5: 1384
accepted directly from s0    : 0
Gym endings cumulative       : terminated=9756, truncated=560

[Episode 11800/12000 | last 100]
success rate                : 18.0% (cumulative 11.9%)
failure rate                : 0.0% (cumulative 0.0%)
completed cycles / episode  : 0.000
synthetic task reward       : 1800.000
shaping reward              : 677.602
learning reward             : 2477.602
episode length              : 399.5
abstract changes / episode  : 50.5
same abstract-state steps   : 87.4%
same-state shaping / episode: 0.000
changed-state shaping / ep. : 677.602
terminal shaping / episode  : 13.832
DFA transitions / episode   : 1.48
DFA transitions in window   : 1->2: 58, 2->3: 43, 3->4: 29, 4->5: 18
epsilon (next episode)       : 0.09440
replay buffer                : 300000 samples [1: 48.7%, 2: 23.4%, 3: 21.2%, 4: 6.7%, 5: 0.0%]
DFA state visits in window   : 1: 20841, 2: 9108, 3: 6811, 4: 3270, 5: 18
DFA state visits cumulative  : 1: 2403131, 2: 807998, 3: 579522, 4: 176935, 5: 1402
DFA state entries in window  : 1: 100, 2: 58, 3: 43, 4: 29, 5: 18
DFA state entries cumulative : 1: 11800, 2: 4506, 3: 3041, 4: 1951, 5: 1402
transitions cumulative       : 1->2: 4506, 2->3: 3041, 3->4: 1951, 4->5: 1402
accepted directly from s0    : 0
Gym endings cumulative       : terminated=9837, truncated=561

[Episode 11900/12000 | last 100]
success rate                : 5.0% (cumulative 11.8%)
failure rate                : 0.0% (cumulative 0.0%)
completed cycles / episode  : 0.000
synthetic task reward       : 500.000
shaping reward              : 318.474
learning reward             : 818.474
episode length              : 391.9
abstract changes / episode  : 43.3
same abstract-state steps   : 89.0%
same-state shaping / episode: 0.000
changed-state shaping / ep. : 318.474
terminal shaping / episode  : -0.566
DFA transitions / episode   : 0.87
DFA transitions in window   : 1->2: 44, 2->3: 27, 3->4: 11, 4->5: 5
epsilon (next episode)       : 0.09253
replay buffer                : 300000 samples [1: 50.5%, 2: 23.7%, 3: 19.3%, 4: 6.5%, 5: 0.0%]
DFA state visits in window   : 1: 21569, 2: 9819, 3: 6764, 4: 1129, 5: 5
DFA state visits cumulative  : 1: 2424700, 2: 817817, 3: 586286, 4: 178064, 5: 1407
DFA state entries in window  : 1: 100, 2: 44, 3: 27, 4: 11, 5: 5
DFA state entries cumulative : 1: 11900, 2: 4550, 3: 3068, 4: 1962, 5: 1407
transitions cumulative       : 1->2: 4550, 2->3: 3068, 3->4: 1962, 4->5: 1407
accepted directly from s0    : 0
Gym endings cumulative       : terminated=9922, truncated=571

[Episode 12000/12000 | last 100]
success rate                : 6.0% (cumulative 11.8%)
failure rate                : 0.0% (cumulative 0.0%)
completed cycles / episode  : 0.000
synthetic task reward       : 600.000
shaping reward              : 253.169
learning reward             : 853.169
episode length              : 368.4
abstract changes / episode  : 43.2
same abstract-state steps   : 88.3%
same-state shaping / episode: 0.000
changed-state shaping / ep. : 253.169
terminal shaping / episode  : 2.027
DFA transitions / episode   : 0.91
DFA transitions in window   : 1->2: 51, 2->3: 23, 3->4: 11, 4->5: 6
epsilon (next episode)       : 0.09070
replay buffer                : 300000 samples [1: 51.8%, 2: 22.8%, 3: 19.0%, 4: 6.4%, 5: 0.0%]
DFA state visits in window   : 1: 23593, 2: 6487, 3: 5605, 4: 1247, 5: 6
DFA state visits cumulative  : 1: 2448293, 2: 824304, 3: 591891, 4: 179311, 5: 1413
DFA state entries in window  : 1: 100, 2: 51, 3: 23, 4: 11, 5: 6
DFA state entries cumulative : 1: 12000, 2: 4601, 3: 3091, 4: 1973, 5: 1413
transitions cumulative       : 1->2: 4601, 2->3: 3091, 3->4: 1973, 4->5: 1413
accepted directly from s0    : 0
Gym endings cumulative       : terminated=10009, truncated=578

Starting autonomous greedy evaluation at episode 12000 (1000 fixed-seed episodes)...
[Greedy evaluation at episode 12000 | 1000 fixed-seed episodes]
success=0.2%, failure=0.0%, task reward=20.000, length=333.8
DFA transitions: 1->2: 978, 2->3: 3, 3->4: 2, 4->5: 2
Last policy saved after episode 12000. Best greedy evaluation: episode 11500, mean task reward=5280.000
