
=== NEW RUN ===
episodes=12000, shaping=True, goal_reward=10000.0, gamma=0.99
gamma_shaping=1.0, shaping_formula=gamma_shaping*Phi(next)-Phi(state)
ground_unbiased_learner=False
eval_interval=500, eval_episodes=1000, eval_seed=100000
inter_level_shaping=False, inter_level_formula=gamma*Phi(next)-Phi(state)
task_type=ltlf, task=F(wp1 & X(F(wp2 & X(F(wp3 & X(F(g1)))))))
regions={wp1: {'center': [-0.75, 1.0625], 'radius': 0.1}, wp2: {'center': [0, 0.6875], 'radius': 0.1}, wp3: {'center': [0, 1.0625], 'radius': 0.1}, g1: {'center': [0.75, 1.0625], 'radius': 0.1}}
dfa_states=[1, 2, 3, 4, 5], pre_trace=1, accepting=[5], failure=[]

[Episode 1/12000 | last 1]
success rate                : 0.0% (cumulative 0.0%)
failure rate                : 0.0% (cumulative 0.0%)
completed cycles / episode  : 0.000
synthetic task reward       : 0.000
shaping reward              : -600.908
learning reward             : -600.908
episode length              : 123.0
abstract changes / episode  : 30.0
same abstract-state steps   : 75.6%
same-state shaping / episode: 0.000
changed-state shaping / ep. : -600.908
terminal shaping / episode  : 0.000
DFA transitions / episode   : 0.00
DFA transitions in window   : none
epsilon (next episode)       : 0.99980
replay buffer                : 123 samples [1: 100.0%, 2: 0.0%, 3: 0.0%, 4: 0.0%, 5: 0.0%]
DFA state visits in window   : 1: 124, 2: 0, 3: 0, 4: 0, 5: 0
DFA state visits cumulative  : 1: 124, 2: 0, 3: 0, 4: 0, 5: 0
DFA state entries in window  : 1: 1, 2: 0, 3: 0, 4: 0, 5: 0
DFA state entries cumulative : 1: 1, 2: 0, 3: 0, 4: 0, 5: 0
transitions cumulative       : none
accepted directly from s0    : 0
Gym endings cumulative       : terminated=1, truncated=0

[Episode 100/12000 | last 100]
success rate                : 0.0% (cumulative 0.0%)
failure rate                : 0.0% (cumulative 0.0%)
completed cycles / episode  : 0.000
synthetic task reward       : 0.000
shaping reward              : -617.980
learning reward             : -617.980
episode length              : 93.0
abstract changes / episode  : 25.7
same abstract-state steps   : 72.4%
same-state shaping / episode: 0.000
changed-state shaping / ep. : -617.980
terminal shaping / episode  : -4.365
DFA transitions / episode   : 0.02
DFA transitions in window   : 1->2: 2
epsilon (next episode)       : 0.98020
replay buffer                : 9303 samples [1: 99.5%, 2: 0.5%, 3: 0.0%, 4: 0.0%, 5: 0.0%]
DFA state visits in window   : 1: 9354, 2: 49, 3: 0, 4: 0, 5: 0
DFA state visits cumulative  : 1: 9354, 2: 49, 3: 0, 4: 0, 5: 0
DFA state entries in window  : 1: 100, 2: 2, 3: 0, 4: 0, 5: 0
DFA state entries cumulative : 1: 100, 2: 2, 3: 0, 4: 0, 5: 0
transitions cumulative       : 1->2: 2
accepted directly from s0    : 0
Gym endings cumulative       : terminated=100, truncated=0

[Episode 200/12000 | last 100]
success rate                : 0.0% (cumulative 0.0%)
failure rate                : 0.0% (cumulative 0.0%)
completed cycles / episode  : 0.000
synthetic task reward       : 0.000
shaping reward              : -593.905
learning reward             : -593.905
episode length              : 93.9
abstract changes / episode  : 26.1
same abstract-state steps   : 72.2%
same-state shaping / episode: 0.000
changed-state shaping / ep. : -593.905
terminal shaping / episode  : -6.532
DFA transitions / episode   : 0.03
DFA transitions in window   : 1->2: 3
epsilon (next episode)       : 0.96079
replay buffer                : 18696 samples [1: 99.4%, 2: 0.6%, 3: 0.0%, 4: 0.0%, 5: 0.0%]
DFA state visits in window   : 1: 9424, 2: 69, 3: 0, 4: 0, 5: 0
DFA state visits cumulative  : 1: 18778, 2: 118, 3: 0, 4: 0, 5: 0
DFA state entries in window  : 1: 100, 2: 3, 3: 0, 4: 0, 5: 0
DFA state entries cumulative : 1: 200, 2: 5, 3: 0, 4: 0, 5: 0
transitions cumulative       : 1->2: 5
accepted directly from s0    : 0
Gym endings cumulative       : terminated=200, truncated=0

[Episode 300/12000 | last 100]
success rate                : 0.0% (cumulative 0.0%)
failure rate                : 0.0% (cumulative 0.0%)
completed cycles / episode  : 0.000
synthetic task reward       : 0.000
shaping reward              : -597.549
learning reward             : -597.549
episode length              : 95.0
abstract changes / episode  : 26.0
same abstract-state steps   : 72.7%
same-state shaping / episode: 0.000
changed-state shaping / ep. : -597.549
terminal shaping / episode  : -4.492
DFA transitions / episode   : 0.03
DFA transitions in window   : 1->2: 3
epsilon (next episode)       : 0.94176
replay buffer                : 28197 samples [1: 99.3%, 2: 0.7%, 3: 0.0%, 4: 0.0%, 5: 0.0%]
DFA state visits in window   : 1: 9525, 2: 76, 3: 0, 4: 0, 5: 0
DFA state visits cumulative  : 1: 28303, 2: 194, 3: 0, 4: 0, 5: 0
DFA state entries in window  : 1: 100, 2: 3, 3: 0, 4: 0, 5: 0
DFA state entries cumulative : 1: 300, 2: 8, 3: 0, 4: 0, 5: 0
transitions cumulative       : 1->2: 8
accepted directly from s0    : 0
Gym endings cumulative       : terminated=300, truncated=0

[Episode 400/12000 | last 100]
success rate                : 0.0% (cumulative 0.0%)
failure rate                : 0.0% (cumulative 0.0%)
completed cycles / episode  : 0.000
synthetic task reward       : 0.000
shaping reward              : -590.224
learning reward             : -590.224
episode length              : 93.2
abstract changes / episode  : 25.7
same abstract-state steps   : 72.5%
same-state shaping / episode: 0.000
changed-state shaping / ep. : -590.224
terminal shaping / episode  : -4.350
DFA transitions / episode   : 0.03
DFA transitions in window   : 1->2: 3
epsilon (next episode)       : 0.92311
replay buffer                : 37520 samples [1: 99.4%, 2: 0.6%, 3: 0.0%, 4: 0.0%, 5: 0.0%]
DFA state visits in window   : 1: 9365, 2: 58, 3: 0, 4: 0, 5: 0
DFA state visits cumulative  : 1: 37668, 2: 252, 3: 0, 4: 0, 5: 0
DFA state entries in window  : 1: 100, 2: 3, 3: 0, 4: 0, 5: 0
DFA state entries cumulative : 1: 400, 2: 11, 3: 0, 4: 0, 5: 0
transitions cumulative       : 1->2: 11
accepted directly from s0    : 0
Gym endings cumulative       : terminated=400, truncated=0

[Episode 500/12000 | last 100]
success rate                : 0.0% (cumulative 0.0%)
failure rate                : 0.0% (cumulative 0.0%)
completed cycles / episode  : 0.000
synthetic task reward       : 0.000
shaping reward              : -600.599
learning reward             : -600.599
episode length              : 96.3
abstract changes / episode  : 25.8
same abstract-state steps   : 73.2%
same-state shaping / episode: 0.000
changed-state shaping / ep. : -600.599
terminal shaping / episode  : -3.685
DFA transitions / episode   : 0.03
DFA transitions in window   : 1->2: 3
epsilon (next episode)       : 0.90483
replay buffer                : 47153 samples [1: 99.4%, 2: 0.6%, 3: 0.0%, 4: 0.0%, 5: 0.0%]
DFA state visits in window   : 1: 9665, 2: 68, 3: 0, 4: 0, 5: 0
DFA state visits cumulative  : 1: 47333, 2: 320, 3: 0, 4: 0, 5: 0
DFA state entries in window  : 1: 100, 2: 3, 3: 0, 4: 0, 5: 0
DFA state entries cumulative : 1: 500, 2: 14, 3: 0, 4: 0, 5: 0
transitions cumulative       : 1->2: 14
accepted directly from s0    : 0
Gym endings cumulative       : terminated=500, truncated=0

Starting autonomous greedy evaluation at episode 500 (1000 fixed-seed episodes)...
[Greedy evaluation at episode 500 | 1000 fixed-seed episodes]
success=0.0%, failure=0.0%, task reward=0.000, length=118.5
DFA transitions: 1->2: 4
Best policy updated from autonomous greedy evaluation at episode 500.

[Episode 600/12000 | last 100]
success rate                : 0.0% (cumulative 0.0%)
failure rate                : 0.0% (cumulative 0.0%)
completed cycles / episode  : 0.000
synthetic task reward       : 0.000
shaping reward              : -545.128
learning reward             : -545.128
episode length              : 99.6
abstract changes / episode  : 25.9
same abstract-state steps   : 74.0%
same-state shaping / episode: 0.000
changed-state shaping / ep. : -545.128
terminal shaping / episode  : -4.418
DFA transitions / episode   : 0.04
DFA transitions in window   : 1->2: 4
epsilon (next episode)       : 0.88691
replay buffer                : 57111 samples [1: 99.3%, 2: 0.7%, 3: 0.0%, 4: 0.0%, 5: 0.0%]
DFA state visits in window   : 1: 9957, 2: 101, 3: 0, 4: 0, 5: 0
DFA state visits cumulative  : 1: 57290, 2: 421, 3: 0, 4: 0, 5: 0
DFA state entries in window  : 1: 100, 2: 4, 3: 0, 4: 0, 5: 0
DFA state entries cumulative : 1: 600, 2: 18, 3: 0, 4: 0, 5: 0
transitions cumulative       : 1->2: 18
accepted directly from s0    : 0
Gym endings cumulative       : terminated=600, truncated=0

[Episode 700/12000 | last 100]
success rate                : 0.0% (cumulative 0.0%)
failure rate                : 0.0% (cumulative 0.0%)
completed cycles / episode  : 0.000
synthetic task reward       : 0.000
shaping reward              : -578.814
learning reward             : -578.814
episode length              : 103.3
abstract changes / episode  : 26.1
same abstract-state steps   : 74.7%
same-state shaping / episode: 0.000
changed-state shaping / ep. : -578.814
terminal shaping / episode  : -2.997
DFA transitions / episode   : 0.05
DFA transitions in window   : 1->2: 5
epsilon (next episode)       : 0.86935
replay buffer                : 67440 samples [1: 99.2%, 2: 0.8%, 3: 0.0%, 4: 0.0%, 5: 0.0%]
DFA state visits in window   : 1: 10309, 2: 120, 3: 0, 4: 0, 5: 0
DFA state visits cumulative  : 1: 67599, 2: 541, 3: 0, 4: 0, 5: 0
DFA state entries in window  : 1: 100, 2: 5, 3: 0, 4: 0, 5: 0
DFA state entries cumulative : 1: 700, 2: 23, 3: 0, 4: 0, 5: 0
transitions cumulative       : 1->2: 23
accepted directly from s0    : 0
Gym endings cumulative       : terminated=700, truncated=0

[Episode 800/12000 | last 100]
success rate                : 0.0% (cumulative 0.0%)
failure rate                : 0.0% (cumulative 0.0%)
completed cycles / episode  : 0.000
synthetic task reward       : 0.000
shaping reward              : -591.008
learning reward             : -591.008
episode length              : 100.4
abstract changes / episode  : 26.2
same abstract-state steps   : 73.9%
same-state shaping / episode: 0.000
changed-state shaping / ep. : -591.008
terminal shaping / episode  : -5.119
DFA transitions / episode   : 0.01
DFA transitions in window   : 1->2: 1
epsilon (next episode)       : 0.85213
replay buffer                : 77480 samples [1: 99.3%, 2: 0.7%, 3: 0.0%, 4: 0.0%, 5: 0.0%]
DFA state visits in window   : 1: 10119, 2: 21, 3: 0, 4: 0, 5: 0
DFA state visits cumulative  : 1: 77718, 2: 562, 3: 0, 4: 0, 5: 0
DFA state entries in window  : 1: 100, 2: 1, 3: 0, 4: 0, 5: 0
DFA state entries cumulative : 1: 800, 2: 24, 3: 0, 4: 0, 5: 0
transitions cumulative       : 1->2: 24
accepted directly from s0    : 0
Gym endings cumulative       : terminated=800, truncated=0

[Episode 900/12000 | last 100]
success rate                : 0.0% (cumulative 0.0%)
failure rate                : 0.0% (cumulative 0.0%)
completed cycles / episode  : 0.000
synthetic task reward       : 0.000
shaping reward              : -577.687
learning reward             : -577.687
episode length              : 115.0
abstract changes / episode  : 26.0
same abstract-state steps   : 77.4%
same-state shaping / episode: 0.000
changed-state shaping / ep. : -577.687
terminal shaping / episode  : -4.409
DFA transitions / episode   : 0.02
DFA transitions in window   : 1->2: 2
epsilon (next episode)       : 0.83526
replay buffer                : 88979 samples [1: 99.3%, 2: 0.7%, 3: 0.0%, 4: 0.0%, 5: 0.0%]
DFA state visits in window   : 1: 11550, 2: 49, 3: 0, 4: 0, 5: 0
DFA state visits cumulative  : 1: 89268, 2: 611, 3: 0, 4: 0, 5: 0
DFA state entries in window  : 1: 100, 2: 2, 3: 0, 4: 0, 5: 0
DFA state entries cumulative : 1: 900, 2: 26, 3: 0, 4: 0, 5: 0
transitions cumulative       : 1->2: 26
accepted directly from s0    : 0
Gym endings cumulative       : terminated=899, truncated=1

[Episode 1000/12000 | last 100]
success rate                : 0.0% (cumulative 0.0%)
failure rate                : 0.0% (cumulative 0.0%)
completed cycles / episode  : 0.000
synthetic task reward       : 0.000
shaping reward              : -556.447
learning reward             : -556.447
episode length              : 104.5
abstract changes / episode  : 25.9
same abstract-state steps   : 75.2%
same-state shaping / episode: 0.000
changed-state shaping / ep. : -556.447
terminal shaping / episode  : -6.614
DFA transitions / episode   : 0.02
DFA transitions in window   : 1->2: 2
epsilon (next episode)       : 0.81871
replay buffer                : 99424 samples [1: 99.4%, 2: 0.6%, 3: 0.0%, 4: 0.0%, 5: 0.0%]
DFA state visits in window   : 1: 10506, 2: 39, 3: 0, 4: 0, 5: 0
DFA state visits cumulative  : 1: 99774, 2: 650, 3: 0, 4: 0, 5: 0
DFA state entries in window  : 1: 100, 2: 2, 3: 0, 4: 0, 5: 0
DFA state entries cumulative : 1: 1000, 2: 28, 3: 0, 4: 0, 5: 0
transitions cumulative       : 1->2: 28
accepted directly from s0    : 0
Gym endings cumulative       : terminated=999, truncated=1

Starting autonomous greedy evaluation at episode 1000 (1000 fixed-seed episodes)...
[Greedy evaluation at episode 1000 | 1000 fixed-seed episodes]
success=0.0%, failure=0.0%, task reward=0.000, length=143.2
DFA transitions: none

[Episode 1100/12000 | last 100]
success rate                : 0.0% (cumulative 0.0%)
failure rate                : 0.0% (cumulative 0.0%)
completed cycles / episode  : 0.000
synthetic task reward       : 0.000
shaping reward              : -561.870
learning reward             : -561.870
episode length              : 111.0
abstract changes / episode  : 26.4
same abstract-state steps   : 76.2%
same-state shaping / episode: 0.000
changed-state shaping / ep. : -561.870
terminal shaping / episode  : -8.760
DFA transitions / episode   : 0.06
DFA transitions in window   : 1->2: 6
epsilon (next episode)       : 0.80250
replay buffer                : 110524 samples [1: 99.3%, 2: 0.7%, 3: 0.0%, 4: 0.0%, 5: 0.0%]
DFA state visits in window   : 1: 10996, 2: 204, 3: 0, 4: 0, 5: 0
DFA state visits cumulative  : 1: 110770, 2: 854, 3: 0, 4: 0, 5: 0
DFA state entries in window  : 1: 100, 2: 6, 3: 0, 4: 0, 5: 0
DFA state entries cumulative : 1: 1100, 2: 34, 3: 0, 4: 0, 5: 0
transitions cumulative       : 1->2: 34
accepted directly from s0    : 0
Gym endings cumulative       : terminated=1099, truncated=1

[Episode 1200/12000 | last 100]
success rate                : 0.0% (cumulative 0.0%)
failure rate                : 0.0% (cumulative 0.0%)
completed cycles / episode  : 0.000
synthetic task reward       : 0.000
shaping reward              : -525.062
learning reward             : -525.062
episode length              : 109.0
abstract changes / episode  : 25.8
same abstract-state steps   : 76.4%
same-state shaping / episode: 0.000
changed-state shaping / ep. : -525.062
terminal shaping / episode  : 0.832
DFA transitions / episode   : 0.08
DFA transitions in window   : 1->2: 8
epsilon (next episode)       : 0.78661
replay buffer                : 121427 samples [1: 99.2%, 2: 0.8%, 3: 0.0%, 4: 0.0%, 5: 0.0%]
DFA state visits in window   : 1: 10812, 2: 191, 3: 0, 4: 0, 5: 0
DFA state visits cumulative  : 1: 121582, 2: 1045, 3: 0, 4: 0, 5: 0
DFA state entries in window  : 1: 100, 2: 8, 3: 0, 4: 0, 5: 0
DFA state entries cumulative : 1: 1200, 2: 42, 3: 0, 4: 0, 5: 0
transitions cumulative       : 1->2: 42
accepted directly from s0    : 0
Gym endings cumulative       : terminated=1199, truncated=1

[Episode 1300/12000 | last 100]
success rate                : 0.0% (cumulative 0.0%)
failure rate                : 0.0% (cumulative 0.0%)
completed cycles / episode  : 0.000
synthetic task reward       : 0.000
shaping reward              : -501.280
learning reward             : -501.280
episode length              : 114.0
abstract changes / episode  : 26.1
same abstract-state steps   : 77.1%
same-state shaping / episode: 0.000
changed-state shaping / ep. : -501.280
terminal shaping / episode  : -4.461
DFA transitions / episode   : 0.07
DFA transitions in window   : 1->2: 7
epsilon (next episode)       : 0.77103
replay buffer                : 132829 samples [1: 99.1%, 2: 0.9%, 3: 0.0%, 4: 0.0%, 5: 0.0%]
DFA state visits in window   : 1: 11290, 2: 212, 3: 0, 4: 0, 5: 0
DFA state visits cumulative  : 1: 132872, 2: 1257, 3: 0, 4: 0, 5: 0
DFA state entries in window  : 1: 100, 2: 7, 3: 0, 4: 0, 5: 0
DFA state entries cumulative : 1: 1300, 2: 49, 3: 0, 4: 0, 5: 0
transitions cumulative       : 1->2: 49
accepted directly from s0    : 0
Gym endings cumulative       : terminated=1299, truncated=1

[Episode 1400/12000 | last 100]
success rate                : 0.0% (cumulative 0.0%)
failure rate                : 0.0% (cumulative 0.0%)
completed cycles / episode  : 0.000
synthetic task reward       : 0.000
shaping reward              : -522.301
learning reward             : -522.301
episode length              : 118.2
abstract changes / episode  : 25.5
same abstract-state steps   : 78.4%
same-state shaping / episode: 0.000
changed-state shaping / ep. : -522.301
terminal shaping / episode  : -1.472
DFA transitions / episode   : 0.05
DFA transitions in window   : 1->2: 5
epsilon (next episode)       : 0.75576
replay buffer                : 144653 samples [1: 99.1%, 2: 0.9%, 3: 0.0%, 4: 0.0%, 5: 0.0%]
DFA state visits in window   : 1: 11764, 2: 160, 3: 0, 4: 0, 5: 0
DFA state visits cumulative  : 1: 144636, 2: 1417, 3: 0, 4: 0, 5: 0
DFA state entries in window  : 1: 100, 2: 5, 3: 0, 4: 0, 5: 0
DFA state entries cumulative : 1: 1400, 2: 54, 3: 0, 4: 0, 5: 0
transitions cumulative       : 1->2: 54
accepted directly from s0    : 0
Gym endings cumulative       : terminated=1399, truncated=1

[Episode 1500/12000 | last 100]
success rate                : 0.0% (cumulative 0.0%)
failure rate                : 0.0% (cumulative 0.0%)
completed cycles / episode  : 0.000
synthetic task reward       : 0.000
shaping reward              : -536.810
learning reward             : -536.810
episode length              : 117.3
abstract changes / episode  : 25.2
same abstract-state steps   : 78.6%
same-state shaping / episode: 0.000
changed-state shaping / ep. : -536.810
terminal shaping / episode  : -3.647
DFA transitions / episode   : 0.04
DFA transitions in window   : 1->2: 4
epsilon (next episode)       : 0.74080
replay buffer                : 156385 samples [1: 99.1%, 2: 0.9%, 3: 0.0%, 4: 0.0%, 5: 0.0%]
DFA state visits in window   : 1: 11730, 2: 102, 3: 0, 4: 0, 5: 0
DFA state visits cumulative  : 1: 156366, 2: 1519, 3: 0, 4: 0, 5: 0
DFA state entries in window  : 1: 100, 2: 4, 3: 0, 4: 0, 5: 0
DFA state entries cumulative : 1: 1500, 2: 58, 3: 0, 4: 0, 5: 0
transitions cumulative       : 1->2: 58
accepted directly from s0    : 0
Gym endings cumulative       : terminated=1499, truncated=1

Starting autonomous greedy evaluation at episode 1500 (1000 fixed-seed episodes)...
[Greedy evaluation at episode 1500 | 1000 fixed-seed episodes]
success=0.0%, failure=0.0%, task reward=0.000, length=149.2
DFA transitions: none

[Episode 1600/12000 | last 100]
success rate                : 0.0% (cumulative 0.0%)
failure rate                : 0.0% (cumulative 0.0%)
completed cycles / episode  : 0.000
synthetic task reward       : 0.000
shaping reward              : -593.738
learning reward             : -593.738
episode length              : 125.2
abstract changes / episode  : 26.3
same abstract-state steps   : 79.0%
same-state shaping / episode: 0.000
changed-state shaping / ep. : -593.738
terminal shaping / episode  : -2.900
DFA transitions / episode   : 0.04
DFA transitions in window   : 1->2: 4
epsilon (next episode)       : 0.72613
replay buffer                : 168909 samples [1: 99.0%, 2: 1.0%, 3: 0.0%, 4: 0.0%, 5: 0.0%]
DFA state visits in window   : 1: 12474, 2: 150, 3: 0, 4: 0, 5: 0
DFA state visits cumulative  : 1: 168840, 2: 1669, 3: 0, 4: 0, 5: 0
DFA state entries in window  : 1: 100, 2: 4, 3: 0, 4: 0, 5: 0
DFA state entries cumulative : 1: 1600, 2: 62, 3: 0, 4: 0, 5: 0
transitions cumulative       : 1->2: 62
accepted directly from s0    : 0
Gym endings cumulative       : terminated=1599, truncated=1

[Episode 1700/12000 | last 100]
success rate                : 0.0% (cumulative 0.0%)
failure rate                : 0.0% (cumulative 0.0%)
completed cycles / episode  : 0.000
synthetic task reward       : 0.000
shaping reward              : -600.348
learning reward             : -600.348
episode length              : 133.0
abstract changes / episode  : 26.9
same abstract-state steps   : 79.8%
same-state shaping / episode: 0.000
changed-state shaping / ep. : -600.348
terminal shaping / episode  : -2.274
DFA transitions / episode   : 0.04
DFA transitions in window   : 1->2: 4
epsilon (next episode)       : 0.71175
replay buffer                : 182212 samples [1: 99.0%, 2: 1.0%, 3: 0.0%, 4: 0.0%, 5: 0.0%]
DFA state visits in window   : 1: 13194, 2: 209, 3: 0, 4: 0, 5: 0
DFA state visits cumulative  : 1: 182034, 2: 1878, 3: 0, 4: 0, 5: 0
DFA state entries in window  : 1: 100, 2: 4, 3: 0, 4: 0, 5: 0
DFA state entries cumulative : 1: 1700, 2: 66, 3: 0, 4: 0, 5: 0
transitions cumulative       : 1->2: 66
accepted directly from s0    : 0
Gym endings cumulative       : terminated=1699, truncated=1

[Episode 1800/12000 | last 100]
success rate                : 0.0% (cumulative 0.0%)
failure rate                : 0.0% (cumulative 0.0%)
completed cycles / episode  : 0.000
synthetic task reward       : 0.000
shaping reward              : -627.073
learning reward             : -627.073
episode length              : 128.6
abstract changes / episode  : 27.0
same abstract-state steps   : 79.0%
same-state shaping / episode: 0.000
changed-state shaping / ep. : -627.073
terminal shaping / episode  : -3.647
DFA transitions / episode   : 0.00
DFA transitions in window   : none
epsilon (next episode)       : 0.69765
replay buffer                : 195073 samples [1: 99.1%, 2: 0.9%, 3: 0.0%, 4: 0.0%, 5: 0.0%]
DFA state visits in window   : 1: 12961, 2: 0, 3: 0, 4: 0, 5: 0
DFA state visits cumulative  : 1: 194995, 2: 1878, 3: 0, 4: 0, 5: 0
DFA state entries in window  : 1: 100, 2: 0, 3: 0, 4: 0, 5: 0
DFA state entries cumulative : 1: 1800, 2: 66, 3: 0, 4: 0, 5: 0
transitions cumulative       : 1->2: 66
accepted directly from s0    : 0
Gym endings cumulative       : terminated=1799, truncated=1

[Episode 1900/12000 | last 100]
success rate                : 0.0% (cumulative 0.0%)
failure rate                : 0.0% (cumulative 0.0%)
completed cycles / episode  : 0.000
synthetic task reward       : 0.000
shaping reward              : -640.537
learning reward             : -640.537
episode length              : 139.7
abstract changes / episode  : 26.7
same abstract-state steps   : 80.9%
same-state shaping / episode: 0.000
changed-state shaping / ep. : -640.537
terminal shaping / episode  : -1.479
DFA transitions / episode   : 0.01
DFA transitions in window   : 1->2: 1
epsilon (next episode)       : 0.68384
replay buffer                : 209040 samples [1: 99.1%, 2: 0.9%, 3: 0.0%, 4: 0.0%, 5: 0.0%]
DFA state visits in window   : 1: 14036, 2: 31, 3: 0, 4: 0, 5: 0
DFA state visits cumulative  : 1: 209031, 2: 1909, 3: 0, 4: 0, 5: 0
DFA state entries in window  : 1: 100, 2: 1, 3: 0, 4: 0, 5: 0
DFA state entries cumulative : 1: 1900, 2: 67, 3: 0, 4: 0, 5: 0
transitions cumulative       : 1->2: 67
accepted directly from s0    : 0
Gym endings cumulative       : terminated=1898, truncated=2

[Episode 2000/12000 | last 100]
success rate                : 0.0% (cumulative 0.0%)
failure rate                : 0.0% (cumulative 0.0%)
completed cycles / episode  : 0.000
synthetic task reward       : 0.000
shaping reward              : -638.563
learning reward             : -638.563
episode length              : 129.4
abstract changes / episode  : 25.8
same abstract-state steps   : 80.1%
same-state shaping / episode: 0.000
changed-state shaping / ep. : -638.563
terminal shaping / episode  : -2.885
DFA transitions / episode   : 0.01
DFA transitions in window   : 1->2: 1
epsilon (next episode)       : 0.67029
replay buffer                : 221985 samples [1: 99.2%, 2: 0.8%, 3: 0.0%, 4: 0.0%, 5: 0.0%]
DFA state visits in window   : 1: 13014, 2: 31, 3: 0, 4: 0, 5: 0
DFA state visits cumulative  : 1: 222045, 2: 1940, 3: 0, 4: 0, 5: 0
DFA state entries in window  : 1: 100, 2: 1, 3: 0, 4: 0, 5: 0
DFA state entries cumulative : 1: 2000, 2: 68, 3: 0, 4: 0, 5: 0
transitions cumulative       : 1->2: 68
accepted directly from s0    : 0
Gym endings cumulative       : terminated=1997, truncated=3

Starting autonomous greedy evaluation at episode 2000 (1000 fixed-seed episodes)...
[Greedy evaluation at episode 2000 | 1000 fixed-seed episodes]
success=0.0%, failure=0.0%, task reward=0.000, length=220.1
DFA transitions: none

[Episode 2100/12000 | last 100]
success rate                : 0.0% (cumulative 0.0%)
failure rate                : 0.0% (cumulative 0.0%)
completed cycles / episode  : 0.000
synthetic task reward       : 0.000
shaping reward              : -628.745
learning reward             : -628.745
episode length              : 108.0
abstract changes / episode  : 25.5
same abstract-state steps   : 76.4%
same-state shaping / episode: 0.000
changed-state shaping / ep. : -628.745
terminal shaping / episode  : -3.647
DFA transitions / episode   : 0.00
DFA transitions in window   : none
epsilon (next episode)       : 0.65702
replay buffer                : 232789 samples [1: 99.2%, 2: 0.8%, 3: 0.0%, 4: 0.0%, 5: 0.0%]
DFA state visits in window   : 1: 10904, 2: 0, 3: 0, 4: 0, 5: 0
DFA state visits cumulative  : 1: 232949, 2: 1940, 3: 0, 4: 0, 5: 0
DFA state entries in window  : 1: 100, 2: 0, 3: 0, 4: 0, 5: 0
DFA state entries cumulative : 1: 2100, 2: 68, 3: 0, 4: 0, 5: 0
transitions cumulative       : 1->2: 68
accepted directly from s0    : 0
Gym endings cumulative       : terminated=2096, truncated=4

[Episode 2200/12000 | last 100]
success rate                : 0.0% (cumulative 0.0%)
failure rate                : 0.0% (cumulative 0.0%)
completed cycles / episode  : 0.000
synthetic task reward       : 0.000
shaping reward              : -637.278
learning reward             : -637.278
episode length              : 117.0
abstract changes / episode  : 26.2
same abstract-state steps   : 77.7%
same-state shaping / episode: 0.000
changed-state shaping / ep. : -637.278
terminal shaping / episode  : -3.625
DFA transitions / episode   : 0.00
DFA transitions in window   : none
epsilon (next episode)       : 0.64401
replay buffer                : 244494 samples [1: 99.2%, 2: 0.8%, 3: 0.0%, 4: 0.0%, 5: 0.0%]
DFA state visits in window   : 1: 11805, 2: 0, 3: 0, 4: 0, 5: 0
DFA state visits cumulative  : 1: 244754, 2: 1940, 3: 0, 4: 0, 5: 0
DFA state entries in window  : 1: 100, 2: 0, 3: 0, 4: 0, 5: 0
DFA state entries cumulative : 1: 2200, 2: 68, 3: 0, 4: 0, 5: 0
transitions cumulative       : 1->2: 68
accepted directly from s0    : 0
Gym endings cumulative       : terminated=2195, truncated=5

[Episode 2300/12000 | last 100]
success rate                : 0.0% (cumulative 0.0%)
failure rate                : 0.0% (cumulative 0.0%)
completed cycles / episode  : 0.000
synthetic task reward       : 0.000
shaping reward              : -631.456
learning reward             : -631.456
episode length              : 103.7
abstract changes / episode  : 25.0
same abstract-state steps   : 75.8%
same-state shaping / episode: 0.000
changed-state shaping / ep. : -631.456
terminal shaping / episode  : -2.182
DFA transitions / episode   : 0.00
DFA transitions in window   : none
epsilon (next episode)       : 0.63125
replay buffer                : 254859 samples [1: 99.3%, 2: 0.7%, 3: 0.0%, 4: 0.0%, 5: 0.0%]
DFA state visits in window   : 1: 10465, 2: 0, 3: 0, 4: 0, 5: 0
DFA state visits cumulative  : 1: 255219, 2: 1940, 3: 0, 4: 0, 5: 0
DFA state entries in window  : 1: 100, 2: 0, 3: 0, 4: 0, 5: 0
DFA state entries cumulative : 1: 2300, 2: 68, 3: 0, 4: 0, 5: 0
transitions cumulative       : 1->2: 68
accepted directly from s0    : 0
Gym endings cumulative       : terminated=2295, truncated=5

[Episode 2400/12000 | last 100]
success rate                : 0.0% (cumulative 0.0%)
failure rate                : 0.0% (cumulative 0.0%)
completed cycles / episode  : 0.000
synthetic task reward       : 0.000
shaping reward              : -630.449
learning reward             : -630.449
episode length              : 99.6
abstract changes / episode  : 25.1
same abstract-state steps   : 74.8%
same-state shaping / episode: 0.000
changed-state shaping / ep. : -630.449
terminal shaping / episode  : -2.182
DFA transitions / episode   : 0.00
DFA transitions in window   : none
epsilon (next episode)       : 0.61875
replay buffer                : 264818 samples [1: 99.3%, 2: 0.7%, 3: 0.0%, 4: 0.0%, 5: 0.0%]
DFA state visits in window   : 1: 10059, 2: 0, 3: 0, 4: 0, 5: 0
DFA state visits cumulative  : 1: 265278, 2: 1940, 3: 0, 4: 0, 5: 0
DFA state entries in window  : 1: 100, 2: 0, 3: 0, 4: 0, 5: 0
DFA state entries cumulative : 1: 2400, 2: 68, 3: 0, 4: 0, 5: 0
transitions cumulative       : 1->2: 68
accepted directly from s0    : 0
Gym endings cumulative       : terminated=2395, truncated=5

[Episode 2500/12000 | last 100]
success rate                : 0.0% (cumulative 0.0%)
failure rate                : 0.0% (cumulative 0.0%)
completed cycles / episode  : 0.000
synthetic task reward       : 0.000
shaping reward              : -636.917
learning reward             : -636.917
episode length              : 97.7
abstract changes / episode  : 25.2
same abstract-state steps   : 74.2%
same-state shaping / episode: 0.000
changed-state shaping / ep. : -636.917
terminal shaping / episode  : -2.182
DFA transitions / episode   : 0.00
DFA transitions in window   : none
epsilon (next episode)       : 0.60650
replay buffer                : 274590 samples [1: 99.3%, 2: 0.7%, 3: 0.0%, 4: 0.0%, 5: 0.0%]
DFA state visits in window   : 1: 9872, 2: 0, 3: 0, 4: 0, 5: 0
DFA state visits cumulative  : 1: 275150, 2: 1940, 3: 0, 4: 0, 5: 0
DFA state entries in window  : 1: 100, 2: 0, 3: 0, 4: 0, 5: 0
DFA state entries cumulative : 1: 2500, 2: 68, 3: 0, 4: 0, 5: 0
transitions cumulative       : 1->2: 68
accepted directly from s0    : 0
Gym endings cumulative       : terminated=2495, truncated=5

Starting autonomous greedy evaluation at episode 2500 (1000 fixed-seed episodes)...
[Greedy evaluation at episode 2500 | 1000 fixed-seed episodes]
success=0.0%, failure=0.0%, task reward=0.000, length=899.9
DFA transitions: none

[Episode 2600/12000 | last 100]
success rate                : 0.0% (cumulative 0.0%)
failure rate                : 0.0% (cumulative 0.0%)
completed cycles / episode  : 0.000
synthetic task reward       : 0.000
shaping reward              : -623.849
learning reward             : -623.849
episode length              : 106.3
abstract changes / episode  : 24.9
same abstract-state steps   : 76.5%
same-state shaping / episode: 0.000
changed-state shaping / ep. : -623.849
terminal shaping / episode  : -1.472
DFA transitions / episode   : 0.00
DFA transitions in window   : none
epsilon (next episode)       : 0.59449
replay buffer                : 285224 samples [1: 99.3%, 2: 0.7%, 3: 0.0%, 4: 0.0%, 5: 0.0%]
DFA state visits in window   : 1: 10734, 2: 0, 3: 0, 4: 0, 5: 0
DFA state visits cumulative  : 1: 285884, 2: 1940, 3: 0, 4: 0, 5: 0
DFA state entries in window  : 1: 100, 2: 0, 3: 0, 4: 0, 5: 0
DFA state entries cumulative : 1: 2600, 2: 68, 3: 0, 4: 0, 5: 0
transitions cumulative       : 1->2: 68
accepted directly from s0    : 0
Gym endings cumulative       : terminated=2594, truncated=6

[Episode 2700/12000 | last 100]
success rate                : 0.0% (cumulative 0.0%)
failure rate                : 0.0% (cumulative 0.0%)
completed cycles / episode  : 0.000
synthetic task reward       : 0.000
shaping reward              : -629.892
learning reward             : -629.892
episode length              : 110.6
abstract changes / episode  : 25.0
same abstract-state steps   : 77.4%
same-state shaping / episode: 0.000
changed-state shaping / ep. : -629.892
terminal shaping / episode  : -0.732
DFA transitions / episode   : 0.00
DFA transitions in window   : none
epsilon (next episode)       : 0.58272
replay buffer                : 296282 samples [1: 99.4%, 2: 0.6%, 3: 0.0%, 4: 0.0%, 5: 0.0%]
DFA state visits in window   : 1: 11158, 2: 0, 3: 0, 4: 0, 5: 0
DFA state visits cumulative  : 1: 297042, 2: 1940, 3: 0, 4: 0, 5: 0
DFA state entries in window  : 1: 100, 2: 0, 3: 0, 4: 0, 5: 0
DFA state entries cumulative : 1: 2700, 2: 68, 3: 0, 4: 0, 5: 0
transitions cumulative       : 1->2: 68
accepted directly from s0    : 0
Gym endings cumulative       : terminated=2693, truncated=7

[Episode 2800/12000 | last 100]
success rate                : 0.0% (cumulative 0.0%)
failure rate                : 0.0% (cumulative 0.0%)
completed cycles / episode  : 0.000
synthetic task reward       : 0.000
shaping reward              : -630.045
learning reward             : -630.045
episode length              : 124.8
abstract changes / episode  : 25.5
same abstract-state steps   : 79.6%
same-state shaping / episode: 0.000
changed-state shaping / ep. : -630.045
terminal shaping / episode  : -2.197
DFA transitions / episode   : 0.00
DFA transitions in window   : none
epsilon (next episode)       : 0.57118
replay buffer                : 300000 samples [1: 99.4%, 2: 0.6%, 3: 0.0%, 4: 0.0%, 5: 0.0%]
DFA state visits in window   : 1: 12578, 2: 0, 3: 0, 4: 0, 5: 0
DFA state visits cumulative  : 1: 309620, 2: 1940, 3: 0, 4: 0, 5: 0
DFA state entries in window  : 1: 100, 2: 0, 3: 0, 4: 0, 5: 0
DFA state entries cumulative : 1: 2800, 2: 68, 3: 0, 4: 0, 5: 0
transitions cumulative       : 1->2: 68
accepted directly from s0    : 0
Gym endings cumulative       : terminated=2790, truncated=10

[Episode 2900/12000 | last 100]
success rate                : 0.0% (cumulative 0.0%)
failure rate                : 0.0% (cumulative 0.0%)
completed cycles / episode  : 0.000
synthetic task reward       : 0.000
shaping reward              : -626.642
learning reward             : -626.642
episode length              : 91.7
abstract changes / episode  : 24.5
same abstract-state steps   : 73.2%
same-state shaping / episode: 0.000
changed-state shaping / ep. : -626.642
terminal shaping / episode  : -2.907
DFA transitions / episode   : 0.00
DFA transitions in window   : none
epsilon (next episode)       : 0.55987
replay buffer                : 300000 samples [1: 99.4%, 2: 0.6%, 3: 0.0%, 4: 0.0%, 5: 0.0%]
DFA state visits in window   : 1: 9265, 2: 0, 3: 0, 4: 0, 5: 0
DFA state visits cumulative  : 1: 318885, 2: 1940, 3: 0, 4: 0, 5: 0
DFA state entries in window  : 1: 100, 2: 0, 3: 0, 4: 0, 5: 0
DFA state entries cumulative : 1: 2900, 2: 68, 3: 0, 4: 0, 5: 0
transitions cumulative       : 1->2: 68
accepted directly from s0    : 0
Gym endings cumulative       : terminated=2890, truncated=10

[Episode 3000/12000 | last 100]
success rate                : 0.0% (cumulative 0.0%)
failure rate                : 0.0% (cumulative 0.0%)
completed cycles / episode  : 0.000
synthetic task reward       : 0.000
shaping reward              : -638.131
learning reward             : -638.131
episode length              : 130.1
abstract changes / episode  : 25.5
same abstract-state steps   : 80.4%
same-state shaping / episode: 0.000
changed-state shaping / ep. : -638.131
terminal shaping / episode  : -1.472
DFA transitions / episode   : 0.00
DFA transitions in window   : none
epsilon (next episode)       : 0.54878
replay buffer                : 300000 samples [1: 99.4%, 2: 0.6%, 3: 0.0%, 4: 0.0%, 5: 0.0%]
DFA state visits in window   : 1: 13110, 2: 0, 3: 0, 4: 0, 5: 0
DFA state visits cumulative  : 1: 331995, 2: 1940, 3: 0, 4: 0, 5: 0
DFA state entries in window  : 1: 100, 2: 0, 3: 0, 4: 0, 5: 0
DFA state entries cumulative : 1: 3000, 2: 68, 3: 0, 4: 0, 5: 0
transitions cumulative       : 1->2: 68
accepted directly from s0    : 0
Gym endings cumulative       : terminated=2987, truncated=13

Starting autonomous greedy evaluation at episode 3000 (1000 fixed-seed episodes)...
[Greedy evaluation at episode 3000 | 1000 fixed-seed episodes]
success=0.0%, failure=0.0%, task reward=0.000, length=700.9
DFA transitions: none

[Episode 3100/12000 | last 100]
success rate                : 0.0% (cumulative 0.0%)
failure rate                : 0.0% (cumulative 0.0%)
completed cycles / episode  : 0.000
synthetic task reward       : 0.000
shaping reward              : -634.324
learning reward             : -634.324
episode length              : 97.6
abstract changes / episode  : 25.1
same abstract-state steps   : 74.3%
same-state shaping / episode: 0.000
changed-state shaping / ep. : -634.324
terminal shaping / episode  : -4.372
DFA transitions / episode   : 0.00
DFA transitions in window   : none
epsilon (next episode)       : 0.53791
replay buffer                : 300000 samples [1: 99.5%, 2: 0.5%, 3: 0.0%, 4: 0.0%, 5: 0.0%]
DFA state visits in window   : 1: 9858, 2: 0, 3: 0, 4: 0, 5: 0
DFA state visits cumulative  : 1: 341853, 2: 1940, 3: 0, 4: 0, 5: 0
DFA state entries in window  : 1: 100, 2: 0, 3: 0, 4: 0, 5: 0
DFA state entries cumulative : 1: 3100, 2: 68, 3: 0, 4: 0, 5: 0
transitions cumulative       : 1->2: 68
accepted directly from s0    : 0
Gym endings cumulative       : terminated=3087, truncated=13

[Episode 3200/12000 | last 100]
success rate                : 0.0% (cumulative 0.0%)
failure rate                : 0.0% (cumulative 0.0%)
completed cycles / episode  : 0.000
synthetic task reward       : 0.000
shaping reward              : -633.349
learning reward             : -633.349
episode length              : 129.4
abstract changes / episode  : 24.6
same abstract-state steps   : 81.0%
same-state shaping / episode: 0.000
changed-state shaping / ep. : -633.349
terminal shaping / episode  : -0.725
DFA transitions / episode   : 0.00
DFA transitions in window   : none
epsilon (next episode)       : 0.52726
replay buffer                : 300000 samples [1: 99.5%, 2: 0.5%, 3: 0.0%, 4: 0.0%, 5: 0.0%]
DFA state visits in window   : 1: 13042, 2: 0, 3: 0, 4: 0, 5: 0
DFA state visits cumulative  : 1: 354895, 2: 1940, 3: 0, 4: 0, 5: 0
DFA state entries in window  : 1: 100, 2: 0, 3: 0, 4: 0, 5: 0
DFA state entries cumulative : 1: 3200, 2: 68, 3: 0, 4: 0, 5: 0
transitions cumulative       : 1->2: 68
accepted directly from s0    : 0
Gym endings cumulative       : terminated=3183, truncated=17

[Episode 3300/12000 | last 100]
success rate                : 0.0% (cumulative 0.0%)
failure rate                : 0.0% (cumulative 0.0%)
completed cycles / episode  : 0.000
synthetic task reward       : 0.000
shaping reward              : -621.165
learning reward             : -621.165
episode length              : 110.7
abstract changes / episode  : 24.6
same abstract-state steps   : 77.8%
same-state shaping / episode: 0.000
changed-state shaping / ep. : -621.165
terminal shaping / episode  : -2.190
DFA transitions / episode   : 0.00
DFA transitions in window   : none
epsilon (next episode)       : 0.51682
replay buffer                : 300000 samples [1: 99.5%, 2: 0.5%, 3: 0.0%, 4: 0.0%, 5: 0.0%]
DFA state visits in window   : 1: 11165, 2: 0, 3: 0, 4: 0, 5: 0
DFA state visits cumulative  : 1: 366060, 2: 1940, 3: 0, 4: 0, 5: 0
DFA state entries in window  : 1: 100, 2: 0, 3: 0, 4: 0, 5: 0
DFA state entries cumulative : 1: 3300, 2: 68, 3: 0, 4: 0, 5: 0
transitions cumulative       : 1->2: 68
accepted directly from s0    : 0
Gym endings cumulative       : terminated=3282, truncated=18

[Episode 3400/12000 | last 100]
success rate                : 0.0% (cumulative 0.0%)
failure rate                : 0.0% (cumulative 0.0%)
completed cycles / episode  : 0.000
synthetic task reward       : 0.000
shaping reward              : -594.499
learning reward             : -594.499
episode length              : 147.9
abstract changes / episode  : 25.0
same abstract-state steps   : 83.1%
same-state shaping / episode: 0.000
changed-state shaping / ep. : -594.499
terminal shaping / episode  : -0.732
DFA transitions / episode   : 0.01
DFA transitions in window   : 1->2: 1
epsilon (next episode)       : 0.50658
replay buffer                : 300000 samples [1: 99.5%, 2: 0.5%, 3: 0.0%, 4: 0.0%, 5: 0.0%]
DFA state visits in window   : 1: 14829, 2: 58, 3: 0, 4: 0, 5: 0
DFA state visits cumulative  : 1: 380889, 2: 1998, 3: 0, 4: 0, 5: 0
DFA state entries in window  : 1: 100, 2: 1, 3: 0, 4: 0, 5: 0
DFA state entries cumulative : 1: 3400, 2: 69, 3: 0, 4: 0, 5: 0
transitions cumulative       : 1->2: 69
accepted directly from s0    : 0
Gym endings cumulative       : terminated=3378, truncated=22

[Episode 3500/12000 | last 100]
success rate                : 0.0% (cumulative 0.0%)
failure rate                : 0.0% (cumulative 0.0%)
completed cycles / episode  : 0.000
synthetic task reward       : 0.000
shaping reward              : -535.218
learning reward             : -535.218
episode length              : 154.5
abstract changes / episode  : 25.2
same abstract-state steps   : 83.7%
same-state shaping / episode: 0.000
changed-state shaping / ep. : -535.218
terminal shaping / episode  : -1.450
DFA transitions / episode   : 0.01
DFA transitions in window   : 1->2: 1
epsilon (next episode)       : 0.49655
replay buffer                : 300000 samples [1: 99.5%, 2: 0.5%, 3: 0.0%, 4: 0.0%, 5: 0.0%]
DFA state visits in window   : 1: 15515, 2: 32, 3: 0, 4: 0, 5: 0
DFA state visits cumulative  : 1: 396404, 2: 2030, 3: 0, 4: 0, 5: 0
DFA state entries in window  : 1: 100, 2: 1, 3: 0, 4: 0, 5: 0
DFA state entries cumulative : 1: 3500, 2: 70, 3: 0, 4: 0, 5: 0
transitions cumulative       : 1->2: 70
accepted directly from s0    : 0
Gym endings cumulative       : terminated=3476, truncated=24

Starting autonomous greedy evaluation at episode 3500 (1000 fixed-seed episodes)...
[Greedy evaluation at episode 3500 | 1000 fixed-seed episodes]
success=0.0%, failure=0.0%, task reward=0.000, length=139.2
DFA transitions: 1->2: 8

[Episode 3600/12000 | last 100]
success rate                : 0.0% (cumulative 0.0%)
failure rate                : 0.0% (cumulative 0.0%)
completed cycles / episode  : 0.000
synthetic task reward       : 0.000
shaping reward              : -430.403
learning reward             : -430.403
episode length              : 203.2
abstract changes / episode  : 27.7
same abstract-state steps   : 86.4%
same-state shaping / episode: 0.000
changed-state shaping / ep. : -430.403
terminal shaping / episode  : -2.960
DFA transitions / episode   : 0.03
DFA transitions in window   : 1->2: 3
epsilon (next episode)       : 0.48672
replay buffer                : 300000 samples [1: 99.6%, 2: 0.4%, 3: 0.0%, 4: 0.0%, 5: 0.0%]
DFA state visits in window   : 1: 20243, 2: 173, 3: 0, 4: 0, 5: 0
DFA state visits cumulative  : 1: 416647, 2: 2203, 3: 0, 4: 0, 5: 0
DFA state entries in window  : 1: 100, 2: 3, 3: 0, 4: 0, 5: 0
DFA state entries cumulative : 1: 3600, 2: 73, 3: 0, 4: 0, 5: 0
transitions cumulative       : 1->2: 73
accepted directly from s0    : 0
Gym endings cumulative       : terminated=3576, truncated=24

[Episode 3700/12000 | last 100]
success rate                : 0.0% (cumulative 0.0%)
failure rate                : 0.0% (cumulative 0.0%)
completed cycles / episode  : 0.000
synthetic task reward       : 0.000
shaping reward              : -563.095
learning reward             : -563.095
episode length              : 413.5
abstract changes / episode  : 37.3
same abstract-state steps   : 91.0%
same-state shaping / episode: 0.000
changed-state shaping / ep. : -563.095
terminal shaping / episode  : -0.725
DFA transitions / episode   : 0.02
DFA transitions in window   : 1->2: 2
epsilon (next episode)       : 0.47708
replay buffer                : 300000 samples [1: 99.8%, 2: 0.2%, 3: 0.0%, 4: 0.0%, 5: 0.0%]
DFA state visits in window   : 1: 41371, 2: 75, 3: 0, 4: 0, 5: 0
DFA state visits cumulative  : 1: 458018, 2: 2278, 3: 0, 4: 0, 5: 0
DFA state entries in window  : 1: 100, 2: 2, 3: 0, 4: 0, 5: 0
DFA state entries cumulative : 1: 3700, 2: 75, 3: 0, 4: 0, 5: 0
transitions cumulative       : 1->2: 75
accepted directly from s0    : 0
Gym endings cumulative       : terminated=3663, truncated=37

[Episode 3800/12000 | last 100]
success rate                : 0.0% (cumulative 0.0%)
failure rate                : 0.0% (cumulative 0.0%)
completed cycles / episode  : 0.000
synthetic task reward       : 0.000
shaping reward              : -585.588
learning reward             : -585.588
episode length              : 275.9
abstract changes / episode  : 38.0
same abstract-state steps   : 86.2%
same-state shaping / episode: 0.000
changed-state shaping / ep. : -585.588
terminal shaping / episode  : -2.984
DFA transitions / episode   : 0.00
DFA transitions in window   : none
epsilon (next episode)       : 0.46763
replay buffer                : 300000 samples [1: 99.9%, 2: 0.1%, 3: 0.0%, 4: 0.0%, 5: 0.0%]
DFA state visits in window   : 1: 27693, 2: 0, 3: 0, 4: 0, 5: 0
DFA state visits cumulative  : 1: 485711, 2: 2278, 3: 0, 4: 0, 5: 0
DFA state entries in window  : 1: 100, 2: 0, 3: 0, 4: 0, 5: 0
DFA state entries cumulative : 1: 3800, 2: 75, 3: 0, 4: 0, 5: 0
transitions cumulative       : 1->2: 75
accepted directly from s0    : 0
Gym endings cumulative       : terminated=3762, truncated=38

[Episode 3900/12000 | last 100]
success rate                : 0.0% (cumulative 0.0%)
failure rate                : 0.0% (cumulative 0.0%)
completed cycles / episode  : 0.000
synthetic task reward       : 0.000
shaping reward              : -484.337
learning reward             : -484.337
episode length              : 218.9
abstract changes / episode  : 34.8
same abstract-state steps   : 84.1%
same-state shaping / episode: 0.000
changed-state shaping / ep. : -484.337
terminal shaping / episode  : -0.718
DFA transitions / episode   : 0.04
DFA transitions in window   : 1->2: 4
epsilon (next episode)       : 0.45837
replay buffer                : 300000 samples [1: 99.8%, 2: 0.2%, 3: 0.0%, 4: 0.0%, 5: 0.0%]
DFA state visits in window   : 1: 21757, 2: 232, 3: 0, 4: 0, 5: 0
DFA state visits cumulative  : 1: 507468, 2: 2510, 3: 0, 4: 0, 5: 0
DFA state entries in window  : 1: 100, 2: 4, 3: 0, 4: 0, 5: 0
DFA state entries cumulative : 1: 3900, 2: 79, 3: 0, 4: 0, 5: 0
transitions cumulative       : 1->2: 79
accepted directly from s0    : 0
Gym endings cumulative       : terminated=3862, truncated=38

[Episode 4000/12000 | last 100]
success rate                : 0.0% (cumulative 0.0%)
failure rate                : 0.0% (cumulative 0.0%)
completed cycles / episode  : 0.000
synthetic task reward       : 0.000
shaping reward              : -646.843
learning reward             : -646.843
episode length              : 192.1
abstract changes / episode  : 31.2
same abstract-state steps   : 83.8%
same-state shaping / episode: 0.000
changed-state shaping / ep. : -646.843
terminal shaping / episode  : -2.168
DFA transitions / episode   : 0.00
DFA transitions in window   : none
epsilon (next episode)       : 0.44929
replay buffer                : 300000 samples [1: 99.8%, 2: 0.2%, 3: 0.0%, 4: 0.0%, 5: 0.0%]
DFA state visits in window   : 1: 19313, 2: 0, 3: 0, 4: 0, 5: 0
DFA state visits cumulative  : 1: 526781, 2: 2510, 3: 0, 4: 0, 5: 0
DFA state entries in window  : 1: 100, 2: 0, 3: 0, 4: 0, 5: 0
DFA state entries cumulative : 1: 4000, 2: 79, 3: 0, 4: 0, 5: 0
transitions cumulative       : 1->2: 79
accepted directly from s0    : 0
Gym endings cumulative       : terminated=3958, truncated=42

Starting autonomous greedy evaluation at episode 4000 (1000 fixed-seed episodes)...
[Greedy evaluation at episode 4000 | 1000 fixed-seed episodes]
success=0.0%, failure=0.0%, task reward=0.000, length=626.5
DFA transitions: none

[Episode 4100/12000 | last 100]
success rate                : 0.0% (cumulative 0.0%)
failure rate                : 0.0% (cumulative 0.0%)
completed cycles / episode  : 0.000
synthetic task reward       : 0.000
shaping reward              : -666.551
learning reward             : -666.551
episode length              : 186.7
abstract changes / episode  : 32.8
same abstract-state steps   : 82.4%
same-state shaping / episode: 0.000
changed-state shaping / ep. : -666.551
terminal shaping / episode  : 0.000
DFA transitions / episode   : 0.00
DFA transitions in window   : none
epsilon (next episode)       : 0.44040
replay buffer                : 300000 samples [1: 99.8%, 2: 0.2%, 3: 0.0%, 4: 0.0%, 5: 0.0%]
DFA state visits in window   : 1: 18766, 2: 0, 3: 0, 4: 0, 5: 0
DFA state visits cumulative  : 1: 545547, 2: 2510, 3: 0, 4: 0, 5: 0
DFA state entries in window  : 1: 100, 2: 0, 3: 0, 4: 0, 5: 0
DFA state entries cumulative : 1: 4100, 2: 79, 3: 0, 4: 0, 5: 0
transitions cumulative       : 1->2: 79
accepted directly from s0    : 0
Gym endings cumulative       : terminated=4055, truncated=45

[Episode 4200/12000 | last 100]
success rate                : 0.0% (cumulative 0.0%)
failure rate                : 0.0% (cumulative 0.0%)
completed cycles / episode  : 0.000
synthetic task reward       : 0.000
shaping reward              : -610.828
learning reward             : -610.828
episode length              : 205.1
abstract changes / episode  : 35.2
same abstract-state steps   : 82.9%
same-state shaping / episode: 0.000
changed-state shaping / ep. : -610.828
terminal shaping / episode  : -1.457
DFA transitions / episode   : 0.01
DFA transitions in window   : 1->2: 1
epsilon (next episode)       : 0.43167
replay buffer                : 300000 samples [1: 99.8%, 2: 0.2%, 3: 0.0%, 4: 0.0%, 5: 0.0%]
DFA state visits in window   : 1: 20567, 2: 42, 3: 0, 4: 0, 5: 0
DFA state visits cumulative  : 1: 566114, 2: 2552, 3: 0, 4: 0, 5: 0
DFA state entries in window  : 1: 100, 2: 1, 3: 0, 4: 0, 5: 0
DFA state entries cumulative : 1: 4200, 2: 80, 3: 0, 4: 0, 5: 0
transitions cumulative       : 1->2: 80
accepted directly from s0    : 0
Gym endings cumulative       : terminated=4155, truncated=45

[Episode 4300/12000 | last 100]
success rate                : 0.0% (cumulative 0.0%)
failure rate                : 0.0% (cumulative 0.0%)
completed cycles / episode  : 0.000
synthetic task reward       : 0.000
shaping reward              : -502.836
learning reward             : -502.836
episode length              : 261.3
abstract changes / episode  : 42.2
same abstract-state steps   : 83.8%
same-state shaping / episode: 0.000
changed-state shaping / ep. : -502.836
terminal shaping / episode  : -5.943
DFA transitions / episode   : 0.09
DFA transitions in window   : 1->2: 9
epsilon (next episode)       : 0.42313
replay buffer                : 300000 samples [1: 99.6%, 2: 0.4%, 3: 0.0%, 4: 0.0%, 5: 0.0%]
DFA state visits in window   : 1: 25520, 2: 713, 3: 0, 4: 0, 5: 0
DFA state visits cumulative  : 1: 591634, 2: 3265, 3: 0, 4: 0, 5: 0
DFA state entries in window  : 1: 100, 2: 9, 3: 0, 4: 0, 5: 0
DFA state entries cumulative : 1: 4300, 2: 89, 3: 0, 4: 0, 5: 0
transitions cumulative       : 1->2: 89
accepted directly from s0    : 0
Gym endings cumulative       : terminated=4255, truncated=45

[Episode 4400/12000 | last 100]
success rate                : 0.0% (cumulative 0.0%)
failure rate                : 0.0% (cumulative 0.0%)
completed cycles / episode  : 0.000
synthetic task reward       : 0.000
shaping reward              : -617.438
learning reward             : -617.438
episode length              : 324.1
abstract changes / episode  : 42.9
same abstract-state steps   : 86.8%
same-state shaping / episode: 0.000
changed-state shaping / ep. : -617.438
terminal shaping / episode  : -2.168
DFA transitions / episode   : 0.02
DFA transitions in window   : 1->2: 2
epsilon (next episode)       : 0.41475
replay buffer                : 300000 samples [1: 99.5%, 2: 0.5%, 3: 0.0%, 4: 0.0%, 5: 0.0%]
DFA state visits in window   : 1: 32307, 2: 208, 3: 0, 4: 0, 5: 0
DFA state visits cumulative  : 1: 623941, 2: 3473, 3: 0, 4: 0, 5: 0
DFA state entries in window  : 1: 100, 2: 2, 3: 0, 4: 0, 5: 0
DFA state entries cumulative : 1: 4400, 2: 91, 3: 0, 4: 0, 5: 0
transitions cumulative       : 1->2: 91
accepted directly from s0    : 0
Gym endings cumulative       : terminated=4347, truncated=53

[Episode 4500/12000 | last 100]
success rate                : 0.0% (cumulative 0.0%)
failure rate                : 0.0% (cumulative 0.0%)
completed cycles / episode  : 0.000
synthetic task reward       : 0.000
shaping reward              : -471.296
learning reward             : -471.296
episode length              : 254.8
abstract changes / episode  : 41.2
same abstract-state steps   : 83.8%
same-state shaping / episode: 0.000
changed-state shaping / ep. : -471.296
terminal shaping / episode  : -1.504
DFA transitions / episode   : 0.10
DFA transitions in window   : 1->2: 10
epsilon (next episode)       : 0.40653
replay buffer                : 300000 samples [1: 99.2%, 2: 0.8%, 3: 0.0%, 4: 0.0%, 5: 0.0%]
DFA state visits in window   : 1: 24632, 2: 953, 3: 0, 4: 0, 5: 0
DFA state visits cumulative  : 1: 648573, 2: 4426, 3: 0, 4: 0, 5: 0
DFA state entries in window  : 1: 100, 2: 10, 3: 0, 4: 0, 5: 0
DFA state entries cumulative : 1: 4500, 2: 101, 3: 0, 4: 0, 5: 0
transitions cumulative       : 1->2: 101
accepted directly from s0    : 0
Gym endings cumulative       : terminated=4447, truncated=53

Starting autonomous greedy evaluation at episode 4500 (1000 fixed-seed episodes)...
[Greedy evaluation at episode 4500 | 1000 fixed-seed episodes]
success=0.0%, failure=0.0%, task reward=0.000, length=452.1
DFA transitions: 1->2: 217, 2->3: 3, 3->4: 1

[Episode 4600/12000 | last 100]
success rate                : 0.0% (cumulative 0.0%)
failure rate                : 0.0% (cumulative 0.0%)
completed cycles / episode  : 0.000
synthetic task reward       : 0.000
shaping reward              : -357.795
learning reward             : -357.795
episode length              : 328.4
abstract changes / episode  : 46.4
same abstract-state steps   : 85.9%
same-state shaping / episode: 0.000
changed-state shaping / ep. : -357.795
terminal shaping / episode  : -2.135
DFA transitions / episode   : 0.15
DFA transitions in window   : 1->2: 14, 2->3: 1
epsilon (next episode)       : 0.39848
replay buffer                : 300000 samples [1: 98.8%, 2: 1.2%, 3: 0.0%, 4: 0.0%, 5: 0.0%]
DFA state visits in window   : 1: 31643, 2: 1251, 3: 43, 4: 0, 5: 0
DFA state visits cumulative  : 1: 680216, 2: 5677, 3: 43, 4: 0, 5: 0
DFA state entries in window  : 1: 100, 2: 14, 3: 1, 4: 0, 5: 0
DFA state entries cumulative : 1: 4600, 2: 115, 3: 1, 4: 0, 5: 0
transitions cumulative       : 1->2: 115, 2->3: 1
accepted directly from s0    : 0
Gym endings cumulative       : terminated=4544, truncated=56

[Episode 4700/12000 | last 100]
success rate                : 0.0% (cumulative 0.0%)
failure rate                : 0.0% (cumulative 0.0%)
completed cycles / episode  : 0.000
synthetic task reward       : 0.000
shaping reward              : -339.250
learning reward             : -339.250
episode length              : 329.8
abstract changes / episode  : 46.8
same abstract-state steps   : 85.8%
same-state shaping / episode: 0.000
changed-state shaping / ep. : -339.250
terminal shaping / episode  : -2.455
DFA transitions / episode   : 0.21
DFA transitions in window   : 1->2: 21
epsilon (next episode)       : 0.39059
replay buffer                : 300000 samples [1: 98.4%, 2: 1.6%, 3: 0.0%, 4: 0.0%, 5: 0.0%]
DFA state visits in window   : 1: 31721, 2: 1356, 3: 0, 4: 0, 5: 0
DFA state visits cumulative  : 1: 711937, 2: 7033, 3: 43, 4: 0, 5: 0
DFA state entries in window  : 1: 100, 2: 21, 3: 0, 4: 0, 5: 0
DFA state entries cumulative : 1: 4700, 2: 136, 3: 1, 4: 0, 5: 0
transitions cumulative       : 1->2: 136, 2->3: 1
accepted directly from s0    : 0
Gym endings cumulative       : terminated=4643, truncated=57

[Episode 4800/12000 | last 100]
success rate                : 0.0% (cumulative 0.0%)
failure rate                : 0.0% (cumulative 0.0%)
completed cycles / episode  : 0.000
synthetic task reward       : 0.000
shaping reward              : -314.913
learning reward             : -314.913
episode length              : 321.6
abstract changes / episode  : 45.5
same abstract-state steps   : 85.9%
same-state shaping / episode: 0.000
changed-state shaping / ep. : -314.913
terminal shaping / episode  : -1.473
DFA transitions / episode   : 0.26
DFA transitions in window   : 1->2: 23, 2->3: 3
epsilon (next episode)       : 0.38286
replay buffer                : 300000 samples [1: 97.0%, 2: 2.7%, 3: 0.3%, 4: 0.0%, 5: 0.0%]
DFA state visits in window   : 1: 27875, 2: 3545, 3: 839, 4: 0, 5: 0
DFA state visits cumulative  : 1: 739812, 2: 10578, 3: 882, 4: 0, 5: 0
DFA state entries in window  : 1: 100, 2: 23, 3: 3, 4: 0, 5: 0
DFA state entries cumulative : 1: 4800, 2: 159, 3: 4, 4: 0, 5: 0
transitions cumulative       : 1->2: 159, 2->3: 4
accepted directly from s0    : 0
Gym endings cumulative       : terminated=4741, truncated=59

[Episode 4900/12000 | last 100]
success rate                : 0.0% (cumulative 0.0%)
failure rate                : 0.0% (cumulative 0.0%)
completed cycles / episode  : 0.000
synthetic task reward       : 0.000
shaping reward              : -188.563
learning reward             : -188.563
episode length              : 281.9
abstract changes / episode  : 40.8
same abstract-state steps   : 85.5%
same-state shaping / episode: 0.000
changed-state shaping / ep. : -188.563
terminal shaping / episode  : -1.495
DFA transitions / episode   : 0.19
DFA transitions in window   : 1->2: 17, 2->3: 2
epsilon (next episode)       : 0.37527
replay buffer                : 300000 samples [1: 96.0%, 2: 3.5%, 3: 0.5%, 4: 0.0%, 5: 0.0%]
DFA state visits in window   : 1: 25319, 2: 2324, 3: 648, 4: 0, 5: 0
DFA state visits cumulative  : 1: 765131, 2: 12902, 3: 1530, 4: 0, 5: 0
DFA state entries in window  : 1: 100, 2: 17, 3: 2, 4: 0, 5: 0
DFA state entries cumulative : 1: 4900, 2: 176, 3: 6, 4: 0, 5: 0
transitions cumulative       : 1->2: 176, 2->3: 6
accepted directly from s0    : 0
Gym endings cumulative       : terminated=4839, truncated=61

[Episode 5000/12000 | last 100]
success rate                : 0.0% (cumulative 0.0%)
failure rate                : 0.0% (cumulative 0.0%)
completed cycles / episode  : 0.000
synthetic task reward       : 0.000
shaping reward              : -82.038
learning reward             : -82.038
episode length              : 282.5
abstract changes / episode  : 39.5
same abstract-state steps   : 86.0%
same-state shaping / episode: 0.000
changed-state shaping / ep. : -82.038
terminal shaping / episode  : -1.510
DFA transitions / episode   : 0.19
DFA transitions in window   : 1->2: 15, 2->3: 4
epsilon (next episode)       : 0.36784
replay buffer                : 300000 samples [1: 95.1%, 2: 4.2%, 3: 0.6%, 4: 0.0%, 5: 0.0%]
DFA state visits in window   : 1: 25601, 2: 2343, 3: 409, 4: 0, 5: 0
DFA state visits cumulative  : 1: 790732, 2: 15245, 3: 1939, 4: 0, 5: 0
DFA state entries in window  : 1: 100, 2: 15, 3: 4, 4: 0, 5: 0
DFA state entries cumulative : 1: 5000, 2: 191, 3: 10, 4: 0, 5: 0
transitions cumulative       : 1->2: 191, 2->3: 10
accepted directly from s0    : 0
Gym endings cumulative       : terminated=4938, truncated=62

Starting autonomous greedy evaluation at episode 5000 (1000 fixed-seed episodes)...
[Greedy evaluation at episode 5000 | 1000 fixed-seed episodes]
success=0.0%, failure=0.0%, task reward=0.000, length=253.2
DFA transitions: 1->2: 48

[Episode 5100/12000 | last 100]
success rate                : 0.0% (cumulative 0.0%)
failure rate                : 0.0% (cumulative 0.0%)
completed cycles / episode  : 0.000
synthetic task reward       : 0.000
shaping reward              : -94.788
learning reward             : -94.788
episode length              : 375.6
abstract changes / episode  : 45.1
same abstract-state steps   : 88.0%
same-state shaping / episode: 0.000
changed-state shaping / ep. : -94.788
terminal shaping / episode  : 2.328
DFA transitions / episode   : 0.20
DFA transitions in window   : 1->2: 19, 2->3: 1
epsilon (next episode)       : 0.36056
replay buffer                : 300000 samples [1: 93.6%, 2: 5.8%, 3: 0.6%, 4: 0.0%, 5: 0.0%]
DFA state visits in window   : 1: 32905, 2: 4738, 3: 21, 4: 0, 5: 0
DFA state visits cumulative  : 1: 823637, 2: 19983, 3: 1960, 4: 0, 5: 0
DFA state entries in window  : 1: 100, 2: 19, 3: 1, 4: 0, 5: 0
DFA state entries cumulative : 1: 5100, 2: 210, 3: 11, 4: 0, 5: 0
transitions cumulative       : 1->2: 210, 2->3: 11
accepted directly from s0    : 0
Gym endings cumulative       : terminated=5034, truncated=66

[Episode 5200/12000 | last 100]
success rate                : 0.0% (cumulative 0.0%)
failure rate                : 0.0% (cumulative 0.0%)
completed cycles / episode  : 0.000
synthetic task reward       : 0.000
shaping reward              : -183.171
learning reward             : -183.171
episode length              : 413.8
abstract changes / episode  : 54.6
same abstract-state steps   : 86.8%
same-state shaping / episode: 0.000
changed-state shaping / ep. : -183.171
terminal shaping / episode  : -0.770
DFA transitions / episode   : 0.33
DFA transitions in window   : 1->2: 24, 2->3: 6, 3->4: 3
epsilon (next episode)       : 0.35342
replay buffer                : 300000 samples [1: 91.1%, 2: 7.9%, 3: 0.8%, 4: 0.2%, 5: 0.0%]
DFA state visits in window   : 1: 33514, 2: 6887, 3: 565, 4: 509, 5: 0
DFA state visits cumulative  : 1: 857151, 2: 26870, 3: 2525, 4: 509, 5: 0
DFA state entries in window  : 1: 100, 2: 24, 3: 6, 4: 3, 5: 0
DFA state entries cumulative : 1: 5200, 2: 234, 3: 17, 4: 3, 5: 0
transitions cumulative       : 1->2: 234, 2->3: 17, 3->4: 3
accepted directly from s0    : 0
Gym endings cumulative       : terminated=5123, truncated=77

[Episode 5300/12000 | last 100]
success rate                : 0.0% (cumulative 0.0%)
failure rate                : 0.0% (cumulative 0.0%)
completed cycles / episode  : 0.000
synthetic task reward       : 0.000
shaping reward              : -210.777
learning reward             : -210.777
episode length              : 276.7
abstract changes / episode  : 43.5
same abstract-state steps   : 84.3%
same-state shaping / episode: 0.000
changed-state shaping / ep. : -210.777
terminal shaping / episode  : -0.032
DFA transitions / episode   : 0.29
DFA transitions in window   : 1->2: 23, 2->3: 5, 3->4: 1
epsilon (next episode)       : 0.34642
replay buffer                : 300000 samples [1: 89.7%, 2: 9.1%, 3: 1.0%, 4: 0.2%, 5: 0.0%]
DFA state visits in window   : 1: 23112, 2: 4042, 3: 577, 4: 40, 5: 0
DFA state visits cumulative  : 1: 880263, 2: 30912, 3: 3102, 4: 549, 5: 0
DFA state entries in window  : 1: 100, 2: 23, 3: 5, 4: 1, 5: 0
DFA state entries cumulative : 1: 5300, 2: 257, 3: 22, 4: 4, 5: 0
transitions cumulative       : 1->2: 257, 2->3: 22, 3->4: 4
accepted directly from s0    : 0
Gym endings cumulative       : terminated=5222, truncated=78

[Episode 5400/12000 | last 100]
success rate                : 0.0% (cumulative 0.0%)
failure rate                : 0.0% (cumulative 0.0%)
completed cycles / episode  : 0.000
synthetic task reward       : 0.000
shaping reward              : -133.452
learning reward             : -133.452
episode length              : 299.4
abstract changes / episode  : 49.2
same abstract-state steps   : 83.6%
same-state shaping / episode: 0.000
changed-state shaping / ep. : -133.452
terminal shaping / episode  : 0.786
DFA transitions / episode   : 0.36
DFA transitions in window   : 1->2: 30, 2->3: 6
epsilon (next episode)       : 0.33956
replay buffer                : 300000 samples [1: 87.4%, 2: 11.2%, 3: 1.3%, 4: 0.2%, 5: 0.0%]
DFA state visits in window   : 1: 22342, 2: 6999, 3: 700, 4: 0, 5: 0
DFA state visits cumulative  : 1: 902605, 2: 37911, 3: 3802, 4: 549, 5: 0
DFA state entries in window  : 1: 100, 2: 30, 3: 6, 4: 0, 5: 0
DFA state entries cumulative : 1: 5400, 2: 287, 3: 28, 4: 4, 5: 0
transitions cumulative       : 1->2: 287, 2->3: 28, 3->4: 4
accepted directly from s0    : 0
Gym endings cumulative       : terminated=5321, truncated=79

[Episode 5500/12000 | last 100]
success rate                : 0.0% (cumulative 0.0%)
failure rate                : 0.0% (cumulative 0.0%)
completed cycles / episode  : 0.000
synthetic task reward       : 0.000
shaping reward              : -135.931
learning reward             : -135.931
episode length              : 330.9
abstract changes / episode  : 52.4
same abstract-state steps   : 84.2%
same-state shaping / episode: 0.000
changed-state shaping / ep. : -135.931
terminal shaping / episode  : 0.062
DFA transitions / episode   : 0.48
DFA transitions in window   : 1->2: 33, 2->3: 14, 3->4: 1
epsilon (next episode)       : 0.33283
replay buffer                : 300000 samples [1: 84.4%, 2: 13.4%, 3: 2.0%, 4: 0.2%, 5: 0.0%]
DFA state visits in window   : 1: 22964, 2: 7902, 3: 2267, 4: 60, 5: 0
DFA state visits cumulative  : 1: 925569, 2: 45813, 3: 6069, 4: 609, 5: 0
DFA state entries in window  : 1: 100, 2: 33, 3: 14, 4: 1, 5: 0
DFA state entries cumulative : 1: 5500, 2: 320, 3: 42, 4: 5, 5: 0
transitions cumulative       : 1->2: 320, 2->3: 42, 3->4: 5
accepted directly from s0    : 0
Gym endings cumulative       : terminated=5418, truncated=82

Starting autonomous greedy evaluation at episode 5500 (1000 fixed-seed episodes)...
[Greedy evaluation at episode 5500 | 1000 fixed-seed episodes]
success=0.0%, failure=0.0%, task reward=0.000, length=959.7
DFA transitions: 1->2: 44, 2->3: 5, 3->4: 1

[Episode 5600/12000 | last 100]
success rate                : 1.0% (cumulative 0.0%)
failure rate                : 0.0% (cumulative 0.0%)
completed cycles / episode  : 0.000
synthetic task reward       : 100.000
shaping reward              : 28.164
learning reward             : 128.164
episode length              : 368.2
abstract changes / episode  : 55.1
same abstract-state steps   : 85.0%
same-state shaping / episode: 0.000
changed-state shaping / ep. : 28.164
terminal shaping / episode  : -3.738
DFA transitions / episode   : 0.62
DFA transitions in window   : 1->2: 35, 2->3: 20, 3->4: 6, 4->5: 1
epsilon (next episode)       : 0.32624
replay buffer                : 300000 samples [1: 79.9%, 2: 16.2%, 3: 3.4%, 4: 0.5%, 5: 0.0%]
DFA state visits in window   : 1: 22174, 2: 9509, 3: 4256, 4: 979, 5: 1
DFA state visits cumulative  : 1: 947743, 2: 55322, 3: 10325, 4: 1588, 5: 1
DFA state entries in window  : 1: 100, 2: 35, 3: 20, 4: 6, 5: 1
DFA state entries cumulative : 1: 5600, 2: 355, 3: 62, 4: 11, 5: 1
transitions cumulative       : 1->2: 355, 2->3: 62, 3->4: 11, 4->5: 1
accepted directly from s0    : 0
Gym endings cumulative       : terminated=5511, truncated=88

[Episode 5700/12000 | last 100]
success rate                : 0.0% (cumulative 0.0%)
failure rate                : 0.0% (cumulative 0.0%)
completed cycles / episode  : 0.000
synthetic task reward       : 0.000
shaping reward              : 154.828
learning reward             : 154.828
episode length              : 477.4
abstract changes / episode  : 67.8
same abstract-state steps   : 85.8%
same-state shaping / episode: 0.000
changed-state shaping / ep. : 154.828
terminal shaping / episode  : -0.788
DFA transitions / episode   : 0.80
DFA transitions in window   : 1->2: 55, 2->3: 23, 3->4: 2
epsilon (next episode)       : 0.31978
replay buffer                : 300000 samples [1: 75.6%, 2: 19.0%, 3: 4.8%, 4: 0.6%, 5: 0.0%]
DFA state visits in window   : 1: 28571, 2: 13311, 3: 5757, 4: 202, 5: 0
DFA state visits cumulative  : 1: 976314, 2: 68633, 3: 16082, 4: 1790, 5: 1
DFA state entries in window  : 1: 100, 2: 55, 3: 23, 4: 2, 5: 0
DFA state entries cumulative : 1: 5700, 2: 410, 3: 85, 4: 13, 5: 1
transitions cumulative       : 1->2: 410, 2->3: 85, 3->4: 13, 4->5: 1
accepted directly from s0    : 0
Gym endings cumulative       : terminated=5600, truncated=99

[Episode 5800/12000 | last 100]
success rate                : 0.0% (cumulative 0.0%)
failure rate                : 0.0% (cumulative 0.0%)
completed cycles / episode  : 0.000
synthetic task reward       : 0.000
shaping reward              : 80.785
learning reward             : 80.785
episode length              : 484.1
abstract changes / episode  : 69.4
same abstract-state steps   : 85.7%
same-state shaping / episode: 0.000
changed-state shaping / ep. : 80.785
terminal shaping / episode  : 0.023
DFA transitions / episode   : 0.73
DFA transitions in window   : 1->2: 47, 2->3: 23, 3->4: 3
epsilon (next episode)       : 0.31345
replay buffer                : 300000 samples [1: 71.8%, 2: 21.5%, 3: 6.0%, 4: 0.7%, 5: 0.0%]
DFA state visits in window   : 1: 32855, 2: 11343, 3: 3934, 4: 374, 5: 0
DFA state visits cumulative  : 1: 1009169, 2: 79976, 3: 20016, 4: 2164, 5: 1
DFA state entries in window  : 1: 100, 2: 47, 3: 23, 4: 3, 5: 0
DFA state entries cumulative : 1: 5800, 2: 457, 3: 108, 4: 16, 5: 1
transitions cumulative       : 1->2: 457, 2->3: 108, 3->4: 16, 4->5: 1
accepted directly from s0    : 0
Gym endings cumulative       : terminated=5690, truncated=109

[Episode 5900/12000 | last 100]
success rate                : 0.0% (cumulative 0.0%)
failure rate                : 0.0% (cumulative 0.0%)
completed cycles / episode  : 0.000
synthetic task reward       : 0.000
shaping reward              : 150.509
learning reward             : 150.509
episode length              : 484.0
abstract changes / episode  : 65.3
same abstract-state steps   : 86.5%
same-state shaping / episode: 0.000
changed-state shaping / ep. : 150.509
terminal shaping / episode  : -0.869
DFA transitions / episode   : 0.87
DFA transitions in window   : 1->2: 48, 2->3: 29, 3->4: 10
epsilon (next episode)       : 0.30724
replay buffer                : 300000 samples [1: 67.6%, 2: 22.9%, 3: 8.3%, 4: 1.2%, 5: 0.0%]
DFA state visits in window   : 1: 28959, 2: 11001, 3: 7044, 4: 1496, 5: 0
DFA state visits cumulative  : 1: 1038128, 2: 90977, 3: 27060, 4: 3660, 5: 1
DFA state entries in window  : 1: 100, 2: 48, 3: 29, 4: 10, 5: 0
DFA state entries cumulative : 1: 5900, 2: 505, 3: 137, 4: 26, 5: 1
transitions cumulative       : 1->2: 505, 2->3: 137, 3->4: 26, 4->5: 1
accepted directly from s0    : 0
Gym endings cumulative       : terminated=5777, truncated=122

[Episode 6000/12000 | last 100]
success rate                : 1.0% (cumulative 0.0%)
failure rate                : 0.0% (cumulative 0.0%)
completed cycles / episode  : 0.000
synthetic task reward       : 100.000
shaping reward              : 119.557
learning reward             : 219.557
episode length              : 459.0
abstract changes / episode  : 66.8
same abstract-state steps   : 85.4%
same-state shaping / episode: 0.000
changed-state shaping / ep. : 119.557
terminal shaping / episode  : 1.970
DFA transitions / episode   : 0.88
DFA transitions in window   : 1->2: 48, 2->3: 28, 3->4: 11, 4->5: 1
epsilon (next episode)       : 0.30116
replay buffer                : 300000 samples [1: 64.1%, 2: 24.2%, 3: 10.0%, 4: 1.7%, 5: 0.0%]
DFA state visits in window   : 1: 26681, 2: 11198, 3: 6071, 4: 2046, 5: 1
DFA state visits cumulative  : 1: 1064809, 2: 102175, 3: 33131, 4: 5706, 5: 2
DFA state entries in window  : 1: 100, 2: 48, 3: 28, 4: 11, 5: 1
DFA state entries cumulative : 1: 6000, 2: 553, 3: 165, 4: 37, 5: 2
transitions cumulative       : 1->2: 553, 2->3: 165, 3->4: 37, 4->5: 2
accepted directly from s0    : 0
Gym endings cumulative       : terminated=5865, truncated=133

Starting autonomous greedy evaluation at episode 6000 (1000 fixed-seed episodes)...
[Greedy evaluation at episode 6000 | 1000 fixed-seed episodes]
success=0.6%, failure=0.0%, task reward=60.000, length=938.3
DFA transitions: 1->2: 996, 2->3: 190, 3->4: 74, 4->5: 6
Best policy updated from autonomous greedy evaluation at episode 6000.

[Episode 6100/12000 | last 100]
success rate                : 0.0% (cumulative 0.0%)
failure rate                : 0.0% (cumulative 0.0%)
completed cycles / episode  : 0.000
synthetic task reward       : 0.000
shaping reward              : 165.648
learning reward             : 165.648
episode length              : 456.5
abstract changes / episode  : 66.2
same abstract-state steps   : 85.5%
same-state shaping / episode: 0.000
changed-state shaping / ep. : 165.648
terminal shaping / episode  : -2.261
DFA transitions / episode   : 1.01
DFA transitions in window   : 1->2: 60, 2->3: 34, 3->4: 7
epsilon (next episode)       : 0.29519
replay buffer                : 300000 samples [1: 59.8%, 2: 24.7%, 3: 13.3%, 4: 2.2%, 5: 0.0%]
DFA state visits in window   : 1: 22283, 2: 11041, 3: 11088, 4: 1336, 5: 0
DFA state visits cumulative  : 1: 1087092, 2: 113216, 3: 44219, 4: 7042, 5: 2
DFA state entries in window  : 1: 100, 2: 60, 3: 34, 4: 7, 5: 0
DFA state entries cumulative : 1: 6100, 2: 613, 3: 199, 4: 44, 5: 2
transitions cumulative       : 1->2: 613, 2->3: 199, 3->4: 44, 4->5: 2
accepted directly from s0    : 0
Gym endings cumulative       : terminated=5951, truncated=147

[Episode 6200/12000 | last 100]
success rate                : 2.0% (cumulative 0.1%)
failure rate                : 0.0% (cumulative 0.0%)
completed cycles / episode  : 0.000
synthetic task reward       : 200.000
shaping reward              : 287.910
learning reward             : 487.910
episode length              : 472.4
abstract changes / episode  : 70.7
same abstract-state steps   : 85.0%
same-state shaping / episode: 0.000
changed-state shaping / ep. : 287.910
terminal shaping / episode  : -0.188
DFA transitions / episode   : 1.18
DFA transitions in window   : 1->2: 62, 2->3: 41, 3->4: 13, 4->5: 2
epsilon (next episode)       : 0.28935
replay buffer                : 300000 samples [1: 57.0%, 2: 23.8%, 3: 16.2%, 4: 3.1%, 5: 0.0%]
DFA state visits in window   : 1: 22417, 2: 9265, 3: 12728, 4: 2930, 5: 2
DFA state visits cumulative  : 1: 1109509, 2: 122481, 3: 56947, 4: 9972, 5: 4
DFA state entries in window  : 1: 100, 2: 62, 3: 41, 4: 13, 5: 2
DFA state entries cumulative : 1: 6200, 2: 675, 3: 240, 4: 57, 5: 4
transitions cumulative       : 1->2: 675, 2->3: 240, 3->4: 57, 4->5: 4
accepted directly from s0    : 0
Gym endings cumulative       : terminated=6032, truncated=164

[Episode 6300/12000 | last 100]
success rate                : 2.0% (cumulative 0.1%)
failure rate                : 0.0% (cumulative 0.0%)
completed cycles / episode  : 0.000
synthetic task reward       : 200.000
shaping reward              : 52.692
learning reward             : 252.692
episode length              : 368.8
abstract changes / episode  : 61.0
same abstract-state steps   : 83.5%
same-state shaping / episode: 0.000
changed-state shaping / ep. : 52.692
terminal shaping / episode  : 4.268
DFA transitions / episode   : 0.87
DFA transitions in window   : 1->2: 51, 2->3: 25, 3->4: 9, 4->5: 2
epsilon (next episode)       : 0.28362
replay buffer                : 300000 samples [1: 56.1%, 2: 23.8%, 3: 16.7%, 4: 3.4%, 5: 0.0%]
DFA state visits in window   : 1: 18845, 2: 10036, 3: 6083, 4: 2009, 5: 2
DFA state visits cumulative  : 1: 1128354, 2: 132517, 3: 63030, 4: 11981, 5: 6
DFA state entries in window  : 1: 100, 2: 51, 3: 25, 4: 9, 5: 2
DFA state entries cumulative : 1: 6300, 2: 726, 3: 265, 4: 66, 5: 6
transitions cumulative       : 1->2: 726, 2->3: 265, 3->4: 66, 4->5: 6
accepted directly from s0    : 0
Gym endings cumulative       : terminated=6127, truncated=167

[Episode 6400/12000 | last 100]
success rate                : 2.0% (cumulative 0.1%)
failure rate                : 0.0% (cumulative 0.0%)
completed cycles / episode  : 0.000
synthetic task reward       : 200.000
shaping reward              : 149.201
learning reward             : 349.201
episode length              : 433.6
abstract changes / episode  : 67.9
same abstract-state steps   : 84.3%
same-state shaping / episode: 0.000
changed-state shaping / ep. : 149.201
terminal shaping / episode  : 1.182
DFA transitions / episode   : 0.94
DFA transitions in window   : 1->2: 58, 2->3: 25, 3->4: 9, 4->5: 2
epsilon (next episode)       : 0.27800
replay buffer                : 300000 samples [1: 55.0%, 2: 23.7%, 3: 17.4%, 4: 3.9%, 5: 0.0%]
DFA state visits in window   : 1: 24135, 2: 11310, 3: 6443, 4: 1569, 5: 2
DFA state visits cumulative  : 1: 1152489, 2: 143827, 3: 69473, 4: 13550, 5: 8
DFA state entries in window  : 1: 100, 2: 58, 3: 25, 4: 9, 5: 2
DFA state entries cumulative : 1: 6400, 2: 784, 3: 290, 4: 75, 5: 8
transitions cumulative       : 1->2: 784, 2->3: 290, 3->4: 75, 4->5: 8
accepted directly from s0    : 0
Gym endings cumulative       : terminated=6222, truncated=170

[Episode 6500/12000 | last 100]
success rate                : 2.0% (cumulative 0.2%)
failure rate                : 0.0% (cumulative 0.0%)
completed cycles / episode  : 0.000
synthetic task reward       : 200.000
shaping reward              : 162.985
learning reward             : 362.985
episode length              : 481.5
abstract changes / episode  : 74.3
same abstract-state steps   : 84.6%
same-state shaping / episode: 0.000
changed-state shaping / ep. : 162.985
terminal shaping / episode  : -1.919
DFA transitions / episode   : 1.08
DFA transitions in window   : 1->2: 58, 2->3: 38, 3->4: 10, 4->5: 2
epsilon (next episode)       : 0.27250
replay buffer                : 300000 samples [1: 53.0%, 2: 23.7%, 3: 18.6%, 4: 4.7%, 5: 0.0%]
DFA state visits in window   : 1: 25684, 2: 10438, 3: 9217, 4: 2906, 5: 2
DFA state visits cumulative  : 1: 1178173, 2: 154265, 3: 78690, 4: 16456, 5: 10
DFA state entries in window  : 1: 100, 2: 58, 3: 38, 4: 10, 5: 2
DFA state entries cumulative : 1: 6500, 2: 842, 3: 328, 4: 85, 5: 10
transitions cumulative       : 1->2: 842, 2->3: 328, 3->4: 85, 4->5: 10
accepted directly from s0    : 0
Gym endings cumulative       : terminated=6308, truncated=182

Starting autonomous greedy evaluation at episode 6500 (1000 fixed-seed episodes)...
[Greedy evaluation at episode 6500 | 1000 fixed-seed episodes]
success=0.2%, failure=0.0%, task reward=20.000, length=826.4
DFA transitions: 1->2: 703, 2->3: 307, 3->4: 7, 4->5: 2

[Episode 6600/12000 | last 100]
success rate                : 1.0% (cumulative 0.2%)
failure rate                : 0.0% (cumulative 0.0%)
completed cycles / episode  : 0.000
synthetic task reward       : 100.000
shaping reward              : 185.914
learning reward             : 285.914
episode length              : 440.2
abstract changes / episode  : 69.1
same abstract-state steps   : 84.3%
same-state shaping / episode: 0.000
changed-state shaping / ep. : 185.914
terminal shaping / episode  : 1.964
DFA transitions / episode   : 1.01
DFA transitions in window   : 1->2: 60, 2->3: 34, 3->4: 6, 4->5: 1
epsilon (next episode)       : 0.26710
replay buffer                : 300000 samples [1: 52.2%, 2: 24.0%, 3: 19.3%, 4: 4.4%, 5: 0.0%]
DFA state visits in window   : 1: 24507, 2: 11590, 3: 7154, 4: 865, 5: 1
DFA state visits cumulative  : 1: 1202680, 2: 165855, 3: 85844, 4: 17321, 5: 11
DFA state entries in window  : 1: 100, 2: 60, 3: 34, 4: 6, 5: 1
DFA state entries cumulative : 1: 6600, 2: 902, 3: 362, 4: 91, 5: 11
transitions cumulative       : 1->2: 902, 2->3: 362, 3->4: 91, 4->5: 11
accepted directly from s0    : 0
Gym endings cumulative       : terminated=6400, truncated=189

[Episode 6700/12000 | last 100]
success rate                : 4.0% (cumulative 0.2%)
failure rate                : 0.0% (cumulative 0.0%)
completed cycles / episode  : 0.000
synthetic task reward       : 400.000
shaping reward              : 352.642
learning reward             : 752.642
episode length              : 492.1
abstract changes / episode  : 78.0
same abstract-state steps   : 84.1%
same-state shaping / episode: 0.000
changed-state shaping / ep. : 352.642
terminal shaping / episode  : 3.982
DFA transitions / episode   : 1.30
DFA transitions in window   : 1->2: 72, 2->3: 39, 3->4: 15, 4->5: 4
epsilon (next episode)       : 0.26181
replay buffer                : 300000 samples [1: 51.7%, 2: 24.3%, 3: 19.5%, 4: 4.5%, 5: 0.0%]
DFA state visits in window   : 1: 24098, 2: 12956, 3: 10250, 4: 1999, 5: 4
DFA state visits cumulative  : 1: 1226778, 2: 178811, 3: 96094, 4: 19320, 5: 15
DFA state entries in window  : 1: 100, 2: 72, 3: 39, 4: 15, 5: 4
DFA state entries cumulative : 1: 6700, 2: 974, 3: 401, 4: 106, 5: 15
transitions cumulative       : 1->2: 974, 2->3: 401, 3->4: 106, 4->5: 15
accepted directly from s0    : 0
Gym endings cumulative       : terminated=6487, truncated=198

[Episode 6800/12000 | last 100]
success rate                : 1.0% (cumulative 0.2%)
failure rate                : 0.0% (cumulative 0.0%)
completed cycles / episode  : 0.000
synthetic task reward       : 100.000
shaping reward              : 195.101
learning reward             : 295.101
episode length              : 431.0
abstract changes / episode  : 69.3
same abstract-state steps   : 83.9%
same-state shaping / episode: 0.000
changed-state shaping / ep. : 195.101
terminal shaping / episode  : -0.619
DFA transitions / episode   : 1.10
DFA transitions in window   : 1->2: 62, 2->3: 38, 3->4: 9, 4->5: 1
epsilon (next episode)       : 0.25663
replay buffer                : 300000 samples [1: 53.0%, 2: 24.4%, 3: 18.4%, 4: 4.2%, 5: 0.0%]
DFA state visits in window   : 1: 24658, 2: 9766, 3: 7862, 4: 913, 5: 1
DFA state visits cumulative  : 1: 1251436, 2: 188577, 3: 103956, 4: 20233, 5: 16
DFA state entries in window  : 1: 100, 2: 62, 3: 38, 4: 9, 5: 1
DFA state entries cumulative : 1: 6800, 2: 1036, 3: 439, 4: 115, 5: 16
transitions cumulative       : 1->2: 1036, 2->3: 439, 3->4: 115, 4->5: 16
accepted directly from s0    : 0
Gym endings cumulative       : terminated=6577, truncated=207

[Episode 6900/12000 | last 100]
success rate                : 7.0% (cumulative 0.3%)
failure rate                : 0.0% (cumulative 0.0%)
completed cycles / episode  : 0.000
synthetic task reward       : 700.000
shaping reward              : 309.166
learning reward             : 1009.166
episode length              : 428.6
abstract changes / episode  : 70.3
same abstract-state steps   : 83.6%
same-state shaping / episode: 0.000
changed-state shaping / ep. : 309.166
terminal shaping / episode  : 7.794
DFA transitions / episode   : 1.08
DFA transitions in window   : 1->2: 57, 2->3: 32, 3->4: 12, 4->5: 7
epsilon (next episode)       : 0.25154
replay buffer                : 300000 samples [1: 53.4%, 2: 24.8%, 3: 18.3%, 4: 3.5%, 5: 0.0%]
DFA state visits in window   : 1: 22263, 2: 10993, 3: 8789, 4: 909, 5: 7
DFA state visits cumulative  : 1: 1273699, 2: 199570, 3: 112745, 4: 21142, 5: 23
DFA state entries in window  : 1: 100, 2: 57, 3: 32, 4: 12, 5: 7
DFA state entries cumulative : 1: 6900, 2: 1093, 3: 471, 4: 127, 5: 23
transitions cumulative       : 1->2: 1093, 2->3: 471, 3->4: 127, 4->5: 23
accepted directly from s0    : 0
Gym endings cumulative       : terminated=6662, truncated=215

[Episode 7000/12000 | last 100]
success rate                : 3.0% (cumulative 0.4%)
failure rate                : 0.0% (cumulative 0.0%)
completed cycles / episode  : 0.000
synthetic task reward       : 300.000
shaping reward              : 124.613
learning reward             : 424.613
episode length              : 357.4
abstract changes / episode  : 59.6
same abstract-state steps   : 83.3%
same-state shaping / episode: 0.000
changed-state shaping / ep. : 124.613
terminal shaping / episode  : 3.016
DFA transitions / episode   : 0.75
DFA transitions in window   : 1->2: 45, 2->3: 21, 3->4: 6, 4->5: 3
epsilon (next episode)       : 0.24656
replay buffer                : 300000 samples [1: 54.8%, 2: 24.3%, 3: 17.8%, 4: 3.1%, 5: 0.0%]
DFA state visits in window   : 1: 22826, 2: 7135, 3: 5303, 4: 574, 5: 3
DFA state visits cumulative  : 1: 1296525, 2: 206705, 3: 118048, 4: 21716, 5: 26
DFA state entries in window  : 1: 100, 2: 45, 3: 21, 4: 6, 5: 3
DFA state entries cumulative : 1: 7000, 2: 1138, 3: 492, 4: 133, 5: 26
transitions cumulative       : 1->2: 1138, 2->3: 492, 3->4: 133, 4->5: 26
accepted directly from s0    : 0
Gym endings cumulative       : terminated=6755, truncated=219

Starting autonomous greedy evaluation at episode 7000 (1000 fixed-seed episodes)...
[Greedy evaluation at episode 7000 | 1000 fixed-seed episodes]
success=0.1%, failure=0.0%, task reward=10.000, length=482.8
DFA transitions: 1->2: 794, 2->3: 348, 3->4: 183, 4->5: 1

[Episode 7100/12000 | last 100]
success rate                : 4.0% (cumulative 0.4%)
failure rate                : 0.0% (cumulative 0.0%)
completed cycles / episode  : 0.000
synthetic task reward       : 400.000
shaping reward              : 393.508
learning reward             : 793.508
episode length              : 424.1
abstract changes / episode  : 67.3
same abstract-state steps   : 84.1%
same-state shaping / episode: 0.000
changed-state shaping / ep. : 393.508
terminal shaping / episode  : 3.879
DFA transitions / episode   : 1.07
DFA transitions in window   : 1->2: 55, 2->3: 35, 3->4: 13, 4->5: 4
epsilon (next episode)       : 0.24168
replay buffer                : 300000 samples [1: 54.0%, 2: 24.0%, 3: 18.8%, 4: 3.2%, 5: 0.0%]
DFA state visits in window   : 1: 21288, 2: 10407, 3: 8951, 4: 1857, 5: 4
DFA state visits cumulative  : 1: 1317813, 2: 217112, 3: 126999, 4: 23573, 5: 30
DFA state entries in window  : 1: 100, 2: 55, 3: 35, 4: 13, 5: 4
DFA state entries cumulative : 1: 7100, 2: 1193, 3: 527, 4: 146, 5: 30
transitions cumulative       : 1->2: 1193, 2->3: 527, 3->4: 146, 4->5: 30
accepted directly from s0    : 0
Gym endings cumulative       : terminated=6843, truncated=228

[Episode 7200/12000 | last 100]
success rate                : 9.0% (cumulative 0.5%)
failure rate                : 0.0% (cumulative 0.0%)
completed cycles / episode  : 0.000
synthetic task reward       : 900.000
shaping reward              : 406.803
learning reward             : 1306.803
episode length              : 451.5
abstract changes / episode  : 68.8
same abstract-state steps   : 84.8%
same-state shaping / episode: 0.000
changed-state shaping / ep. : 406.803
terminal shaping / episode  : 6.804
DFA transitions / episode   : 1.17
DFA transitions in window   : 1->2: 57, 2->3: 34, 3->4: 17, 4->5: 9
epsilon (next episode)       : 0.23689
replay buffer                : 300000 samples [1: 53.8%, 2: 24.3%, 3: 18.9%, 4: 3.0%, 5: 0.0%]
DFA state visits in window   : 1: 22698, 2: 10886, 3: 9766, 4: 1890, 5: 9
DFA state visits cumulative  : 1: 1340511, 2: 227998, 3: 136765, 4: 25463, 5: 39
DFA state entries in window  : 1: 100, 2: 57, 3: 34, 4: 17, 5: 9
DFA state entries cumulative : 1: 7200, 2: 1250, 3: 561, 4: 163, 5: 39
transitions cumulative       : 1->2: 1250, 2->3: 561, 3->4: 163, 4->5: 39
accepted directly from s0    : 0
Gym endings cumulative       : terminated=6922, truncated=240

[Episode 7300/12000 | last 100]
success rate                : 15.0% (cumulative 0.7%)
failure rate                : 0.0% (cumulative 0.0%)
completed cycles / episode  : 0.000
synthetic task reward       : 1500.000
shaping reward              : 672.720
learning reward             : 2172.720
episode length              : 517.6
abstract changes / episode  : 73.5
same abstract-state steps   : 85.8%
same-state shaping / episode: 0.000
changed-state shaping / ep. : 672.720
terminal shaping / episode  : 14.511
DFA transitions / episode   : 1.50
DFA transitions in window   : 1->2: 63, 2->3: 44, 3->4: 28, 4->5: 15
epsilon (next episode)       : 0.23220
replay buffer                : 300000 samples [1: 52.1%, 2: 24.8%, 3: 19.3%, 4: 3.7%, 5: 0.0%]
DFA state visits in window   : 1: 22600, 2: 15906, 3: 10035, 4: 3300, 5: 15
DFA state visits cumulative  : 1: 1363111, 2: 243904, 3: 146800, 4: 28763, 5: 54
DFA state entries in window  : 1: 100, 2: 63, 3: 44, 4: 28, 5: 15
DFA state entries cumulative : 1: 7300, 2: 1313, 3: 605, 4: 191, 5: 54
transitions cumulative       : 1->2: 1313, 2->3: 605, 3->4: 191, 4->5: 54
accepted directly from s0    : 0
Gym endings cumulative       : terminated=6993, truncated=254

[Episode 7400/12000 | last 100]
success rate                : 18.0% (cumulative 1.0%)
failure rate                : 0.0% (cumulative 0.0%)
completed cycles / episode  : 0.000
synthetic task reward       : 1800.000
shaping reward              : 632.117
learning reward             : 2432.117
episode length              : 490.0
abstract changes / episode  : 77.5
same abstract-state steps   : 84.2%
same-state shaping / episode: 0.000
changed-state shaping / ep. : 632.117
terminal shaping / episode  : 17.968
DFA transitions / episode   : 1.62
DFA transitions in window   : 1->2: 71, 2->3: 47, 3->4: 26, 4->5: 18
epsilon (next episode)       : 0.22760
replay buffer                : 300000 samples [1: 50.6%, 2: 25.4%, 3: 19.9%, 4: 4.1%, 5: 0.0%]
DFA state visits in window   : 1: 22031, 2: 13231, 3: 10775, 4: 3042, 5: 18
DFA state visits cumulative  : 1: 1385142, 2: 257135, 3: 157575, 4: 31805, 5: 72
DFA state entries in window  : 1: 100, 2: 71, 3: 47, 4: 26, 5: 18
DFA state entries cumulative : 1: 7400, 2: 1384, 3: 652, 4: 217, 5: 72
transitions cumulative       : 1->2: 1384, 2->3: 652, 3->4: 217, 4->5: 72
accepted directly from s0    : 0
Gym endings cumulative       : terminated=7068, truncated=261

[Episode 7500/12000 | last 100]
success rate                : 14.0% (cumulative 1.1%)
failure rate                : 0.0% (cumulative 0.0%)
completed cycles / episode  : 0.000
synthetic task reward       : 1400.000
shaping reward              : 535.618
learning reward             : 1935.618
episode length              : 481.7
abstract changes / episode  : 79.0
same abstract-state steps   : 83.6%
same-state shaping / episode: 0.000
changed-state shaping / ep. : 535.618
terminal shaping / episode  : 12.210
DFA transitions / episode   : 1.54
DFA transitions in window   : 1->2: 70, 2->3: 46, 3->4: 24, 4->5: 14
epsilon (next episode)       : 0.22310
replay buffer                : 300000 samples [1: 49.1%, 2: 25.2%, 3: 21.1%, 4: 4.5%, 5: 0.0%]
DFA state visits in window   : 1: 22381, 2: 11354, 3: 12135, 4: 2390, 5: 14
DFA state visits cumulative  : 1: 1407523, 2: 268489, 3: 169710, 4: 34195, 5: 86
DFA state entries in window  : 1: 100, 2: 70, 3: 46, 4: 24, 5: 14
DFA state entries cumulative : 1: 7500, 2: 1454, 3: 698, 4: 241, 5: 86
transitions cumulative       : 1->2: 1454, 2->3: 698, 3->4: 241, 4->5: 86
accepted directly from s0    : 0
Gym endings cumulative       : terminated=7149, truncated=266

Starting autonomous greedy evaluation at episode 7500 (1000 fixed-seed episodes)...
[Greedy evaluation at episode 7500 | 1000 fixed-seed episodes]
success=4.6%, failure=0.0%, task reward=460.000, length=454.9
DFA transitions: 1->2: 116, 2->3: 75, 3->4: 54, 4->5: 46
Best policy updated from autonomous greedy evaluation at episode 7500.

[Episode 7600/12000 | last 100]
success rate                : 20.0% (cumulative 1.4%)
failure rate                : 0.0% (cumulative 0.0%)
completed cycles / episode  : 0.000
synthetic task reward       : 2000.000
shaping reward              : 645.496
learning reward             : 2645.496
episode length              : 570.6
abstract changes / episode  : 89.7
same abstract-state steps   : 84.3%
same-state shaping / episode: 0.000
changed-state shaping / ep. : 645.496
terminal shaping / episode  : 18.589
DFA transitions / episode   : 1.67
DFA transitions in window   : 1->2: 68, 2->3: 51, 3->4: 28, 4->5: 20
epsilon (next episode)       : 0.21868
replay buffer                : 300000 samples [1: 47.7%, 2: 25.2%, 3: 22.1%, 4: 5.0%, 5: 0.0%]
DFA state visits in window   : 1: 29449, 2: 12932, 3: 12350, 4: 2410, 5: 20
DFA state visits cumulative  : 1: 1436972, 2: 281421, 3: 182060, 4: 36605, 5: 106
DFA state entries in window  : 1: 100, 2: 68, 3: 51, 4: 28, 5: 20
DFA state entries cumulative : 1: 7600, 2: 1522, 3: 749, 4: 269, 5: 106
transitions cumulative       : 1->2: 1522, 2->3: 749, 3->4: 269, 4->5: 106
accepted directly from s0    : 0
Gym endings cumulative       : terminated=7213, truncated=282

[Episode 7700/12000 | last 100]
success rate                : 22.0% (cumulative 1.7%)
failure rate                : 0.0% (cumulative 0.0%)
completed cycles / episode  : 0.000
synthetic task reward       : 2200.000
shaping reward              : 713.860
learning reward             : 2913.860
episode length              : 470.7
abstract changes / episode  : 72.0
same abstract-state steps   : 84.7%
same-state shaping / episode: 0.000
changed-state shaping / ep. : 713.860
terminal shaping / episode  : 20.550
DFA transitions / episode   : 1.65
DFA transitions in window   : 1->2: 64, 2->3: 50, 3->4: 29, 4->5: 22
epsilon (next episode)       : 0.21435
replay buffer                : 300000 samples [1: 47.4%, 2: 25.4%, 3: 22.0%, 4: 5.2%, 5: 0.0%]
DFA state visits in window   : 1: 22944, 2: 11767, 3: 10075, 4: 2365, 5: 22
DFA state visits cumulative  : 1: 1459916, 2: 293188, 3: 192135, 4: 38970, 5: 128
DFA state entries in window  : 1: 100, 2: 64, 3: 50, 4: 29, 5: 22
DFA state entries cumulative : 1: 7700, 2: 1586, 3: 799, 4: 298, 5: 128
transitions cumulative       : 1->2: 1586, 2->3: 799, 3->4: 298, 4->5: 128
accepted directly from s0    : 0
Gym endings cumulative       : terminated=7283, truncated=290

[Episode 7800/12000 | last 100]
success rate                : 30.0% (cumulative 2.0%)
failure rate                : 0.0% (cumulative 0.0%)
completed cycles / episode  : 0.000
synthetic task reward       : 3000.000
shaping reward              : 702.867
learning reward             : 3702.867
episode length              : 455.1
abstract changes / episode  : 69.8
same abstract-state steps   : 84.7%
same-state shaping / episode: 0.000
changed-state shaping / ep. : 702.867
terminal shaping / episode  : 27.758
DFA transitions / episode   : 1.66
DFA transitions in window   : 1->2: 59, 2->3: 43, 3->4: 34, 4->5: 30
epsilon (next episode)       : 0.21010
replay buffer                : 300000 samples [1: 48.1%, 2: 25.1%, 3: 21.4%, 4: 5.4%, 5: 0.0%]
DFA state visits in window   : 1: 24530, 2: 10129, 3: 8193, 4: 2723, 5: 30
DFA state visits cumulative  : 1: 1484446, 2: 303317, 3: 200328, 4: 41693, 5: 158
DFA state entries in window  : 1: 100, 2: 59, 3: 43, 4: 34, 5: 30
DFA state entries cumulative : 1: 7800, 2: 1645, 3: 842, 4: 332, 5: 158
transitions cumulative       : 1->2: 1645, 2->3: 842, 3->4: 332, 4->5: 158
accepted directly from s0    : 0
Gym endings cumulative       : terminated=7350, truncated=293

[Episode 7900/12000 | last 100]
success rate                : 26.0% (cumulative 2.3%)
failure rate                : 0.0% (cumulative 0.0%)
completed cycles / episode  : 0.000
synthetic task reward       : 2600.000
shaping reward              : 779.937
learning reward             : 3379.937
episode length              : 446.1
abstract changes / episode  : 68.9
same abstract-state steps   : 84.6%
same-state shaping / episode: 0.000
changed-state shaping / ep. : 779.937
terminal shaping / episode  : 26.000
DFA transitions / episode   : 1.70
DFA transitions in window   : 1->2: 66, 2->3: 44, 3->4: 34, 4->5: 26
epsilon (next episode)       : 0.20594
replay buffer                : 300000 samples [1: 48.8%, 2: 24.3%, 3: 21.4%, 4: 5.5%, 5: 0.0%]
DFA state visits in window   : 1: 22118, 2: 10652, 3: 8842, 4: 3076, 5: 26
DFA state visits cumulative  : 1: 1506564, 2: 313969, 3: 209170, 4: 44769, 5: 184
DFA state entries in window  : 1: 100, 2: 66, 3: 44, 4: 34, 5: 26
DFA state entries cumulative : 1: 7900, 2: 1711, 3: 886, 4: 366, 5: 184
transitions cumulative       : 1->2: 1711, 2->3: 886, 3->4: 366, 4->5: 184
accepted directly from s0    : 0
Gym endings cumulative       : terminated=7421, truncated=296

[Episode 8000/12000 | last 100]
success rate                : 20.0% (cumulative 2.5%)
failure rate                : 0.0% (cumulative 0.0%)
completed cycles / episode  : 0.000
synthetic task reward       : 2000.000
shaping reward              : 492.748
learning reward             : 2492.748
episode length              : 407.2
abstract changes / episode  : 59.7
same abstract-state steps   : 85.3%
same-state shaping / episode: 0.000
changed-state shaping / ep. : 492.748
terminal shaping / episode  : 18.479
DFA transitions / episode   : 1.24
DFA transitions in window   : 1->2: 52, 2->3: 31, 3->4: 21, 4->5: 20
epsilon (next episode)       : 0.20186
replay buffer                : 300000 samples [1: 52.1%, 2: 22.7%, 3: 20.2%, 4: 5.1%, 5: 0.0%]
DFA state visits in window   : 1: 26422, 2: 7175, 3: 5689, 4: 1511, 5: 20
DFA state visits cumulative  : 1: 1532986, 2: 321144, 3: 214859, 4: 46280, 5: 204
DFA state entries in window  : 1: 100, 2: 52, 3: 31, 4: 21, 5: 20
DFA state entries cumulative : 1: 8000, 2: 1763, 3: 917, 4: 387, 5: 204
transitions cumulative       : 1->2: 1763, 2->3: 917, 3->4: 387, 4->5: 204
accepted directly from s0    : 0
Gym endings cumulative       : terminated=7495, truncated=302

Starting autonomous greedy evaluation at episode 8000 (1000 fixed-seed episodes)...
[Greedy evaluation at episode 8000 | 1000 fixed-seed episodes]
success=0.0%, failure=0.0%, task reward=0.000, length=279.8
DFA transitions: 1->2: 234, 2->3: 24, 3->4: 1

[Episode 8100/12000 | last 100]
success rate                : 25.0% (cumulative 2.8%)
failure rate                : 0.0% (cumulative 0.0%)
completed cycles / episode  : 0.000
synthetic task reward       : 2500.000
shaping reward              : 755.699
learning reward             : 3255.699
episode length              : 397.2
abstract changes / episode  : 59.9
same abstract-state steps   : 84.9%
same-state shaping / episode: 0.000
changed-state shaping / ep. : 755.699
terminal shaping / episode  : 22.602
DFA transitions / episode   : 1.65
DFA transitions in window   : 1->2: 70, 2->3: 40, 3->4: 30, 4->5: 25
epsilon (next episode)       : 0.19787
replay buffer                : 300000 samples [1: 52.4%, 2: 22.9%, 3: 19.4%, 4: 5.3%, 5: 0.0%]
DFA state visits in window   : 1: 19412, 2: 10936, 3: 6842, 4: 2602, 5: 25
DFA state visits cumulative  : 1: 1552398, 2: 332080, 3: 221701, 4: 48882, 5: 229
DFA state entries in window  : 1: 100, 2: 70, 3: 40, 4: 30, 5: 25
DFA state entries cumulative : 1: 8100, 2: 1833, 3: 957, 4: 417, 5: 229
transitions cumulative       : 1->2: 1833, 2->3: 957, 3->4: 417, 4->5: 229
accepted directly from s0    : 0
Gym endings cumulative       : terminated=7567, truncated=305

[Episode 8200/12000 | last 100]
success rate                : 26.0% (cumulative 3.1%)
failure rate                : 0.0% (cumulative 0.0%)
completed cycles / episode  : 0.000
synthetic task reward       : 2600.000
shaping reward              : 556.823
learning reward             : 3156.823
episode length              : 355.9
abstract changes / episode  : 57.6
same abstract-state steps   : 83.8%
same-state shaping / episode: 0.000
changed-state shaping / ep. : 556.823
terminal shaping / episode  : 23.725
DFA transitions / episode   : 1.45
DFA transitions in window   : 1->2: 51, 2->3: 37, 3->4: 31, 4->5: 26
epsilon (next episode)       : 0.19395
replay buffer                : 300000 samples [1: 52.4%, 2: 22.8%, 3: 19.2%, 4: 5.6%, 5: 0.0%]
DFA state visits in window   : 1: 17889, 2: 7266, 3: 8135, 4: 2372, 5: 26
DFA state visits cumulative  : 1: 1570287, 2: 339346, 3: 229836, 4: 51254, 5: 255
DFA state entries in window  : 1: 100, 2: 51, 3: 37, 4: 31, 5: 26
DFA state entries cumulative : 1: 8200, 2: 1884, 3: 994, 4: 448, 5: 255
transitions cumulative       : 1->2: 1884, 2->3: 994, 3->4: 448, 4->5: 255
accepted directly from s0    : 0
Gym endings cumulative       : terminated=7640, truncated=306

[Episode 8300/12000 | last 100]
success rate                : 41.0% (cumulative 3.6%)
failure rate                : 0.0% (cumulative 0.0%)
completed cycles / episode  : 0.000
synthetic task reward       : 4100.000
shaping reward              : 967.103
learning reward             : 5067.103
episode length              : 447.7
abstract changes / episode  : 64.5
same abstract-state steps   : 85.6%
same-state shaping / episode: 0.000
changed-state shaping / ep. : 967.103
terminal shaping / episode  : 37.126
DFA transitions / episode   : 2.08
DFA transitions in window   : 1->2: 68, 2->3: 54, 3->4: 45, 4->5: 41
epsilon (next episode)       : 0.19011
replay buffer                : 300000 samples [1: 51.3%, 2: 23.1%, 3: 19.3%, 4: 6.3%, 5: 0.0%]
DFA state visits in window   : 1: 20089, 2: 10735, 3: 10030, 4: 3972, 5: 41
DFA state visits cumulative  : 1: 1590376, 2: 350081, 3: 239866, 4: 55226, 5: 296
DFA state entries in window  : 1: 100, 2: 68, 3: 54, 4: 45, 5: 41
DFA state entries cumulative : 1: 8300, 2: 1952, 3: 1048, 4: 493, 5: 296
transitions cumulative       : 1->2: 1952, 2->3: 1048, 3->4: 493, 4->5: 296
accepted directly from s0    : 0
Gym endings cumulative       : terminated=7695, truncated=310

[Episode 8400/12000 | last 100]
success rate                : 35.0% (cumulative 3.9%)
failure rate                : 0.0% (cumulative 0.0%)
completed cycles / episode  : 0.000
synthetic task reward       : 3500.000
shaping reward              : 898.032
learning reward             : 4398.032
episode length              : 443.0
abstract changes / episode  : 69.4
same abstract-state steps   : 84.3%
same-state shaping / episode: 0.000
changed-state shaping / ep. : 898.032
terminal shaping / episode  : 34.275
DFA transitions / episode   : 2.00
DFA transitions in window   : 1->2: 70, 2->3: 53, 3->4: 42, 4->5: 35
epsilon (next episode)       : 0.18634
replay buffer                : 300000 samples [1: 50.3%, 2: 23.1%, 3: 19.9%, 4: 6.7%, 5: 0.0%]
DFA state visits in window   : 1: 18914, 2: 11023, 3: 10814, 4: 3616, 5: 35
DFA state visits cumulative  : 1: 1609290, 2: 361104, 3: 250680, 4: 58842, 5: 331
DFA state entries in window  : 1: 100, 2: 70, 3: 53, 4: 42, 5: 35
DFA state entries cumulative : 1: 8400, 2: 2022, 3: 1101, 4: 535, 5: 331
transitions cumulative       : 1->2: 2022, 2->3: 1101, 3->4: 535, 4->5: 331
accepted directly from s0    : 0
Gym endings cumulative       : terminated=7758, truncated=312

[Episode 8500/12000 | last 100]
success rate                : 46.0% (cumulative 4.4%)
failure rate                : 0.0% (cumulative 0.0%)
completed cycles / episode  : 0.000
synthetic task reward       : 4600.000
shaping reward              : 1282.352
learning reward             : 5882.352
episode length              : 559.8
abstract changes / episode  : 84.3
same abstract-state steps   : 84.9%
same-state shaping / episode: 0.000
changed-state shaping / ep. : 1282.352
terminal shaping / episode  : 44.457
DFA transitions / episode   : 2.52
DFA transitions in window   : 1->2: 84, 2->3: 65, 3->4: 57, 4->5: 46
epsilon (next episode)       : 0.18265
replay buffer                : 300000 samples [1: 47.6%, 2: 24.8%, 3: 20.6%, 4: 7.1%, 5: 0.0%]
DFA state visits in window   : 1: 21487, 2: 18206, 3: 12017, 4: 4328, 5: 46
DFA state visits cumulative  : 1: 1630777, 2: 379310, 3: 262697, 4: 63170, 5: 377
DFA state entries in window  : 1: 100, 2: 84, 3: 65, 4: 57, 5: 46
DFA state entries cumulative : 1: 8500, 2: 2106, 3: 1166, 4: 592, 5: 377
transitions cumulative       : 1->2: 2106, 2->3: 1166, 3->4: 592, 4->5: 377
accepted directly from s0    : 0
Gym endings cumulative       : terminated=7808, truncated=316

Starting autonomous greedy evaluation at episode 8500 (1000 fixed-seed episodes)...
[Greedy evaluation at episode 8500 | 1000 fixed-seed episodes]
success=16.9%, failure=0.0%, task reward=1690.000, length=500.4
DFA transitions: 1->2: 625, 2->3: 603, 3->4: 261, 4->5: 169
Best policy updated from autonomous greedy evaluation at episode 8500.

[Episode 8600/12000 | last 100]
success rate                : 32.0% (cumulative 4.8%)
failure rate                : 0.0% (cumulative 0.0%)
completed cycles / episode  : 0.000
synthetic task reward       : 3200.000
shaping reward              : 1075.596
learning reward             : 4275.596
episode length              : 532.2
abstract changes / episode  : 72.0
same abstract-state steps   : 86.5%
same-state shaping / episode: 0.000
changed-state shaping / ep. : 1075.596
terminal shaping / episode  : 32.990
DFA transitions / episode   : 2.07
DFA transitions in window   : 1->2: 75, 2->3: 58, 3->4: 42, 4->5: 32
epsilon (next episode)       : 0.17904
replay buffer                : 300000 samples [1: 46.7%, 2: 25.9%, 3: 20.4%, 4: 7.0%, 5: 0.0%]
DFA state visits in window   : 1: 24424, 2: 15260, 3: 10361, 4: 3243, 5: 32
DFA state visits cumulative  : 1: 1655201, 2: 394570, 3: 273058, 4: 66413, 5: 409
DFA state entries in window  : 1: 100, 2: 75, 3: 58, 4: 42, 5: 32
DFA state entries cumulative : 1: 8600, 2: 2181, 3: 1224, 4: 634, 5: 409
transitions cumulative       : 1->2: 2181, 2->3: 1224, 3->4: 634, 4->5: 409
accepted directly from s0    : 0
Gym endings cumulative       : terminated=7861, truncated=331

[Episode 8700/12000 | last 100]
success rate                : 35.0% (cumulative 5.1%)
failure rate                : 0.0% (cumulative 0.0%)
completed cycles / episode  : 0.000
synthetic task reward       : 3500.000
shaping reward              : 1060.272
learning reward             : 4560.272
episode length              : 513.2
abstract changes / episode  : 70.9
same abstract-state steps   : 86.2%
same-state shaping / episode: 0.000
changed-state shaping / ep. : 1060.272
terminal shaping / episode  : 32.795
DFA transitions / episode   : 2.26
DFA transitions in window   : 1->2: 76, 2->3: 64, 3->4: 51, 4->5: 35
epsilon (next episode)       : 0.17549
replay buffer                : 300000 samples [1: 44.1%, 2: 25.9%, 3: 21.7%, 4: 8.4%, 5: 0.0%]
DFA state visits in window   : 1: 22241, 2: 11203, 3: 11184, 4: 6760, 5: 35
DFA state visits cumulative  : 1: 1677442, 2: 405773, 3: 284242, 4: 73173, 5: 444
DFA state entries in window  : 1: 100, 2: 76, 3: 64, 4: 51, 5: 35
DFA state entries cumulative : 1: 8700, 2: 2257, 3: 1288, 4: 685, 5: 444
transitions cumulative       : 1->2: 2257, 2->3: 1288, 3->4: 685, 4->5: 444
accepted directly from s0    : 0
Gym endings cumulative       : terminated=7919, truncated=338

[Episode 8800/12000 | last 100]
success rate                : 43.0% (cumulative 5.5%)
failure rate                : 0.0% (cumulative 0.0%)
completed cycles / episode  : 0.000
synthetic task reward       : 4300.000
shaping reward              : 1142.492
learning reward             : 5442.492
episode length              : 524.9
abstract changes / episode  : 73.5
same abstract-state steps   : 86.0%
same-state shaping / episode: 0.000
changed-state shaping / ep. : 1142.492
terminal shaping / episode  : 40.788
DFA transitions / episode   : 2.37
DFA transitions in window   : 1->2: 74, 2->3: 64, 3->4: 56, 4->5: 43
epsilon (next episode)       : 0.17201
replay buffer                : 300000 samples [1: 44.5%, 2: 25.0%, 3: 21.7%, 4: 8.8%, 5: 0.0%]
DFA state visits in window   : 1: 27212, 2: 9424, 3: 11176, 4: 4736, 5: 43
DFA state visits cumulative  : 1: 1704654, 2: 415197, 3: 295418, 4: 77909, 5: 487
DFA state entries in window  : 1: 100, 2: 74, 3: 64, 4: 56, 5: 43
DFA state entries cumulative : 1: 8800, 2: 2331, 3: 1352, 4: 741, 5: 487
transitions cumulative       : 1->2: 2331, 2->3: 1352, 3->4: 741, 4->5: 487
accepted directly from s0    : 0
Gym endings cumulative       : terminated=7969, truncated=345

[Episode 8900/12000 | last 100]
success rate                : 49.0% (cumulative 6.0%)
failure rate                : 0.0% (cumulative 0.0%)
completed cycles / episode  : 0.000
synthetic task reward       : 4900.000
shaping reward              : 1374.423
learning reward             : 6274.423
episode length              : 495.7
abstract changes / episode  : 67.9
same abstract-state steps   : 86.3%
same-state shaping / episode: 0.000
changed-state shaping / ep. : 1374.423
terminal shaping / episode  : 48.230
DFA transitions / episode   : 2.53
DFA transitions in window   : 1->2: 78, 2->3: 67, 3->4: 59, 4->5: 49
epsilon (next episode)       : 0.16861
replay buffer                : 300000 samples [1: 43.3%, 2: 25.1%, 3: 22.6%, 4: 9.0%, 5: 0.0%]
DFA state visits in window   : 1: 18888, 2: 12218, 3: 13488, 4: 5030, 5: 49
DFA state visits cumulative  : 1: 1723542, 2: 427415, 3: 308906, 4: 82939, 5: 536
DFA state entries in window  : 1: 100, 2: 78, 3: 67, 4: 59, 5: 49
DFA state entries cumulative : 1: 8900, 2: 2409, 3: 1419, 4: 800, 5: 536
transitions cumulative       : 1->2: 2409, 2->3: 1419, 3->4: 800, 4->5: 536
accepted directly from s0    : 0
Gym endings cumulative       : terminated=8014, truncated=351

[Episode 9000/12000 | last 100]
success rate                : 31.0% (cumulative 6.3%)
failure rate                : 0.0% (cumulative 0.0%)
completed cycles / episode  : 0.000
synthetic task reward       : 3100.000
shaping reward              : 852.489
learning reward             : 3952.489
episode length              : 347.9
abstract changes / episode  : 49.6
same abstract-state steps   : 85.7%
same-state shaping / episode: 0.000
changed-state shaping / ep. : 852.489
terminal shaping / episode  : 29.512
DFA transitions / episode   : 1.67
DFA transitions in window   : 1->2: 57, 2->3: 43, 3->4: 36, 4->5: 31
epsilon (next episode)       : 0.16527
replay buffer                : 300000 samples [1: 43.3%, 2: 25.5%, 3: 22.0%, 4: 9.1%, 5: 0.0%]
DFA state visits in window   : 1: 14708, 2: 9874, 3: 7235, 4: 3042, 5: 31
DFA state visits cumulative  : 1: 1738250, 2: 437289, 3: 316141, 4: 85981, 5: 567
DFA state entries in window  : 1: 100, 2: 57, 3: 43, 4: 36, 5: 31
DFA state entries cumulative : 1: 9000, 2: 2466, 3: 1462, 4: 836, 5: 567
transitions cumulative       : 1->2: 2466, 2->3: 1462, 3->4: 836, 4->5: 567
accepted directly from s0    : 0
Gym endings cumulative       : terminated=8082, truncated=352

Starting autonomous greedy evaluation at episode 9000 (1000 fixed-seed episodes)...
[Greedy evaluation at episode 9000 | 1000 fixed-seed episodes]
success=8.5%, failure=0.0%, task reward=850.000, length=179.6
DFA transitions: 1->2: 230, 2->3: 119, 3->4: 100, 4->5: 85

[Episode 9100/12000 | last 100]
success rate                : 11.0% (cumulative 6.4%)
failure rate                : 0.0% (cumulative 0.0%)
completed cycles / episode  : 0.000
synthetic task reward       : 1100.000
shaping reward              : 410.402
learning reward             : 1510.402
episode length              : 315.5
abstract changes / episode  : 45.7
same abstract-state steps   : 85.5%
same-state shaping / episode: 0.000
changed-state shaping / ep. : 410.402
terminal shaping / episode  : 11.810
DFA transitions / episode   : 1.03
DFA transitions in window   : 1->2: 54, 2->3: 27, 3->4: 11, 4->5: 11
epsilon (next episode)       : 0.16200
replay buffer                : 300000 samples [1: 46.3%, 2: 24.1%, 3: 21.1%, 4: 8.5%, 5: 0.0%]
DFA state visits in window   : 1: 20476, 2: 6664, 3: 3699, 4: 798, 5: 11
DFA state visits cumulative  : 1: 1758726, 2: 443953, 3: 319840, 4: 86779, 5: 578
DFA state entries in window  : 1: 100, 2: 54, 3: 27, 4: 11, 5: 11
DFA state entries cumulative : 1: 9100, 2: 2520, 3: 1489, 4: 847, 5: 578
transitions cumulative       : 1->2: 2520, 2->3: 1489, 3->4: 847, 4->5: 578
accepted directly from s0    : 0
Gym endings cumulative       : terminated=8166, truncated=357

[Episode 9200/12000 | last 100]
success rate                : 18.0% (cumulative 6.5%)
failure rate                : 0.0% (cumulative 0.0%)
completed cycles / episode  : 0.000
synthetic task reward       : 1800.000
shaping reward              : 620.965
learning reward             : 2420.965
episode length              : 438.3
abstract changes / episode  : 64.8
same abstract-state steps   : 85.2%
same-state shaping / episode: 0.000
changed-state shaping / ep. : 620.965
terminal shaping / episode  : 15.571
DFA transitions / episode   : 1.40
DFA transitions in window   : 1->2: 63, 2->3: 35, 3->4: 24, 4->5: 18
epsilon (next episode)       : 0.15879
replay buffer                : 300000 samples [1: 48.9%, 2: 22.7%, 3: 20.3%, 4: 8.1%, 5: 0.0%]
DFA state visits in window   : 1: 24999, 2: 9488, 3: 7703, 4: 1723, 5: 18
DFA state visits cumulative  : 1: 1783725, 2: 453441, 3: 327543, 4: 88502, 5: 596
DFA state entries in window  : 1: 100, 2: 63, 3: 35, 4: 24, 5: 18
DFA state entries cumulative : 1: 9200, 2: 2583, 3: 1524, 4: 871, 5: 596
transitions cumulative       : 1->2: 2583, 2->3: 1524, 3->4: 871, 4->5: 596
accepted directly from s0    : 0
Gym endings cumulative       : terminated=8238, truncated=367

[Episode 9300/12000 | last 100]
success rate                : 15.0% (cumulative 6.6%)
failure rate                : 0.0% (cumulative 0.0%)
completed cycles / episode  : 0.000
synthetic task reward       : 1500.000
shaping reward              : 526.334
learning reward             : 2026.334
episode length              : 348.4
abstract changes / episode  : 58.9
same abstract-state steps   : 83.1%
same-state shaping / episode: 0.000
changed-state shaping / ep. : 526.334
terminal shaping / episode  : 15.810
DFA transitions / episode   : 1.49
DFA transitions in window   : 1->2: 80, 2->3: 35, 3->4: 19, 4->5: 15
epsilon (next episode)       : 0.15564
replay buffer                : 300000 samples [1: 47.6%, 2: 23.7%, 3: 21.0%, 4: 7.8%, 5: 0.0%]
DFA state visits in window   : 1: 14196, 2: 11773, 3: 7883, 4: 1071, 5: 15
DFA state visits cumulative  : 1: 1797921, 2: 465214, 3: 335426, 4: 89573, 5: 611
DFA state entries in window  : 1: 100, 2: 80, 3: 35, 4: 19, 5: 15
DFA state entries cumulative : 1: 9300, 2: 2663, 3: 1559, 4: 890, 5: 611
transitions cumulative       : 1->2: 2663, 2->3: 1559, 3->4: 890, 4->5: 611
accepted directly from s0    : 0
Gym endings cumulative       : terminated=8322, truncated=368

[Episode 9400/12000 | last 100]
success rate                : 35.0% (cumulative 6.9%)
failure rate                : 0.0% (cumulative 0.0%)
completed cycles / episode  : 0.000
synthetic task reward       : 3500.000
shaping reward              : 988.274
learning reward             : 4488.274
episode length              : 420.8
abstract changes / episode  : 64.4
same abstract-state steps   : 84.7%
same-state shaping / episode: 0.000
changed-state shaping / ep. : 988.274
terminal shaping / episode  : 34.182
DFA transitions / episode   : 2.08
DFA transitions in window   : 1->2: 77, 2->3: 54, 3->4: 42, 4->5: 35
epsilon (next episode)       : 0.15256
replay buffer                : 300000 samples [1: 47.2%, 2: 24.5%, 3: 21.3%, 4: 7.0%, 5: 0.0%]
DFA state visits in window   : 1: 16213, 2: 12253, 3: 10738, 4: 2944, 5: 35
DFA state visits cumulative  : 1: 1814134, 2: 477467, 3: 346164, 4: 92517, 5: 646
DFA state entries in window  : 1: 100, 2: 77, 3: 54, 4: 42, 5: 35
DFA state entries cumulative : 1: 9400, 2: 2740, 3: 1613, 4: 932, 5: 646
transitions cumulative       : 1->2: 2740, 2->3: 1613, 3->4: 932, 4->5: 646
accepted directly from s0    : 0
Gym endings cumulative       : terminated=8382, truncated=373

[Episode 9500/12000 | last 100]
success rate                : 38.0% (cumulative 7.2%)
failure rate                : 0.0% (cumulative 0.0%)
completed cycles / episode  : 0.000
synthetic task reward       : 3800.000
shaping reward              : 952.606
learning reward             : 4752.606
episode length              : 384.6
abstract changes / episode  : 58.9
same abstract-state steps   : 84.7%
same-state shaping / episode: 0.000
changed-state shaping / ep. : 952.606
terminal shaping / episode  : 38.000
DFA transitions / episode   : 2.14
DFA transitions in window   : 1->2: 76, 2->3: 57, 3->4: 43, 4->5: 38
epsilon (next episode)       : 0.14954
replay buffer                : 300000 samples [1: 45.6%, 2: 25.2%, 3: 22.5%, 4: 6.6%, 5: 0.0%]
DFA state visits in window   : 1: 15493, 2: 8910, 3: 11108, 4: 3012, 5: 38
DFA state visits cumulative  : 1: 1829627, 2: 486377, 3: 357272, 4: 95529, 5: 684
DFA state entries in window  : 1: 100, 2: 76, 3: 57, 4: 43, 5: 38
DFA state entries cumulative : 1: 9500, 2: 2816, 3: 1670, 4: 975, 5: 684
transitions cumulative       : 1->2: 2816, 2->3: 1670, 3->4: 975, 4->5: 684
accepted directly from s0    : 0
Gym endings cumulative       : terminated=8444, truncated=373

Starting autonomous greedy evaluation at episode 9500 (1000 fixed-seed episodes)...
[Greedy evaluation at episode 9500 | 1000 fixed-seed episodes]
success=70.6%, failure=0.0%, task reward=7060.000, length=369.7
DFA transitions: 1->2: 731, 2->3: 716, 3->4: 711, 4->5: 706
Best policy updated from autonomous greedy evaluation at episode 9500.

[Episode 9600/12000 | last 100]
success rate                : 50.0% (cumulative 7.6%)
failure rate                : 0.0% (cumulative 0.0%)
completed cycles / episode  : 0.000
synthetic task reward       : 5000.000
shaping reward              : 1236.243
learning reward             : 6236.243
episode length              : 454.1
abstract changes / episode  : 69.7
same abstract-state steps   : 84.6%
same-state shaping / episode: 0.000
changed-state shaping / ep. : 1236.243
terminal shaping / episode  : 46.905
DFA transitions / episode   : 2.54
DFA transitions in window   : 1->2: 77, 2->3: 68, 3->4: 59, 4->5: 50
epsilon (next episode)       : 0.14658
replay buffer                : 300000 samples [1: 44.9%, 2: 25.8%, 3: 22.6%, 4: 6.7%, 5: 0.0%]
DFA state visits in window   : 1: 17719, 2: 11066, 3: 11676, 4: 5004, 5: 50
DFA state visits cumulative  : 1: 1847346, 2: 497443, 3: 368948, 4: 100533, 5: 734
DFA state entries in window  : 1: 100, 2: 77, 3: 68, 4: 59, 5: 50
DFA state entries cumulative : 1: 9600, 2: 2893, 3: 1738, 4: 1034, 5: 734
transitions cumulative       : 1->2: 2893, 2->3: 1738, 3->4: 1034, 4->5: 734
accepted directly from s0    : 0
Gym endings cumulative       : terminated=8492, truncated=375

[Episode 9700/12000 | last 100]
success rate                : 48.0% (cumulative 8.1%)
failure rate                : 0.0% (cumulative 0.0%)
completed cycles / episode  : 0.000
synthetic task reward       : 4800.000
shaping reward              : 1178.820
learning reward             : 5978.820
episode length              : 490.4
abstract changes / episode  : 68.0
same abstract-state steps   : 86.1%
same-state shaping / episode: 0.000
changed-state shaping / ep. : 1178.820
terminal shaping / episode  : 47.745
DFA transitions / episode   : 2.43
DFA transitions in window   : 1->2: 76, 2->3: 64, 3->4: 55, 4->5: 48
epsilon (next episode)       : 0.14368
replay buffer                : 300000 samples [1: 45.3%, 2: 25.9%, 3: 22.1%, 4: 6.7%, 5: 0.0%]
DFA state visits in window   : 1: 21312, 2: 12519, 3: 11078, 4: 4183, 5: 48
DFA state visits cumulative  : 1: 1868658, 2: 509962, 3: 380026, 4: 104716, 5: 782
DFA state entries in window  : 1: 100, 2: 76, 3: 64, 4: 55, 5: 48
DFA state entries cumulative : 1: 9700, 2: 2969, 3: 1802, 4: 1089, 5: 782
transitions cumulative       : 1->2: 2969, 2->3: 1802, 3->4: 1089, 4->5: 782
accepted directly from s0    : 0
Gym endings cumulative       : terminated=8541, truncated=378

[Episode 9800/12000 | last 100]
success rate                : 62.0% (cumulative 8.6%)
failure rate                : 0.0% (cumulative 0.0%)
completed cycles / episode  : 0.000
synthetic task reward       : 6200.000
shaping reward              : 1424.423
learning reward             : 7624.423
episode length              : 453.2
abstract changes / episode  : 63.6
same abstract-state steps   : 86.0%
same-state shaping / episode: 0.000
changed-state shaping / ep. : 1424.423
terminal shaping / episode  : 60.550
DFA transitions / episode   : 2.74
DFA transitions in window   : 1->2: 75, 2->3: 71, 3->4: 66, 4->5: 62
epsilon (next episode)       : 0.14083
replay buffer                : 300000 samples [1: 43.0%, 2: 25.7%, 3: 23.9%, 4: 7.4%, 5: 0.0%]
DFA state visits in window   : 1: 18780, 2: 10701, 3: 11482, 4: 4396, 5: 62
DFA state visits cumulative  : 1: 1887438, 2: 520663, 3: 391508, 4: 109112, 5: 844
DFA state entries in window  : 1: 100, 2: 75, 3: 71, 4: 66, 5: 62
DFA state entries cumulative : 1: 9800, 2: 3044, 3: 1873, 4: 1155, 5: 844
transitions cumulative       : 1->2: 3044, 2->3: 1873, 3->4: 1155, 4->5: 844
accepted directly from s0    : 0
Gym endings cumulative       : terminated=8577, truncated=380

[Episode 9900/12000 | last 100]
success rate                : 48.0% (cumulative 9.0%)
failure rate                : 0.0% (cumulative 0.0%)
completed cycles / episode  : 0.000
synthetic task reward       : 4800.000
shaping reward              : 1490.152
learning reward             : 6290.152
episode length              : 502.4
abstract changes / episode  : 73.3
same abstract-state steps   : 85.4%
same-state shaping / episode: 0.000
changed-state shaping / ep. : 1490.152
terminal shaping / episode  : 45.178
DFA transitions / episode   : 2.84
DFA transitions in window   : 1->2: 95, 2->3: 75, 3->4: 66, 4->5: 48
epsilon (next episode)       : 0.13804
replay buffer                : 300000 samples [1: 39.4%, 2: 27.1%, 3: 25.1%, 4: 8.4%, 5: 0.0%]
DFA state visits in window   : 1: 16849, 2: 15930, 3: 12625, 4: 4884, 5: 48
DFA state visits cumulative  : 1: 1904287, 2: 536593, 3: 404133, 4: 113996, 5: 892
DFA state entries in window  : 1: 100, 2: 95, 3: 75, 4: 66, 5: 48
DFA state entries cumulative : 1: 9900, 2: 3139, 3: 1948, 4: 1221, 5: 892
transitions cumulative       : 1->2: 3139, 2->3: 1948, 3->4: 1221, 4->5: 892
accepted directly from s0    : 0
Gym endings cumulative       : terminated=8627, truncated=382

[Episode 10000/12000 | last 100]
success rate                : 40.0% (cumulative 9.3%)
failure rate                : 0.0% (cumulative 0.0%)
completed cycles / episode  : 0.000
synthetic task reward       : 4000.000
shaping reward              : 1085.513
learning reward             : 5085.513
episode length              : 471.0
abstract changes / episode  : 64.7
same abstract-state steps   : 86.3%
same-state shaping / episode: 0.000
changed-state shaping / ep. : 1085.513
terminal shaping / episode  : 40.379
DFA transitions / episode   : 2.24
DFA transitions in window   : 1->2: 78, 2->3: 57, 3->4: 49, 4->5: 40
epsilon (next episode)       : 0.13531
replay buffer                : 300000 samples [1: 40.9%, 2: 25.5%, 3: 24.6%, 4: 9.1%, 5: 0.0%]
DFA state visits in window   : 1: 23077, 2: 10758, 3: 9996, 4: 3332, 5: 40
DFA state visits cumulative  : 1: 1927364, 2: 547351, 3: 414129, 4: 117328, 5: 932
DFA state entries in window  : 1: 100, 2: 78, 3: 57, 4: 49, 5: 40
DFA state entries cumulative : 1: 10000, 2: 3217, 3: 2005, 4: 1270, 5: 932
transitions cumulative       : 1->2: 3217, 2->3: 2005, 3->4: 1270, 4->5: 932
accepted directly from s0    : 0
Gym endings cumulative       : terminated=8683, truncated=386

Starting autonomous greedy evaluation at episode 10000 (1000 fixed-seed episodes)...
[Greedy evaluation at episode 10000 | 1000 fixed-seed episodes]
success=39.2%, failure=0.0%, task reward=3920.000, length=524.1
DFA transitions: 1->2: 827, 2->3: 740, 3->4: 709, 4->5: 392

[Episode 10100/12000 | last 100]
success rate                : 49.0% (cumulative 9.7%)
failure rate                : 0.0% (cumulative 0.0%)
completed cycles / episode  : 0.000
synthetic task reward       : 4900.000
shaping reward              : 1334.439
learning reward             : 6234.439
episode length              : 528.0
abstract changes / episode  : 74.8
same abstract-state steps   : 85.8%
same-state shaping / episode: 0.000
changed-state shaping / ep. : 1334.439
terminal shaping / episode  : 48.094
DFA transitions / episode   : 2.65
DFA transitions in window   : 1->2: 85, 2->3: 70, 3->4: 61, 4->5: 49
epsilon (next episode)       : 0.13263
replay buffer                : 300000 samples [1: 41.5%, 2: 25.4%, 3: 24.2%, 4: 8.9%, 5: 0.0%]
DFA state visits in window   : 1: 23137, 2: 13257, 3: 12311, 4: 4145, 5: 49
DFA state visits cumulative  : 1: 1950501, 2: 560608, 3: 426440, 4: 121473, 5: 981
DFA state entries in window  : 1: 100, 2: 85, 3: 70, 4: 61, 5: 49
DFA state entries cumulative : 1: 10100, 2: 3302, 3: 2075, 4: 1331, 5: 981
transitions cumulative       : 1->2: 3302, 2->3: 2075, 3->4: 1331, 4->5: 981
accepted directly from s0    : 0
Gym endings cumulative       : terminated=8729, truncated=391

[Episode 10200/12000 | last 100]
success rate                : 45.0% (cumulative 10.1%)
failure rate                : 0.0% (cumulative 0.0%)
completed cycles / episode  : 0.000
synthetic task reward       : 4500.000
shaping reward              : 1198.362
learning reward             : 5698.362
episode length              : 476.7
abstract changes / episode  : 69.0
same abstract-state steps   : 85.5%
same-state shaping / episode: 0.000
changed-state shaping / ep. : 1198.362
terminal shaping / episode  : 44.049
DFA transitions / episode   : 2.49
DFA transitions in window   : 1->2: 83, 2->3: 68, 3->4: 53, 4->5: 45
epsilon (next episode)       : 0.13000
replay buffer                : 300000 samples [1: 42.3%, 2: 25.9%, 3: 23.4%, 4: 8.3%, 5: 0.0%]
DFA state visits in window   : 1: 20182, 2: 12932, 3: 11241, 4: 3367, 5: 45
DFA state visits cumulative  : 1: 1970683, 2: 573540, 3: 437681, 4: 124840, 5: 1026
DFA state entries in window  : 1: 100, 2: 83, 3: 68, 4: 53, 5: 45
DFA state entries cumulative : 1: 10200, 2: 3385, 3: 2143, 4: 1384, 5: 1026
transitions cumulative       : 1->2: 3385, 2->3: 2143, 3->4: 1384, 4->5: 1026
accepted directly from s0    : 0
Gym endings cumulative       : terminated=8781, truncated=394

[Episode 10300/12000 | last 100]
success rate                : 35.0% (cumulative 10.3%)
failure rate                : 0.0% (cumulative 0.0%)
completed cycles / episode  : 0.000
synthetic task reward       : 3500.000
shaping reward              : 826.475
learning reward             : 4326.475
episode length              : 407.6
abstract changes / episode  : 58.7
same abstract-state steps   : 85.6%
same-state shaping / episode: 0.000
changed-state shaping / ep. : 826.475
terminal shaping / episode  : 35.762
DFA transitions / episode   : 1.79
DFA transitions in window   : 1->2: 56, 2->3: 48, 3->4: 40, 4->5: 35
epsilon (next episode)       : 0.12743
replay buffer                : 300000 samples [1: 43.6%, 2: 25.7%, 3: 22.6%, 4: 8.1%, 5: 0.0%]
DFA state visits in window   : 1: 21874, 2: 9013, 3: 6936, 4: 3001, 5: 35
DFA state visits cumulative  : 1: 1992557, 2: 582553, 3: 444617, 4: 127841, 5: 1061
DFA state entries in window  : 1: 100, 2: 56, 3: 48, 4: 40, 5: 35
DFA state entries cumulative : 1: 10300, 2: 3441, 3: 2191, 4: 1424, 5: 1061
transitions cumulative       : 1->2: 3441, 2->3: 2191, 3->4: 1424, 4->5: 1061
accepted directly from s0    : 0
Gym endings cumulative       : terminated=8843, truncated=397

[Episode 10400/12000 | last 100]
success rate                : 38.0% (cumulative 10.6%)
failure rate                : 0.0% (cumulative 0.0%)
completed cycles / episode  : 0.000
synthetic task reward       : 3800.000
shaping reward              : 878.784
learning reward             : 4678.784
episode length              : 398.4
abstract changes / episode  : 55.5
same abstract-state steps   : 86.1%
same-state shaping / episode: 0.000
changed-state shaping / ep. : 878.784
terminal shaping / episode  : 32.579
DFA transitions / episode   : 1.83
DFA transitions in window   : 1->2: 58, 2->3: 47, 3->4: 40, 4->5: 38
epsilon (next episode)       : 0.12490
replay buffer                : 300000 samples [1: 43.9%, 2: 26.3%, 3: 21.9%, 4: 7.9%, 5: 0.0%]
DFA state visits in window   : 1: 18727, 2: 11963, 3: 6435, 4: 2776, 5: 38
DFA state visits cumulative  : 1: 2011284, 2: 594516, 3: 451052, 4: 130617, 5: 1099
DFA state entries in window  : 1: 100, 2: 58, 3: 47, 4: 40, 5: 38
DFA state entries cumulative : 1: 10400, 2: 3499, 3: 2238, 4: 1464, 5: 1099
transitions cumulative       : 1->2: 3499, 2->3: 2238, 3->4: 1464, 4->5: 1099
accepted directly from s0    : 0
Gym endings cumulative       : terminated=8904, truncated=398

[Episode 10500/12000 | last 100]
success rate                : 50.0% (cumulative 10.9%)
failure rate                : 0.0% (cumulative 0.0%)
completed cycles / episode  : 0.000
synthetic task reward       : 5000.000
shaping reward              : 1204.872
learning reward             : 6204.872
episode length              : 424.8
abstract changes / episode  : 56.9
same abstract-state steps   : 86.6%
same-state shaping / episode: 0.000
changed-state shaping / ep. : 1204.872
terminal shaping / episode  : 48.535
DFA transitions / episode   : 2.40
DFA transitions in window   : 1->2: 74, 2->3: 61, 3->4: 55, 4->5: 50
epsilon (next episode)       : 0.12243
replay buffer                : 300000 samples [1: 45.4%, 2: 25.9%, 3: 21.1%, 4: 7.6%, 5: 0.0%]
DFA state visits in window   : 1: 18953, 2: 11114, 3: 9081, 4: 3378, 5: 50
DFA state visits cumulative  : 1: 2030237, 2: 605630, 3: 460133, 4: 133995, 5: 1149
DFA state entries in window  : 1: 100, 2: 74, 3: 61, 4: 55, 5: 50
DFA state entries cumulative : 1: 10500, 2: 3573, 3: 2299, 4: 1519, 5: 1149
transitions cumulative       : 1->2: 3573, 2->3: 2299, 3->4: 1519, 4->5: 1149
accepted directly from s0    : 0
Gym endings cumulative       : terminated=8953, truncated=399

Starting autonomous greedy evaluation at episode 10500 (1000 fixed-seed episodes)...
[Greedy evaluation at episode 10500 | 1000 fixed-seed episodes]
success=15.9%, failure=0.0%, task reward=1590.000, length=758.0
DFA transitions: 1->2: 708, 2->3: 647, 3->4: 185, 4->5: 159

[Episode 10600/12000 | last 100]
success rate                : 54.0% (cumulative 11.3%)
failure rate                : 0.0% (cumulative 0.0%)
completed cycles / episode  : 0.000
synthetic task reward       : 5400.000
shaping reward              : 1302.393
learning reward             : 6702.393
episode length              : 448.8
abstract changes / episode  : 56.6
same abstract-state steps   : 87.4%
same-state shaping / episode: 0.000
changed-state shaping / ep. : 1302.393
terminal shaping / episode  : 51.716
DFA transitions / episode   : 2.61
DFA transitions in window   : 1->2: 75, 2->3: 69, 3->4: 63, 4->5: 54
epsilon (next episode)       : 0.12001
replay buffer                : 300000 samples [1: 45.5%, 2: 25.7%, 3: 21.0%, 4: 7.8%, 5: 0.0%]
DFA state visits in window   : 1: 18365, 2: 11413, 3: 10139, 4: 5004, 5: 54
DFA state visits cumulative  : 1: 2048602, 2: 617043, 3: 470272, 4: 138999, 5: 1203
DFA state entries in window  : 1: 100, 2: 75, 3: 69, 4: 63, 5: 54
DFA state entries cumulative : 1: 10600, 2: 3648, 3: 2368, 4: 1582, 5: 1203
transitions cumulative       : 1->2: 3648, 2->3: 2368, 3->4: 1582, 4->5: 1203
accepted directly from s0    : 0
Gym endings cumulative       : terminated=8999, truncated=399

[Episode 10700/12000 | last 100]
success rate                : 62.0% (cumulative 11.8%)
failure rate                : 0.0% (cumulative 0.0%)
completed cycles / episode  : 0.000
synthetic task reward       : 6200.000
shaping reward              : 1528.105
learning reward             : 7728.105
episode length              : 420.3
abstract changes / episode  : 55.1
same abstract-state steps   : 86.9%
same-state shaping / episode: 0.000
changed-state shaping / ep. : 1528.105
terminal shaping / episode  : 61.182
DFA transitions / episode   : 2.92
DFA transitions in window   : 1->2: 89, 2->3: 73, 3->4: 68, 4->5: 62
epsilon (next episode)       : 0.11763
replay buffer                : 300000 samples [1: 44.1%, 2: 26.9%, 3: 20.4%, 4: 8.5%, 5: 0.0%]
DFA state visits in window   : 1: 16377, 2: 13412, 3: 7391, 4: 4887, 5: 62
DFA state visits cumulative  : 1: 2064979, 2: 630455, 3: 477663, 4: 143886, 5: 1265
DFA state entries in window  : 1: 100, 2: 89, 3: 73, 4: 68, 5: 62
DFA state entries cumulative : 1: 10700, 2: 3737, 3: 2441, 4: 1650, 5: 1265
transitions cumulative       : 1->2: 3737, 2->3: 2441, 3->4: 1650, 4->5: 1265
accepted directly from s0    : 0
Gym endings cumulative       : terminated=9036, truncated=400

[Episode 10800/12000 | last 100]
success rate                : 49.0% (cumulative 12.2%)
failure rate                : 0.0% (cumulative 0.0%)
completed cycles / episode  : 0.000
synthetic task reward       : 4900.000
shaping reward              : 1208.513
learning reward             : 6108.513
episode length              : 369.3
abstract changes / episode  : 50.8
same abstract-state steps   : 86.2%
same-state shaping / episode: 0.000
changed-state shaping / ep. : 1208.513
terminal shaping / episode  : 48.214
DFA transitions / episode   : 2.28
DFA transitions in window   : 1->2: 69, 2->3: 57, 3->4: 53, 4->5: 49
epsilon (next episode)       : 0.11530
replay buffer                : 300000 samples [1: 44.7%, 2: 26.2%, 3: 19.9%, 4: 9.2%, 5: 0.0%]
DFA state visits in window   : 1: 17824, 2: 7249, 3: 7171, 4: 4741, 5: 49
DFA state visits cumulative  : 1: 2082803, 2: 637704, 3: 484834, 4: 148627, 5: 1314
DFA state entries in window  : 1: 100, 2: 69, 3: 57, 4: 53, 5: 49
DFA state entries cumulative : 1: 10800, 2: 3806, 3: 2498, 4: 1703, 5: 1314
transitions cumulative       : 1->2: 3806, 2->3: 2498, 3->4: 1703, 4->5: 1314
accepted directly from s0    : 0
Gym endings cumulative       : terminated=9087, truncated=400

[Episode 10900/12000 | last 100]
success rate                : 48.0% (cumulative 12.5%)
failure rate                : 0.0% (cumulative 0.0%)
completed cycles / episode  : 0.000
synthetic task reward       : 4800.000
shaping reward              : 1181.848
learning reward             : 5981.848
episode length              : 401.1
abstract changes / episode  : 56.0
same abstract-state steps   : 86.0%
same-state shaping / episode: 0.000
changed-state shaping / ep. : 1181.848
terminal shaping / episode  : 44.692
DFA transitions / episode   : 2.36
DFA transitions in window   : 1->2: 70, 2->3: 62, 3->4: 56, 4->5: 48
epsilon (next episode)       : 0.11302
replay buffer                : 300000 samples [1: 44.8%, 2: 25.9%, 3: 19.4%, 4: 9.9%, 5: 0.0%]
DFA state visits in window   : 1: 17290, 2: 9464, 3: 8332, 4: 5079, 5: 48
DFA state visits cumulative  : 1: 2100093, 2: 647168, 3: 493166, 4: 153706, 5: 1362
DFA state entries in window  : 1: 100, 2: 70, 3: 62, 4: 56, 5: 48
DFA state entries cumulative : 1: 10900, 2: 3876, 3: 2560, 4: 1759, 5: 1362
transitions cumulative       : 1->2: 3876, 2->3: 2560, 3->4: 1759, 4->5: 1362
accepted directly from s0    : 0
Gym endings cumulative       : terminated=9138, truncated=401

[Episode 11000/12000 | last 100]
success rate                : 66.0% (cumulative 13.0%)
failure rate                : 0.0% (cumulative 0.0%)
completed cycles / episode  : 0.000
synthetic task reward       : 6600.000
shaping reward              : 1527.201
learning reward             : 8127.201
episode length              : 427.0
abstract changes / episode  : 57.1
same abstract-state steps   : 86.6%
same-state shaping / episode: 0.000
changed-state shaping / ep. : 1527.201
terminal shaping / episode  : 63.439
DFA transitions / episode   : 2.93
DFA transitions in window   : 1->2: 85, 2->3: 72, 3->4: 70, 4->5: 66
epsilon (next episode)       : 0.11078
replay buffer                : 300000 samples [1: 42.7%, 2: 26.5%, 3: 20.1%, 4: 10.7%, 5: 0.0%]
DFA state visits in window   : 1: 15779, 2: 12403, 3: 9364, 4: 5186, 5: 66
DFA state visits cumulative  : 1: 2115872, 2: 659571, 3: 502530, 4: 158892, 5: 1428
DFA state entries in window  : 1: 100, 2: 85, 3: 72, 4: 70, 5: 66
DFA state entries cumulative : 1: 11000, 2: 3961, 3: 2632, 4: 1829, 5: 1428
transitions cumulative       : 1->2: 3961, 2->3: 2632, 3->4: 1829, 4->5: 1428
accepted directly from s0    : 0
Gym endings cumulative       : terminated=9171, truncated=402

Starting autonomous greedy evaluation at episode 11000 (1000 fixed-seed episodes)...
[Greedy evaluation at episode 11000 | 1000 fixed-seed episodes]
success=66.9%, failure=0.0%, task reward=6690.000, length=410.3
DFA transitions: 1->2: 708, 2->3: 697, 3->4: 681, 4->5: 669

[Episode 11100/12000 | last 100]
success rate                : 57.0% (cumulative 13.4%)
failure rate                : 0.0% (cumulative 0.0%)
completed cycles / episode  : 0.000
synthetic task reward       : 5700.000
shaping reward              : 1347.329
learning reward             : 7047.329
episode length              : 413.1
abstract changes / episode  : 53.6
same abstract-state steps   : 87.0%
same-state shaping / episode: 0.000
changed-state shaping / ep. : 1347.329
terminal shaping / episode  : 55.107
DFA transitions / episode   : 2.73
DFA transitions in window   : 1->2: 80, 2->3: 69, 3->4: 67, 4->5: 57
epsilon (next episode)       : 0.10858
replay buffer                : 300000 samples [1: 42.3%, 2: 26.1%, 3: 20.2%, 4: 11.4%, 5: 0.0%]
DFA state visits in window   : 1: 17846, 2: 10903, 3: 7506, 4: 5102, 5: 57
DFA state visits cumulative  : 1: 2133718, 2: 670474, 3: 510036, 4: 163994, 5: 1485
DFA state entries in window  : 1: 100, 2: 80, 3: 69, 4: 67, 5: 57
DFA state entries cumulative : 1: 11100, 2: 4041, 3: 2701, 4: 1896, 5: 1485
transitions cumulative       : 1->2: 4041, 2->3: 2701, 3->4: 1896, 4->5: 1485
accepted directly from s0    : 0
Gym endings cumulative       : terminated=9214, truncated=402

[Episode 11200/12000 | last 100]
success rate                : 46.0% (cumulative 13.7%)
failure rate                : 0.0% (cumulative 0.0%)
completed cycles / episode  : 0.000
synthetic task reward       : 4600.000
shaping reward              : 937.263
learning reward             : 5537.263
episode length              : 413.4
abstract changes / episode  : 59.9
same abstract-state steps   : 85.5%
same-state shaping / episode: 0.000
changed-state shaping / ep. : 937.263
terminal shaping / episode  : 43.420
DFA transitions / episode   : 2.21
DFA transitions in window   : 1->2: 67, 2->3: 58, 3->4: 50, 4->5: 46
epsilon (next episode)       : 0.10643
replay buffer                : 300000 samples [1: 43.3%, 2: 25.0%, 3: 20.2%, 4: 11.5%, 5: 0.0%]
DFA state visits in window   : 1: 23415, 2: 7336, 3: 7144, 4: 3501, 5: 46
DFA state visits cumulative  : 1: 2157133, 2: 677810, 3: 517180, 4: 167495, 5: 1531
DFA state entries in window  : 1: 100, 2: 67, 3: 58, 4: 50, 5: 46
DFA state entries cumulative : 1: 11200, 2: 4108, 3: 2759, 4: 1946, 5: 1531
transitions cumulative       : 1->2: 4108, 2->3: 2759, 3->4: 1946, 4->5: 1531
accepted directly from s0    : 0
Gym endings cumulative       : terminated=9268, truncated=402

[Episode 11300/12000 | last 100]
success rate                : 58.0% (cumulative 14.1%)
failure rate                : 0.0% (cumulative 0.0%)
completed cycles / episode  : 0.000
synthetic task reward       : 5800.000
shaping reward              : 1274.332
learning reward             : 7074.332
episode length              : 474.7
abstract changes / episode  : 60.4
same abstract-state steps   : 87.3%
same-state shaping / episode: 0.000
changed-state shaping / ep. : 1274.332
terminal shaping / episode  : 56.535
DFA transitions / episode   : 2.62
DFA transitions in window   : 1->2: 74, 2->3: 71, 3->4: 59, 4->5: 58
epsilon (next episode)       : 0.10433
replay buffer                : 300000 samples [1: 45.7%, 2: 24.0%, 3: 19.3%, 4: 11.0%, 5: 0.0%]
DFA state visits in window   : 1: 25220, 2: 8957, 3: 9417, 4: 3917, 5: 58
DFA state visits cumulative  : 1: 2182353, 2: 686767, 3: 526597, 4: 171412, 5: 1589
DFA state entries in window  : 1: 100, 2: 74, 3: 71, 4: 59, 5: 58
DFA state entries cumulative : 1: 11300, 2: 4182, 3: 2830, 4: 2005, 5: 1589
transitions cumulative       : 1->2: 4182, 2->3: 2830, 3->4: 2005, 4->5: 1589
accepted directly from s0    : 0
Gym endings cumulative       : terminated=9306, truncated=406

[Episode 11400/12000 | last 100]
success rate                : 36.0% (cumulative 14.3%)
failure rate                : 0.0% (cumulative 0.0%)
completed cycles / episode  : 0.000
synthetic task reward       : 3600.000
shaping reward              : 882.455
learning reward             : 4482.455
episode length              : 369.7
abstract changes / episode  : 52.5
same abstract-state steps   : 85.8%
same-state shaping / episode: 0.000
changed-state shaping / ep. : 882.455
terminal shaping / episode  : 34.335
DFA transitions / episode   : 1.69
DFA transitions in window   : 1->2: 50, 2->3: 44, 3->4: 39, 4->5: 36
epsilon (next episode)       : 0.10226
replay buffer                : 300000 samples [1: 48.2%, 2: 22.2%, 3: 19.1%, 4: 10.4%, 5: 0.0%]
DFA state visits in window   : 1: 22106, 2: 6710, 3: 5715, 4: 2506, 5: 36
DFA state visits cumulative  : 1: 2204459, 2: 693477, 3: 532312, 4: 173918, 5: 1625
DFA state entries in window  : 1: 100, 2: 50, 3: 44, 4: 39, 5: 36
DFA state entries cumulative : 1: 11400, 2: 4232, 3: 2874, 4: 2044, 5: 1625
transitions cumulative       : 1->2: 4232, 2->3: 2874, 3->4: 2044, 4->5: 1625
accepted directly from s0    : 0
Gym endings cumulative       : terminated=9370, truncated=406

[Episode 11500/12000 | last 100]
success rate                : 35.0% (cumulative 14.4%)
failure rate                : 0.0% (cumulative 0.0%)
completed cycles / episode  : 0.000
synthetic task reward       : 3500.000
shaping reward              : 914.482
learning reward             : 4414.482
episode length              : 313.6
abstract changes / episode  : 44.2
same abstract-state steps   : 85.9%
same-state shaping / episode: 0.000
changed-state shaping / ep. : 914.482
terminal shaping / episode  : 31.480
DFA transitions / episode   : 1.86
DFA transitions in window   : 1->2: 61, 2->3: 50, 3->4: 40, 4->5: 35
epsilon (next episode)       : 0.10024
replay buffer                : 300000 samples [1: 48.8%, 2: 21.8%, 3: 19.3%, 4: 10.1%, 5: 0.0%]
DFA state visits in window   : 1: 15441, 2: 6607, 3: 6654, 4: 2728, 5: 35
DFA state visits cumulative  : 1: 2219900, 2: 700084, 3: 538966, 4: 176646, 5: 1660
DFA state entries in window  : 1: 100, 2: 61, 3: 50, 4: 40, 5: 35
DFA state entries cumulative : 1: 11500, 2: 4293, 3: 2924, 4: 2084, 5: 1660
transitions cumulative       : 1->2: 4293, 2->3: 2924, 3->4: 2084, 4->5: 1660
accepted directly from s0    : 0
Gym endings cumulative       : terminated=9435, truncated=406

Starting autonomous greedy evaluation at episode 11500 (1000 fixed-seed episodes)...
[Greedy evaluation at episode 11500 | 1000 fixed-seed episodes]
success=28.8%, failure=0.0%, task reward=2880.000, length=211.9
DFA transitions: 1->2: 411, 2->3: 288, 3->4: 288, 4->5: 288

[Episode 11600/12000 | last 100]
success rate                : 32.0% (cumulative 14.6%)
failure rate                : 0.0% (cumulative 0.0%)
completed cycles / episode  : 0.000
synthetic task reward       : 3200.000
shaping reward              : 778.895
learning reward             : 3978.895
episode length              : 315.2
abstract changes / episode  : 42.5
same abstract-state steps   : 86.5%
same-state shaping / episode: 0.000
changed-state shaping / ep. : 778.895
terminal shaping / episode  : 29.533
DFA transitions / episode   : 1.57
DFA transitions in window   : 1->2: 48, 2->3: 42, 3->4: 35, 4->5: 32
epsilon (next episode)       : 0.09825
replay buffer                : 300000 samples [1: 49.8%, 2: 21.3%, 3: 19.3%, 4: 9.6%, 5: 0.0%]
DFA state visits in window   : 1: 17498, 2: 5239, 3: 6658, 4: 2190, 5: 32
DFA state visits cumulative  : 1: 2237398, 2: 705323, 3: 545624, 4: 178836, 5: 1692
DFA state entries in window  : 1: 100, 2: 48, 3: 42, 4: 35, 5: 32
DFA state entries cumulative : 1: 11600, 2: 4341, 3: 2966, 4: 2119, 5: 1692
transitions cumulative       : 1->2: 4341, 2->3: 2966, 3->4: 2119, 4->5: 1692
accepted directly from s0    : 0
Gym endings cumulative       : terminated=9502, truncated=407

[Episode 11700/12000 | last 100]
success rate                : 32.0% (cumulative 14.7%)
failure rate                : 0.0% (cumulative 0.0%)
completed cycles / episode  : 0.000
synthetic task reward       : 3200.000
shaping reward              : 756.324
learning reward             : 3956.324
episode length              : 278.4
abstract changes / episode  : 39.1
same abstract-state steps   : 85.9%
same-state shaping / episode: 0.000
changed-state shaping / ep. : 756.324
terminal shaping / episode  : 31.140
DFA transitions / episode   : 1.40
DFA transitions in window   : 1->2: 39, 2->3: 36, 3->4: 33, 4->5: 32
epsilon (next episode)       : 0.09631
replay buffer                : 300000 samples [1: 51.5%, 2: 20.8%, 3: 18.8%, 4: 9.0%, 5: 0.0%]
DFA state visits in window   : 1: 17495, 2: 4480, 3: 4078, 4: 1850, 5: 32
DFA state visits cumulative  : 1: 2254893, 2: 709803, 3: 549702, 4: 180686, 5: 1724
DFA state entries in window  : 1: 100, 2: 39, 3: 36, 4: 33, 5: 32
DFA state entries cumulative : 1: 11700, 2: 4380, 3: 3002, 4: 2152, 5: 1724
transitions cumulative       : 1->2: 4380, 2->3: 3002, 3->4: 2152, 4->5: 1724
accepted directly from s0    : 0
Gym endings cumulative       : terminated=9570, truncated=407

[Episode 11800/12000 | last 100]
success rate                : 52.0% (cumulative 15.1%)
failure rate                : 0.0% (cumulative 0.0%)
completed cycles / episode  : 0.000
synthetic task reward       : 5200.000
shaping reward              : 1332.898
learning reward             : 6532.898
episode length              : 397.5
abstract changes / episode  : 55.1
same abstract-state steps   : 86.1%
same-state shaping / episode: 0.000
changed-state shaping / ep. : 1332.898
terminal shaping / episode  : 49.315
DFA transitions / episode   : 2.55
DFA transitions in window   : 1->2: 78, 2->3: 64, 3->4: 61, 4->5: 52
epsilon (next episode)       : 0.09440
replay buffer                : 300000 samples [1: 53.1%, 2: 20.2%, 3: 18.3%, 4: 8.5%, 5: 0.0%]
DFA state visits in window   : 1: 18993, 2: 9797, 3: 7482, 4: 3528, 5: 52
DFA state visits cumulative  : 1: 2273886, 2: 719600, 3: 557184, 4: 184214, 5: 1776
DFA state entries in window  : 1: 100, 2: 78, 3: 64, 4: 61, 5: 52
DFA state entries cumulative : 1: 11800, 2: 4458, 3: 3066, 4: 2213, 5: 1776
transitions cumulative       : 1->2: 4458, 2->3: 3066, 3->4: 2213, 4->5: 1776
accepted directly from s0    : 0
Gym endings cumulative       : terminated=9618, truncated=407

[Episode 11900/12000 | last 100]
success rate                : 63.0% (cumulative 15.5%)
failure rate                : 0.0% (cumulative 0.0%)
completed cycles / episode  : 0.000
synthetic task reward       : 6300.000
shaping reward              : 1599.697
learning reward             : 7899.697
episode length              : 444.3
abstract changes / episode  : 57.7
same abstract-state steps   : 87.0%
same-state shaping / episode: 0.000
changed-state shaping / ep. : 1599.697
terminal shaping / episode  : 60.525
DFA transitions / episode   : 2.95
DFA transitions in window   : 1->2: 83, 2->3: 80, 3->4: 69, 4->5: 63
epsilon (next episode)       : 0.09253
replay buffer                : 300000 samples [1: 53.1%, 2: 19.5%, 3: 19.3%, 4: 8.1%, 5: 0.0%]
DFA state visits in window   : 1: 19813, 2: 9544, 3: 10868, 4: 4242, 5: 63
DFA state visits cumulative  : 1: 2293699, 2: 729144, 3: 568052, 4: 188456, 5: 1839
DFA state entries in window  : 1: 100, 2: 83, 3: 80, 4: 69, 5: 63
DFA state entries cumulative : 1: 11900, 2: 4541, 3: 3146, 4: 2282, 5: 1839
transitions cumulative       : 1->2: 4541, 2->3: 3146, 3->4: 2282, 4->5: 1839
accepted directly from s0    : 0
Gym endings cumulative       : terminated=9652, truncated=410

[Episode 12000/12000 | last 100]
success rate                : 62.0% (cumulative 15.8%)
failure rate                : 0.0% (cumulative 0.0%)
completed cycles / episode  : 0.000
synthetic task reward       : 6200.000
shaping reward              : 1416.458
learning reward             : 7616.458
episode length              : 436.2
abstract changes / episode  : 56.2
same abstract-state steps   : 87.1%
same-state shaping / episode: 0.000
changed-state shaping / ep. : 1416.458
terminal shaping / episode  : 61.275
DFA transitions / episode   : 2.73
DFA transitions in window   : 1->2: 76, 2->3: 70, 3->4: 65, 4->5: 62
epsilon (next episode)       : 0.09070
replay buffer                : 300000 samples [1: 52.2%, 2: 20.0%, 3: 19.5%, 4: 8.3%, 5: 0.0%]
DFA state visits in window   : 1: 21628, 2: 9398, 3: 8327, 4: 4306, 5: 62
DFA state visits cumulative  : 1: 2315327, 2: 738542, 3: 576379, 4: 192762, 5: 1901
DFA state entries in window  : 1: 100, 2: 76, 3: 70, 4: 65, 5: 62
DFA state entries cumulative : 1: 12000, 2: 4617, 3: 3216, 4: 2347, 5: 1901
transitions cumulative       : 1->2: 4617, 2->3: 3216, 3->4: 2347, 4->5: 1901
accepted directly from s0    : 0
Gym endings cumulative       : terminated=9687, truncated=413

Starting autonomous greedy evaluation at episode 12000 (1000 fixed-seed episodes)...
[Greedy evaluation at episode 12000 | 1000 fixed-seed episodes]
success=78.3%, failure=0.0%, task reward=7830.000, length=478.2
DFA transitions: 1->2: 926, 2->3: 905, 3->4: 824, 4->5: 783
Best policy updated from autonomous greedy evaluation at episode 12000.
Last policy saved after episode 12000. Best greedy evaluation: episode 12000, mean task reward=7830.000
