
=== NEW RUN ===
episodes=10000, shaping=False, goal_reward=10000.0, gamma=0.99
gamma_shaping=1.0, shaping_formula=gamma_shaping*Phi(next)-Phi(state)
ground_unbiased_learner=False
eval_interval=500, eval_episodes=1000, eval_seed=100000
inter_level_shaping=False, inter_level_formula=gamma*Phi(next)-Phi(state)
task_type=ltlf, task=F(wp1 & X(F(g1)))
regions={wp1: {'center': [-0.75, 1.0625], 'radius': 0.1}, g1: {'center': [0.75, 1.0625], 'radius': 0.1}}
dfa_states=[1, 2, 3], pre_trace=1, accepting=[3], failure=[]

[Episode 1/10000 | last 1]
success rate                : 0.0% (cumulative 0.0%)
failure rate                : 0.0% (cumulative 0.0%)
completed cycles / episode  : 0.000
synthetic task reward       : 0.000
shaping reward              : 0.000
learning reward             : 0.000
episode length              : 123.0
abstract changes / episode  : 14.0
same abstract-state steps   : 88.6%
same-state shaping / episode: 0.000
changed-state shaping / ep. : 0.000
terminal shaping / episode  : 0.000
DFA transitions / episode   : 0.00
DFA transitions in window   : none
epsilon (next episode)       : 0.99960
replay buffer                : 123 samples [1: 100.0%, 2: 0.0%, 3: 0.0%]
DFA state visits in window   : 1: 124, 2: 0, 3: 0
DFA state visits cumulative  : 1: 124, 2: 0, 3: 0
DFA state entries in window  : 1: 1, 2: 0, 3: 0
DFA state entries cumulative : 1: 1, 2: 0, 3: 0
transitions cumulative       : none
accepted directly from s0    : 0
Gym endings cumulative       : terminated=1, truncated=0

[Episode 100/10000 | last 100]
success rate                : 0.0% (cumulative 0.0%)
failure rate                : 0.0% (cumulative 0.0%)
completed cycles / episode  : 0.000
synthetic task reward       : 0.000
shaping reward              : 0.000
learning reward             : 0.000
episode length              : 93.9
abstract changes / episode  : 12.7
same abstract-state steps   : 86.5%
same-state shaping / episode: 0.000
changed-state shaping / ep. : 0.000
terminal shaping / episode  : 0.000
DFA transitions / episode   : 0.01
DFA transitions in window   : 1->2: 1
epsilon (next episode)       : 0.96078
replay buffer                : 9390 samples [1: 99.7%, 2: 0.3%, 3: 0.0%]
DFA state visits in window   : 1: 9458, 2: 32, 3: 0
DFA state visits cumulative  : 1: 9458, 2: 32, 3: 0
DFA state entries in window  : 1: 100, 2: 1, 3: 0
DFA state entries cumulative : 1: 100, 2: 1, 3: 0
transitions cumulative       : 1->2: 1
accepted directly from s0    : 0
Gym endings cumulative       : terminated=100, truncated=0

[Episode 200/10000 | last 100]
success rate                : 0.0% (cumulative 0.0%)
failure rate                : 0.0% (cumulative 0.0%)
completed cycles / episode  : 0.000
synthetic task reward       : 0.000
shaping reward              : 0.000
learning reward             : 0.000
episode length              : 100.5
abstract changes / episode  : 12.8
same abstract-state steps   : 87.3%
same-state shaping / episode: 0.000
changed-state shaping / ep. : 0.000
terminal shaping / episode  : 0.000
DFA transitions / episode   : 0.02
DFA transitions in window   : 1->2: 2
epsilon (next episode)       : 0.92310
replay buffer                : 19442 samples [1: 99.5%, 2: 0.5%, 3: 0.0%]
DFA state visits in window   : 1: 10092, 2: 60, 3: 0
DFA state visits cumulative  : 1: 19550, 2: 92, 3: 0
DFA state entries in window  : 1: 100, 2: 2, 3: 0
DFA state entries cumulative : 1: 200, 2: 3, 3: 0
transitions cumulative       : 1->2: 3
accepted directly from s0    : 0
Gym endings cumulative       : terminated=199, truncated=1

[Episode 300/10000 | last 100]
success rate                : 0.0% (cumulative 0.0%)
failure rate                : 0.0% (cumulative 0.0%)
completed cycles / episode  : 0.000
synthetic task reward       : 0.000
shaping reward              : 0.000
learning reward             : 0.000
episode length              : 94.8
abstract changes / episode  : 12.9
same abstract-state steps   : 86.4%
same-state shaping / episode: 0.000
changed-state shaping / ep. : 0.000
terminal shaping / episode  : 0.000
DFA transitions / episode   : 0.00
DFA transitions in window   : none
epsilon (next episode)       : 0.88690
replay buffer                : 28926 samples [1: 99.7%, 2: 0.3%, 3: 0.0%]
DFA state visits in window   : 1: 9584, 2: 0, 3: 0
DFA state visits cumulative  : 1: 29134, 2: 92, 3: 0
DFA state entries in window  : 1: 100, 2: 0, 3: 0
DFA state entries cumulative : 1: 300, 2: 3, 3: 0
transitions cumulative       : 1->2: 3
accepted directly from s0    : 0
Gym endings cumulative       : terminated=299, truncated=1

[Episode 400/10000 | last 100]
success rate                : 0.0% (cumulative 0.0%)
failure rate                : 0.0% (cumulative 0.0%)
completed cycles / episode  : 0.000
synthetic task reward       : 0.000
shaping reward              : 0.000
learning reward             : 0.000
episode length              : 108.8
abstract changes / episode  : 13.4
same abstract-state steps   : 87.7%
same-state shaping / episode: 0.000
changed-state shaping / ep. : 0.000
terminal shaping / episode  : 0.000
DFA transitions / episode   : 0.01
DFA transitions in window   : 1->2: 1
epsilon (next episode)       : 0.85212
replay buffer                : 39803 samples [1: 99.7%, 2: 0.3%, 3: 0.0%]
DFA state visits in window   : 1: 10951, 2: 26, 3: 0
DFA state visits cumulative  : 1: 40085, 2: 118, 3: 0
DFA state entries in window  : 1: 100, 2: 1, 3: 0
DFA state entries cumulative : 1: 400, 2: 4, 3: 0
transitions cumulative       : 1->2: 4
accepted directly from s0    : 0
Gym endings cumulative       : terminated=398, truncated=2

[Episode 500/10000 | last 100]
success rate                : 0.0% (cumulative 0.0%)
failure rate                : 0.0% (cumulative 0.0%)
completed cycles / episode  : 0.000
synthetic task reward       : 0.000
shaping reward              : 0.000
learning reward             : 0.000
episode length              : 103.3
abstract changes / episode  : 13.1
same abstract-state steps   : 87.3%
same-state shaping / episode: 0.000
changed-state shaping / ep. : 0.000
terminal shaping / episode  : 0.000
DFA transitions / episode   : 0.03
DFA transitions in window   : 1->2: 3
epsilon (next episode)       : 0.81870
replay buffer                : 50135 samples [1: 99.7%, 2: 0.3%, 3: 0.0%]
DFA state visits in window   : 1: 10368, 2: 64, 3: 0
DFA state visits cumulative  : 1: 50453, 2: 182, 3: 0
DFA state entries in window  : 1: 100, 2: 3, 3: 0
DFA state entries cumulative : 1: 500, 2: 7, 3: 0
transitions cumulative       : 1->2: 7
accepted directly from s0    : 0
Gym endings cumulative       : terminated=498, truncated=2

Starting autonomous greedy evaluation at episode 500 (1000 fixed-seed episodes)...
[Greedy evaluation at episode 500 | 1000 fixed-seed episodes]
success=0.0%, failure=0.0%, task reward=0.000, length=210.6
DFA transitions: none
Best policy updated from autonomous greedy evaluation at episode 500.

[Episode 600/10000 | last 100]
success rate                : 0.0% (cumulative 0.0%)
failure rate                : 0.0% (cumulative 0.0%)
completed cycles / episode  : 0.000
synthetic task reward       : 0.000
shaping reward              : 0.000
learning reward             : 0.000
episode length              : 105.3
abstract changes / episode  : 13.1
same abstract-state steps   : 87.6%
same-state shaping / episode: 0.000
changed-state shaping / ep. : 0.000
terminal shaping / episode  : 0.000
DFA transitions / episode   : 0.04
DFA transitions in window   : 1->2: 4
epsilon (next episode)       : 0.78659
replay buffer                : 60662 samples [1: 99.5%, 2: 0.5%, 3: 0.0%]
DFA state visits in window   : 1: 10523, 2: 104, 3: 0
DFA state visits cumulative  : 1: 60976, 2: 286, 3: 0
DFA state entries in window  : 1: 100, 2: 4, 3: 0
DFA state entries cumulative : 1: 600, 2: 11, 3: 0
transitions cumulative       : 1->2: 11
accepted directly from s0    : 0
Gym endings cumulative       : terminated=598, truncated=2

[Episode 700/10000 | last 100]
success rate                : 0.0% (cumulative 0.0%)
failure rate                : 0.0% (cumulative 0.0%)
completed cycles / episode  : 0.000
synthetic task reward       : 0.000
shaping reward              : 0.000
learning reward             : 0.000
episode length              : 111.9
abstract changes / episode  : 13.1
same abstract-state steps   : 88.3%
same-state shaping / episode: 0.000
changed-state shaping / ep. : 0.000
terminal shaping / episode  : 0.000
DFA transitions / episode   : 0.03
DFA transitions in window   : 1->2: 3
epsilon (next episode)       : 0.75574
replay buffer                : 71852 samples [1: 99.5%, 2: 0.5%, 3: 0.0%]
DFA state visits in window   : 1: 11174, 2: 116, 3: 0
DFA state visits cumulative  : 1: 72150, 2: 402, 3: 0
DFA state entries in window  : 1: 100, 2: 3, 3: 0
DFA state entries cumulative : 1: 700, 2: 14, 3: 0
transitions cumulative       : 1->2: 14
accepted directly from s0    : 0
Gym endings cumulative       : terminated=698, truncated=2

[Episode 800/10000 | last 100]
success rate                : 0.0% (cumulative 0.0%)
failure rate                : 0.0% (cumulative 0.0%)
completed cycles / episode  : 0.000
synthetic task reward       : 0.000
shaping reward              : 0.000
learning reward             : 0.000
episode length              : 114.0
abstract changes / episode  : 13.2
same abstract-state steps   : 88.4%
same-state shaping / episode: 0.000
changed-state shaping / ep. : 0.000
terminal shaping / episode  : 0.000
DFA transitions / episode   : 0.07
DFA transitions in window   : 1->2: 7
epsilon (next episode)       : 0.72610
replay buffer                : 83257 samples [1: 99.3%, 2: 0.7%, 3: 0.0%]
DFA state visits in window   : 1: 11274, 2: 231, 3: 0
DFA state visits cumulative  : 1: 83424, 2: 633, 3: 0
DFA state entries in window  : 1: 100, 2: 7, 3: 0
DFA state entries cumulative : 1: 800, 2: 21, 3: 0
transitions cumulative       : 1->2: 21
accepted directly from s0    : 0
Gym endings cumulative       : terminated=798, truncated=2

[Episode 900/10000 | last 100]
success rate                : 0.0% (cumulative 0.0%)
failure rate                : 0.0% (cumulative 0.0%)
completed cycles / episode  : 0.000
synthetic task reward       : 0.000
shaping reward              : 0.000
learning reward             : 0.000
episode length              : 112.3
abstract changes / episode  : 12.8
same abstract-state steps   : 88.6%
same-state shaping / episode: 0.000
changed-state shaping / ep. : 0.000
terminal shaping / episode  : 0.000
DFA transitions / episode   : 0.02
DFA transitions in window   : 1->2: 2
epsilon (next episode)       : 0.69763
replay buffer                : 94492 samples [1: 99.2%, 2: 0.8%, 3: 0.0%]
DFA state visits in window   : 1: 11205, 2: 130, 3: 0
DFA state visits cumulative  : 1: 94629, 2: 763, 3: 0
DFA state entries in window  : 1: 100, 2: 2, 3: 0
DFA state entries cumulative : 1: 900, 2: 23, 3: 0
transitions cumulative       : 1->2: 23
accepted directly from s0    : 0
Gym endings cumulative       : terminated=898, truncated=2

[Episode 1000/10000 | last 100]
success rate                : 0.0% (cumulative 0.0%)
failure rate                : 0.0% (cumulative 0.0%)
completed cycles / episode  : 0.000
synthetic task reward       : 0.000
shaping reward              : 0.000
learning reward             : 0.000
episode length              : 117.4
abstract changes / episode  : 12.3
same abstract-state steps   : 89.5%
same-state shaping / episode: 0.000
changed-state shaping / ep. : 0.000
terminal shaping / episode  : 0.000
DFA transitions / episode   : 0.01
DFA transitions in window   : 1->2: 1
epsilon (next episode)       : 0.67027
replay buffer                : 106230 samples [1: 99.3%, 2: 0.7%, 3: 0.0%]
DFA state visits in window   : 1: 11811, 2: 27, 3: 0
DFA state visits cumulative  : 1: 106440, 2: 790, 3: 0
DFA state entries in window  : 1: 100, 2: 1, 3: 0
DFA state entries cumulative : 1: 1000, 2: 24, 3: 0
transitions cumulative       : 1->2: 24
accepted directly from s0    : 0
Gym endings cumulative       : terminated=998, truncated=2

Starting autonomous greedy evaluation at episode 1000 (1000 fixed-seed episodes)...
[Greedy evaluation at episode 1000 | 1000 fixed-seed episodes]
success=0.0%, failure=0.0%, task reward=0.000, length=226.4
DFA transitions: 1->2: 2

[Episode 1100/10000 | last 100]
success rate                : 0.0% (cumulative 0.0%)
failure rate                : 0.0% (cumulative 0.0%)
completed cycles / episode  : 0.000
synthetic task reward       : 0.000
shaping reward              : 0.000
learning reward             : 0.000
episode length              : 125.7
abstract changes / episode  : 12.2
same abstract-state steps   : 90.3%
same-state shaping / episode: 0.000
changed-state shaping / ep. : 0.000
terminal shaping / episode  : 0.000
DFA transitions / episode   : 0.05
DFA transitions in window   : 1->2: 5
epsilon (next episode)       : 0.64398
replay buffer                : 118799 samples [1: 99.2%, 2: 0.8%, 3: 0.0%]
DFA state visits in window   : 1: 12499, 2: 170, 3: 0
DFA state visits cumulative  : 1: 118939, 2: 960, 3: 0
DFA state entries in window  : 1: 100, 2: 5, 3: 0
DFA state entries cumulative : 1: 1100, 2: 29, 3: 0
transitions cumulative       : 1->2: 29
accepted directly from s0    : 0
Gym endings cumulative       : terminated=1098, truncated=2

[Episode 1200/10000 | last 100]
success rate                : 0.0% (cumulative 0.0%)
failure rate                : 0.0% (cumulative 0.0%)
completed cycles / episode  : 0.000
synthetic task reward       : 0.000
shaping reward              : 0.000
learning reward             : 0.000
episode length              : 163.2
abstract changes / episode  : 13.9
same abstract-state steps   : 91.5%
same-state shaping / episode: 0.000
changed-state shaping / ep. : 0.000
terminal shaping / episode  : 0.000
DFA transitions / episode   : 0.06
DFA transitions in window   : 1->2: 6
epsilon (next episode)       : 0.61872
replay buffer                : 135124 samples [1: 99.1%, 2: 0.9%, 3: 0.0%]
DFA state visits in window   : 1: 16152, 2: 273, 3: 0
DFA state visits cumulative  : 1: 135091, 2: 1233, 3: 0
DFA state entries in window  : 1: 100, 2: 6, 3: 0
DFA state entries cumulative : 1: 1200, 2: 35, 3: 0
transitions cumulative       : 1->2: 35
accepted directly from s0    : 0
Gym endings cumulative       : terminated=1198, truncated=2

[Episode 1300/10000 | last 100]
success rate                : 0.0% (cumulative 0.0%)
failure rate                : 0.0% (cumulative 0.0%)
completed cycles / episode  : 0.000
synthetic task reward       : 0.000
shaping reward              : 0.000
learning reward             : 0.000
episode length              : 141.6
abstract changes / episode  : 13.2
same abstract-state steps   : 90.7%
same-state shaping / episode: 0.000
changed-state shaping / ep. : 0.000
terminal shaping / episode  : 0.000
DFA transitions / episode   : 0.00
DFA transitions in window   : none
epsilon (next episode)       : 0.59446
replay buffer                : 149286 samples [1: 99.2%, 2: 0.8%, 3: 0.0%]
DFA state visits in window   : 1: 14262, 2: 0, 3: 0
DFA state visits cumulative  : 1: 149353, 2: 1233, 3: 0
DFA state entries in window  : 1: 100, 2: 0, 3: 0
DFA state entries cumulative : 1: 1300, 2: 35, 3: 0
transitions cumulative       : 1->2: 35
accepted directly from s0    : 0
Gym endings cumulative       : terminated=1298, truncated=2

[Episode 1400/10000 | last 100]
success rate                : 0.0% (cumulative 0.0%)
failure rate                : 0.0% (cumulative 0.0%)
completed cycles / episode  : 0.000
synthetic task reward       : 0.000
shaping reward              : 0.000
learning reward             : 0.000
episode length              : 153.4
abstract changes / episode  : 13.1
same abstract-state steps   : 91.4%
same-state shaping / episode: 0.000
changed-state shaping / ep. : 0.000
terminal shaping / episode  : 0.000
DFA transitions / episode   : 0.00
DFA transitions in window   : none
epsilon (next episode)       : 0.57115
replay buffer                : 164624 samples [1: 99.3%, 2: 0.7%, 3: 0.0%]
DFA state visits in window   : 1: 15438, 2: 0, 3: 0
DFA state visits cumulative  : 1: 164791, 2: 1233, 3: 0
DFA state entries in window  : 1: 100, 2: 0, 3: 0
DFA state entries cumulative : 1: 1400, 2: 35, 3: 0
transitions cumulative       : 1->2: 35
accepted directly from s0    : 0
Gym endings cumulative       : terminated=1397, truncated=3

[Episode 1500/10000 | last 100]
success rate                : 0.0% (cumulative 0.0%)
failure rate                : 0.0% (cumulative 0.0%)
completed cycles / episode  : 0.000
synthetic task reward       : 0.000
shaping reward              : 0.000
learning reward             : 0.000
episode length              : 174.4
abstract changes / episode  : 12.6
same abstract-state steps   : 92.8%
same-state shaping / episode: 0.000
changed-state shaping / ep. : 0.000
terminal shaping / episode  : 0.000
DFA transitions / episode   : 0.00
DFA transitions in window   : none
epsilon (next episode)       : 0.54875
replay buffer                : 182063 samples [1: 99.3%, 2: 0.7%, 3: 0.0%]
DFA state visits in window   : 1: 17539, 2: 0, 3: 0
DFA state visits cumulative  : 1: 182330, 2: 1233, 3: 0
DFA state entries in window  : 1: 100, 2: 0, 3: 0
DFA state entries cumulative : 1: 1500, 2: 35, 3: 0
transitions cumulative       : 1->2: 35
accepted directly from s0    : 0
Gym endings cumulative       : terminated=1497, truncated=3

Starting autonomous greedy evaluation at episode 1500 (1000 fixed-seed episodes)...
[Greedy evaluation at episode 1500 | 1000 fixed-seed episodes]
success=0.0%, failure=0.0%, task reward=0.000, length=179.9
DFA transitions: 1->2: 3
Best policy updated from autonomous greedy evaluation at episode 1500.

[Episode 1600/10000 | last 100]
success rate                : 0.0% (cumulative 0.0%)
failure rate                : 0.0% (cumulative 0.0%)
completed cycles / episode  : 0.000
synthetic task reward       : 0.000
shaping reward              : 0.000
learning reward             : 0.000
episode length              : 146.7
abstract changes / episode  : 10.8
same abstract-state steps   : 92.7%
same-state shaping / episode: 0.000
changed-state shaping / ep. : 0.000
terminal shaping / episode  : 0.000
DFA transitions / episode   : 0.07
DFA transitions in window   : 1->2: 7
epsilon (next episode)       : 0.52722
replay buffer                : 196734 samples [1: 99.3%, 2: 0.7%, 3: 0.0%]
DFA state visits in window   : 1: 14568, 2: 203, 3: 0
DFA state visits cumulative  : 1: 196898, 2: 1436, 3: 0
DFA state entries in window  : 1: 100, 2: 7, 3: 0
DFA state entries cumulative : 1: 1600, 2: 42, 3: 0
transitions cumulative       : 1->2: 42
accepted directly from s0    : 0
Gym endings cumulative       : terminated=1597, truncated=3

[Episode 1700/10000 | last 100]
success rate                : 0.0% (cumulative 0.0%)
failure rate                : 0.0% (cumulative 0.0%)
completed cycles / episode  : 0.000
synthetic task reward       : 0.000
shaping reward              : 0.000
learning reward             : 0.000
episode length              : 203.7
abstract changes / episode  : 13.7
same abstract-state steps   : 93.3%
same-state shaping / episode: 0.000
changed-state shaping / ep. : 0.000
terminal shaping / episode  : 0.000
DFA transitions / episode   : 0.07
DFA transitions in window   : 1->2: 7
epsilon (next episode)       : 0.50655
replay buffer                : 217104 samples [1: 99.2%, 2: 0.8%, 3: 0.0%]
DFA state visits in window   : 1: 20181, 2: 289, 3: 0
DFA state visits cumulative  : 1: 217079, 2: 1725, 3: 0
DFA state entries in window  : 1: 100, 2: 7, 3: 0
DFA state entries cumulative : 1: 1700, 2: 49, 3: 0
transitions cumulative       : 1->2: 49
accepted directly from s0    : 0
Gym endings cumulative       : terminated=1697, truncated=3

[Episode 1800/10000 | last 100]
success rate                : 0.0% (cumulative 0.0%)
failure rate                : 0.0% (cumulative 0.0%)
completed cycles / episode  : 0.000
synthetic task reward       : 0.000
shaping reward              : 0.000
learning reward             : 0.000
episode length              : 214.1
abstract changes / episode  : 14.3
same abstract-state steps   : 93.3%
same-state shaping / episode: 0.000
changed-state shaping / ep. : 0.000
terminal shaping / episode  : 0.000
DFA transitions / episode   : 0.01
DFA transitions in window   : 1->2: 1
epsilon (next episode)       : 0.48668
replay buffer                : 238514 samples [1: 99.3%, 2: 0.7%, 3: 0.0%]
DFA state visits in window   : 1: 21474, 2: 36, 3: 0
DFA state visits cumulative  : 1: 238553, 2: 1761, 3: 0
DFA state entries in window  : 1: 100, 2: 1, 3: 0
DFA state entries cumulative : 1: 1800, 2: 50, 3: 0
transitions cumulative       : 1->2: 50
accepted directly from s0    : 0
Gym endings cumulative       : terminated=1794, truncated=6

[Episode 1900/10000 | last 100]
success rate                : 0.0% (cumulative 0.0%)
failure rate                : 0.0% (cumulative 0.0%)
completed cycles / episode  : 0.000
synthetic task reward       : 0.000
shaping reward              : 0.000
learning reward             : 0.000
episode length              : 272.3
abstract changes / episode  : 16.1
same abstract-state steps   : 94.1%
same-state shaping / episode: 0.000
changed-state shaping / ep. : 0.000
terminal shaping / episode  : 0.000
DFA transitions / episode   : 0.06
DFA transitions in window   : 1->2: 6
epsilon (next episode)       : 0.46760
replay buffer                : 265743 samples [1: 99.2%, 2: 0.8%, 3: 0.0%]
DFA state visits in window   : 1: 26954, 2: 375, 3: 0
DFA state visits cumulative  : 1: 265507, 2: 2136, 3: 0
DFA state entries in window  : 1: 100, 2: 6, 3: 0
DFA state entries cumulative : 1: 1900, 2: 56, 3: 0
transitions cumulative       : 1->2: 56
accepted directly from s0    : 0
Gym endings cumulative       : terminated=1890, truncated=10

[Episode 2000/10000 | last 100]
success rate                : 0.0% (cumulative 0.0%)
failure rate                : 0.0% (cumulative 0.0%)
completed cycles / episode  : 0.000
synthetic task reward       : 0.000
shaping reward              : 0.000
learning reward             : 0.000
episode length              : 270.1
abstract changes / episode  : 16.4
same abstract-state steps   : 93.9%
same-state shaping / episode: 0.000
changed-state shaping / ep. : 0.000
terminal shaping / episode  : 0.000
DFA transitions / episode   : 0.01
DFA transitions in window   : 1->2: 1
epsilon (next episode)       : 0.44926
replay buffer                : 292757 samples [1: 99.3%, 2: 0.7%, 3: 0.0%]
DFA state visits in window   : 1: 27000, 2: 114, 3: 0
DFA state visits cumulative  : 1: 292507, 2: 2250, 3: 0
DFA state entries in window  : 1: 100, 2: 1, 3: 0
DFA state entries cumulative : 1: 2000, 2: 57, 3: 0
transitions cumulative       : 1->2: 57
accepted directly from s0    : 0
Gym endings cumulative       : terminated=1987, truncated=13

Starting autonomous greedy evaluation at episode 2000 (1000 fixed-seed episodes)...
[Greedy evaluation at episode 2000 | 1000 fixed-seed episodes]
success=0.1%, failure=0.0%, task reward=10.000, length=602.2
DFA transitions: 1->2: 102, 2->3: 1
Best policy updated from autonomous greedy evaluation at episode 2000.

[Episode 2100/10000 | last 100]
success rate                : 0.0% (cumulative 0.0%)
failure rate                : 0.0% (cumulative 0.0%)
completed cycles / episode  : 0.000
synthetic task reward       : 0.000
shaping reward              : 0.000
learning reward             : 0.000
episode length              : 322.6
abstract changes / episode  : 17.1
same abstract-state steps   : 94.7%
same-state shaping / episode: 0.000
changed-state shaping / ep. : 0.000
terminal shaping / episode  : 0.000
DFA transitions / episode   : 0.01
DFA transitions in window   : 1->2: 1
epsilon (next episode)       : 0.43164
replay buffer                : 300000 samples [1: 99.3%, 2: 0.7%, 3: 0.0%]
DFA state visits in window   : 1: 32315, 2: 45, 3: 0
DFA state visits cumulative  : 1: 324822, 2: 2295, 3: 0
DFA state entries in window  : 1: 100, 2: 1, 3: 0
DFA state entries cumulative : 1: 2100, 2: 58, 3: 0
transitions cumulative       : 1->2: 58
accepted directly from s0    : 0
Gym endings cumulative       : terminated=2077, truncated=23

[Episode 2200/10000 | last 100]
success rate                : 0.0% (cumulative 0.0%)
failure rate                : 0.0% (cumulative 0.0%)
completed cycles / episode  : 0.000
synthetic task reward       : 0.000
shaping reward              : 0.000
learning reward             : 0.000
episode length              : 275.3
abstract changes / episode  : 16.4
same abstract-state steps   : 94.0%
same-state shaping / episode: 0.000
changed-state shaping / ep. : 0.000
terminal shaping / episode  : 0.000
DFA transitions / episode   : 0.01
DFA transitions in window   : 1->2: 1
epsilon (next episode)       : 0.41471
replay buffer                : 300000 samples [1: 99.3%, 2: 0.7%, 3: 0.0%]
DFA state visits in window   : 1: 27575, 2: 58, 3: 0
DFA state visits cumulative  : 1: 352397, 2: 2353, 3: 0
DFA state entries in window  : 1: 100, 2: 1, 3: 0
DFA state entries cumulative : 1: 2200, 2: 59, 3: 0
transitions cumulative       : 1->2: 59
accepted directly from s0    : 0
Gym endings cumulative       : terminated=2167, truncated=33

[Episode 2300/10000 | last 100]
success rate                : 0.0% (cumulative 0.0%)
failure rate                : 0.0% (cumulative 0.0%)
completed cycles / episode  : 0.000
synthetic task reward       : 0.000
shaping reward              : 0.000
learning reward             : 0.000
episode length              : 268.7
abstract changes / episode  : 18.9
same abstract-state steps   : 93.0%
same-state shaping / episode: 0.000
changed-state shaping / ep. : 0.000
terminal shaping / episode  : 0.000
DFA transitions / episode   : 0.03
DFA transitions in window   : 1->2: 3
epsilon (next episode)       : 0.39845
replay buffer                : 300000 samples [1: 99.4%, 2: 0.6%, 3: 0.0%]
DFA state visits in window   : 1: 26856, 2: 113, 3: 0
DFA state visits cumulative  : 1: 379253, 2: 2466, 3: 0
DFA state entries in window  : 1: 100, 2: 3, 3: 0
DFA state entries cumulative : 1: 2300, 2: 62, 3: 0
transitions cumulative       : 1->2: 62
accepted directly from s0    : 0
Gym endings cumulative       : terminated=2265, truncated=35

[Episode 2400/10000 | last 100]
success rate                : 0.0% (cumulative 0.0%)
failure rate                : 0.0% (cumulative 0.0%)
completed cycles / episode  : 0.000
synthetic task reward       : 0.000
shaping reward              : 0.000
learning reward             : 0.000
episode length              : 320.8
abstract changes / episode  : 19.6
same abstract-state steps   : 93.9%
same-state shaping / episode: 0.000
changed-state shaping / ep. : 0.000
terminal shaping / episode  : 0.000
DFA transitions / episode   : 0.03
DFA transitions in window   : 1->2: 3
epsilon (next episode)       : 0.38282
replay buffer                : 300000 samples [1: 99.4%, 2: 0.6%, 3: 0.0%]
DFA state visits in window   : 1: 31959, 2: 223, 3: 0
DFA state visits cumulative  : 1: 411212, 2: 2689, 3: 0
DFA state entries in window  : 1: 100, 2: 3, 3: 0
DFA state entries cumulative : 1: 2400, 2: 65, 3: 0
transitions cumulative       : 1->2: 65
accepted directly from s0    : 0
Gym endings cumulative       : terminated=2363, truncated=37

[Episode 2500/10000 | last 100]
success rate                : 0.0% (cumulative 0.0%)
failure rate                : 0.0% (cumulative 0.0%)
completed cycles / episode  : 0.000
synthetic task reward       : 0.000
shaping reward              : 0.000
learning reward             : 0.000
episode length              : 233.4
abstract changes / episode  : 15.3
same abstract-state steps   : 93.4%
same-state shaping / episode: 0.000
changed-state shaping / ep. : 0.000
terminal shaping / episode  : 0.000
DFA transitions / episode   : 0.00
DFA transitions in window   : none
epsilon (next episode)       : 0.36781
replay buffer                : 300000 samples [1: 99.5%, 2: 0.5%, 3: 0.0%]
DFA state visits in window   : 1: 23441, 2: 0, 3: 0
DFA state visits cumulative  : 1: 434653, 2: 2689, 3: 0
DFA state entries in window  : 1: 100, 2: 0, 3: 0
DFA state entries cumulative : 1: 2500, 2: 65, 3: 0
transitions cumulative       : 1->2: 65
accepted directly from s0    : 0
Gym endings cumulative       : terminated=2461, truncated=39

Starting autonomous greedy evaluation at episode 2500 (1000 fixed-seed episodes)...
[Greedy evaluation at episode 2500 | 1000 fixed-seed episodes]
success=0.0%, failure=0.0%, task reward=0.000, length=228.5
DFA transitions: 1->2: 2

[Episode 2600/10000 | last 100]
success rate                : 0.0% (cumulative 0.0%)
failure rate                : 0.0% (cumulative 0.0%)
completed cycles / episode  : 0.000
synthetic task reward       : 0.000
shaping reward              : 0.000
learning reward             : 0.000
episode length              : 379.6
abstract changes / episode  : 19.0
same abstract-state steps   : 95.0%
same-state shaping / episode: 0.000
changed-state shaping / ep. : 0.000
terminal shaping / episode  : 0.000
DFA transitions / episode   : 0.07
DFA transitions in window   : 1->2: 7
epsilon (next episode)       : 0.35338
replay buffer                : 300000 samples [1: 99.1%, 2: 0.9%, 3: 0.0%]
DFA state visits in window   : 1: 36643, 2: 1416, 3: 0
DFA state visits cumulative  : 1: 471296, 2: 4105, 3: 0
DFA state entries in window  : 1: 100, 2: 7, 3: 0
DFA state entries cumulative : 1: 2600, 2: 72, 3: 0
transitions cumulative       : 1->2: 72
accepted directly from s0    : 0
Gym endings cumulative       : terminated=2556, truncated=44

[Episode 2700/10000 | last 100]
success rate                : 0.0% (cumulative 0.0%)
failure rate                : 0.0% (cumulative 0.0%)
completed cycles / episode  : 0.000
synthetic task reward       : 0.000
shaping reward              : 0.000
learning reward             : 0.000
episode length              : 221.9
abstract changes / episode  : 15.0
same abstract-state steps   : 93.3%
same-state shaping / episode: 0.000
changed-state shaping / ep. : 0.000
terminal shaping / episode  : 0.000
DFA transitions / episode   : 0.02
DFA transitions in window   : 1->2: 2
epsilon (next episode)       : 0.33952
replay buffer                : 300000 samples [1: 99.1%, 2: 0.9%, 3: 0.0%]
DFA state visits in window   : 1: 22175, 2: 116, 3: 0
DFA state visits cumulative  : 1: 493471, 2: 4221, 3: 0
DFA state entries in window  : 1: 100, 2: 2, 3: 0
DFA state entries cumulative : 1: 2700, 2: 74, 3: 0
transitions cumulative       : 1->2: 74
accepted directly from s0    : 0
Gym endings cumulative       : terminated=2656, truncated=44

[Episode 2800/10000 | last 100]
success rate                : 0.0% (cumulative 0.0%)
failure rate                : 0.0% (cumulative 0.0%)
completed cycles / episode  : 0.000
synthetic task reward       : 0.000
shaping reward              : 0.000
learning reward             : 0.000
episode length              : 187.8
abstract changes / episode  : 14.6
same abstract-state steps   : 92.2%
same-state shaping / episode: 0.000
changed-state shaping / ep. : 0.000
terminal shaping / episode  : 0.000
DFA transitions / episode   : 0.01
DFA transitions in window   : 1->2: 1
epsilon (next episode)       : 0.32621
replay buffer                : 300000 samples [1: 99.2%, 2: 0.8%, 3: 0.0%]
DFA state visits in window   : 1: 18834, 2: 46, 3: 0
DFA state visits cumulative  : 1: 512305, 2: 4267, 3: 0
DFA state entries in window  : 1: 100, 2: 1, 3: 0
DFA state entries cumulative : 1: 2800, 2: 75, 3: 0
transitions cumulative       : 1->2: 75
accepted directly from s0    : 0
Gym endings cumulative       : terminated=2756, truncated=44

[Episode 2900/10000 | last 100]
success rate                : 0.0% (cumulative 0.0%)
failure rate                : 0.0% (cumulative 0.0%)
completed cycles / episode  : 0.000
synthetic task reward       : 0.000
shaping reward              : 0.000
learning reward             : 0.000
episode length              : 181.7
abstract changes / episode  : 13.3
same abstract-state steps   : 92.7%
same-state shaping / episode: 0.000
changed-state shaping / ep. : 0.000
terminal shaping / episode  : 0.000
DFA transitions / episode   : 0.03
DFA transitions in window   : 1->2: 3
epsilon (next episode)       : 0.31341
replay buffer                : 300000 samples [1: 99.1%, 2: 0.9%, 3: 0.0%]
DFA state visits in window   : 1: 18143, 2: 131, 3: 0
DFA state visits cumulative  : 1: 530448, 2: 4398, 3: 0
DFA state entries in window  : 1: 100, 2: 3, 3: 0
DFA state entries cumulative : 1: 2900, 2: 78, 3: 0
transitions cumulative       : 1->2: 78
accepted directly from s0    : 0
Gym endings cumulative       : terminated=2856, truncated=44

[Episode 3000/10000 | last 100]
success rate                : 0.0% (cumulative 0.0%)
failure rate                : 0.0% (cumulative 0.0%)
completed cycles / episode  : 0.000
synthetic task reward       : 0.000
shaping reward              : 0.000
learning reward             : 0.000
episode length              : 157.5
abstract changes / episode  : 12.9
same abstract-state steps   : 91.8%
same-state shaping / episode: 0.000
changed-state shaping / ep. : 0.000
terminal shaping / episode  : 0.000
DFA transitions / episode   : 0.01
DFA transitions in window   : 1->2: 1
epsilon (next episode)       : 0.30112
replay buffer                : 300000 samples [1: 99.2%, 2: 0.8%, 3: 0.0%]
DFA state visits in window   : 1: 15811, 2: 43, 3: 0
DFA state visits cumulative  : 1: 546259, 2: 4441, 3: 0
DFA state entries in window  : 1: 100, 2: 1, 3: 0
DFA state entries cumulative : 1: 3000, 2: 79, 3: 0
transitions cumulative       : 1->2: 79
accepted directly from s0    : 0
Gym endings cumulative       : terminated=2956, truncated=44

Starting autonomous greedy evaluation at episode 3000 (1000 fixed-seed episodes)...
[Greedy evaluation at episode 3000 | 1000 fixed-seed episodes]
success=0.0%, failure=0.0%, task reward=0.000, length=67.3
DFA transitions: none

[Episode 3100/10000 | last 100]
success rate                : 0.0% (cumulative 0.0%)
failure rate                : 0.0% (cumulative 0.0%)
completed cycles / episode  : 0.000
synthetic task reward       : 0.000
shaping reward              : 0.000
learning reward             : 0.000
episode length              : 146.1
abstract changes / episode  : 13.0
same abstract-state steps   : 91.1%
same-state shaping / episode: 0.000
changed-state shaping / ep. : 0.000
terminal shaping / episode  : 0.000
DFA transitions / episode   : 0.07
DFA transitions in window   : 1->2: 7
epsilon (next episode)       : 0.28931
replay buffer                : 300000 samples [1: 99.2%, 2: 0.8%, 3: 0.0%]
DFA state visits in window   : 1: 14464, 2: 241, 3: 0
DFA state visits cumulative  : 1: 560723, 2: 4682, 3: 0
DFA state entries in window  : 1: 100, 2: 7, 3: 0
DFA state entries cumulative : 1: 3100, 2: 86, 3: 0
transitions cumulative       : 1->2: 86
accepted directly from s0    : 0
Gym endings cumulative       : terminated=3056, truncated=44

[Episode 3200/10000 | last 100]
success rate                : 0.0% (cumulative 0.0%)
failure rate                : 0.0% (cumulative 0.0%)
completed cycles / episode  : 0.000
synthetic task reward       : 0.000
shaping reward              : 0.000
learning reward             : 0.000
episode length              : 112.5
abstract changes / episode  : 13.0
same abstract-state steps   : 88.5%
same-state shaping / episode: 0.000
changed-state shaping / ep. : 0.000
terminal shaping / episode  : 0.000
DFA transitions / episode   : 0.02
DFA transitions in window   : 1->2: 2
epsilon (next episode)       : 0.27797
replay buffer                : 300000 samples [1: 99.2%, 2: 0.8%, 3: 0.0%]
DFA state visits in window   : 1: 11325, 2: 26, 3: 0
DFA state visits cumulative  : 1: 572048, 2: 4708, 3: 0
DFA state entries in window  : 1: 100, 2: 2, 3: 0
DFA state entries cumulative : 1: 3200, 2: 88, 3: 0
transitions cumulative       : 1->2: 88
accepted directly from s0    : 0
Gym endings cumulative       : terminated=3156, truncated=44

[Episode 3300/10000 | last 100]
success rate                : 0.0% (cumulative 0.0%)
failure rate                : 0.0% (cumulative 0.0%)
completed cycles / episode  : 0.000
synthetic task reward       : 0.000
shaping reward              : 0.000
learning reward             : 0.000
episode length              : 99.9
abstract changes / episode  : 13.2
same abstract-state steps   : 86.8%
same-state shaping / episode: 0.000
changed-state shaping / ep. : 0.000
terminal shaping / episode  : 0.000
DFA transitions / episode   : 0.05
DFA transitions in window   : 1->2: 5
epsilon (next episode)       : 0.26706
replay buffer                : 300000 samples [1: 99.1%, 2: 0.9%, 3: 0.0%]
DFA state visits in window   : 1: 9956, 2: 138, 3: 0
DFA state visits cumulative  : 1: 582004, 2: 4846, 3: 0
DFA state entries in window  : 1: 100, 2: 5, 3: 0
DFA state entries cumulative : 1: 3300, 2: 93, 3: 0
transitions cumulative       : 1->2: 93
accepted directly from s0    : 0
Gym endings cumulative       : terminated=3256, truncated=44

[Episode 3400/10000 | last 100]
success rate                : 0.0% (cumulative 0.0%)
failure rate                : 0.0% (cumulative 0.0%)
completed cycles / episode  : 0.000
synthetic task reward       : 0.000
shaping reward              : 0.000
learning reward             : 0.000
episode length              : 103.2
abstract changes / episode  : 13.1
same abstract-state steps   : 87.3%
same-state shaping / episode: 0.000
changed-state shaping / ep. : 0.000
terminal shaping / episode  : 0.000
DFA transitions / episode   : 0.02
DFA transitions in window   : 1->2: 2
epsilon (next episode)       : 0.25659
replay buffer                : 300000 samples [1: 99.1%, 2: 0.9%, 3: 0.0%]
DFA state visits in window   : 1: 10373, 2: 45, 3: 0
DFA state visits cumulative  : 1: 592377, 2: 4891, 3: 0
DFA state entries in window  : 1: 100, 2: 2, 3: 0
DFA state entries cumulative : 1: 3400, 2: 95, 3: 0
transitions cumulative       : 1->2: 95
accepted directly from s0    : 0
Gym endings cumulative       : terminated=3355, truncated=45

[Episode 3500/10000 | last 100]
success rate                : 0.0% (cumulative 0.0%)
failure rate                : 0.0% (cumulative 0.0%)
completed cycles / episode  : 0.000
synthetic task reward       : 0.000
shaping reward              : 0.000
learning reward             : 0.000
episode length              : 99.8
abstract changes / episode  : 13.0
same abstract-state steps   : 86.9%
same-state shaping / episode: 0.000
changed-state shaping / ep. : 0.000
terminal shaping / episode  : 0.000
DFA transitions / episode   : 0.00
DFA transitions in window   : none
epsilon (next episode)       : 0.24653
replay buffer                : 300000 samples [1: 99.1%, 2: 0.9%, 3: 0.0%]
DFA state visits in window   : 1: 10076, 2: 0, 3: 0
DFA state visits cumulative  : 1: 602453, 2: 4891, 3: 0
DFA state entries in window  : 1: 100, 2: 0, 3: 0
DFA state entries cumulative : 1: 3500, 2: 95, 3: 0
transitions cumulative       : 1->2: 95
accepted directly from s0    : 0
Gym endings cumulative       : terminated=3454, truncated=46

Starting autonomous greedy evaluation at episode 3500 (1000 fixed-seed episodes)...
[Greedy evaluation at episode 3500 | 1000 fixed-seed episodes]
success=0.0%, failure=0.0%, task reward=0.000, length=67.6
DFA transitions: none

[Episode 3600/10000 | last 100]
success rate                : 0.0% (cumulative 0.0%)
failure rate                : 0.0% (cumulative 0.0%)
completed cycles / episode  : 0.000
synthetic task reward       : 0.000
shaping reward              : 0.000
learning reward             : 0.000
episode length              : 87.6
abstract changes / episode  : 12.8
same abstract-state steps   : 85.4%
same-state shaping / episode: 0.000
changed-state shaping / ep. : 0.000
terminal shaping / episode  : 0.000
DFA transitions / episode   : 0.01
DFA transitions in window   : 1->2: 1
epsilon (next episode)       : 0.23686
replay buffer                : 300000 samples [1: 99.1%, 2: 0.9%, 3: 0.0%]
DFA state visits in window   : 1: 8823, 2: 36, 3: 0
DFA state visits cumulative  : 1: 611276, 2: 4927, 3: 0
DFA state entries in window  : 1: 100, 2: 1, 3: 0
DFA state entries cumulative : 1: 3600, 2: 96, 3: 0
transitions cumulative       : 1->2: 96
accepted directly from s0    : 0
Gym endings cumulative       : terminated=3554, truncated=46

[Episode 3700/10000 | last 100]
success rate                : 0.0% (cumulative 0.0%)
failure rate                : 0.0% (cumulative 0.0%)
completed cycles / episode  : 0.000
synthetic task reward       : 0.000
shaping reward              : 0.000
learning reward             : 0.000
episode length              : 89.9
abstract changes / episode  : 12.7
same abstract-state steps   : 85.8%
same-state shaping / episode: 0.000
changed-state shaping / ep. : 0.000
terminal shaping / episode  : 0.000
DFA transitions / episode   : 0.01
DFA transitions in window   : 1->2: 1
epsilon (next episode)       : 0.22757
replay buffer                : 300000 samples [1: 99.1%, 2: 0.9%, 3: 0.0%]
DFA state visits in window   : 1: 9071, 2: 15, 3: 0
DFA state visits cumulative  : 1: 620347, 2: 4942, 3: 0
DFA state entries in window  : 1: 100, 2: 1, 3: 0
DFA state entries cumulative : 1: 3700, 2: 97, 3: 0
transitions cumulative       : 1->2: 97
accepted directly from s0    : 0
Gym endings cumulative       : terminated=3654, truncated=46

[Episode 3800/10000 | last 100]
success rate                : 0.0% (cumulative 0.0%)
failure rate                : 0.0% (cumulative 0.0%)
completed cycles / episode  : 0.000
synthetic task reward       : 0.000
shaping reward              : 0.000
learning reward             : 0.000
episode length              : 87.9
abstract changes / episode  : 12.8
same abstract-state steps   : 85.4%
same-state shaping / episode: 0.000
changed-state shaping / ep. : 0.000
terminal shaping / episode  : 0.000
DFA transitions / episode   : 0.03
DFA transitions in window   : 1->2: 3
epsilon (next episode)       : 0.21865
replay buffer                : 300000 samples [1: 99.1%, 2: 0.9%, 3: 0.0%]
DFA state visits in window   : 1: 8828, 2: 62, 3: 0
DFA state visits cumulative  : 1: 629175, 2: 5004, 3: 0
DFA state entries in window  : 1: 100, 2: 3, 3: 0
DFA state entries cumulative : 1: 3800, 2: 100, 3: 0
transitions cumulative       : 1->2: 100
accepted directly from s0    : 0
Gym endings cumulative       : terminated=3754, truncated=46

[Episode 3900/10000 | last 100]
success rate                : 0.0% (cumulative 0.0%)
failure rate                : 0.0% (cumulative 0.0%)
completed cycles / episode  : 0.000
synthetic task reward       : 0.000
shaping reward              : 0.000
learning reward             : 0.000
episode length              : 96.7
abstract changes / episode  : 12.6
same abstract-state steps   : 87.0%
same-state shaping / episode: 0.000
changed-state shaping / ep. : 0.000
terminal shaping / episode  : 0.000
DFA transitions / episode   : 0.00
DFA transitions in window   : none
epsilon (next episode)       : 0.21007
replay buffer                : 300000 samples [1: 99.1%, 2: 0.9%, 3: 0.0%]
DFA state visits in window   : 1: 9770, 2: 0, 3: 0
DFA state visits cumulative  : 1: 638945, 2: 5004, 3: 0
DFA state entries in window  : 1: 100, 2: 0, 3: 0
DFA state entries cumulative : 1: 3900, 2: 100, 3: 0
transitions cumulative       : 1->2: 100
accepted directly from s0    : 0
Gym endings cumulative       : terminated=3853, truncated=47

[Episode 4000/10000 | last 100]
success rate                : 0.0% (cumulative 0.0%)
failure rate                : 0.0% (cumulative 0.0%)
completed cycles / episode  : 0.000
synthetic task reward       : 0.000
shaping reward              : 0.000
learning reward             : 0.000
episode length              : 95.3
abstract changes / episode  : 12.4
same abstract-state steps   : 87.0%
same-state shaping / episode: 0.000
changed-state shaping / ep. : 0.000
terminal shaping / episode  : 0.000
DFA transitions / episode   : 0.00
DFA transitions in window   : none
epsilon (next episode)       : 0.20183
replay buffer                : 300000 samples [1: 99.1%, 2: 0.9%, 3: 0.0%]
DFA state visits in window   : 1: 9630, 2: 0, 3: 0
DFA state visits cumulative  : 1: 648575, 2: 5004, 3: 0
DFA state entries in window  : 1: 100, 2: 0, 3: 0
DFA state entries cumulative : 1: 4000, 2: 100, 3: 0
transitions cumulative       : 1->2: 100
accepted directly from s0    : 0
Gym endings cumulative       : terminated=3952, truncated=48

Starting autonomous greedy evaluation at episode 4000 (1000 fixed-seed episodes)...
[Greedy evaluation at episode 4000 | 1000 fixed-seed episodes]
success=0.0%, failure=0.0%, task reward=0.000, length=67.4
DFA transitions: none

[Episode 4100/10000 | last 100]
success rate                : 0.0% (cumulative 0.0%)
failure rate                : 0.0% (cumulative 0.0%)
completed cycles / episode  : 0.000
synthetic task reward       : 0.000
shaping reward              : 0.000
learning reward             : 0.000
episode length              : 91.3
abstract changes / episode  : 12.7
same abstract-state steps   : 86.1%
same-state shaping / episode: 0.000
changed-state shaping / ep. : 0.000
terminal shaping / episode  : 0.000
DFA transitions / episode   : 0.00
DFA transitions in window   : none
epsilon (next episode)       : 0.19392
replay buffer                : 300000 samples [1: 99.1%, 2: 0.9%, 3: 0.0%]
DFA state visits in window   : 1: 9229, 2: 0, 3: 0
DFA state visits cumulative  : 1: 657804, 2: 5004, 3: 0
DFA state entries in window  : 1: 100, 2: 0, 3: 0
DFA state entries cumulative : 1: 4100, 2: 100, 3: 0
transitions cumulative       : 1->2: 100
accepted directly from s0    : 0
Gym endings cumulative       : terminated=4052, truncated=48

[Episode 4200/10000 | last 100]
success rate                : 0.0% (cumulative 0.0%)
failure rate                : 0.0% (cumulative 0.0%)
completed cycles / episode  : 0.000
synthetic task reward       : 0.000
shaping reward              : 0.000
learning reward             : 0.000
episode length              : 93.6
abstract changes / episode  : 12.7
same abstract-state steps   : 86.4%
same-state shaping / episode: 0.000
changed-state shaping / ep. : 0.000
terminal shaping / episode  : 0.000
DFA transitions / episode   : 0.02
DFA transitions in window   : 1->2: 2
epsilon (next episode)       : 0.18631
replay buffer                : 300000 samples [1: 99.1%, 2: 0.9%, 3: 0.0%]
DFA state visits in window   : 1: 9423, 2: 40, 3: 0
DFA state visits cumulative  : 1: 667227, 2: 5044, 3: 0
DFA state entries in window  : 1: 100, 2: 2, 3: 0
DFA state entries cumulative : 1: 4200, 2: 102, 3: 0
transitions cumulative       : 1->2: 102
accepted directly from s0    : 0
Gym endings cumulative       : terminated=4152, truncated=48

[Episode 4300/10000 | last 100]
success rate                : 0.0% (cumulative 0.0%)
failure rate                : 0.0% (cumulative 0.0%)
completed cycles / episode  : 0.000
synthetic task reward       : 0.000
shaping reward              : 0.000
learning reward             : 0.000
episode length              : 89.9
abstract changes / episode  : 12.5
same abstract-state steps   : 86.1%
same-state shaping / episode: 0.000
changed-state shaping / ep. : 0.000
terminal shaping / episode  : 0.000
DFA transitions / episode   : 0.01
DFA transitions in window   : 1->2: 1
epsilon (next episode)       : 0.17900
replay buffer                : 300000 samples [1: 99.1%, 2: 0.9%, 3: 0.0%]
DFA state visits in window   : 1: 9061, 2: 25, 3: 0
DFA state visits cumulative  : 1: 676288, 2: 5069, 3: 0
DFA state entries in window  : 1: 100, 2: 1, 3: 0
DFA state entries cumulative : 1: 4300, 2: 103, 3: 0
transitions cumulative       : 1->2: 103
accepted directly from s0    : 0
Gym endings cumulative       : terminated=4252, truncated=48

[Episode 4400/10000 | last 100]
success rate                : 0.0% (cumulative 0.0%)
failure rate                : 0.0% (cumulative 0.0%)
completed cycles / episode  : 0.000
synthetic task reward       : 0.000
shaping reward              : 0.000
learning reward             : 0.000
episode length              : 90.8
abstract changes / episode  : 12.4
same abstract-state steps   : 86.3%
same-state shaping / episode: 0.000
changed-state shaping / ep. : 0.000
terminal shaping / episode  : 0.000
DFA transitions / episode   : 0.01
DFA transitions in window   : 1->2: 1
epsilon (next episode)       : 0.17198
replay buffer                : 300000 samples [1: 99.1%, 2: 0.9%, 3: 0.0%]
DFA state visits in window   : 1: 9161, 2: 20, 3: 0
DFA state visits cumulative  : 1: 685449, 2: 5089, 3: 0
DFA state entries in window  : 1: 100, 2: 1, 3: 0
DFA state entries cumulative : 1: 4400, 2: 104, 3: 0
transitions cumulative       : 1->2: 104
accepted directly from s0    : 0
Gym endings cumulative       : terminated=4352, truncated=48

[Episode 4500/10000 | last 100]
success rate                : 0.0% (cumulative 0.0%)
failure rate                : 0.0% (cumulative 0.0%)
completed cycles / episode  : 0.000
synthetic task reward       : 0.000
shaping reward              : 0.000
learning reward             : 0.000
episode length              : 88.0
abstract changes / episode  : 12.7
same abstract-state steps   : 85.5%
same-state shaping / episode: 0.000
changed-state shaping / ep. : 0.000
terminal shaping / episode  : 0.000
DFA transitions / episode   : 0.02
DFA transitions in window   : 1->2: 2
epsilon (next episode)       : 0.16524
replay buffer                : 300000 samples [1: 99.1%, 2: 0.9%, 3: 0.0%]
DFA state visits in window   : 1: 8853, 2: 42, 3: 0
DFA state visits cumulative  : 1: 694302, 2: 5131, 3: 0
DFA state entries in window  : 1: 100, 2: 2, 3: 0
DFA state entries cumulative : 1: 4500, 2: 106, 3: 0
transitions cumulative       : 1->2: 106
accepted directly from s0    : 0
Gym endings cumulative       : terminated=4452, truncated=48

Starting autonomous greedy evaluation at episode 4500 (1000 fixed-seed episodes)...
[Greedy evaluation at episode 4500 | 1000 fixed-seed episodes]
success=0.0%, failure=0.0%, task reward=0.000, length=67.4
DFA transitions: none

[Episode 4600/10000 | last 100]
success rate                : 0.0% (cumulative 0.0%)
failure rate                : 0.0% (cumulative 0.0%)
completed cycles / episode  : 0.000
synthetic task reward       : 0.000
shaping reward              : 0.000
learning reward             : 0.000
episode length              : 99.6
abstract changes / episode  : 12.6
same abstract-state steps   : 87.3%
same-state shaping / episode: 0.000
changed-state shaping / ep. : 0.000
terminal shaping / episode  : 0.000
DFA transitions / episode   : 0.01
DFA transitions in window   : 1->2: 1
epsilon (next episode)       : 0.15876
replay buffer                : 300000 samples [1: 99.1%, 2: 0.9%, 3: 0.0%]
DFA state visits in window   : 1: 10034, 2: 23, 3: 0
DFA state visits cumulative  : 1: 704336, 2: 5154, 3: 0
DFA state entries in window  : 1: 100, 2: 1, 3: 0
DFA state entries cumulative : 1: 4600, 2: 107, 3: 0
transitions cumulative       : 1->2: 107
accepted directly from s0    : 0
Gym endings cumulative       : terminated=4551, truncated=49

[Episode 4700/10000 | last 100]
success rate                : 0.0% (cumulative 0.0%)
failure rate                : 0.0% (cumulative 0.0%)
completed cycles / episode  : 0.000
synthetic task reward       : 0.000
shaping reward              : 0.000
learning reward             : 0.000
episode length              : 89.5
abstract changes / episode  : 12.7
same abstract-state steps   : 85.8%
same-state shaping / episode: 0.000
changed-state shaping / ep. : 0.000
terminal shaping / episode  : 0.000
DFA transitions / episode   : 0.00
DFA transitions in window   : none
epsilon (next episode)       : 0.15253
replay buffer                : 300000 samples [1: 99.2%, 2: 0.8%, 3: 0.0%]
DFA state visits in window   : 1: 9054, 2: 0, 3: 0
DFA state visits cumulative  : 1: 713390, 2: 5154, 3: 0
DFA state entries in window  : 1: 100, 2: 0, 3: 0
DFA state entries cumulative : 1: 4700, 2: 107, 3: 0
transitions cumulative       : 1->2: 107
accepted directly from s0    : 0
Gym endings cumulative       : terminated=4651, truncated=49

[Episode 4800/10000 | last 100]
success rate                : 0.0% (cumulative 0.0%)
failure rate                : 0.0% (cumulative 0.0%)
completed cycles / episode  : 0.000
synthetic task reward       : 0.000
shaping reward              : 0.000
learning reward             : 0.000
episode length              : 88.5
abstract changes / episode  : 12.6
same abstract-state steps   : 85.8%
same-state shaping / episode: 0.000
changed-state shaping / ep. : 0.000
terminal shaping / episode  : 0.000
DFA transitions / episode   : 0.02
DFA transitions in window   : 1->2: 2
epsilon (next episode)       : 0.14655
replay buffer                : 300000 samples [1: 99.2%, 2: 0.8%, 3: 0.0%]
DFA state visits in window   : 1: 8913, 2: 40, 3: 0
DFA state visits cumulative  : 1: 722303, 2: 5194, 3: 0
DFA state entries in window  : 1: 100, 2: 2, 3: 0
DFA state entries cumulative : 1: 4800, 2: 109, 3: 0
transitions cumulative       : 1->2: 109
accepted directly from s0    : 0
Gym endings cumulative       : terminated=4751, truncated=49

[Episode 4900/10000 | last 100]
success rate                : 0.0% (cumulative 0.0%)
failure rate                : 0.0% (cumulative 0.0%)
completed cycles / episode  : 0.000
synthetic task reward       : 0.000
shaping reward              : 0.000
learning reward             : 0.000
episode length              : 90.6
abstract changes / episode  : 12.7
same abstract-state steps   : 85.9%
same-state shaping / episode: 0.000
changed-state shaping / ep. : 0.000
terminal shaping / episode  : 0.000
DFA transitions / episode   : 0.05
DFA transitions in window   : 1->2: 5
epsilon (next episode)       : 0.14080
replay buffer                : 300000 samples [1: 99.2%, 2: 0.8%, 3: 0.0%]
DFA state visits in window   : 1: 9072, 2: 92, 3: 0
DFA state visits cumulative  : 1: 731375, 2: 5286, 3: 0
DFA state entries in window  : 1: 100, 2: 5, 3: 0
DFA state entries cumulative : 1: 4900, 2: 114, 3: 0
transitions cumulative       : 1->2: 114
accepted directly from s0    : 0
Gym endings cumulative       : terminated=4851, truncated=49

[Episode 5000/10000 | last 100]
success rate                : 0.0% (cumulative 0.0%)
failure rate                : 0.0% (cumulative 0.0%)
completed cycles / episode  : 0.000
synthetic task reward       : 0.000
shaping reward              : 0.000
learning reward             : 0.000
episode length              : 91.0
abstract changes / episode  : 12.6
same abstract-state steps   : 86.1%
same-state shaping / episode: 0.000
changed-state shaping / ep. : 0.000
terminal shaping / episode  : 0.000
DFA transitions / episode   : 0.00
DFA transitions in window   : none
epsilon (next episode)       : 0.13528
replay buffer                : 300000 samples [1: 99.2%, 2: 0.8%, 3: 0.0%]
DFA state visits in window   : 1: 9202, 2: 0, 3: 0
DFA state visits cumulative  : 1: 740577, 2: 5286, 3: 0
DFA state entries in window  : 1: 100, 2: 0, 3: 0
DFA state entries cumulative : 1: 5000, 2: 114, 3: 0
transitions cumulative       : 1->2: 114
accepted directly from s0    : 0
Gym endings cumulative       : terminated=4951, truncated=49

Starting autonomous greedy evaluation at episode 5000 (1000 fixed-seed episodes)...
[Greedy evaluation at episode 5000 | 1000 fixed-seed episodes]
success=0.0%, failure=0.0%, task reward=0.000, length=67.4
DFA transitions: none

[Episode 5100/10000 | last 100]
success rate                : 0.0% (cumulative 0.0%)
failure rate                : 0.0% (cumulative 0.0%)
completed cycles / episode  : 0.000
synthetic task reward       : 0.000
shaping reward              : 0.000
learning reward             : 0.000
episode length              : 90.6
abstract changes / episode  : 12.5
same abstract-state steps   : 86.2%
same-state shaping / episode: 0.000
changed-state shaping / ep. : 0.000
terminal shaping / episode  : 0.000
DFA transitions / episode   : 0.01
DFA transitions in window   : 1->2: 1
epsilon (next episode)       : 0.12998
replay buffer                : 300000 samples [1: 99.4%, 2: 0.6%, 3: 0.0%]
DFA state visits in window   : 1: 9135, 2: 25, 3: 0
DFA state visits cumulative  : 1: 749712, 2: 5311, 3: 0
DFA state entries in window  : 1: 100, 2: 1, 3: 0
DFA state entries cumulative : 1: 5100, 2: 115, 3: 0
transitions cumulative       : 1->2: 115
accepted directly from s0    : 0
Gym endings cumulative       : terminated=5051, truncated=49

[Episode 5200/10000 | last 100]
success rate                : 0.0% (cumulative 0.0%)
failure rate                : 0.0% (cumulative 0.0%)
completed cycles / episode  : 0.000
synthetic task reward       : 0.000
shaping reward              : 0.000
learning reward             : 0.000
episode length              : 88.9
abstract changes / episode  : 12.2
same abstract-state steps   : 86.2%
same-state shaping / episode: 0.000
changed-state shaping / ep. : 0.000
terminal shaping / episode  : 0.000
DFA transitions / episode   : 0.02
DFA transitions in window   : 1->2: 2
epsilon (next episode)       : 0.12488
replay buffer                : 300000 samples [1: 99.6%, 2: 0.4%, 3: 0.0%]
DFA state visits in window   : 1: 8962, 2: 29, 3: 0
DFA state visits cumulative  : 1: 758674, 2: 5340, 3: 0
DFA state entries in window  : 1: 100, 2: 2, 3: 0
DFA state entries cumulative : 1: 5200, 2: 117, 3: 0
transitions cumulative       : 1->2: 117
accepted directly from s0    : 0
Gym endings cumulative       : terminated=5151, truncated=49

[Episode 5300/10000 | last 100]
success rate                : 0.0% (cumulative 0.0%)
failure rate                : 0.0% (cumulative 0.0%)
completed cycles / episode  : 0.000
synthetic task reward       : 0.000
shaping reward              : 0.000
learning reward             : 0.000
episode length              : 90.5
abstract changes / episode  : 12.7
same abstract-state steps   : 86.0%
same-state shaping / episode: 0.000
changed-state shaping / ep. : 0.000
terminal shaping / episode  : 0.000
DFA transitions / episode   : 0.03
DFA transitions in window   : 1->2: 3
epsilon (next episode)       : 0.11998
replay buffer                : 300000 samples [1: 99.6%, 2: 0.4%, 3: 0.0%]
DFA state visits in window   : 1: 9052, 2: 95, 3: 0
DFA state visits cumulative  : 1: 767726, 2: 5435, 3: 0
DFA state entries in window  : 1: 100, 2: 3, 3: 0
DFA state entries cumulative : 1: 5300, 2: 120, 3: 0
transitions cumulative       : 1->2: 120
accepted directly from s0    : 0
Gym endings cumulative       : terminated=5251, truncated=49

[Episode 5400/10000 | last 100]
success rate                : 0.0% (cumulative 0.0%)
failure rate                : 0.0% (cumulative 0.0%)
completed cycles / episode  : 0.000
synthetic task reward       : 0.000
shaping reward              : 0.000
learning reward             : 0.000
episode length              : 91.7
abstract changes / episode  : 12.7
same abstract-state steps   : 86.1%
same-state shaping / episode: 0.000
changed-state shaping / ep. : 0.000
terminal shaping / episode  : 0.000
DFA transitions / episode   : 0.03
DFA transitions in window   : 1->2: 3
epsilon (next episode)       : 0.11528
replay buffer                : 300000 samples [1: 99.5%, 2: 0.5%, 3: 0.0%]
DFA state visits in window   : 1: 9192, 2: 73, 3: 0
DFA state visits cumulative  : 1: 776918, 2: 5508, 3: 0
DFA state entries in window  : 1: 100, 2: 3, 3: 0
DFA state entries cumulative : 1: 5400, 2: 123, 3: 0
transitions cumulative       : 1->2: 123
accepted directly from s0    : 0
Gym endings cumulative       : terminated=5351, truncated=49

[Episode 5500/10000 | last 100]
success rate                : 0.0% (cumulative 0.0%)
failure rate                : 0.0% (cumulative 0.0%)
completed cycles / episode  : 0.000
synthetic task reward       : 0.000
shaping reward              : 0.000
learning reward             : 0.000
episode length              : 92.7
abstract changes / episode  : 12.6
same abstract-state steps   : 86.4%
same-state shaping / episode: 0.000
changed-state shaping / ep. : 0.000
terminal shaping / episode  : 0.000
DFA transitions / episode   : 0.00
DFA transitions in window   : none
epsilon (next episode)       : 0.11075
replay buffer                : 300000 samples [1: 99.6%, 2: 0.4%, 3: 0.0%]
DFA state visits in window   : 1: 9365, 2: 0, 3: 0
DFA state visits cumulative  : 1: 786283, 2: 5508, 3: 0
DFA state entries in window  : 1: 100, 2: 0, 3: 0
DFA state entries cumulative : 1: 5500, 2: 123, 3: 0
transitions cumulative       : 1->2: 123
accepted directly from s0    : 0
Gym endings cumulative       : terminated=5451, truncated=49

Starting autonomous greedy evaluation at episode 5500 (1000 fixed-seed episodes)...
[Greedy evaluation at episode 5500 | 1000 fixed-seed episodes]
success=0.0%, failure=0.0%, task reward=0.000, length=67.4
DFA transitions: none

[Episode 5600/10000 | last 100]
success rate                : 0.0% (cumulative 0.0%)
failure rate                : 0.0% (cumulative 0.0%)
completed cycles / episode  : 0.000
synthetic task reward       : 0.000
shaping reward              : 0.000
learning reward             : 0.000
episode length              : 85.4
abstract changes / episode  : 12.6
same abstract-state steps   : 85.3%
same-state shaping / episode: 0.000
changed-state shaping / ep. : 0.000
terminal shaping / episode  : 0.000
DFA transitions / episode   : 0.01
DFA transitions in window   : 1->2: 1
epsilon (next episode)       : 0.10641
replay buffer                : 300000 samples [1: 99.6%, 2: 0.4%, 3: 0.0%]
DFA state visits in window   : 1: 8616, 2: 28, 3: 0
DFA state visits cumulative  : 1: 794899, 2: 5536, 3: 0
DFA state entries in window  : 1: 100, 2: 1, 3: 0
DFA state entries cumulative : 1: 5600, 2: 124, 3: 0
transitions cumulative       : 1->2: 124
accepted directly from s0    : 0
Gym endings cumulative       : terminated=5551, truncated=49

[Episode 5700/10000 | last 100]
success rate                : 0.0% (cumulative 0.0%)
failure rate                : 0.0% (cumulative 0.0%)
completed cycles / episode  : 0.000
synthetic task reward       : 0.000
shaping reward              : 0.000
learning reward             : 0.000
episode length              : 86.1
abstract changes / episode  : 12.5
same abstract-state steps   : 85.4%
same-state shaping / episode: 0.000
changed-state shaping / ep. : 0.000
terminal shaping / episode  : 0.000
DFA transitions / episode   : 0.00
DFA transitions in window   : none
epsilon (next episode)       : 0.10224
replay buffer                : 300000 samples [1: 99.6%, 2: 0.4%, 3: 0.0%]
DFA state visits in window   : 1: 8711, 2: 0, 3: 0
DFA state visits cumulative  : 1: 803610, 2: 5536, 3: 0
DFA state entries in window  : 1: 100, 2: 0, 3: 0
DFA state entries cumulative : 1: 5700, 2: 124, 3: 0
transitions cumulative       : 1->2: 124
accepted directly from s0    : 0
Gym endings cumulative       : terminated=5651, truncated=49

[Episode 5800/10000 | last 100]
success rate                : 0.0% (cumulative 0.0%)
failure rate                : 0.0% (cumulative 0.0%)
completed cycles / episode  : 0.000
synthetic task reward       : 0.000
shaping reward              : 0.000
learning reward             : 0.000
episode length              : 90.1
abstract changes / episode  : 12.6
same abstract-state steps   : 86.1%
same-state shaping / episode: 0.000
changed-state shaping / ep. : 0.000
terminal shaping / episode  : 0.000
DFA transitions / episode   : 0.02
DFA transitions in window   : 1->2: 2
epsilon (next episode)       : 0.09823
replay buffer                : 300000 samples [1: 99.6%, 2: 0.4%, 3: 0.0%]
DFA state visits in window   : 1: 9065, 2: 46, 3: 0
DFA state visits cumulative  : 1: 812675, 2: 5582, 3: 0
DFA state entries in window  : 1: 100, 2: 2, 3: 0
DFA state entries cumulative : 1: 5800, 2: 126, 3: 0
transitions cumulative       : 1->2: 126
accepted directly from s0    : 0
Gym endings cumulative       : terminated=5751, truncated=49

[Episode 5900/10000 | last 100]
success rate                : 0.0% (cumulative 0.0%)
failure rate                : 0.0% (cumulative 0.0%)
completed cycles / episode  : 0.000
synthetic task reward       : 0.000
shaping reward              : 0.000
learning reward             : 0.000
episode length              : 91.2
abstract changes / episode  : 12.8
same abstract-state steps   : 85.9%
same-state shaping / episode: 0.000
changed-state shaping / ep. : 0.000
terminal shaping / episode  : 0.000
DFA transitions / episode   : 0.01
DFA transitions in window   : 1->2: 1
epsilon (next episode)       : 0.09438
replay buffer                : 300000 samples [1: 99.6%, 2: 0.4%, 3: 0.0%]
DFA state visits in window   : 1: 9204, 2: 15, 3: 0
DFA state visits cumulative  : 1: 821879, 2: 5597, 3: 0
DFA state entries in window  : 1: 100, 2: 1, 3: 0
DFA state entries cumulative : 1: 5900, 2: 127, 3: 0
transitions cumulative       : 1->2: 127
accepted directly from s0    : 0
Gym endings cumulative       : terminated=5851, truncated=49

[Episode 6000/10000 | last 100]
success rate                : 0.0% (cumulative 0.0%)
failure rate                : 0.0% (cumulative 0.0%)
completed cycles / episode  : 0.000
synthetic task reward       : 0.000
shaping reward              : 0.000
learning reward             : 0.000
episode length              : 91.5
abstract changes / episode  : 12.9
same abstract-state steps   : 85.9%
same-state shaping / episode: 0.000
changed-state shaping / ep. : 0.000
terminal shaping / episode  : 0.000
DFA transitions / episode   : 0.03
DFA transitions in window   : 1->2: 3
epsilon (next episode)       : 0.09067
replay buffer                : 300000 samples [1: 99.6%, 2: 0.4%, 3: 0.0%]
DFA state visits in window   : 1: 9173, 2: 77, 3: 0
DFA state visits cumulative  : 1: 831052, 2: 5674, 3: 0
DFA state entries in window  : 1: 100, 2: 3, 3: 0
DFA state entries cumulative : 1: 6000, 2: 130, 3: 0
transitions cumulative       : 1->2: 130
accepted directly from s0    : 0
Gym endings cumulative       : terminated=5951, truncated=49

Starting autonomous greedy evaluation at episode 6000 (1000 fixed-seed episodes)...
[Greedy evaluation at episode 6000 | 1000 fixed-seed episodes]
success=0.0%, failure=0.0%, task reward=0.000, length=70.6
DFA transitions: none

[Episode 6100/10000 | last 100]
success rate                : 0.0% (cumulative 0.0%)
failure rate                : 0.0% (cumulative 0.0%)
completed cycles / episode  : 0.000
synthetic task reward       : 0.000
shaping reward              : 0.000
learning reward             : 0.000
episode length              : 94.6
abstract changes / episode  : 12.3
same abstract-state steps   : 87.0%
same-state shaping / episode: 0.000
changed-state shaping / ep. : 0.000
terminal shaping / episode  : 0.000
DFA transitions / episode   : 0.02
DFA transitions in window   : 1->2: 2
epsilon (next episode)       : 0.08712
replay buffer                : 300000 samples [1: 99.6%, 2: 0.4%, 3: 0.0%]
DFA state visits in window   : 1: 9519, 2: 41, 3: 0
DFA state visits cumulative  : 1: 840571, 2: 5715, 3: 0
DFA state entries in window  : 1: 100, 2: 2, 3: 0
DFA state entries cumulative : 1: 6100, 2: 132, 3: 0
transitions cumulative       : 1->2: 132
accepted directly from s0    : 0
Gym endings cumulative       : terminated=6050, truncated=50

[Episode 6200/10000 | last 100]
success rate                : 0.0% (cumulative 0.0%)
failure rate                : 0.0% (cumulative 0.0%)
completed cycles / episode  : 0.000
synthetic task reward       : 0.000
shaping reward              : 0.000
learning reward             : 0.000
episode length              : 90.7
abstract changes / episode  : 12.2
same abstract-state steps   : 86.5%
same-state shaping / episode: 0.000
changed-state shaping / ep. : 0.000
terminal shaping / episode  : 0.000
DFA transitions / episode   : 0.02
DFA transitions in window   : 1->2: 2
epsilon (next episode)       : 0.08370
replay buffer                : 300000 samples [1: 99.6%, 2: 0.4%, 3: 0.0%]
DFA state visits in window   : 1: 9129, 2: 40, 3: 0
DFA state visits cumulative  : 1: 849700, 2: 5755, 3: 0
DFA state entries in window  : 1: 100, 2: 2, 3: 0
DFA state entries cumulative : 1: 6200, 2: 134, 3: 0
transitions cumulative       : 1->2: 134
accepted directly from s0    : 0
Gym endings cumulative       : terminated=6150, truncated=50

[Episode 6300/10000 | last 100]
success rate                : 0.0% (cumulative 0.0%)
failure rate                : 0.0% (cumulative 0.0%)
completed cycles / episode  : 0.000
synthetic task reward       : 0.000
shaping reward              : 0.000
learning reward             : 0.000
episode length              : 95.5
abstract changes / episode  : 12.6
same abstract-state steps   : 86.8%
same-state shaping / episode: 0.000
changed-state shaping / ep. : 0.000
terminal shaping / episode  : 0.000
DFA transitions / episode   : 0.03
DFA transitions in window   : 1->2: 3
epsilon (next episode)       : 0.08042
replay buffer                : 300000 samples [1: 99.6%, 2: 0.4%, 3: 0.0%]
DFA state visits in window   : 1: 9593, 2: 62, 3: 0
DFA state visits cumulative  : 1: 859293, 2: 5817, 3: 0
DFA state entries in window  : 1: 100, 2: 3, 3: 0
DFA state entries cumulative : 1: 6300, 2: 137, 3: 0
transitions cumulative       : 1->2: 137
accepted directly from s0    : 0
Gym endings cumulative       : terminated=6250, truncated=50

[Episode 6400/10000 | last 100]
success rate                : 0.0% (cumulative 0.0%)
failure rate                : 0.0% (cumulative 0.0%)
completed cycles / episode  : 0.000
synthetic task reward       : 0.000
shaping reward              : 0.000
learning reward             : 0.000
episode length              : 88.8
abstract changes / episode  : 12.8
same abstract-state steps   : 85.6%
same-state shaping / episode: 0.000
changed-state shaping / ep. : 0.000
terminal shaping / episode  : 0.000
DFA transitions / episode   : 0.01
DFA transitions in window   : 1->2: 1
epsilon (next episode)       : 0.07727
replay buffer                : 300000 samples [1: 99.6%, 2: 0.4%, 3: 0.0%]
DFA state visits in window   : 1: 8972, 2: 11, 3: 0
DFA state visits cumulative  : 1: 868265, 2: 5828, 3: 0
DFA state entries in window  : 1: 100, 2: 1, 3: 0
DFA state entries cumulative : 1: 6400, 2: 138, 3: 0
transitions cumulative       : 1->2: 138
accepted directly from s0    : 0
Gym endings cumulative       : terminated=6350, truncated=50

[Episode 6500/10000 | last 100]
success rate                : 0.0% (cumulative 0.0%)
failure rate                : 0.0% (cumulative 0.0%)
completed cycles / episode  : 0.000
synthetic task reward       : 0.000
shaping reward              : 0.000
learning reward             : 0.000
episode length              : 89.2
abstract changes / episode  : 12.7
same abstract-state steps   : 85.8%
same-state shaping / episode: 0.000
changed-state shaping / ep. : 0.000
terminal shaping / episode  : 0.000
DFA transitions / episode   : 0.01
DFA transitions in window   : 1->2: 1
epsilon (next episode)       : 0.07423
replay buffer                : 300000 samples [1: 99.7%, 2: 0.3%, 3: 0.0%]
DFA state visits in window   : 1: 8982, 2: 43, 3: 0
DFA state visits cumulative  : 1: 877247, 2: 5871, 3: 0
DFA state entries in window  : 1: 100, 2: 1, 3: 0
DFA state entries cumulative : 1: 6500, 2: 139, 3: 0
transitions cumulative       : 1->2: 139
accepted directly from s0    : 0
Gym endings cumulative       : terminated=6450, truncated=50

Starting autonomous greedy evaluation at episode 6500 (1000 fixed-seed episodes)...
[Greedy evaluation at episode 6500 | 1000 fixed-seed episodes]
success=0.0%, failure=0.0%, task reward=0.000, length=70.6
DFA transitions: none

[Episode 6600/10000 | last 100]
success rate                : 0.0% (cumulative 0.0%)
failure rate                : 0.0% (cumulative 0.0%)
completed cycles / episode  : 0.000
synthetic task reward       : 0.000
shaping reward              : 0.000
learning reward             : 0.000
episode length              : 88.5
abstract changes / episode  : 12.4
same abstract-state steps   : 85.9%
same-state shaping / episode: 0.000
changed-state shaping / ep. : 0.000
terminal shaping / episode  : 0.000
DFA transitions / episode   : 0.02
DFA transitions in window   : 1->2: 2
epsilon (next episode)       : 0.07132
replay buffer                : 300000 samples [1: 99.7%, 2: 0.3%, 3: 0.0%]
DFA state visits in window   : 1: 8897, 2: 49, 3: 0
DFA state visits cumulative  : 1: 886144, 2: 5920, 3: 0
DFA state entries in window  : 1: 100, 2: 2, 3: 0
DFA state entries cumulative : 1: 6600, 2: 141, 3: 0
transitions cumulative       : 1->2: 141
accepted directly from s0    : 0
Gym endings cumulative       : terminated=6550, truncated=50

[Episode 6700/10000 | last 100]
success rate                : 0.0% (cumulative 0.0%)
failure rate                : 0.0% (cumulative 0.0%)
completed cycles / episode  : 0.000
synthetic task reward       : 0.000
shaping reward              : 0.000
learning reward             : 0.000
episode length              : 90.1
abstract changes / episode  : 12.8
same abstract-state steps   : 85.8%
same-state shaping / episode: 0.000
changed-state shaping / ep. : 0.000
terminal shaping / episode  : 0.000
DFA transitions / episode   : 0.03
DFA transitions in window   : 1->2: 3
epsilon (next episode)       : 0.06853
replay buffer                : 300000 samples [1: 99.6%, 2: 0.4%, 3: 0.0%]
DFA state visits in window   : 1: 9035, 2: 75, 3: 0
DFA state visits cumulative  : 1: 895179, 2: 5995, 3: 0
DFA state entries in window  : 1: 100, 2: 3, 3: 0
DFA state entries cumulative : 1: 6700, 2: 144, 3: 0
transitions cumulative       : 1->2: 144
accepted directly from s0    : 0
Gym endings cumulative       : terminated=6650, truncated=50

[Episode 6800/10000 | last 100]
success rate                : 0.0% (cumulative 0.0%)
failure rate                : 0.0% (cumulative 0.0%)
completed cycles / episode  : 0.000
synthetic task reward       : 0.000
shaping reward              : 0.000
learning reward             : 0.000
episode length              : 87.8
abstract changes / episode  : 12.6
same abstract-state steps   : 85.6%
same-state shaping / episode: 0.000
changed-state shaping / ep. : 0.000
terminal shaping / episode  : 0.000
DFA transitions / episode   : 0.00
DFA transitions in window   : none
epsilon (next episode)       : 0.06584
replay buffer                : 300000 samples [1: 99.6%, 2: 0.4%, 3: 0.0%]
DFA state visits in window   : 1: 8875, 2: 0, 3: 0
DFA state visits cumulative  : 1: 904054, 2: 5995, 3: 0
DFA state entries in window  : 1: 100, 2: 0, 3: 0
DFA state entries cumulative : 1: 6800, 2: 144, 3: 0
transitions cumulative       : 1->2: 144
accepted directly from s0    : 0
Gym endings cumulative       : terminated=6750, truncated=50

[Episode 6900/10000 | last 100]
success rate                : 0.0% (cumulative 0.0%)
failure rate                : 0.0% (cumulative 0.0%)
completed cycles / episode  : 0.000
synthetic task reward       : 0.000
shaping reward              : 0.000
learning reward             : 0.000
episode length              : 88.4
abstract changes / episode  : 12.9
same abstract-state steps   : 85.4%
same-state shaping / episode: 0.000
changed-state shaping / ep. : 0.000
terminal shaping / episode  : 0.000
DFA transitions / episode   : 0.02
DFA transitions in window   : 1->2: 2
epsilon (next episode)       : 0.06326
replay buffer                : 300000 samples [1: 99.6%, 2: 0.4%, 3: 0.0%]
DFA state visits in window   : 1: 8895, 2: 43, 3: 0
DFA state visits cumulative  : 1: 912949, 2: 6038, 3: 0
DFA state entries in window  : 1: 100, 2: 2, 3: 0
DFA state entries cumulative : 1: 6900, 2: 146, 3: 0
transitions cumulative       : 1->2: 146
accepted directly from s0    : 0
Gym endings cumulative       : terminated=6850, truncated=50

[Episode 7000/10000 | last 100]
success rate                : 0.0% (cumulative 0.0%)
failure rate                : 0.0% (cumulative 0.0%)
completed cycles / episode  : 0.000
synthetic task reward       : 0.000
shaping reward              : 0.000
learning reward             : 0.000
episode length              : 90.9
abstract changes / episode  : 12.6
same abstract-state steps   : 86.1%
same-state shaping / episode: 0.000
changed-state shaping / ep. : 0.000
terminal shaping / episode  : 0.000
DFA transitions / episode   : 0.01
DFA transitions in window   : 1->2: 1
epsilon (next episode)       : 0.06078
replay buffer                : 300000 samples [1: 99.6%, 2: 0.4%, 3: 0.0%]
DFA state visits in window   : 1: 9164, 2: 22, 3: 0
DFA state visits cumulative  : 1: 922113, 2: 6060, 3: 0
DFA state entries in window  : 1: 100, 2: 1, 3: 0
DFA state entries cumulative : 1: 7000, 2: 147, 3: 0
transitions cumulative       : 1->2: 147
accepted directly from s0    : 0
Gym endings cumulative       : terminated=6950, truncated=50

Starting autonomous greedy evaluation at episode 7000 (1000 fixed-seed episodes)...
[Greedy evaluation at episode 7000 | 1000 fixed-seed episodes]
success=0.0%, failure=0.0%, task reward=0.000, length=70.6
DFA transitions: none

[Episode 7100/10000 | last 100]
success rate                : 0.0% (cumulative 0.0%)
failure rate                : 0.0% (cumulative 0.0%)
completed cycles / episode  : 0.000
synthetic task reward       : 0.000
shaping reward              : 0.000
learning reward             : 0.000
episode length              : 94.8
abstract changes / episode  : 12.5
same abstract-state steps   : 86.8%
same-state shaping / episode: 0.000
changed-state shaping / ep. : 0.000
terminal shaping / episode  : 0.000
DFA transitions / episode   : 0.01
DFA transitions in window   : 1->2: 1
epsilon (next episode)       : 0.05839
replay buffer                : 300000 samples [1: 99.7%, 2: 0.3%, 3: 0.0%]
DFA state visits in window   : 1: 9553, 2: 28, 3: 0
DFA state visits cumulative  : 1: 931666, 2: 6088, 3: 0
DFA state entries in window  : 1: 100, 2: 1, 3: 0
DFA state entries cumulative : 1: 7100, 2: 148, 3: 0
transitions cumulative       : 1->2: 148
accepted directly from s0    : 0
Gym endings cumulative       : terminated=7050, truncated=50

[Episode 7200/10000 | last 100]
success rate                : 0.0% (cumulative 0.0%)
failure rate                : 0.0% (cumulative 0.0%)
completed cycles / episode  : 0.000
synthetic task reward       : 0.000
shaping reward              : 0.000
learning reward             : 0.000
episode length              : 87.6
abstract changes / episode  : 12.3
same abstract-state steps   : 85.9%
same-state shaping / episode: 0.000
changed-state shaping / ep. : 0.000
terminal shaping / episode  : 0.000
DFA transitions / episode   : 0.04
DFA transitions in window   : 1->2: 4
epsilon (next episode)       : 0.05610
replay buffer                : 300000 samples [1: 99.6%, 2: 0.4%, 3: 0.0%]
DFA state visits in window   : 1: 8786, 2: 73, 3: 0
DFA state visits cumulative  : 1: 940452, 2: 6161, 3: 0
DFA state entries in window  : 1: 100, 2: 4, 3: 0
DFA state entries cumulative : 1: 7200, 2: 152, 3: 0
transitions cumulative       : 1->2: 152
accepted directly from s0    : 0
Gym endings cumulative       : terminated=7150, truncated=50

[Episode 7300/10000 | last 100]
success rate                : 0.0% (cumulative 0.0%)
failure rate                : 0.0% (cumulative 0.0%)
completed cycles / episode  : 0.000
synthetic task reward       : 0.000
shaping reward              : 0.000
learning reward             : 0.000
episode length              : 84.0
abstract changes / episode  : 12.6
same abstract-state steps   : 85.0%
same-state shaping / episode: 0.000
changed-state shaping / ep. : 0.000
terminal shaping / episode  : 0.000
DFA transitions / episode   : 0.03
DFA transitions in window   : 1->2: 3
epsilon (next episode)       : 0.05390
replay buffer                : 300000 samples [1: 99.6%, 2: 0.4%, 3: 0.0%]
DFA state visits in window   : 1: 8436, 2: 65, 3: 0
DFA state visits cumulative  : 1: 948888, 2: 6226, 3: 0
DFA state entries in window  : 1: 100, 2: 3, 3: 0
DFA state entries cumulative : 1: 7300, 2: 155, 3: 0
transitions cumulative       : 1->2: 155
accepted directly from s0    : 0
Gym endings cumulative       : terminated=7250, truncated=50

[Episode 7400/10000 | last 100]
success rate                : 0.0% (cumulative 0.0%)
failure rate                : 0.0% (cumulative 0.0%)
completed cycles / episode  : 0.000
synthetic task reward       : 0.000
shaping reward              : 0.000
learning reward             : 0.000
episode length              : 90.3
abstract changes / episode  : 12.4
same abstract-state steps   : 86.3%
same-state shaping / episode: 0.000
changed-state shaping / ep. : 0.000
terminal shaping / episode  : 0.000
DFA transitions / episode   : 0.00
DFA transitions in window   : none
epsilon (next episode)       : 0.05179
replay buffer                : 300000 samples [1: 99.6%, 2: 0.4%, 3: 0.0%]
DFA state visits in window   : 1: 9129, 2: 0, 3: 0
DFA state visits cumulative  : 1: 958017, 2: 6226, 3: 0
DFA state entries in window  : 1: 100, 2: 0, 3: 0
DFA state entries cumulative : 1: 7400, 2: 155, 3: 0
transitions cumulative       : 1->2: 155
accepted directly from s0    : 0
Gym endings cumulative       : terminated=7350, truncated=50

[Episode 7500/10000 | last 100]
success rate                : 0.0% (cumulative 0.0%)
failure rate                : 0.0% (cumulative 0.0%)
completed cycles / episode  : 0.000
synthetic task reward       : 0.000
shaping reward              : 0.000
learning reward             : 0.000
episode length              : 95.0
abstract changes / episode  : 12.9
same abstract-state steps   : 86.4%
same-state shaping / episode: 0.000
changed-state shaping / ep. : 0.000
terminal shaping / episode  : 0.000
DFA transitions / episode   : 0.01
DFA transitions in window   : 1->2: 1
epsilon (next episode)       : 0.04976
replay buffer                : 300000 samples [1: 99.6%, 2: 0.4%, 3: 0.0%]
DFA state visits in window   : 1: 9582, 2: 18, 3: 0
DFA state visits cumulative  : 1: 967599, 2: 6244, 3: 0
DFA state entries in window  : 1: 100, 2: 1, 3: 0
DFA state entries cumulative : 1: 7500, 2: 156, 3: 0
transitions cumulative       : 1->2: 156
accepted directly from s0    : 0
Gym endings cumulative       : terminated=7450, truncated=50

Starting autonomous greedy evaluation at episode 7500 (1000 fixed-seed episodes)...
[Greedy evaluation at episode 7500 | 1000 fixed-seed episodes]
success=0.0%, failure=0.0%, task reward=0.000, length=67.6
DFA transitions: none

[Episode 7600/10000 | last 100]
success rate                : 0.0% (cumulative 0.0%)
failure rate                : 0.0% (cumulative 0.0%)
completed cycles / episode  : 0.000
synthetic task reward       : 0.000
shaping reward              : 0.000
learning reward             : 0.000
episode length              : 90.9
abstract changes / episode  : 12.2
same abstract-state steps   : 86.6%
same-state shaping / episode: 0.000
changed-state shaping / ep. : 0.000
terminal shaping / episode  : 0.000
DFA transitions / episode   : 0.02
DFA transitions in window   : 1->2: 2
epsilon (next episode)       : 0.04781
replay buffer                : 300000 samples [1: 99.6%, 2: 0.4%, 3: 0.0%]
DFA state visits in window   : 1: 9129, 2: 61, 3: 0
DFA state visits cumulative  : 1: 976728, 2: 6305, 3: 0
DFA state entries in window  : 1: 100, 2: 2, 3: 0
DFA state entries cumulative : 1: 7600, 2: 158, 3: 0
transitions cumulative       : 1->2: 158
accepted directly from s0    : 0
Gym endings cumulative       : terminated=7550, truncated=50

[Episode 7700/10000 | last 100]
success rate                : 0.0% (cumulative 0.0%)
failure rate                : 0.0% (cumulative 0.0%)
completed cycles / episode  : 0.000
synthetic task reward       : 0.000
shaping reward              : 0.000
learning reward             : 0.000
episode length              : 85.9
abstract changes / episode  : 12.5
same abstract-state steps   : 85.5%
same-state shaping / episode: 0.000
changed-state shaping / ep. : 0.000
terminal shaping / episode  : 0.000
DFA transitions / episode   : 0.01
DFA transitions in window   : 1->2: 1
epsilon (next episode)       : 0.04593
replay buffer                : 300000 samples [1: 99.6%, 2: 0.4%, 3: 0.0%]
DFA state visits in window   : 1: 8669, 2: 24, 3: 0
DFA state visits cumulative  : 1: 985397, 2: 6329, 3: 0
DFA state entries in window  : 1: 100, 2: 1, 3: 0
DFA state entries cumulative : 1: 7700, 2: 159, 3: 0
transitions cumulative       : 1->2: 159
accepted directly from s0    : 0
Gym endings cumulative       : terminated=7650, truncated=50

[Episode 7800/10000 | last 100]
success rate                : 0.0% (cumulative 0.0%)
failure rate                : 0.0% (cumulative 0.0%)
completed cycles / episode  : 0.000
synthetic task reward       : 0.000
shaping reward              : 0.000
learning reward             : 0.000
episode length              : 88.8
abstract changes / episode  : 12.5
same abstract-state steps   : 85.9%
same-state shaping / episode: 0.000
changed-state shaping / ep. : 0.000
terminal shaping / episode  : 0.000
DFA transitions / episode   : 0.05
DFA transitions in window   : 1->2: 5
epsilon (next episode)       : 0.04413
replay buffer                : 300000 samples [1: 99.6%, 2: 0.4%, 3: 0.0%]
DFA state visits in window   : 1: 8880, 2: 102, 3: 0
DFA state visits cumulative  : 1: 994277, 2: 6431, 3: 0
DFA state entries in window  : 1: 100, 2: 5, 3: 0
DFA state entries cumulative : 1: 7800, 2: 164, 3: 0
transitions cumulative       : 1->2: 164
accepted directly from s0    : 0
Gym endings cumulative       : terminated=7750, truncated=50

[Episode 7900/10000 | last 100]
success rate                : 0.0% (cumulative 0.0%)
failure rate                : 0.0% (cumulative 0.0%)
completed cycles / episode  : 0.000
synthetic task reward       : 0.000
shaping reward              : 0.000
learning reward             : 0.000
episode length              : 91.6
abstract changes / episode  : 12.6
same abstract-state steps   : 86.3%
same-state shaping / episode: 0.000
changed-state shaping / ep. : 0.000
terminal shaping / episode  : 0.000
DFA transitions / episode   : 0.03
DFA transitions in window   : 1->2: 3
epsilon (next episode)       : 0.04240
replay buffer                : 300000 samples [1: 99.6%, 2: 0.4%, 3: 0.0%]
DFA state visits in window   : 1: 9198, 2: 62, 3: 0
DFA state visits cumulative  : 1: 1003475, 2: 6493, 3: 0
DFA state entries in window  : 1: 100, 2: 3, 3: 0
DFA state entries cumulative : 1: 7900, 2: 167, 3: 0
transitions cumulative       : 1->2: 167
accepted directly from s0    : 0
Gym endings cumulative       : terminated=7850, truncated=50

[Episode 8000/10000 | last 100]
success rate                : 0.0% (cumulative 0.0%)
failure rate                : 0.0% (cumulative 0.0%)
completed cycles / episode  : 0.000
synthetic task reward       : 0.000
shaping reward              : 0.000
learning reward             : 0.000
episode length              : 93.7
abstract changes / episode  : 12.5
same abstract-state steps   : 86.7%
same-state shaping / episode: 0.000
changed-state shaping / ep. : 0.000
terminal shaping / episode  : 0.000
DFA transitions / episode   : 0.02
DFA transitions in window   : 1->2: 2
epsilon (next episode)       : 0.04074
replay buffer                : 300000 samples [1: 99.6%, 2: 0.4%, 3: 0.0%]
DFA state visits in window   : 1: 9430, 2: 41, 3: 0
DFA state visits cumulative  : 1: 1012905, 2: 6534, 3: 0
DFA state entries in window  : 1: 100, 2: 2, 3: 0
DFA state entries cumulative : 1: 8000, 2: 169, 3: 0
transitions cumulative       : 1->2: 169
accepted directly from s0    : 0
Gym endings cumulative       : terminated=7950, truncated=50

Starting autonomous greedy evaluation at episode 8000 (1000 fixed-seed episodes)...
[Greedy evaluation at episode 8000 | 1000 fixed-seed episodes]
success=0.0%, failure=0.0%, task reward=0.000, length=124.2
DFA transitions: none

[Episode 8100/10000 | last 100]
success rate                : 0.0% (cumulative 0.0%)
failure rate                : 0.0% (cumulative 0.0%)
completed cycles / episode  : 0.000
synthetic task reward       : 0.000
shaping reward              : 0.000
learning reward             : 0.000
episode length              : 104.7
abstract changes / episode  : 12.9
same abstract-state steps   : 87.6%
same-state shaping / episode: 0.000
changed-state shaping / ep. : 0.000
terminal shaping / episode  : 0.000
DFA transitions / episode   : 0.02
DFA transitions in window   : 1->2: 2
epsilon (next episode)       : 0.03914
replay buffer                : 300000 samples [1: 99.6%, 2: 0.4%, 3: 0.0%]
DFA state visits in window   : 1: 10522, 2: 47, 3: 0
DFA state visits cumulative  : 1: 1023427, 2: 6581, 3: 0
DFA state entries in window  : 1: 100, 2: 2, 3: 0
DFA state entries cumulative : 1: 8100, 2: 171, 3: 0
transitions cumulative       : 1->2: 171
accepted directly from s0    : 0
Gym endings cumulative       : terminated=8049, truncated=51

[Episode 8200/10000 | last 100]
success rate                : 0.0% (cumulative 0.0%)
failure rate                : 0.0% (cumulative 0.0%)
completed cycles / episode  : 0.000
synthetic task reward       : 0.000
shaping reward              : 0.000
learning reward             : 0.000
episode length              : 103.3
abstract changes / episode  : 12.5
same abstract-state steps   : 87.9%
same-state shaping / episode: 0.000
changed-state shaping / ep. : 0.000
terminal shaping / episode  : 0.000
DFA transitions / episode   : 0.02
DFA transitions in window   : 1->2: 2
epsilon (next episode)       : 0.03760
replay buffer                : 300000 samples [1: 99.6%, 2: 0.4%, 3: 0.0%]
DFA state visits in window   : 1: 10396, 2: 36, 3: 0
DFA state visits cumulative  : 1: 1033823, 2: 6617, 3: 0
DFA state entries in window  : 1: 100, 2: 2, 3: 0
DFA state entries cumulative : 1: 8200, 2: 173, 3: 0
transitions cumulative       : 1->2: 173
accepted directly from s0    : 0
Gym endings cumulative       : terminated=8148, truncated=52

[Episode 8300/10000 | last 100]
success rate                : 0.0% (cumulative 0.0%)
failure rate                : 0.0% (cumulative 0.0%)
completed cycles / episode  : 0.000
synthetic task reward       : 0.000
shaping reward              : 0.000
learning reward             : 0.000
episode length              : 88.8
abstract changes / episode  : 12.6
same abstract-state steps   : 85.9%
same-state shaping / episode: 0.000
changed-state shaping / ep. : 0.000
terminal shaping / episode  : 0.000
DFA transitions / episode   : 0.04
DFA transitions in window   : 1->2: 4
epsilon (next episode)       : 0.03613
replay buffer                : 300000 samples [1: 99.5%, 2: 0.5%, 3: 0.0%]
DFA state visits in window   : 1: 8888, 2: 96, 3: 0
DFA state visits cumulative  : 1: 1042711, 2: 6713, 3: 0
DFA state entries in window  : 1: 100, 2: 4, 3: 0
DFA state entries cumulative : 1: 8300, 2: 177, 3: 0
transitions cumulative       : 1->2: 177
accepted directly from s0    : 0
Gym endings cumulative       : terminated=8248, truncated=52

[Episode 8400/10000 | last 100]
success rate                : 0.0% (cumulative 0.0%)
failure rate                : 0.0% (cumulative 0.0%)
completed cycles / episode  : 0.000
synthetic task reward       : 0.000
shaping reward              : 0.000
learning reward             : 0.000
episode length              : 91.3
abstract changes / episode  : 12.5
same abstract-state steps   : 86.3%
same-state shaping / episode: 0.000
changed-state shaping / ep. : 0.000
terminal shaping / episode  : 0.000
DFA transitions / episode   : 0.02
DFA transitions in window   : 1->2: 2
epsilon (next episode)       : 0.03471
replay buffer                : 300000 samples [1: 99.5%, 2: 0.5%, 3: 0.0%]
DFA state visits in window   : 1: 9183, 2: 43, 3: 0
DFA state visits cumulative  : 1: 1051894, 2: 6756, 3: 0
DFA state entries in window  : 1: 100, 2: 2, 3: 0
DFA state entries cumulative : 1: 8400, 2: 179, 3: 0
transitions cumulative       : 1->2: 179
accepted directly from s0    : 0
Gym endings cumulative       : terminated=8348, truncated=52

[Episode 8500/10000 | last 100]
success rate                : 0.0% (cumulative 0.0%)
failure rate                : 0.0% (cumulative 0.0%)
completed cycles / episode  : 0.000
synthetic task reward       : 0.000
shaping reward              : 0.000
learning reward             : 0.000
episode length              : 91.2
abstract changes / episode  : 13.0
same abstract-state steps   : 85.8%
same-state shaping / episode: 0.000
changed-state shaping / ep. : 0.000
terminal shaping / episode  : 0.000
DFA transitions / episode   : 0.01
DFA transitions in window   : 1->2: 1
epsilon (next episode)       : 0.03335
replay buffer                : 300000 samples [1: 99.6%, 2: 0.4%, 3: 0.0%]
DFA state visits in window   : 1: 9200, 2: 22, 3: 0
DFA state visits cumulative  : 1: 1061094, 2: 6778, 3: 0
DFA state entries in window  : 1: 100, 2: 1, 3: 0
DFA state entries cumulative : 1: 8500, 2: 180, 3: 0
transitions cumulative       : 1->2: 180
accepted directly from s0    : 0
Gym endings cumulative       : terminated=8448, truncated=52

Starting autonomous greedy evaluation at episode 8500 (1000 fixed-seed episodes)...
[Greedy evaluation at episode 8500 | 1000 fixed-seed episodes]
success=0.0%, failure=0.0%, task reward=0.000, length=67.6
DFA transitions: none

[Episode 8600/10000 | last 100]
success rate                : 0.0% (cumulative 0.0%)
failure rate                : 0.0% (cumulative 0.0%)
completed cycles / episode  : 0.000
synthetic task reward       : 0.000
shaping reward              : 0.000
learning reward             : 0.000
episode length              : 93.4
abstract changes / episode  : 12.6
same abstract-state steps   : 86.5%
same-state shaping / episode: 0.000
changed-state shaping / ep. : 0.000
terminal shaping / episode  : 0.000
DFA transitions / episode   : 0.03
DFA transitions in window   : 1->2: 3
epsilon (next episode)       : 0.03204
replay buffer                : 300000 samples [1: 99.5%, 2: 0.5%, 3: 0.0%]
DFA state visits in window   : 1: 9347, 2: 89, 3: 0
DFA state visits cumulative  : 1: 1070441, 2: 6867, 3: 0
DFA state entries in window  : 1: 100, 2: 3, 3: 0
DFA state entries cumulative : 1: 8600, 2: 183, 3: 0
transitions cumulative       : 1->2: 183
accepted directly from s0    : 0
Gym endings cumulative       : terminated=8548, truncated=52

[Episode 8700/10000 | last 100]
success rate                : 0.0% (cumulative 0.0%)
failure rate                : 0.0% (cumulative 0.0%)
completed cycles / episode  : 0.000
synthetic task reward       : 0.000
shaping reward              : 0.000
learning reward             : 0.000
episode length              : 87.9
abstract changes / episode  : 12.6
same abstract-state steps   : 85.7%
same-state shaping / episode: 0.000
changed-state shaping / ep. : 0.000
terminal shaping / episode  : 0.000
DFA transitions / episode   : 0.01
DFA transitions in window   : 1->2: 1
epsilon (next episode)       : 0.03079
replay buffer                : 300000 samples [1: 99.6%, 2: 0.4%, 3: 0.0%]
DFA state visits in window   : 1: 8877, 2: 15, 3: 0
DFA state visits cumulative  : 1: 1079318, 2: 6882, 3: 0
DFA state entries in window  : 1: 100, 2: 1, 3: 0
DFA state entries cumulative : 1: 8700, 2: 184, 3: 0
transitions cumulative       : 1->2: 184
accepted directly from s0    : 0
Gym endings cumulative       : terminated=8648, truncated=52

[Episode 8800/10000 | last 100]
success rate                : 0.0% (cumulative 0.0%)
failure rate                : 0.0% (cumulative 0.0%)
completed cycles / episode  : 0.000
synthetic task reward       : 0.000
shaping reward              : 0.000
learning reward             : 0.000
episode length              : 91.9
abstract changes / episode  : 12.3
same abstract-state steps   : 86.6%
same-state shaping / episode: 0.000
changed-state shaping / ep. : 0.000
terminal shaping / episode  : 0.000
DFA transitions / episode   : 0.02
DFA transitions in window   : 1->2: 2
epsilon (next episode)       : 0.02958
replay buffer                : 300000 samples [1: 99.6%, 2: 0.4%, 3: 0.0%]
DFA state visits in window   : 1: 9252, 2: 38, 3: 0
DFA state visits cumulative  : 1: 1088570, 2: 6920, 3: 0
DFA state entries in window  : 1: 100, 2: 2, 3: 0
DFA state entries cumulative : 1: 8800, 2: 186, 3: 0
transitions cumulative       : 1->2: 186
accepted directly from s0    : 0
Gym endings cumulative       : terminated=8748, truncated=52

[Episode 8900/10000 | last 100]
success rate                : 0.0% (cumulative 0.0%)
failure rate                : 0.0% (cumulative 0.0%)
completed cycles / episode  : 0.000
synthetic task reward       : 0.000
shaping reward              : 0.000
learning reward             : 0.000
episode length              : 89.1
abstract changes / episode  : 12.6
same abstract-state steps   : 85.8%
same-state shaping / episode: 0.000
changed-state shaping / ep. : 0.000
terminal shaping / episode  : 0.000
DFA transitions / episode   : 0.00
DFA transitions in window   : none
epsilon (next episode)       : 0.02842
replay buffer                : 300000 samples [1: 99.6%, 2: 0.4%, 3: 0.0%]
DFA state visits in window   : 1: 9007, 2: 0, 3: 0
DFA state visits cumulative  : 1: 1097577, 2: 6920, 3: 0
DFA state entries in window  : 1: 100, 2: 0, 3: 0
DFA state entries cumulative : 1: 8900, 2: 186, 3: 0
transitions cumulative       : 1->2: 186
accepted directly from s0    : 0
Gym endings cumulative       : terminated=8848, truncated=52

[Episode 9000/10000 | last 100]
success rate                : 0.0% (cumulative 0.0%)
failure rate                : 0.0% (cumulative 0.0%)
completed cycles / episode  : 0.000
synthetic task reward       : 0.000
shaping reward              : 0.000
learning reward             : 0.000
episode length              : 90.8
abstract changes / episode  : 12.7
same abstract-state steps   : 86.0%
same-state shaping / episode: 0.000
changed-state shaping / ep. : 0.000
terminal shaping / episode  : 0.000
DFA transitions / episode   : 0.03
DFA transitions in window   : 1->2: 3
epsilon (next episode)       : 0.02730
replay buffer                : 300000 samples [1: 99.5%, 2: 0.5%, 3: 0.0%]
DFA state visits in window   : 1: 9124, 2: 61, 3: 0
DFA state visits cumulative  : 1: 1106701, 2: 6981, 3: 0
DFA state entries in window  : 1: 100, 2: 3, 3: 0
DFA state entries cumulative : 1: 9000, 2: 189, 3: 0
transitions cumulative       : 1->2: 189
accepted directly from s0    : 0
Gym endings cumulative       : terminated=8948, truncated=52

Starting autonomous greedy evaluation at episode 9000 (1000 fixed-seed episodes)...
[Greedy evaluation at episode 9000 | 1000 fixed-seed episodes]
success=0.0%, failure=0.0%, task reward=0.000, length=70.6
DFA transitions: none

[Episode 9100/10000 | last 100]
success rate                : 0.0% (cumulative 0.0%)
failure rate                : 0.0% (cumulative 0.0%)
completed cycles / episode  : 0.000
synthetic task reward       : 0.000
shaping reward              : 0.000
learning reward             : 0.000
episode length              : 99.7
abstract changes / episode  : 12.7
same abstract-state steps   : 87.3%
same-state shaping / episode: 0.000
changed-state shaping / ep. : 0.000
terminal shaping / episode  : 0.000
DFA transitions / episode   : 0.02
DFA transitions in window   : 1->2: 2
epsilon (next episode)       : 0.02623
replay buffer                : 300000 samples [1: 99.5%, 2: 0.5%, 3: 0.0%]
DFA state visits in window   : 1: 10006, 2: 61, 3: 0
DFA state visits cumulative  : 1: 1116707, 2: 7042, 3: 0
DFA state entries in window  : 1: 100, 2: 2, 3: 0
DFA state entries cumulative : 1: 9100, 2: 191, 3: 0
transitions cumulative       : 1->2: 191
accepted directly from s0    : 0
Gym endings cumulative       : terminated=9047, truncated=53

[Episode 9200/10000 | last 100]
success rate                : 0.0% (cumulative 0.0%)
failure rate                : 0.0% (cumulative 0.0%)
completed cycles / episode  : 0.000
synthetic task reward       : 0.000
shaping reward              : 0.000
learning reward             : 0.000
episode length              : 88.5
abstract changes / episode  : 12.6
same abstract-state steps   : 85.7%
same-state shaping / episode: 0.000
changed-state shaping / ep. : 0.000
terminal shaping / episode  : 0.000
DFA transitions / episode   : 0.02
DFA transitions in window   : 1->2: 2
epsilon (next episode)       : 0.02520
replay buffer                : 300000 samples [1: 99.5%, 2: 0.5%, 3: 0.0%]
DFA state visits in window   : 1: 8904, 2: 50, 3: 0
DFA state visits cumulative  : 1: 1125611, 2: 7092, 3: 0
DFA state entries in window  : 1: 100, 2: 2, 3: 0
DFA state entries cumulative : 1: 9200, 2: 193, 3: 0
transitions cumulative       : 1->2: 193
accepted directly from s0    : 0
Gym endings cumulative       : terminated=9147, truncated=53

[Episode 9300/10000 | last 100]
success rate                : 0.0% (cumulative 0.0%)
failure rate                : 0.0% (cumulative 0.0%)
completed cycles / episode  : 0.000
synthetic task reward       : 0.000
shaping reward              : 0.000
learning reward             : 0.000
episode length              : 94.8
abstract changes / episode  : 12.9
same abstract-state steps   : 86.4%
same-state shaping / episode: 0.000
changed-state shaping / ep. : 0.000
terminal shaping / episode  : 0.000
DFA transitions / episode   : 0.02
DFA transitions in window   : 1->2: 2
epsilon (next episode)       : 0.02422
replay buffer                : 300000 samples [1: 99.5%, 2: 0.5%, 3: 0.0%]
DFA state visits in window   : 1: 9521, 2: 55, 3: 0
DFA state visits cumulative  : 1: 1135132, 2: 7147, 3: 0
DFA state entries in window  : 1: 100, 2: 2, 3: 0
DFA state entries cumulative : 1: 9300, 2: 195, 3: 0
transitions cumulative       : 1->2: 195
accepted directly from s0    : 0
Gym endings cumulative       : terminated=9247, truncated=53

[Episode 9400/10000 | last 100]
success rate                : 0.0% (cumulative 0.0%)
failure rate                : 0.0% (cumulative 0.0%)
completed cycles / episode  : 0.000
synthetic task reward       : 0.000
shaping reward              : 0.000
learning reward             : 0.000
episode length              : 85.9
abstract changes / episode  : 12.6
same abstract-state steps   : 85.3%
same-state shaping / episode: 0.000
changed-state shaping / ep. : 0.000
terminal shaping / episode  : 0.000
DFA transitions / episode   : 0.00
DFA transitions in window   : none
epsilon (next episode)       : 0.02327
replay buffer                : 300000 samples [1: 99.5%, 2: 0.5%, 3: 0.0%]
DFA state visits in window   : 1: 8687, 2: 0, 3: 0
DFA state visits cumulative  : 1: 1143819, 2: 7147, 3: 0
DFA state entries in window  : 1: 100, 2: 0, 3: 0
DFA state entries cumulative : 1: 9400, 2: 195, 3: 0
transitions cumulative       : 1->2: 195
accepted directly from s0    : 0
Gym endings cumulative       : terminated=9347, truncated=53

[Episode 9500/10000 | last 100]
success rate                : 0.0% (cumulative 0.0%)
failure rate                : 0.0% (cumulative 0.0%)
completed cycles / episode  : 0.000
synthetic task reward       : 0.000
shaping reward              : 0.000
learning reward             : 0.000
episode length              : 87.7
abstract changes / episode  : 12.2
same abstract-state steps   : 86.1%
same-state shaping / episode: 0.000
changed-state shaping / ep. : 0.000
terminal shaping / episode  : 0.000
DFA transitions / episode   : 0.00
DFA transitions in window   : none
epsilon (next episode)       : 0.02235
replay buffer                : 300000 samples [1: 99.6%, 2: 0.4%, 3: 0.0%]
DFA state visits in window   : 1: 8874, 2: 0, 3: 0
DFA state visits cumulative  : 1: 1152693, 2: 7147, 3: 0
DFA state entries in window  : 1: 100, 2: 0, 3: 0
DFA state entries cumulative : 1: 9500, 2: 195, 3: 0
transitions cumulative       : 1->2: 195
accepted directly from s0    : 0
Gym endings cumulative       : terminated=9447, truncated=53

Starting autonomous greedy evaluation at episode 9500 (1000 fixed-seed episodes)...
[Greedy evaluation at episode 9500 | 1000 fixed-seed episodes]
success=0.0%, failure=0.0%, task reward=0.000, length=67.4
DFA transitions: none

[Episode 9600/10000 | last 100]
success rate                : 0.0% (cumulative 0.0%)
failure rate                : 0.0% (cumulative 0.0%)
completed cycles / episode  : 0.000
synthetic task reward       : 0.000
shaping reward              : 0.000
learning reward             : 0.000
episode length              : 93.4
abstract changes / episode  : 12.9
same abstract-state steps   : 86.2%
same-state shaping / episode: 0.000
changed-state shaping / ep. : 0.000
terminal shaping / episode  : 0.000
DFA transitions / episode   : 0.03
DFA transitions in window   : 1->2: 3
epsilon (next episode)       : 0.02148
replay buffer                : 300000 samples [1: 99.5%, 2: 0.5%, 3: 0.0%]
DFA state visits in window   : 1: 9343, 2: 95, 3: 0
DFA state visits cumulative  : 1: 1162036, 2: 7242, 3: 0
DFA state entries in window  : 1: 100, 2: 3, 3: 0
DFA state entries cumulative : 1: 9600, 2: 198, 3: 0
transitions cumulative       : 1->2: 198
accepted directly from s0    : 0
Gym endings cumulative       : terminated=9547, truncated=53

[Episode 9700/10000 | last 100]
success rate                : 0.0% (cumulative 0.0%)
failure rate                : 0.0% (cumulative 0.0%)
completed cycles / episode  : 0.000
synthetic task reward       : 0.000
shaping reward              : 0.000
learning reward             : 0.000
episode length              : 92.5
abstract changes / episode  : 12.6
same abstract-state steps   : 86.4%
same-state shaping / episode: 0.000
changed-state shaping / ep. : 0.000
terminal shaping / episode  : 0.000
DFA transitions / episode   : 0.02
DFA transitions in window   : 1->2: 2
epsilon (next episode)       : 0.02063
replay buffer                : 300000 samples [1: 99.5%, 2: 0.5%, 3: 0.0%]
DFA state visits in window   : 1: 9256, 2: 93, 3: 0
DFA state visits cumulative  : 1: 1171292, 2: 7335, 3: 0
DFA state entries in window  : 1: 100, 2: 2, 3: 0
DFA state entries cumulative : 1: 9700, 2: 200, 3: 0
transitions cumulative       : 1->2: 200
accepted directly from s0    : 0
Gym endings cumulative       : terminated=9647, truncated=53

[Episode 9800/10000 | last 100]
success rate                : 0.0% (cumulative 0.0%)
failure rate                : 0.0% (cumulative 0.0%)
completed cycles / episode  : 0.000
synthetic task reward       : 0.000
shaping reward              : 0.000
learning reward             : 0.000
episode length              : 93.2
abstract changes / episode  : 12.5
same abstract-state steps   : 86.6%
same-state shaping / episode: 0.000
changed-state shaping / ep. : 0.000
terminal shaping / episode  : 0.000
DFA transitions / episode   : 0.02
DFA transitions in window   : 1->2: 2
epsilon (next episode)       : 0.01983
replay buffer                : 300000 samples [1: 99.5%, 2: 0.5%, 3: 0.0%]
DFA state visits in window   : 1: 9372, 2: 45, 3: 0
DFA state visits cumulative  : 1: 1180664, 2: 7380, 3: 0
DFA state entries in window  : 1: 100, 2: 2, 3: 0
DFA state entries cumulative : 1: 9800, 2: 202, 3: 0
transitions cumulative       : 1->2: 202
accepted directly from s0    : 0
Gym endings cumulative       : terminated=9747, truncated=53

[Episode 9900/10000 | last 100]
success rate                : 0.0% (cumulative 0.0%)
failure rate                : 0.0% (cumulative 0.0%)
completed cycles / episode  : 0.000
synthetic task reward       : 0.000
shaping reward              : 0.000
learning reward             : 0.000
episode length              : 100.1
abstract changes / episode  : 12.6
same abstract-state steps   : 87.4%
same-state shaping / episode: 0.000
changed-state shaping / ep. : 0.000
terminal shaping / episode  : 0.000
DFA transitions / episode   : 0.00
DFA transitions in window   : none
epsilon (next episode)       : 0.01905
replay buffer                : 300000 samples [1: 99.5%, 2: 0.5%, 3: 0.0%]
DFA state visits in window   : 1: 10114, 2: 0, 3: 0
DFA state visits cumulative  : 1: 1190778, 2: 7380, 3: 0
DFA state entries in window  : 1: 100, 2: 0, 3: 0
DFA state entries cumulative : 1: 9900, 2: 202, 3: 0
transitions cumulative       : 1->2: 202
accepted directly from s0    : 0
Gym endings cumulative       : terminated=9846, truncated=54

[Episode 10000/10000 | last 100]
success rate                : 0.0% (cumulative 0.0%)
failure rate                : 0.0% (cumulative 0.0%)
completed cycles / episode  : 0.000
synthetic task reward       : 0.000
shaping reward              : 0.000
learning reward             : 0.000
episode length              : 88.8
abstract changes / episode  : 12.7
same abstract-state steps   : 85.7%
same-state shaping / episode: 0.000
changed-state shaping / ep. : 0.000
terminal shaping / episode  : 0.000
DFA transitions / episode   : 0.02
DFA transitions in window   : 1->2: 2
epsilon (next episode)       : 0.01830
replay buffer                : 300000 samples [1: 99.5%, 2: 0.5%, 3: 0.0%]
DFA state visits in window   : 1: 8941, 2: 44, 3: 0
DFA state visits cumulative  : 1: 1199719, 2: 7424, 3: 0
DFA state entries in window  : 1: 100, 2: 2, 3: 0
DFA state entries cumulative : 1: 10000, 2: 204, 3: 0
transitions cumulative       : 1->2: 204
accepted directly from s0    : 0
Gym endings cumulative       : terminated=9946, truncated=54

Starting autonomous greedy evaluation at episode 10000 (1000 fixed-seed episodes)...
[Greedy evaluation at episode 10000 | 1000 fixed-seed episodes]
success=0.0%, failure=0.0%, task reward=0.000, length=67.6
DFA transitions: none
Last policy saved after episode 10000. Best greedy evaluation: episode 2000, mean task reward=10.000
