
=== NEW RUN ===
episodes=12000, shaping=False, goal_reward=10000.0, gamma=0.99
gamma_shaping=1.0, shaping_formula=gamma_shaping*Phi(next)-Phi(state)
ground_unbiased_learner=False
eval_interval=500, eval_episodes=1000, eval_seed=100000
inter_level_shaping=False, inter_level_formula=gamma*Phi(next)-Phi(state)
task_type=ltlf, task=F(wp1 & X(F(wp2 & X(F(wp3 & X(F(g1)))))))
regions={wp1: {'center': [-0.75, 1.0625], 'radius': 0.1}, wp2: {'center': [0, 0.6875], 'radius': 0.1}, wp3: {'center': [0, 1.0625], 'radius': 0.1}, g1: {'center': [0.75, 1.0625], 'radius': 0.1}}
dfa_states=[1, 2, 3, 4, 5], pre_trace=1, accepting=[5], failure=[]

[Episode 1/12000 | last 1]
success rate                : 0.0% (cumulative 0.0%)
failure rate                : 0.0% (cumulative 0.0%)
completed cycles / episode  : 0.000
synthetic task reward       : 0.000
shaping reward              : 0.000
learning reward             : 0.000
episode length              : 119.0
abstract changes / episode  : 24.0
same abstract-state steps   : 79.8%
same-state shaping / episode: 0.000
changed-state shaping / ep. : 0.000
terminal shaping / episode  : 0.000
DFA transitions / episode   : 0.00
DFA transitions in window   : none
epsilon (next episode)       : 0.99980
replay buffer                : 119 samples [1: 100.0%, 2: 0.0%, 3: 0.0%, 4: 0.0%, 5: 0.0%]
DFA state visits in window   : 1: 120, 2: 0, 3: 0, 4: 0, 5: 0
DFA state visits cumulative  : 1: 120, 2: 0, 3: 0, 4: 0, 5: 0
DFA state entries in window  : 1: 1, 2: 0, 3: 0, 4: 0, 5: 0
DFA state entries cumulative : 1: 1, 2: 0, 3: 0, 4: 0, 5: 0
transitions cumulative       : none
accepted directly from s0    : 0
Gym endings cumulative       : terminated=1, truncated=0

[Episode 100/12000 | last 100]
success rate                : 0.0% (cumulative 0.0%)
failure rate                : 0.0% (cumulative 0.0%)
completed cycles / episode  : 0.000
synthetic task reward       : 0.000
shaping reward              : 0.000
learning reward             : 0.000
episode length              : 93.0
abstract changes / episode  : 25.4
same abstract-state steps   : 72.7%
same-state shaping / episode: 0.000
changed-state shaping / ep. : 0.000
terminal shaping / episode  : 0.000
DFA transitions / episode   : 0.02
DFA transitions in window   : 1->2: 2
epsilon (next episode)       : 0.98020
replay buffer                : 9298 samples [1: 99.5%, 2: 0.5%, 3: 0.0%, 4: 0.0%, 5: 0.0%]
DFA state visits in window   : 1: 9353, 2: 45, 3: 0, 4: 0, 5: 0
DFA state visits cumulative  : 1: 9353, 2: 45, 3: 0, 4: 0, 5: 0
DFA state entries in window  : 1: 100, 2: 2, 3: 0, 4: 0, 5: 0
DFA state entries cumulative : 1: 100, 2: 2, 3: 0, 4: 0, 5: 0
transitions cumulative       : 1->2: 2
accepted directly from s0    : 0
Gym endings cumulative       : terminated=100, truncated=0

[Episode 200/12000 | last 100]
success rate                : 0.0% (cumulative 0.0%)
failure rate                : 0.0% (cumulative 0.0%)
completed cycles / episode  : 0.000
synthetic task reward       : 0.000
shaping reward              : 0.000
learning reward             : 0.000
episode length              : 94.9
abstract changes / episode  : 25.9
same abstract-state steps   : 72.7%
same-state shaping / episode: 0.000
changed-state shaping / ep. : 0.000
terminal shaping / episode  : 0.000
DFA transitions / episode   : 0.00
DFA transitions in window   : none
epsilon (next episode)       : 0.96079
replay buffer                : 18788 samples [1: 99.8%, 2: 0.2%, 3: 0.0%, 4: 0.0%, 5: 0.0%]
DFA state visits in window   : 1: 9590, 2: 0, 3: 0, 4: 0, 5: 0
DFA state visits cumulative  : 1: 18943, 2: 45, 3: 0, 4: 0, 5: 0
DFA state entries in window  : 1: 100, 2: 0, 3: 0, 4: 0, 5: 0
DFA state entries cumulative : 1: 200, 2: 2, 3: 0, 4: 0, 5: 0
transitions cumulative       : 1->2: 2
accepted directly from s0    : 0
Gym endings cumulative       : terminated=200, truncated=0

[Episode 300/12000 | last 100]
success rate                : 0.0% (cumulative 0.0%)
failure rate                : 0.0% (cumulative 0.0%)
completed cycles / episode  : 0.000
synthetic task reward       : 0.000
shaping reward              : 0.000
learning reward             : 0.000
episode length              : 92.2
abstract changes / episode  : 25.6
same abstract-state steps   : 72.2%
same-state shaping / episode: 0.000
changed-state shaping / ep. : 0.000
terminal shaping / episode  : 0.000
DFA transitions / episode   : 0.03
DFA transitions in window   : 1->2: 3
epsilon (next episode)       : 0.94176
replay buffer                : 28005 samples [1: 99.6%, 2: 0.4%, 3: 0.0%, 4: 0.0%, 5: 0.0%]
DFA state visits in window   : 1: 9258, 2: 59, 3: 0, 4: 0, 5: 0
DFA state visits cumulative  : 1: 28201, 2: 104, 3: 0, 4: 0, 5: 0
DFA state entries in window  : 1: 100, 2: 3, 3: 0, 4: 0, 5: 0
DFA state entries cumulative : 1: 300, 2: 5, 3: 0, 4: 0, 5: 0
transitions cumulative       : 1->2: 5
accepted directly from s0    : 0
Gym endings cumulative       : terminated=300, truncated=0

[Episode 400/12000 | last 100]
success rate                : 0.0% (cumulative 0.0%)
failure rate                : 0.0% (cumulative 0.0%)
completed cycles / episode  : 0.000
synthetic task reward       : 0.000
shaping reward              : 0.000
learning reward             : 0.000
episode length              : 97.0
abstract changes / episode  : 26.2
same abstract-state steps   : 73.0%
same-state shaping / episode: 0.000
changed-state shaping / ep. : 0.000
terminal shaping / episode  : 0.000
DFA transitions / episode   : 0.03
DFA transitions in window   : 1->2: 3
epsilon (next episode)       : 0.92311
replay buffer                : 37706 samples [1: 99.6%, 2: 0.4%, 3: 0.0%, 4: 0.0%, 5: 0.0%]
DFA state visits in window   : 1: 9736, 2: 65, 3: 0, 4: 0, 5: 0
DFA state visits cumulative  : 1: 37937, 2: 169, 3: 0, 4: 0, 5: 0
DFA state entries in window  : 1: 100, 2: 3, 3: 0, 4: 0, 5: 0
DFA state entries cumulative : 1: 400, 2: 8, 3: 0, 4: 0, 5: 0
transitions cumulative       : 1->2: 8
accepted directly from s0    : 0
Gym endings cumulative       : terminated=400, truncated=0

[Episode 500/12000 | last 100]
success rate                : 0.0% (cumulative 0.0%)
failure rate                : 0.0% (cumulative 0.0%)
completed cycles / episode  : 0.000
synthetic task reward       : 0.000
shaping reward              : 0.000
learning reward             : 0.000
episode length              : 94.3
abstract changes / episode  : 25.7
same abstract-state steps   : 72.8%
same-state shaping / episode: 0.000
changed-state shaping / ep. : 0.000
terminal shaping / episode  : 0.000
DFA transitions / episode   : 0.03
DFA transitions in window   : 1->2: 3
epsilon (next episode)       : 0.90483
replay buffer                : 47136 samples [1: 99.5%, 2: 0.5%, 3: 0.0%, 4: 0.0%, 5: 0.0%]
DFA state visits in window   : 1: 9458, 2: 72, 3: 0, 4: 0, 5: 0
DFA state visits cumulative  : 1: 47395, 2: 241, 3: 0, 4: 0, 5: 0
DFA state entries in window  : 1: 100, 2: 3, 3: 0, 4: 0, 5: 0
DFA state entries cumulative : 1: 500, 2: 11, 3: 0, 4: 0, 5: 0
transitions cumulative       : 1->2: 11
accepted directly from s0    : 0
Gym endings cumulative       : terminated=500, truncated=0

Starting autonomous greedy evaluation at episode 500 (1000 fixed-seed episodes)...
[Greedy evaluation at episode 500 | 1000 fixed-seed episodes]
success=0.0%, failure=0.0%, task reward=0.000, length=222.1
DFA transitions: 1->2: 83
Best policy updated from autonomous greedy evaluation at episode 500.

[Episode 600/12000 | last 100]
success rate                : 0.0% (cumulative 0.0%)
failure rate                : 0.0% (cumulative 0.0%)
completed cycles / episode  : 0.000
synthetic task reward       : 0.000
shaping reward              : 0.000
learning reward             : 0.000
episode length              : 91.8
abstract changes / episode  : 25.9
same abstract-state steps   : 71.8%
same-state shaping / episode: 0.000
changed-state shaping / ep. : 0.000
terminal shaping / episode  : 0.000
DFA transitions / episode   : 0.02
DFA transitions in window   : 1->2: 2
epsilon (next episode)       : 0.88691
replay buffer                : 56316 samples [1: 99.5%, 2: 0.5%, 3: 0.0%, 4: 0.0%, 5: 0.0%]
DFA state visits in window   : 1: 9209, 2: 71, 3: 0, 4: 0, 5: 0
DFA state visits cumulative  : 1: 56604, 2: 312, 3: 0, 4: 0, 5: 0
DFA state entries in window  : 1: 100, 2: 2, 3: 0, 4: 0, 5: 0
DFA state entries cumulative : 1: 600, 2: 13, 3: 0, 4: 0, 5: 0
transitions cumulative       : 1->2: 13
accepted directly from s0    : 0
Gym endings cumulative       : terminated=600, truncated=0

[Episode 700/12000 | last 100]
success rate                : 0.0% (cumulative 0.0%)
failure rate                : 0.0% (cumulative 0.0%)
completed cycles / episode  : 0.000
synthetic task reward       : 0.000
shaping reward              : 0.000
learning reward             : 0.000
episode length              : 94.2
abstract changes / episode  : 26.1
same abstract-state steps   : 72.3%
same-state shaping / episode: 0.000
changed-state shaping / ep. : 0.000
terminal shaping / episode  : 0.000
DFA transitions / episode   : 0.02
DFA transitions in window   : 1->2: 2
epsilon (next episode)       : 0.86935
replay buffer                : 65739 samples [1: 99.5%, 2: 0.5%, 3: 0.0%, 4: 0.0%, 5: 0.0%]
DFA state visits in window   : 1: 9472, 2: 51, 3: 0, 4: 0, 5: 0
DFA state visits cumulative  : 1: 66076, 2: 363, 3: 0, 4: 0, 5: 0
DFA state entries in window  : 1: 100, 2: 2, 3: 0, 4: 0, 5: 0
DFA state entries cumulative : 1: 700, 2: 15, 3: 0, 4: 0, 5: 0
transitions cumulative       : 1->2: 15
accepted directly from s0    : 0
Gym endings cumulative       : terminated=700, truncated=0

[Episode 800/12000 | last 100]
success rate                : 0.0% (cumulative 0.0%)
failure rate                : 0.0% (cumulative 0.0%)
completed cycles / episode  : 0.000
synthetic task reward       : 0.000
shaping reward              : 0.000
learning reward             : 0.000
episode length              : 99.5
abstract changes / episode  : 25.7
same abstract-state steps   : 74.2%
same-state shaping / episode: 0.000
changed-state shaping / ep. : 0.000
terminal shaping / episode  : 0.000
DFA transitions / episode   : 0.00
DFA transitions in window   : none
epsilon (next episode)       : 0.85213
replay buffer                : 75692 samples [1: 99.5%, 2: 0.5%, 3: 0.0%, 4: 0.0%, 5: 0.0%]
DFA state visits in window   : 1: 10053, 2: 0, 3: 0, 4: 0, 5: 0
DFA state visits cumulative  : 1: 76129, 2: 363, 3: 0, 4: 0, 5: 0
DFA state entries in window  : 1: 100, 2: 0, 3: 0, 4: 0, 5: 0
DFA state entries cumulative : 1: 800, 2: 15, 3: 0, 4: 0, 5: 0
transitions cumulative       : 1->2: 15
accepted directly from s0    : 0
Gym endings cumulative       : terminated=800, truncated=0

[Episode 900/12000 | last 100]
success rate                : 0.0% (cumulative 0.0%)
failure rate                : 0.0% (cumulative 0.0%)
completed cycles / episode  : 0.000
synthetic task reward       : 0.000
shaping reward              : 0.000
learning reward             : 0.000
episode length              : 94.4
abstract changes / episode  : 25.5
same abstract-state steps   : 73.0%
same-state shaping / episode: 0.000
changed-state shaping / ep. : 0.000
terminal shaping / episode  : 0.000
DFA transitions / episode   : 0.01
DFA transitions in window   : 1->2: 1
epsilon (next episode)       : 0.83526
replay buffer                : 85134 samples [1: 99.5%, 2: 0.5%, 3: 0.0%, 4: 0.0%, 5: 0.0%]
DFA state visits in window   : 1: 9505, 2: 37, 3: 0, 4: 0, 5: 0
DFA state visits cumulative  : 1: 85634, 2: 400, 3: 0, 4: 0, 5: 0
DFA state entries in window  : 1: 100, 2: 1, 3: 0, 4: 0, 5: 0
DFA state entries cumulative : 1: 900, 2: 16, 3: 0, 4: 0, 5: 0
transitions cumulative       : 1->2: 16
accepted directly from s0    : 0
Gym endings cumulative       : terminated=900, truncated=0

[Episode 1000/12000 | last 100]
success rate                : 0.0% (cumulative 0.0%)
failure rate                : 0.0% (cumulative 0.0%)
completed cycles / episode  : 0.000
synthetic task reward       : 0.000
shaping reward              : 0.000
learning reward             : 0.000
episode length              : 100.1
abstract changes / episode  : 24.9
same abstract-state steps   : 75.1%
same-state shaping / episode: 0.000
changed-state shaping / ep. : 0.000
terminal shaping / episode  : 0.000
DFA transitions / episode   : 0.02
DFA transitions in window   : 1->2: 2
epsilon (next episode)       : 0.81871
replay buffer                : 95146 samples [1: 99.6%, 2: 0.4%, 3: 0.0%, 4: 0.0%, 5: 0.0%]
DFA state visits in window   : 1: 10072, 2: 40, 3: 0, 4: 0, 5: 0
DFA state visits cumulative  : 1: 95706, 2: 440, 3: 0, 4: 0, 5: 0
DFA state entries in window  : 1: 100, 2: 2, 3: 0, 4: 0, 5: 0
DFA state entries cumulative : 1: 1000, 2: 18, 3: 0, 4: 0, 5: 0
transitions cumulative       : 1->2: 18
accepted directly from s0    : 0
Gym endings cumulative       : terminated=1000, truncated=0

Starting autonomous greedy evaluation at episode 1000 (1000 fixed-seed episodes)...
[Greedy evaluation at episode 1000 | 1000 fixed-seed episodes]
success=0.0%, failure=0.0%, task reward=0.000, length=127.7
DFA transitions: none
Best policy updated from autonomous greedy evaluation at episode 1000.

[Episode 1100/12000 | last 100]
success rate                : 0.0% (cumulative 0.0%)
failure rate                : 0.0% (cumulative 0.0%)
completed cycles / episode  : 0.000
synthetic task reward       : 0.000
shaping reward              : 0.000
learning reward             : 0.000
episode length              : 108.6
abstract changes / episode  : 25.1
same abstract-state steps   : 76.9%
same-state shaping / episode: 0.000
changed-state shaping / ep. : 0.000
terminal shaping / episode  : 0.000
DFA transitions / episode   : 0.01
DFA transitions in window   : 1->2: 1
epsilon (next episode)       : 0.80250
replay buffer                : 106006 samples [1: 99.6%, 2: 0.4%, 3: 0.0%, 4: 0.0%, 5: 0.0%]
DFA state visits in window   : 1: 10931, 2: 29, 3: 0, 4: 0, 5: 0
DFA state visits cumulative  : 1: 106637, 2: 469, 3: 0, 4: 0, 5: 0
DFA state entries in window  : 1: 100, 2: 1, 3: 0, 4: 0, 5: 0
DFA state entries cumulative : 1: 1100, 2: 19, 3: 0, 4: 0, 5: 0
transitions cumulative       : 1->2: 19
accepted directly from s0    : 0
Gym endings cumulative       : terminated=1100, truncated=0

[Episode 1200/12000 | last 100]
success rate                : 0.0% (cumulative 0.0%)
failure rate                : 0.0% (cumulative 0.0%)
completed cycles / episode  : 0.000
synthetic task reward       : 0.000
shaping reward              : 0.000
learning reward             : 0.000
episode length              : 110.9
abstract changes / episode  : 25.8
same abstract-state steps   : 76.8%
same-state shaping / episode: 0.000
changed-state shaping / ep. : 0.000
terminal shaping / episode  : 0.000
DFA transitions / episode   : 0.01
DFA transitions in window   : 1->2: 1
epsilon (next episode)       : 0.78661
replay buffer                : 117098 samples [1: 99.6%, 2: 0.4%, 3: 0.0%, 4: 0.0%, 5: 0.0%]
DFA state visits in window   : 1: 11168, 2: 24, 3: 0, 4: 0, 5: 0
DFA state visits cumulative  : 1: 117805, 2: 493, 3: 0, 4: 0, 5: 0
DFA state entries in window  : 1: 100, 2: 1, 3: 0, 4: 0, 5: 0
DFA state entries cumulative : 1: 1200, 2: 20, 3: 0, 4: 0, 5: 0
transitions cumulative       : 1->2: 20
accepted directly from s0    : 0
Gym endings cumulative       : terminated=1200, truncated=0

[Episode 1300/12000 | last 100]
success rate                : 0.0% (cumulative 0.0%)
failure rate                : 0.0% (cumulative 0.0%)
completed cycles / episode  : 0.000
synthetic task reward       : 0.000
shaping reward              : 0.000
learning reward             : 0.000
episode length              : 121.5
abstract changes / episode  : 26.2
same abstract-state steps   : 78.4%
same-state shaping / episode: 0.000
changed-state shaping / ep. : 0.000
terminal shaping / episode  : 0.000
DFA transitions / episode   : 0.04
DFA transitions in window   : 1->2: 4
epsilon (next episode)       : 0.77103
replay buffer                : 129251 samples [1: 99.6%, 2: 0.4%, 3: 0.0%, 4: 0.0%, 5: 0.0%]
DFA state visits in window   : 1: 12143, 2: 110, 3: 0, 4: 0, 5: 0
DFA state visits cumulative  : 1: 129948, 2: 603, 3: 0, 4: 0, 5: 0
DFA state entries in window  : 1: 100, 2: 4, 3: 0, 4: 0, 5: 0
DFA state entries cumulative : 1: 1300, 2: 24, 3: 0, 4: 0, 5: 0
transitions cumulative       : 1->2: 24
accepted directly from s0    : 0
Gym endings cumulative       : terminated=1300, truncated=0

[Episode 1400/12000 | last 100]
success rate                : 0.0% (cumulative 0.0%)
failure rate                : 0.0% (cumulative 0.0%)
completed cycles / episode  : 0.000
synthetic task reward       : 0.000
shaping reward              : 0.000
learning reward             : 0.000
episode length              : 114.7
abstract changes / episode  : 25.9
same abstract-state steps   : 77.4%
same-state shaping / episode: 0.000
changed-state shaping / ep. : 0.000
terminal shaping / episode  : 0.000
DFA transitions / episode   : 0.07
DFA transitions in window   : 1->2: 7
epsilon (next episode)       : 0.75576
replay buffer                : 140721 samples [1: 99.4%, 2: 0.6%, 3: 0.0%, 4: 0.0%, 5: 0.0%]
DFA state visits in window   : 1: 11276, 2: 294, 3: 0, 4: 0, 5: 0
DFA state visits cumulative  : 1: 141224, 2: 897, 3: 0, 4: 0, 5: 0
DFA state entries in window  : 1: 100, 2: 7, 3: 0, 4: 0, 5: 0
DFA state entries cumulative : 1: 1400, 2: 31, 3: 0, 4: 0, 5: 0
transitions cumulative       : 1->2: 31
accepted directly from s0    : 0
Gym endings cumulative       : terminated=1400, truncated=0

[Episode 1500/12000 | last 100]
success rate                : 0.0% (cumulative 0.0%)
failure rate                : 0.0% (cumulative 0.0%)
completed cycles / episode  : 0.000
synthetic task reward       : 0.000
shaping reward              : 0.000
learning reward             : 0.000
episode length              : 120.3
abstract changes / episode  : 26.6
same abstract-state steps   : 77.9%
same-state shaping / episode: 0.000
changed-state shaping / ep. : 0.000
terminal shaping / episode  : 0.000
DFA transitions / episode   : 0.06
DFA transitions in window   : 1->2: 6
epsilon (next episode)       : 0.74080
replay buffer                : 152749 samples [1: 99.2%, 2: 0.8%, 3: 0.0%, 4: 0.0%, 5: 0.0%]
DFA state visits in window   : 1: 11839, 2: 289, 3: 0, 4: 0, 5: 0
DFA state visits cumulative  : 1: 153063, 2: 1186, 3: 0, 4: 0, 5: 0
DFA state entries in window  : 1: 100, 2: 6, 3: 0, 4: 0, 5: 0
DFA state entries cumulative : 1: 1500, 2: 37, 3: 0, 4: 0, 5: 0
transitions cumulative       : 1->2: 37
accepted directly from s0    : 0
Gym endings cumulative       : terminated=1500, truncated=0

Starting autonomous greedy evaluation at episode 1500 (1000 fixed-seed episodes)...
[Greedy evaluation at episode 1500 | 1000 fixed-seed episodes]
success=0.0%, failure=0.0%, task reward=0.000, length=342.5
DFA transitions: 1->2: 4

[Episode 1600/12000 | last 100]
success rate                : 0.0% (cumulative 0.0%)
failure rate                : 0.0% (cumulative 0.0%)
completed cycles / episode  : 0.000
synthetic task reward       : 0.000
shaping reward              : 0.000
learning reward             : 0.000
episode length              : 117.2
abstract changes / episode  : 26.2
same abstract-state steps   : 77.6%
same-state shaping / episode: 0.000
changed-state shaping / ep. : 0.000
terminal shaping / episode  : 0.000
DFA transitions / episode   : 0.00
DFA transitions in window   : none
epsilon (next episode)       : 0.72613
replay buffer                : 164468 samples [1: 99.3%, 2: 0.7%, 3: 0.0%, 4: 0.0%, 5: 0.0%]
DFA state visits in window   : 1: 11819, 2: 0, 3: 0, 4: 0, 5: 0
DFA state visits cumulative  : 1: 164882, 2: 1186, 3: 0, 4: 0, 5: 0
DFA state entries in window  : 1: 100, 2: 0, 3: 0, 4: 0, 5: 0
DFA state entries cumulative : 1: 1600, 2: 37, 3: 0, 4: 0, 5: 0
transitions cumulative       : 1->2: 37
accepted directly from s0    : 0
Gym endings cumulative       : terminated=1600, truncated=0

[Episode 1700/12000 | last 100]
success rate                : 0.0% (cumulative 0.0%)
failure rate                : 0.0% (cumulative 0.0%)
completed cycles / episode  : 0.000
synthetic task reward       : 0.000
shaping reward              : 0.000
learning reward             : 0.000
episode length              : 117.3
abstract changes / episode  : 26.7
same abstract-state steps   : 77.3%
same-state shaping / episode: 0.000
changed-state shaping / ep. : 0.000
terminal shaping / episode  : 0.000
DFA transitions / episode   : 0.03
DFA transitions in window   : 1->2: 3
epsilon (next episode)       : 0.71175
replay buffer                : 176202 samples [1: 99.3%, 2: 0.7%, 3: 0.0%, 4: 0.0%, 5: 0.0%]
DFA state visits in window   : 1: 11755, 2: 79, 3: 0, 4: 0, 5: 0
DFA state visits cumulative  : 1: 176637, 2: 1265, 3: 0, 4: 0, 5: 0
DFA state entries in window  : 1: 100, 2: 3, 3: 0, 4: 0, 5: 0
DFA state entries cumulative : 1: 1700, 2: 40, 3: 0, 4: 0, 5: 0
transitions cumulative       : 1->2: 40
accepted directly from s0    : 0
Gym endings cumulative       : terminated=1700, truncated=0

[Episode 1800/12000 | last 100]
success rate                : 0.0% (cumulative 0.0%)
failure rate                : 0.0% (cumulative 0.0%)
completed cycles / episode  : 0.000
synthetic task reward       : 0.000
shaping reward              : 0.000
learning reward             : 0.000
episode length              : 109.0
abstract changes / episode  : 26.3
same abstract-state steps   : 75.8%
same-state shaping / episode: 0.000
changed-state shaping / ep. : 0.000
terminal shaping / episode  : 0.000
DFA transitions / episode   : 0.04
DFA transitions in window   : 1->2: 4
epsilon (next episode)       : 0.69765
replay buffer                : 187101 samples [1: 99.3%, 2: 0.7%, 3: 0.0%, 4: 0.0%, 5: 0.0%]
DFA state visits in window   : 1: 10873, 2: 126, 3: 0, 4: 0, 5: 0
DFA state visits cumulative  : 1: 187510, 2: 1391, 3: 0, 4: 0, 5: 0
DFA state entries in window  : 1: 100, 2: 4, 3: 0, 4: 0, 5: 0
DFA state entries cumulative : 1: 1800, 2: 44, 3: 0, 4: 0, 5: 0
transitions cumulative       : 1->2: 44
accepted directly from s0    : 0
Gym endings cumulative       : terminated=1800, truncated=0

[Episode 1900/12000 | last 100]
success rate                : 0.0% (cumulative 0.0%)
failure rate                : 0.0% (cumulative 0.0%)
completed cycles / episode  : 0.000
synthetic task reward       : 0.000
shaping reward              : 0.000
learning reward             : 0.000
episode length              : 121.8
abstract changes / episode  : 26.2
same abstract-state steps   : 78.5%
same-state shaping / episode: 0.000
changed-state shaping / ep. : 0.000
terminal shaping / episode  : 0.000
DFA transitions / episode   : 0.03
DFA transitions in window   : 1->2: 3
epsilon (next episode)       : 0.68384
replay buffer                : 199283 samples [1: 99.3%, 2: 0.7%, 3: 0.0%, 4: 0.0%, 5: 0.0%]
DFA state visits in window   : 1: 12154, 2: 128, 3: 0, 4: 0, 5: 0
DFA state visits cumulative  : 1: 199664, 2: 1519, 3: 0, 4: 0, 5: 0
DFA state entries in window  : 1: 100, 2: 3, 3: 0, 4: 0, 5: 0
DFA state entries cumulative : 1: 1900, 2: 47, 3: 0, 4: 0, 5: 0
transitions cumulative       : 1->2: 47
accepted directly from s0    : 0
Gym endings cumulative       : terminated=1900, truncated=0

[Episode 2000/12000 | last 100]
success rate                : 0.0% (cumulative 0.0%)
failure rate                : 0.0% (cumulative 0.0%)
completed cycles / episode  : 0.000
synthetic task reward       : 0.000
shaping reward              : 0.000
learning reward             : 0.000
episode length              : 126.1
abstract changes / episode  : 24.1
same abstract-state steps   : 80.9%
same-state shaping / episode: 0.000
changed-state shaping / ep. : 0.000
terminal shaping / episode  : 0.000
DFA transitions / episode   : 0.02
DFA transitions in window   : 1->2: 2
epsilon (next episode)       : 0.67029
replay buffer                : 211890 samples [1: 99.3%, 2: 0.7%, 3: 0.0%, 4: 0.0%, 5: 0.0%]
DFA state visits in window   : 1: 12664, 2: 43, 3: 0, 4: 0, 5: 0
DFA state visits cumulative  : 1: 212328, 2: 1562, 3: 0, 4: 0, 5: 0
DFA state entries in window  : 1: 100, 2: 2, 3: 0, 4: 0, 5: 0
DFA state entries cumulative : 1: 2000, 2: 49, 3: 0, 4: 0, 5: 0
transitions cumulative       : 1->2: 49
accepted directly from s0    : 0
Gym endings cumulative       : terminated=2000, truncated=0

Starting autonomous greedy evaluation at episode 2000 (1000 fixed-seed episodes)...
[Greedy evaluation at episode 2000 | 1000 fixed-seed episodes]
success=0.0%, failure=0.0%, task reward=0.000, length=173.7
DFA transitions: none

[Episode 2100/12000 | last 100]
success rate                : 0.0% (cumulative 0.0%)
failure rate                : 0.0% (cumulative 0.0%)
completed cycles / episode  : 0.000
synthetic task reward       : 0.000
shaping reward              : 0.000
learning reward             : 0.000
episode length              : 135.0
abstract changes / episode  : 26.7
same abstract-state steps   : 80.2%
same-state shaping / episode: 0.000
changed-state shaping / ep. : 0.000
terminal shaping / episode  : 0.000
DFA transitions / episode   : 0.07
DFA transitions in window   : 1->2: 7
epsilon (next episode)       : 0.65702
replay buffer                : 225390 samples [1: 99.2%, 2: 0.8%, 3: 0.0%, 4: 0.0%, 5: 0.0%]
DFA state visits in window   : 1: 13307, 2: 293, 3: 0, 4: 0, 5: 0
DFA state visits cumulative  : 1: 225635, 2: 1855, 3: 0, 4: 0, 5: 0
DFA state entries in window  : 1: 100, 2: 7, 3: 0, 4: 0, 5: 0
DFA state entries cumulative : 1: 2100, 2: 56, 3: 0, 4: 0, 5: 0
transitions cumulative       : 1->2: 56
accepted directly from s0    : 0
Gym endings cumulative       : terminated=2100, truncated=0

[Episode 2200/12000 | last 100]
success rate                : 0.0% (cumulative 0.0%)
failure rate                : 0.0% (cumulative 0.0%)
completed cycles / episode  : 0.000
synthetic task reward       : 0.000
shaping reward              : 0.000
learning reward             : 0.000
episode length              : 141.6
abstract changes / episode  : 27.4
same abstract-state steps   : 80.6%
same-state shaping / episode: 0.000
changed-state shaping / ep. : 0.000
terminal shaping / episode  : 0.000
DFA transitions / episode   : 0.06
DFA transitions in window   : 1->2: 6
epsilon (next episode)       : 0.64401
replay buffer                : 239547 samples [1: 99.2%, 2: 0.8%, 3: 0.0%, 4: 0.0%, 5: 0.0%]
DFA state visits in window   : 1: 14076, 2: 181, 3: 0, 4: 0, 5: 0
DFA state visits cumulative  : 1: 239711, 2: 2036, 3: 0, 4: 0, 5: 0
DFA state entries in window  : 1: 100, 2: 6, 3: 0, 4: 0, 5: 0
DFA state entries cumulative : 1: 2200, 2: 62, 3: 0, 4: 0, 5: 0
transitions cumulative       : 1->2: 62
accepted directly from s0    : 0
Gym endings cumulative       : terminated=2199, truncated=1

[Episode 2300/12000 | last 100]
success rate                : 0.0% (cumulative 0.0%)
failure rate                : 0.0% (cumulative 0.0%)
completed cycles / episode  : 0.000
synthetic task reward       : 0.000
shaping reward              : 0.000
learning reward             : 0.000
episode length              : 137.6
abstract changes / episode  : 26.3
same abstract-state steps   : 80.9%
same-state shaping / episode: 0.000
changed-state shaping / ep. : 0.000
terminal shaping / episode  : 0.000
DFA transitions / episode   : 0.00
DFA transitions in window   : none
epsilon (next episode)       : 0.63125
replay buffer                : 253308 samples [1: 99.2%, 2: 0.8%, 3: 0.0%, 4: 0.0%, 5: 0.0%]
DFA state visits in window   : 1: 13861, 2: 0, 3: 0, 4: 0, 5: 0
DFA state visits cumulative  : 1: 253572, 2: 2036, 3: 0, 4: 0, 5: 0
DFA state entries in window  : 1: 100, 2: 0, 3: 0, 4: 0, 5: 0
DFA state entries cumulative : 1: 2300, 2: 62, 3: 0, 4: 0, 5: 0
transitions cumulative       : 1->2: 62
accepted directly from s0    : 0
Gym endings cumulative       : terminated=2298, truncated=2

[Episode 2400/12000 | last 100]
success rate                : 0.0% (cumulative 0.0%)
failure rate                : 0.0% (cumulative 0.0%)
completed cycles / episode  : 0.000
synthetic task reward       : 0.000
shaping reward              : 0.000
learning reward             : 0.000
episode length              : 143.6
abstract changes / episode  : 25.5
same abstract-state steps   : 82.3%
same-state shaping / episode: 0.000
changed-state shaping / ep. : 0.000
terminal shaping / episode  : 0.000
DFA transitions / episode   : 0.05
DFA transitions in window   : 1->2: 5
epsilon (next episode)       : 0.61875
replay buffer                : 267669 samples [1: 99.2%, 2: 0.8%, 3: 0.0%, 4: 0.0%, 5: 0.0%]
DFA state visits in window   : 1: 14157, 2: 304, 3: 0, 4: 0, 5: 0
DFA state visits cumulative  : 1: 267729, 2: 2340, 3: 0, 4: 0, 5: 0
DFA state entries in window  : 1: 100, 2: 5, 3: 0, 4: 0, 5: 0
DFA state entries cumulative : 1: 2400, 2: 67, 3: 0, 4: 0, 5: 0
transitions cumulative       : 1->2: 67
accepted directly from s0    : 0
Gym endings cumulative       : terminated=2397, truncated=3

[Episode 2500/12000 | last 100]
success rate                : 0.0% (cumulative 0.0%)
failure rate                : 0.0% (cumulative 0.0%)
completed cycles / episode  : 0.000
synthetic task reward       : 0.000
shaping reward              : 0.000
learning reward             : 0.000
episode length              : 167.1
abstract changes / episode  : 27.9
same abstract-state steps   : 83.3%
same-state shaping / episode: 0.000
changed-state shaping / ep. : 0.000
terminal shaping / episode  : 0.000
DFA transitions / episode   : 0.05
DFA transitions in window   : 1->2: 5
epsilon (next episode)       : 0.60650
replay buffer                : 284381 samples [1: 99.1%, 2: 0.9%, 3: 0.0%, 4: 0.0%, 5: 0.0%]
DFA state visits in window   : 1: 16608, 2: 204, 3: 0, 4: 0, 5: 0
DFA state visits cumulative  : 1: 284337, 2: 2544, 3: 0, 4: 0, 5: 0
DFA state entries in window  : 1: 100, 2: 5, 3: 0, 4: 0, 5: 0
DFA state entries cumulative : 1: 2500, 2: 72, 3: 0, 4: 0, 5: 0
transitions cumulative       : 1->2: 72
accepted directly from s0    : 0
Gym endings cumulative       : terminated=2496, truncated=4

Starting autonomous greedy evaluation at episode 2500 (1000 fixed-seed episodes)...
[Greedy evaluation at episode 2500 | 1000 fixed-seed episodes]
success=0.0%, failure=0.0%, task reward=0.000, length=235.9
DFA transitions: 1->2: 4

[Episode 2600/12000 | last 100]
success rate                : 0.0% (cumulative 0.0%)
failure rate                : 0.0% (cumulative 0.0%)
completed cycles / episode  : 0.000
synthetic task reward       : 0.000
shaping reward              : 0.000
learning reward             : 0.000
episode length              : 190.5
abstract changes / episode  : 28.2
same abstract-state steps   : 85.2%
same-state shaping / episode: 0.000
changed-state shaping / ep. : 0.000
terminal shaping / episode  : 0.000
DFA transitions / episode   : 0.00
DFA transitions in window   : none
epsilon (next episode)       : 0.59449
replay buffer                : 300000 samples [1: 99.2%, 2: 0.8%, 3: 0.0%, 4: 0.0%, 5: 0.0%]
DFA state visits in window   : 1: 19149, 2: 0, 3: 0, 4: 0, 5: 0
DFA state visits cumulative  : 1: 303486, 2: 2544, 3: 0, 4: 0, 5: 0
DFA state entries in window  : 1: 100, 2: 0, 3: 0, 4: 0, 5: 0
DFA state entries cumulative : 1: 2600, 2: 72, 3: 0, 4: 0, 5: 0
transitions cumulative       : 1->2: 72
accepted directly from s0    : 0
Gym endings cumulative       : terminated=2592, truncated=8

[Episode 2700/12000 | last 100]
success rate                : 0.0% (cumulative 0.0%)
failure rate                : 0.0% (cumulative 0.0%)
completed cycles / episode  : 0.000
synthetic task reward       : 0.000
shaping reward              : 0.000
learning reward             : 0.000
episode length              : 172.5
abstract changes / episode  : 28.1
same abstract-state steps   : 83.7%
same-state shaping / episode: 0.000
changed-state shaping / ep. : 0.000
terminal shaping / episode  : 0.000
DFA transitions / episode   : 0.12
DFA transitions in window   : 1->2: 12
epsilon (next episode)       : 0.58272
replay buffer                : 300000 samples [1: 98.9%, 2: 1.1%, 3: 0.0%, 4: 0.0%, 5: 0.0%]
DFA state visits in window   : 1: 16534, 2: 815, 3: 0, 4: 0, 5: 0
DFA state visits cumulative  : 1: 320020, 2: 3359, 3: 0, 4: 0, 5: 0
DFA state entries in window  : 1: 100, 2: 12, 3: 0, 4: 0, 5: 0
DFA state entries cumulative : 1: 2700, 2: 84, 3: 0, 4: 0, 5: 0
transitions cumulative       : 1->2: 84
accepted directly from s0    : 0
Gym endings cumulative       : terminated=2690, truncated=10

[Episode 2800/12000 | last 100]
success rate                : 0.0% (cumulative 0.0%)
failure rate                : 0.0% (cumulative 0.0%)
completed cycles / episode  : 0.000
synthetic task reward       : 0.000
shaping reward              : 0.000
learning reward             : 0.000
episode length              : 149.2
abstract changes / episode  : 26.1
same abstract-state steps   : 82.5%
same-state shaping / episode: 0.000
changed-state shaping / ep. : 0.000
terminal shaping / episode  : 0.000
DFA transitions / episode   : 0.12
DFA transitions in window   : 1->2: 12
epsilon (next episode)       : 0.57118
replay buffer                : 300000 samples [1: 98.7%, 2: 1.3%, 3: 0.0%, 4: 0.0%, 5: 0.0%]
DFA state visits in window   : 1: 14331, 2: 691, 3: 0, 4: 0, 5: 0
DFA state visits cumulative  : 1: 334351, 2: 4050, 3: 0, 4: 0, 5: 0
DFA state entries in window  : 1: 100, 2: 12, 3: 0, 4: 0, 5: 0
DFA state entries cumulative : 1: 2800, 2: 96, 3: 0, 4: 0, 5: 0
transitions cumulative       : 1->2: 96
accepted directly from s0    : 0
Gym endings cumulative       : terminated=2789, truncated=11

[Episode 2900/12000 | last 100]
success rate                : 0.0% (cumulative 0.0%)
failure rate                : 0.0% (cumulative 0.0%)
completed cycles / episode  : 0.000
synthetic task reward       : 0.000
shaping reward              : 0.000
learning reward             : 0.000
episode length              : 165.3
abstract changes / episode  : 28.3
same abstract-state steps   : 82.9%
same-state shaping / episode: 0.000
changed-state shaping / ep. : 0.000
terminal shaping / episode  : 0.000
DFA transitions / episode   : 0.01
DFA transitions in window   : 1->2: 1
epsilon (next episode)       : 0.55987
replay buffer                : 300000 samples [1: 98.8%, 2: 1.2%, 3: 0.0%, 4: 0.0%, 5: 0.0%]
DFA state visits in window   : 1: 16569, 2: 62, 3: 0, 4: 0, 5: 0
DFA state visits cumulative  : 1: 350920, 2: 4112, 3: 0, 4: 0, 5: 0
DFA state entries in window  : 1: 100, 2: 1, 3: 0, 4: 0, 5: 0
DFA state entries cumulative : 1: 2900, 2: 97, 3: 0, 4: 0, 5: 0
transitions cumulative       : 1->2: 97
accepted directly from s0    : 0
Gym endings cumulative       : terminated=2887, truncated=13

[Episode 3000/12000 | last 100]
success rate                : 0.0% (cumulative 0.0%)
failure rate                : 0.0% (cumulative 0.0%)
completed cycles / episode  : 0.000
synthetic task reward       : 0.000
shaping reward              : 0.000
learning reward             : 0.000
episode length              : 206.7
abstract changes / episode  : 28.7
same abstract-state steps   : 86.1%
same-state shaping / episode: 0.000
changed-state shaping / ep. : 0.000
terminal shaping / episode  : 0.000
DFA transitions / episode   : 0.07
DFA transitions in window   : 1->2: 6, 2->3: 1
epsilon (next episode)       : 0.54878
replay buffer                : 300000 samples [1: 98.7%, 2: 1.3%, 3: 0.0%, 4: 0.0%, 5: 0.0%]
DFA state visits in window   : 1: 20422, 2: 308, 3: 42, 4: 0, 5: 0
DFA state visits cumulative  : 1: 371342, 2: 4420, 3: 42, 4: 0, 5: 0
DFA state entries in window  : 1: 100, 2: 6, 3: 1, 4: 0, 5: 0
DFA state entries cumulative : 1: 3000, 2: 103, 3: 1, 4: 0, 5: 0
transitions cumulative       : 1->2: 103, 2->3: 1
accepted directly from s0    : 0
Gym endings cumulative       : terminated=2987, truncated=13

Starting autonomous greedy evaluation at episode 3000 (1000 fixed-seed episodes)...
[Greedy evaluation at episode 3000 | 1000 fixed-seed episodes]
success=0.0%, failure=0.0%, task reward=0.000, length=244.2
DFA transitions: 1->2: 22

[Episode 3100/12000 | last 100]
success rate                : 0.0% (cumulative 0.0%)
failure rate                : 0.0% (cumulative 0.0%)
completed cycles / episode  : 0.000
synthetic task reward       : 0.000
shaping reward              : 0.000
learning reward             : 0.000
episode length              : 198.2
abstract changes / episode  : 28.8
same abstract-state steps   : 85.5%
same-state shaping / episode: 0.000
changed-state shaping / ep. : 0.000
terminal shaping / episode  : 0.000
DFA transitions / episode   : 0.02
DFA transitions in window   : 1->2: 2
epsilon (next episode)       : 0.53791
replay buffer                : 300000 samples [1: 98.6%, 2: 1.4%, 3: 0.0%, 4: 0.0%, 5: 0.0%]
DFA state visits in window   : 1: 19773, 2: 147, 3: 0, 4: 0, 5: 0
DFA state visits cumulative  : 1: 391115, 2: 4567, 3: 42, 4: 0, 5: 0
DFA state entries in window  : 1: 100, 2: 2, 3: 0, 4: 0, 5: 0
DFA state entries cumulative : 1: 3100, 2: 105, 3: 1, 4: 0, 5: 0
transitions cumulative       : 1->2: 105, 2->3: 1
accepted directly from s0    : 0
Gym endings cumulative       : terminated=3086, truncated=14

[Episode 3200/12000 | last 100]
success rate                : 0.0% (cumulative 0.0%)
failure rate                : 0.0% (cumulative 0.0%)
completed cycles / episode  : 0.000
synthetic task reward       : 0.000
shaping reward              : 0.000
learning reward             : 0.000
episode length              : 232.6
abstract changes / episode  : 29.3
same abstract-state steps   : 87.4%
same-state shaping / episode: 0.000
changed-state shaping / ep. : 0.000
terminal shaping / episode  : 0.000
DFA transitions / episode   : 0.00
DFA transitions in window   : none
epsilon (next episode)       : 0.52726
replay buffer                : 300000 samples [1: 98.7%, 2: 1.3%, 3: 0.0%, 4: 0.0%, 5: 0.0%]
DFA state visits in window   : 1: 23355, 2: 0, 3: 0, 4: 0, 5: 0
DFA state visits cumulative  : 1: 414470, 2: 4567, 3: 42, 4: 0, 5: 0
DFA state entries in window  : 1: 100, 2: 0, 3: 0, 4: 0, 5: 0
DFA state entries cumulative : 1: 3200, 2: 105, 3: 1, 4: 0, 5: 0
transitions cumulative       : 1->2: 105, 2->3: 1
accepted directly from s0    : 0
Gym endings cumulative       : terminated=3181, truncated=19

[Episode 3300/12000 | last 100]
success rate                : 0.0% (cumulative 0.0%)
failure rate                : 0.0% (cumulative 0.0%)
completed cycles / episode  : 0.000
synthetic task reward       : 0.000
shaping reward              : 0.000
learning reward             : 0.000
episode length              : 253.0
abstract changes / episode  : 32.1
same abstract-state steps   : 87.3%
same-state shaping / episode: 0.000
changed-state shaping / ep. : 0.000
terminal shaping / episode  : 0.000
DFA transitions / episode   : 0.02
DFA transitions in window   : 1->2: 2
epsilon (next episode)       : 0.51682
replay buffer                : 300000 samples [1: 98.8%, 2: 1.2%, 3: 0.0%, 4: 0.0%, 5: 0.0%]
DFA state visits in window   : 1: 25272, 2: 129, 3: 0, 4: 0, 5: 0
DFA state visits cumulative  : 1: 439742, 2: 4696, 3: 42, 4: 0, 5: 0
DFA state entries in window  : 1: 100, 2: 2, 3: 0, 4: 0, 5: 0
DFA state entries cumulative : 1: 3300, 2: 107, 3: 1, 4: 0, 5: 0
transitions cumulative       : 1->2: 107, 2->3: 1
accepted directly from s0    : 0
Gym endings cumulative       : terminated=3280, truncated=20

[Episode 3400/12000 | last 100]
success rate                : 0.0% (cumulative 0.0%)
failure rate                : 0.0% (cumulative 0.0%)
completed cycles / episode  : 0.000
synthetic task reward       : 0.000
shaping reward              : 0.000
learning reward             : 0.000
episode length              : 253.9
abstract changes / episode  : 29.7
same abstract-state steps   : 88.3%
same-state shaping / episode: 0.000
changed-state shaping / ep. : 0.000
terminal shaping / episode  : 0.000
DFA transitions / episode   : 0.07
DFA transitions in window   : 1->2: 7
epsilon (next episode)       : 0.50658
replay buffer                : 300000 samples [1: 98.7%, 2: 1.3%, 3: 0.0%, 4: 0.0%, 5: 0.0%]
DFA state visits in window   : 1: 24913, 2: 574, 3: 0, 4: 0, 5: 0
DFA state visits cumulative  : 1: 464655, 2: 5270, 3: 42, 4: 0, 5: 0
DFA state entries in window  : 1: 100, 2: 7, 3: 0, 4: 0, 5: 0
DFA state entries cumulative : 1: 3400, 2: 114, 3: 1, 4: 0, 5: 0
transitions cumulative       : 1->2: 114, 2->3: 1
accepted directly from s0    : 0
Gym endings cumulative       : terminated=3379, truncated=21

[Episode 3500/12000 | last 100]
success rate                : 0.0% (cumulative 0.0%)
failure rate                : 0.0% (cumulative 0.0%)
completed cycles / episode  : 0.000
synthetic task reward       : 0.000
shaping reward              : 0.000
learning reward             : 0.000
episode length              : 251.1
abstract changes / episode  : 34.9
same abstract-state steps   : 86.1%
same-state shaping / episode: 0.000
changed-state shaping / ep. : 0.000
terminal shaping / episode  : 0.000
DFA transitions / episode   : 0.03
DFA transitions in window   : 1->2: 3
epsilon (next episode)       : 0.49655
replay buffer                : 300000 samples [1: 98.7%, 2: 1.3%, 3: 0.0%, 4: 0.0%, 5: 0.0%]
DFA state visits in window   : 1: 25025, 2: 186, 3: 0, 4: 0, 5: 0
DFA state visits cumulative  : 1: 489680, 2: 5456, 3: 42, 4: 0, 5: 0
DFA state entries in window  : 1: 100, 2: 3, 3: 0, 4: 0, 5: 0
DFA state entries cumulative : 1: 3500, 2: 117, 3: 1, 4: 0, 5: 0
transitions cumulative       : 1->2: 117, 2->3: 1
accepted directly from s0    : 0
Gym endings cumulative       : terminated=3477, truncated=23

Starting autonomous greedy evaluation at episode 3500 (1000 fixed-seed episodes)...
[Greedy evaluation at episode 3500 | 1000 fixed-seed episodes]
success=0.0%, failure=0.0%, task reward=0.000, length=354.5
DFA transitions: none

[Episode 3600/12000 | last 100]
success rate                : 0.0% (cumulative 0.0%)
failure rate                : 0.0% (cumulative 0.0%)
completed cycles / episode  : 0.000
synthetic task reward       : 0.000
shaping reward              : 0.000
learning reward             : 0.000
episode length              : 232.7
abstract changes / episode  : 32.2
same abstract-state steps   : 86.2%
same-state shaping / episode: 0.000
changed-state shaping / ep. : 0.000
terminal shaping / episode  : 0.000
DFA transitions / episode   : 0.04
DFA transitions in window   : 1->2: 4
epsilon (next episode)       : 0.48672
replay buffer                : 300000 samples [1: 98.6%, 2: 1.4%, 3: 0.0%, 4: 0.0%, 5: 0.0%]
DFA state visits in window   : 1: 22968, 2: 406, 3: 0, 4: 0, 5: 0
DFA state visits cumulative  : 1: 512648, 2: 5862, 3: 42, 4: 0, 5: 0
DFA state entries in window  : 1: 100, 2: 4, 3: 0, 4: 0, 5: 0
DFA state entries cumulative : 1: 3600, 2: 121, 3: 1, 4: 0, 5: 0
transitions cumulative       : 1->2: 121, 2->3: 1
accepted directly from s0    : 0
Gym endings cumulative       : terminated=3577, truncated=23

[Episode 3700/12000 | last 100]
success rate                : 0.0% (cumulative 0.0%)
failure rate                : 0.0% (cumulative 0.0%)
completed cycles / episode  : 0.000
synthetic task reward       : 0.000
shaping reward              : 0.000
learning reward             : 0.000
episode length              : 234.3
abstract changes / episode  : 31.2
same abstract-state steps   : 86.7%
same-state shaping / episode: 0.000
changed-state shaping / ep. : 0.000
terminal shaping / episode  : 0.000
DFA transitions / episode   : 0.01
DFA transitions in window   : 1->2: 1
epsilon (next episode)       : 0.47708
replay buffer                : 300000 samples [1: 98.7%, 2: 1.3%, 3: 0.0%, 4: 0.0%, 5: 0.0%]
DFA state visits in window   : 1: 23479, 2: 48, 3: 0, 4: 0, 5: 0
DFA state visits cumulative  : 1: 536127, 2: 5910, 3: 42, 4: 0, 5: 0
DFA state entries in window  : 1: 100, 2: 1, 3: 0, 4: 0, 5: 0
DFA state entries cumulative : 1: 3700, 2: 122, 3: 1, 4: 0, 5: 0
transitions cumulative       : 1->2: 122, 2->3: 1
accepted directly from s0    : 0
Gym endings cumulative       : terminated=3673, truncated=27

[Episode 3800/12000 | last 100]
success rate                : 0.0% (cumulative 0.0%)
failure rate                : 0.0% (cumulative 0.0%)
completed cycles / episode  : 0.000
synthetic task reward       : 0.000
shaping reward              : 0.000
learning reward             : 0.000
episode length              : 200.0
abstract changes / episode  : 28.7
same abstract-state steps   : 85.6%
same-state shaping / episode: 0.000
changed-state shaping / ep. : 0.000
terminal shaping / episode  : 0.000
DFA transitions / episode   : 0.02
DFA transitions in window   : 1->2: 2
epsilon (next episode)       : 0.46763
replay buffer                : 300000 samples [1: 98.7%, 2: 1.3%, 3: 0.0%, 4: 0.0%, 5: 0.0%]
DFA state visits in window   : 1: 19950, 2: 151, 3: 0, 4: 0, 5: 0
DFA state visits cumulative  : 1: 556077, 2: 6061, 3: 42, 4: 0, 5: 0
DFA state entries in window  : 1: 100, 2: 2, 3: 0, 4: 0, 5: 0
DFA state entries cumulative : 1: 3800, 2: 124, 3: 1, 4: 0, 5: 0
transitions cumulative       : 1->2: 124, 2->3: 1
accepted directly from s0    : 0
Gym endings cumulative       : terminated=3768, truncated=32

[Episode 3900/12000 | last 100]
success rate                : 0.0% (cumulative 0.0%)
failure rate                : 0.0% (cumulative 0.0%)
completed cycles / episode  : 0.000
synthetic task reward       : 0.000
shaping reward              : 0.000
learning reward             : 0.000
episode length              : 182.3
abstract changes / episode  : 25.3
same abstract-state steps   : 86.1%
same-state shaping / episode: 0.000
changed-state shaping / ep. : 0.000
terminal shaping / episode  : 0.000
DFA transitions / episode   : 0.08
DFA transitions in window   : 1->2: 8
epsilon (next episode)       : 0.45837
replay buffer                : 300000 samples [1: 98.7%, 2: 1.3%, 3: 0.0%, 4: 0.0%, 5: 0.0%]
DFA state visits in window   : 1: 17869, 2: 458, 3: 0, 4: 0, 5: 0
DFA state visits cumulative  : 1: 573946, 2: 6519, 3: 42, 4: 0, 5: 0
DFA state entries in window  : 1: 100, 2: 8, 3: 0, 4: 0, 5: 0
DFA state entries cumulative : 1: 3900, 2: 132, 3: 1, 4: 0, 5: 0
transitions cumulative       : 1->2: 132, 2->3: 1
accepted directly from s0    : 0
Gym endings cumulative       : terminated=3868, truncated=32

[Episode 4000/12000 | last 100]
success rate                : 0.0% (cumulative 0.0%)
failure rate                : 0.0% (cumulative 0.0%)
completed cycles / episode  : 0.000
synthetic task reward       : 0.000
shaping reward              : 0.000
learning reward             : 0.000
episode length              : 368.8
abstract changes / episode  : 38.3
same abstract-state steps   : 89.6%
same-state shaping / episode: 0.000
changed-state shaping / ep. : 0.000
terminal shaping / episode  : 0.000
DFA transitions / episode   : 0.09
DFA transitions in window   : 1->2: 8, 2->3: 1
epsilon (next episode)       : 0.44929
replay buffer                : 300000 samples [1: 98.3%, 2: 1.7%, 3: 0.0%, 4: 0.0%, 5: 0.0%]
DFA state visits in window   : 1: 35344, 2: 1604, 3: 33, 4: 0, 5: 0
DFA state visits cumulative  : 1: 609290, 2: 8123, 3: 75, 4: 0, 5: 0
DFA state entries in window  : 1: 100, 2: 8, 3: 1, 4: 0, 5: 0
DFA state entries cumulative : 1: 4000, 2: 140, 3: 2, 4: 0, 5: 0
transitions cumulative       : 1->2: 140, 2->3: 2
accepted directly from s0    : 0
Gym endings cumulative       : terminated=3954, truncated=46

Starting autonomous greedy evaluation at episode 4000 (1000 fixed-seed episodes)...
[Greedy evaluation at episode 4000 | 1000 fixed-seed episodes]
success=0.0%, failure=0.0%, task reward=0.000, length=153.1
DFA transitions: 1->2: 7

[Episode 4100/12000 | last 100]
success rate                : 0.0% (cumulative 0.0%)
failure rate                : 0.0% (cumulative 0.0%)
completed cycles / episode  : 0.000
synthetic task reward       : 0.000
shaping reward              : 0.000
learning reward             : 0.000
episode length              : 270.5
abstract changes / episode  : 38.1
same abstract-state steps   : 85.9%
same-state shaping / episode: 0.000
changed-state shaping / ep. : 0.000
terminal shaping / episode  : 0.000
DFA transitions / episode   : 0.16
DFA transitions in window   : 1->2: 15, 2->3: 1
epsilon (next episode)       : 0.44040
replay buffer                : 300000 samples [1: 97.7%, 2: 2.2%, 3: 0.1%, 4: 0.0%, 5: 0.0%]
DFA state visits in window   : 1: 24298, 2: 2767, 3: 89, 4: 0, 5: 0
DFA state visits cumulative  : 1: 633588, 2: 10890, 3: 164, 4: 0, 5: 0
DFA state entries in window  : 1: 100, 2: 15, 3: 1, 4: 0, 5: 0
DFA state entries cumulative : 1: 4100, 2: 155, 3: 3, 4: 0, 5: 0
transitions cumulative       : 1->2: 155, 2->3: 3
accepted directly from s0    : 0
Gym endings cumulative       : terminated=4053, truncated=47

[Episode 4200/12000 | last 100]
success rate                : 0.0% (cumulative 0.0%)
failure rate                : 0.0% (cumulative 0.0%)
completed cycles / episode  : 0.000
synthetic task reward       : 0.000
shaping reward              : 0.000
learning reward             : 0.000
episode length              : 275.2
abstract changes / episode  : 31.7
same abstract-state steps   : 88.5%
same-state shaping / episode: 0.000
changed-state shaping / ep. : 0.000
terminal shaping / episode  : 0.000
DFA transitions / episode   : 0.01
DFA transitions in window   : 1->2: 1
epsilon (next episode)       : 0.43167
replay buffer                : 300000 samples [1: 97.8%, 2: 2.2%, 3: 0.0%, 4: 0.0%, 5: 0.0%]
DFA state visits in window   : 1: 27586, 2: 36, 3: 0, 4: 0, 5: 0
DFA state visits cumulative  : 1: 661174, 2: 10926, 3: 164, 4: 0, 5: 0
DFA state entries in window  : 1: 100, 2: 1, 3: 0, 4: 0, 5: 0
DFA state entries cumulative : 1: 4200, 2: 156, 3: 3, 4: 0, 5: 0
transitions cumulative       : 1->2: 156, 2->3: 3
accepted directly from s0    : 0
Gym endings cumulative       : terminated=4144, truncated=56

[Episode 4300/12000 | last 100]
success rate                : 0.0% (cumulative 0.0%)
failure rate                : 0.0% (cumulative 0.0%)
completed cycles / episode  : 0.000
synthetic task reward       : 0.000
shaping reward              : 0.000
learning reward             : 0.000
episode length              : 243.2
abstract changes / episode  : 29.4
same abstract-state steps   : 87.9%
same-state shaping / episode: 0.000
changed-state shaping / ep. : 0.000
terminal shaping / episode  : 0.000
DFA transitions / episode   : 0.06
DFA transitions in window   : 1->2: 5, 2->3: 1
epsilon (next episode)       : 0.42313
replay buffer                : 300000 samples [1: 97.7%, 2: 2.3%, 3: 0.1%, 4: 0.0%, 5: 0.0%]
DFA state visits in window   : 1: 23928, 2: 460, 3: 33, 4: 0, 5: 0
DFA state visits cumulative  : 1: 685102, 2: 11386, 3: 197, 4: 0, 5: 0
DFA state entries in window  : 1: 100, 2: 5, 3: 1, 4: 0, 5: 0
DFA state entries cumulative : 1: 4300, 2: 161, 3: 4, 4: 0, 5: 0
transitions cumulative       : 1->2: 161, 2->3: 4
accepted directly from s0    : 0
Gym endings cumulative       : terminated=4242, truncated=58

[Episode 4400/12000 | last 100]
success rate                : 0.0% (cumulative 0.0%)
failure rate                : 0.0% (cumulative 0.0%)
completed cycles / episode  : 0.000
synthetic task reward       : 0.000
shaping reward              : 0.000
learning reward             : 0.000
episode length              : 316.9
abstract changes / episode  : 39.6
same abstract-state steps   : 87.5%
same-state shaping / episode: 0.000
changed-state shaping / ep. : 0.000
terminal shaping / episode  : 0.000
DFA transitions / episode   : 0.01
DFA transitions in window   : 1->2: 1
epsilon (next episode)       : 0.41475
replay buffer                : 300000 samples [1: 97.7%, 2: 2.3%, 3: 0.1%, 4: 0.0%, 5: 0.0%]
DFA state visits in window   : 1: 31636, 2: 157, 3: 0, 4: 0, 5: 0
DFA state visits cumulative  : 1: 716738, 2: 11543, 3: 197, 4: 0, 5: 0
DFA state entries in window  : 1: 100, 2: 1, 3: 0, 4: 0, 5: 0
DFA state entries cumulative : 1: 4400, 2: 162, 3: 4, 4: 0, 5: 0
transitions cumulative       : 1->2: 162, 2->3: 4
accepted directly from s0    : 0
Gym endings cumulative       : terminated=4337, truncated=63

[Episode 4500/12000 | last 100]
success rate                : 0.0% (cumulative 0.0%)
failure rate                : 0.0% (cumulative 0.0%)
completed cycles / episode  : 0.000
synthetic task reward       : 0.000
shaping reward              : 0.000
learning reward             : 0.000
episode length              : 306.7
abstract changes / episode  : 38.5
same abstract-state steps   : 87.5%
same-state shaping / episode: 0.000
changed-state shaping / ep. : 0.000
terminal shaping / episode  : 0.000
DFA transitions / episode   : 0.03
DFA transitions in window   : 1->2: 3
epsilon (next episode)       : 0.40653
replay buffer                : 300000 samples [1: 97.8%, 2: 2.1%, 3: 0.1%, 4: 0.0%, 5: 0.0%]
DFA state visits in window   : 1: 30649, 2: 123, 3: 0, 4: 0, 5: 0
DFA state visits cumulative  : 1: 747387, 2: 11666, 3: 197, 4: 0, 5: 0
DFA state entries in window  : 1: 100, 2: 3, 3: 0, 4: 0, 5: 0
DFA state entries cumulative : 1: 4500, 2: 165, 3: 4, 4: 0, 5: 0
transitions cumulative       : 1->2: 165, 2->3: 4
accepted directly from s0    : 0
Gym endings cumulative       : terminated=4433, truncated=67

Starting autonomous greedy evaluation at episode 4500 (1000 fixed-seed episodes)...
[Greedy evaluation at episode 4500 | 1000 fixed-seed episodes]
success=0.0%, failure=0.0%, task reward=0.000, length=495.7
DFA transitions: none

[Episode 4600/12000 | last 100]
success rate                : 0.0% (cumulative 0.0%)
failure rate                : 0.0% (cumulative 0.0%)
completed cycles / episode  : 0.000
synthetic task reward       : 0.000
shaping reward              : 0.000
learning reward             : 0.000
episode length              : 234.4
abstract changes / episode  : 33.5
same abstract-state steps   : 85.7%
same-state shaping / episode: 0.000
changed-state shaping / ep. : 0.000
terminal shaping / episode  : 0.000
DFA transitions / episode   : 0.02
DFA transitions in window   : 1->2: 2
epsilon (next episode)       : 0.39848
replay buffer                : 300000 samples [1: 97.8%, 2: 2.2%, 3: 0.1%, 4: 0.0%, 5: 0.0%]
DFA state visits in window   : 1: 23430, 2: 109, 3: 0, 4: 0, 5: 0
DFA state visits cumulative  : 1: 770817, 2: 11775, 3: 197, 4: 0, 5: 0
DFA state entries in window  : 1: 100, 2: 2, 3: 0, 4: 0, 5: 0
DFA state entries cumulative : 1: 4600, 2: 167, 3: 4, 4: 0, 5: 0
transitions cumulative       : 1->2: 167, 2->3: 4
accepted directly from s0    : 0
Gym endings cumulative       : terminated=4533, truncated=67

[Episode 4700/12000 | last 100]
success rate                : 0.0% (cumulative 0.0%)
failure rate                : 0.0% (cumulative 0.0%)
completed cycles / episode  : 0.000
synthetic task reward       : 0.000
shaping reward              : 0.000
learning reward             : 0.000
episode length              : 414.5
abstract changes / episode  : 34.3
same abstract-state steps   : 91.7%
same-state shaping / episode: 0.000
changed-state shaping / ep. : 0.000
terminal shaping / episode  : 0.000
DFA transitions / episode   : 0.01
DFA transitions in window   : 1->2: 1
epsilon (next episode)       : 0.39059
replay buffer                : 300000 samples [1: 98.0%, 2: 2.0%, 3: 0.1%, 4: 0.0%, 5: 0.0%]
DFA state visits in window   : 1: 41530, 2: 22, 3: 0, 4: 0, 5: 0
DFA state visits cumulative  : 1: 812347, 2: 11797, 3: 197, 4: 0, 5: 0
DFA state entries in window  : 1: 100, 2: 1, 3: 0, 4: 0, 5: 0
DFA state entries cumulative : 1: 4700, 2: 168, 3: 4, 4: 0, 5: 0
transitions cumulative       : 1->2: 168, 2->3: 4
accepted directly from s0    : 0
Gym endings cumulative       : terminated=4612, truncated=88

[Episode 4800/12000 | last 100]
success rate                : 0.0% (cumulative 0.0%)
failure rate                : 0.0% (cumulative 0.0%)
completed cycles / episode  : 0.000
synthetic task reward       : 0.000
shaping reward              : 0.000
learning reward             : 0.000
episode length              : 356.1
abstract changes / episode  : 36.6
same abstract-state steps   : 89.7%
same-state shaping / episode: 0.000
changed-state shaping / ep. : 0.000
terminal shaping / episode  : 0.000
DFA transitions / episode   : 0.06
DFA transitions in window   : 1->2: 6
epsilon (next episode)       : 0.38286
replay buffer                : 300000 samples [1: 97.7%, 2: 2.2%, 3: 0.1%, 4: 0.0%, 5: 0.0%]
DFA state visits in window   : 1: 34793, 2: 922, 3: 0, 4: 0, 5: 0
DFA state visits cumulative  : 1: 847140, 2: 12719, 3: 197, 4: 0, 5: 0
DFA state entries in window  : 1: 100, 2: 6, 3: 0, 4: 0, 5: 0
DFA state entries cumulative : 1: 4800, 2: 174, 3: 4, 4: 0, 5: 0
transitions cumulative       : 1->2: 174, 2->3: 4
accepted directly from s0    : 0
Gym endings cumulative       : terminated=4701, truncated=99

[Episode 4900/12000 | last 100]
success rate                : 0.0% (cumulative 0.0%)
failure rate                : 0.0% (cumulative 0.0%)
completed cycles / episode  : 0.000
synthetic task reward       : 0.000
shaping reward              : 0.000
learning reward             : 0.000
episode length              : 444.1
abstract changes / episode  : 38.1
same abstract-state steps   : 91.4%
same-state shaping / episode: 0.000
changed-state shaping / ep. : 0.000
terminal shaping / episode  : 0.000
DFA transitions / episode   : 0.05
DFA transitions in window   : 1->2: 4, 2->3: 1
epsilon (next episode)       : 0.37527
replay buffer                : 300000 samples [1: 98.2%, 2: 1.7%, 3: 0.1%, 4: 0.0%, 5: 0.0%]
DFA state visits in window   : 1: 43995, 2: 382, 3: 135, 4: 0, 5: 0
DFA state visits cumulative  : 1: 891135, 2: 13101, 3: 332, 4: 0, 5: 0
DFA state entries in window  : 1: 100, 2: 4, 3: 1, 4: 0, 5: 0
DFA state entries cumulative : 1: 4900, 2: 178, 3: 5, 4: 0, 5: 0
transitions cumulative       : 1->2: 178, 2->3: 5
accepted directly from s0    : 0
Gym endings cumulative       : terminated=4788, truncated=112

[Episode 5000/12000 | last 100]
success rate                : 0.0% (cumulative 0.0%)
failure rate                : 0.0% (cumulative 0.0%)
completed cycles / episode  : 0.000
synthetic task reward       : 0.000
shaping reward              : 0.000
learning reward             : 0.000
episode length              : 634.5
abstract changes / episode  : 52.2
same abstract-state steps   : 91.8%
same-state shaping / episode: 0.000
changed-state shaping / ep. : 0.000
terminal shaping / episode  : 0.000
DFA transitions / episode   : 0.06
DFA transitions in window   : 1->2: 6
epsilon (next episode)       : 0.36784
replay buffer                : 300000 samples [1: 98.6%, 2: 1.3%, 3: 0.1%, 4: 0.0%, 5: 0.0%]
DFA state visits in window   : 1: 61720, 2: 1834, 3: 0, 4: 0, 5: 0
DFA state visits cumulative  : 1: 952855, 2: 14935, 3: 332, 4: 0, 5: 0
DFA state entries in window  : 1: 100, 2: 6, 3: 0, 4: 0, 5: 0
DFA state entries cumulative : 1: 5000, 2: 184, 3: 5, 4: 0, 5: 0
transitions cumulative       : 1->2: 184, 2->3: 5
accepted directly from s0    : 0
Gym endings cumulative       : terminated=4851, truncated=149

Starting autonomous greedy evaluation at episode 5000 (1000 fixed-seed episodes)...
[Greedy evaluation at episode 5000 | 1000 fixed-seed episodes]
success=0.0%, failure=0.0%, task reward=0.000, length=451.8
DFA transitions: 1->2: 112

[Episode 5100/12000 | last 100]
success rate                : 0.0% (cumulative 0.0%)
failure rate                : 0.0% (cumulative 0.0%)
completed cycles / episode  : 0.000
synthetic task reward       : 0.000
shaping reward              : 0.000
learning reward             : 0.000
episode length              : 289.3
abstract changes / episode  : 39.4
same abstract-state steps   : 86.4%
same-state shaping / episode: 0.000
changed-state shaping / ep. : 0.000
terminal shaping / episode  : 0.000
DFA transitions / episode   : 0.02
DFA transitions in window   : 1->2: 2
epsilon (next episode)       : 0.36056
replay buffer                : 300000 samples [1: 98.7%, 2: 1.2%, 3: 0.0%, 4: 0.0%, 5: 0.0%]
DFA state visits in window   : 1: 28853, 2: 176, 3: 0, 4: 0, 5: 0
DFA state visits cumulative  : 1: 981708, 2: 15111, 3: 332, 4: 0, 5: 0
DFA state entries in window  : 1: 100, 2: 2, 3: 0, 4: 0, 5: 0
DFA state entries cumulative : 1: 5100, 2: 186, 3: 5, 4: 0, 5: 0
transitions cumulative       : 1->2: 186, 2->3: 5
accepted directly from s0    : 0
Gym endings cumulative       : terminated=4950, truncated=150

[Episode 5200/12000 | last 100]
success rate                : 0.0% (cumulative 0.0%)
failure rate                : 0.0% (cumulative 0.0%)
completed cycles / episode  : 0.000
synthetic task reward       : 0.000
shaping reward              : 0.000
learning reward             : 0.000
episode length              : 232.5
abstract changes / episode  : 29.1
same abstract-state steps   : 87.5%
same-state shaping / episode: 0.000
changed-state shaping / ep. : 0.000
terminal shaping / episode  : 0.000
DFA transitions / episode   : 0.08
DFA transitions in window   : 1->2: 7, 2->3: 1
epsilon (next episode)       : 0.35342
replay buffer                : 300000 samples [1: 98.5%, 2: 1.5%, 3: 0.1%, 4: 0.0%, 5: 0.0%]
DFA state visits in window   : 1: 22378, 2: 930, 3: 42, 4: 0, 5: 0
DFA state visits cumulative  : 1: 1004086, 2: 16041, 3: 374, 4: 0, 5: 0
DFA state entries in window  : 1: 100, 2: 7, 3: 1, 4: 0, 5: 0
DFA state entries cumulative : 1: 5200, 2: 193, 3: 6, 4: 0, 5: 0
transitions cumulative       : 1->2: 193, 2->3: 6
accepted directly from s0    : 0
Gym endings cumulative       : terminated=5049, truncated=151

[Episode 5300/12000 | last 100]
success rate                : 0.0% (cumulative 0.0%)
failure rate                : 0.0% (cumulative 0.0%)
completed cycles / episode  : 0.000
synthetic task reward       : 0.000
shaping reward              : 0.000
learning reward             : 0.000
episode length              : 223.1
abstract changes / episode  : 24.0
same abstract-state steps   : 89.2%
same-state shaping / episode: 0.000
changed-state shaping / ep. : 0.000
terminal shaping / episode  : 0.000
DFA transitions / episode   : 0.04
DFA transitions in window   : 1->2: 4
epsilon (next episode)       : 0.34642
replay buffer                : 300000 samples [1: 98.4%, 2: 1.6%, 3: 0.1%, 4: 0.0%, 5: 0.0%]
DFA state visits in window   : 1: 22046, 2: 361, 3: 0, 4: 0, 5: 0
DFA state visits cumulative  : 1: 1026132, 2: 16402, 3: 374, 4: 0, 5: 0
DFA state entries in window  : 1: 100, 2: 4, 3: 0, 4: 0, 5: 0
DFA state entries cumulative : 1: 5300, 2: 197, 3: 6, 4: 0, 5: 0
transitions cumulative       : 1->2: 197, 2->3: 6
accepted directly from s0    : 0
Gym endings cumulative       : terminated=5149, truncated=151

[Episode 5400/12000 | last 100]
success rate                : 0.0% (cumulative 0.0%)
failure rate                : 0.0% (cumulative 0.0%)
completed cycles / episode  : 0.000
synthetic task reward       : 0.000
shaping reward              : 0.000
learning reward             : 0.000
episode length              : 179.4
abstract changes / episode  : 23.0
same abstract-state steps   : 87.2%
same-state shaping / episode: 0.000
changed-state shaping / ep. : 0.000
terminal shaping / episode  : 0.000
DFA transitions / episode   : 0.02
DFA transitions in window   : 1->2: 2
epsilon (next episode)       : 0.33956
replay buffer                : 300000 samples [1: 98.3%, 2: 1.6%, 3: 0.1%, 4: 0.0%, 5: 0.0%]
DFA state visits in window   : 1: 17962, 2: 81, 3: 0, 4: 0, 5: 0
DFA state visits cumulative  : 1: 1044094, 2: 16483, 3: 374, 4: 0, 5: 0
DFA state entries in window  : 1: 100, 2: 2, 3: 0, 4: 0, 5: 0
DFA state entries cumulative : 1: 5400, 2: 199, 3: 6, 4: 0, 5: 0
transitions cumulative       : 1->2: 199, 2->3: 6
accepted directly from s0    : 0
Gym endings cumulative       : terminated=5249, truncated=151

[Episode 5500/12000 | last 100]
success rate                : 0.0% (cumulative 0.0%)
failure rate                : 0.0% (cumulative 0.0%)
completed cycles / episode  : 0.000
synthetic task reward       : 0.000
shaping reward              : 0.000
learning reward             : 0.000
episode length              : 324.0
abstract changes / episode  : 27.7
same abstract-state steps   : 91.4%
same-state shaping / episode: 0.000
changed-state shaping / ep. : 0.000
terminal shaping / episode  : 0.000
DFA transitions / episode   : 0.03
DFA transitions in window   : 1->2: 3
epsilon (next episode)       : 0.33283
replay buffer                : 300000 samples [1: 98.4%, 2: 1.6%, 3: 0.1%, 4: 0.0%, 5: 0.0%]
DFA state visits in window   : 1: 32420, 2: 76, 3: 0, 4: 0, 5: 0
DFA state visits cumulative  : 1: 1076514, 2: 16559, 3: 374, 4: 0, 5: 0
DFA state entries in window  : 1: 100, 2: 3, 3: 0, 4: 0, 5: 0
DFA state entries cumulative : 1: 5500, 2: 202, 3: 6, 4: 0, 5: 0
transitions cumulative       : 1->2: 202, 2->3: 6
accepted directly from s0    : 0
Gym endings cumulative       : terminated=5339, truncated=161

Starting autonomous greedy evaluation at episode 5500 (1000 fixed-seed episodes)...
[Greedy evaluation at episode 5500 | 1000 fixed-seed episodes]
success=0.0%, failure=0.0%, task reward=0.000, length=359.0
DFA transitions: none

[Episode 5600/12000 | last 100]
success rate                : 0.0% (cumulative 0.0%)
failure rate                : 0.0% (cumulative 0.0%)
completed cycles / episode  : 0.000
synthetic task reward       : 0.000
shaping reward              : 0.000
learning reward             : 0.000
episode length              : 404.8
abstract changes / episode  : 35.7
same abstract-state steps   : 91.2%
same-state shaping / episode: 0.000
changed-state shaping / ep. : 0.000
terminal shaping / episode  : 0.000
DFA transitions / episode   : 0.04
DFA transitions in window   : 1->2: 4
epsilon (next episode)       : 0.32624
replay buffer                : 300000 samples [1: 98.3%, 2: 1.7%, 3: 0.1%, 4: 0.0%, 5: 0.0%]
DFA state visits in window   : 1: 40293, 2: 289, 3: 0, 4: 0, 5: 0
DFA state visits cumulative  : 1: 1116807, 2: 16848, 3: 374, 4: 0, 5: 0
DFA state entries in window  : 1: 100, 2: 4, 3: 0, 4: 0, 5: 0
DFA state entries cumulative : 1: 5600, 2: 206, 3: 6, 4: 0, 5: 0
transitions cumulative       : 1->2: 206, 2->3: 6
accepted directly from s0    : 0
Gym endings cumulative       : terminated=5433, truncated=167

[Episode 5700/12000 | last 100]
success rate                : 0.0% (cumulative 0.0%)
failure rate                : 0.0% (cumulative 0.0%)
completed cycles / episode  : 0.000
synthetic task reward       : 0.000
shaping reward              : 0.000
learning reward             : 0.000
episode length              : 325.6
abstract changes / episode  : 31.8
same abstract-state steps   : 90.2%
same-state shaping / episode: 0.000
changed-state shaping / ep. : 0.000
terminal shaping / episode  : 0.000
DFA transitions / episode   : 0.06
DFA transitions in window   : 1->2: 6
epsilon (next episode)       : 0.31978
replay buffer                : 300000 samples [1: 98.5%, 2: 1.5%, 3: 0.1%, 4: 0.0%, 5: 0.0%]
DFA state visits in window   : 1: 32356, 2: 300, 3: 0, 4: 0, 5: 0
DFA state visits cumulative  : 1: 1149163, 2: 17148, 3: 374, 4: 0, 5: 0
DFA state entries in window  : 1: 100, 2: 6, 3: 0, 4: 0, 5: 0
DFA state entries cumulative : 1: 5700, 2: 212, 3: 6, 4: 0, 5: 0
transitions cumulative       : 1->2: 212, 2->3: 6
accepted directly from s0    : 0
Gym endings cumulative       : terminated=5522, truncated=178

[Episode 5800/12000 | last 100]
success rate                : 0.0% (cumulative 0.0%)
failure rate                : 0.0% (cumulative 0.0%)
completed cycles / episode  : 0.000
synthetic task reward       : 0.000
shaping reward              : 0.000
learning reward             : 0.000
episode length              : 323.3
abstract changes / episode  : 37.0
same abstract-state steps   : 88.5%
same-state shaping / episode: 0.000
changed-state shaping / ep. : 0.000
terminal shaping / episode  : 0.000
DFA transitions / episode   : 0.05
DFA transitions in window   : 1->2: 5
epsilon (next episode)       : 0.31345
replay buffer                : 300000 samples [1: 98.5%, 2: 1.5%, 3: 0.0%, 4: 0.0%, 5: 0.0%]
DFA state visits in window   : 1: 32078, 2: 352, 3: 0, 4: 0, 5: 0
DFA state visits cumulative  : 1: 1181241, 2: 17500, 3: 374, 4: 0, 5: 0
DFA state entries in window  : 1: 100, 2: 5, 3: 0, 4: 0, 5: 0
DFA state entries cumulative : 1: 5800, 2: 217, 3: 6, 4: 0, 5: 0
transitions cumulative       : 1->2: 217, 2->3: 6
accepted directly from s0    : 0
Gym endings cumulative       : terminated=5621, truncated=179

[Episode 5900/12000 | last 100]
success rate                : 0.0% (cumulative 0.0%)
failure rate                : 0.0% (cumulative 0.0%)
completed cycles / episode  : 0.000
synthetic task reward       : 0.000
shaping reward              : 0.000
learning reward             : 0.000
episode length              : 238.8
abstract changes / episode  : 29.9
same abstract-state steps   : 87.5%
same-state shaping / episode: 0.000
changed-state shaping / ep. : 0.000
terminal shaping / episode  : 0.000
DFA transitions / episode   : 0.05
DFA transitions in window   : 1->2: 5
epsilon (next episode)       : 0.30724
replay buffer                : 300000 samples [1: 98.4%, 2: 1.6%, 3: 0.0%, 4: 0.0%, 5: 0.0%]
DFA state visits in window   : 1: 23529, 2: 456, 3: 0, 4: 0, 5: 0
DFA state visits cumulative  : 1: 1204770, 2: 17956, 3: 374, 4: 0, 5: 0
DFA state entries in window  : 1: 100, 2: 5, 3: 0, 4: 0, 5: 0
DFA state entries cumulative : 1: 5900, 2: 222, 3: 6, 4: 0, 5: 0
transitions cumulative       : 1->2: 222, 2->3: 6
accepted directly from s0    : 0
Gym endings cumulative       : terminated=5721, truncated=179

[Episode 6000/12000 | last 100]
success rate                : 0.0% (cumulative 0.0%)
failure rate                : 0.0% (cumulative 0.0%)
completed cycles / episode  : 0.000
synthetic task reward       : 0.000
shaping reward              : 0.000
learning reward             : 0.000
episode length              : 245.8
abstract changes / episode  : 31.8
same abstract-state steps   : 87.1%
same-state shaping / episode: 0.000
changed-state shaping / ep. : 0.000
terminal shaping / episode  : 0.000
DFA transitions / episode   : 0.09
DFA transitions in window   : 1->2: 9
epsilon (next episode)       : 0.30116
replay buffer                : 300000 samples [1: 98.4%, 2: 1.6%, 3: 0.0%, 4: 0.0%, 5: 0.0%]
DFA state visits in window   : 1: 24461, 2: 218, 3: 0, 4: 0, 5: 0
DFA state visits cumulative  : 1: 1229231, 2: 18174, 3: 374, 4: 0, 5: 0
DFA state entries in window  : 1: 100, 2: 9, 3: 0, 4: 0, 5: 0
DFA state entries cumulative : 1: 6000, 2: 231, 3: 6, 4: 0, 5: 0
transitions cumulative       : 1->2: 231, 2->3: 6
accepted directly from s0    : 0
Gym endings cumulative       : terminated=5821, truncated=179

Starting autonomous greedy evaluation at episode 6000 (1000 fixed-seed episodes)...
[Greedy evaluation at episode 6000 | 1000 fixed-seed episodes]
success=0.0%, failure=0.0%, task reward=0.000, length=463.3
DFA transitions: 1->2: 2

[Episode 6100/12000 | last 100]
success rate                : 0.0% (cumulative 0.0%)
failure rate                : 0.0% (cumulative 0.0%)
completed cycles / episode  : 0.000
synthetic task reward       : 0.000
shaping reward              : 0.000
learning reward             : 0.000
episode length              : 254.9
abstract changes / episode  : 33.2
same abstract-state steps   : 87.0%
same-state shaping / episode: 0.000
changed-state shaping / ep. : 0.000
terminal shaping / episode  : 0.000
DFA transitions / episode   : 0.08
DFA transitions in window   : 1->2: 8
epsilon (next episode)       : 0.29519
replay buffer                : 300000 samples [1: 98.8%, 2: 1.2%, 3: 0.0%, 4: 0.0%, 5: 0.0%]
DFA state visits in window   : 1: 25282, 2: 307, 3: 0, 4: 0, 5: 0
DFA state visits cumulative  : 1: 1254513, 2: 18481, 3: 374, 4: 0, 5: 0
DFA state entries in window  : 1: 100, 2: 8, 3: 0, 4: 0, 5: 0
DFA state entries cumulative : 1: 6100, 2: 239, 3: 6, 4: 0, 5: 0
transitions cumulative       : 1->2: 239, 2->3: 6
accepted directly from s0    : 0
Gym endings cumulative       : terminated=5921, truncated=179

[Episode 6200/12000 | last 100]
success rate                : 0.0% (cumulative 0.0%)
failure rate                : 0.0% (cumulative 0.0%)
completed cycles / episode  : 0.000
synthetic task reward       : 0.000
shaping reward              : 0.000
learning reward             : 0.000
episode length              : 235.2
abstract changes / episode  : 30.9
same abstract-state steps   : 86.8%
same-state shaping / episode: 0.000
changed-state shaping / ep. : 0.000
terminal shaping / episode  : 0.000
DFA transitions / episode   : 0.03
DFA transitions in window   : 1->2: 3
epsilon (next episode)       : 0.28935
replay buffer                : 300000 samples [1: 98.8%, 2: 1.2%, 3: 0.0%, 4: 0.0%, 5: 0.0%]
DFA state visits in window   : 1: 23458, 2: 161, 3: 0, 4: 0, 5: 0
DFA state visits cumulative  : 1: 1277971, 2: 18642, 3: 374, 4: 0, 5: 0
DFA state entries in window  : 1: 100, 2: 3, 3: 0, 4: 0, 5: 0
DFA state entries cumulative : 1: 6200, 2: 242, 3: 6, 4: 0, 5: 0
transitions cumulative       : 1->2: 242, 2->3: 6
accepted directly from s0    : 0
Gym endings cumulative       : terminated=6021, truncated=179

[Episode 6300/12000 | last 100]
success rate                : 0.0% (cumulative 0.0%)
failure rate                : 0.0% (cumulative 0.0%)
completed cycles / episode  : 0.000
synthetic task reward       : 0.000
shaping reward              : 0.000
learning reward             : 0.000
episode length              : 176.8
abstract changes / episode  : 27.7
same abstract-state steps   : 84.3%
same-state shaping / episode: 0.000
changed-state shaping / ep. : 0.000
terminal shaping / episode  : 0.000
DFA transitions / episode   : 0.04
DFA transitions in window   : 1->2: 4
epsilon (next episode)       : 0.28362
replay buffer                : 300000 samples [1: 99.0%, 2: 1.0%, 3: 0.0%, 4: 0.0%, 5: 0.0%]
DFA state visits in window   : 1: 17630, 2: 153, 3: 0, 4: 0, 5: 0
DFA state visits cumulative  : 1: 1295601, 2: 18795, 3: 374, 4: 0, 5: 0
DFA state entries in window  : 1: 100, 2: 4, 3: 0, 4: 0, 5: 0
DFA state entries cumulative : 1: 6300, 2: 246, 3: 6, 4: 0, 5: 0
transitions cumulative       : 1->2: 246, 2->3: 6
accepted directly from s0    : 0
Gym endings cumulative       : terminated=6121, truncated=179

[Episode 6400/12000 | last 100]
success rate                : 0.0% (cumulative 0.0%)
failure rate                : 0.0% (cumulative 0.0%)
completed cycles / episode  : 0.000
synthetic task reward       : 0.000
shaping reward              : 0.000
learning reward             : 0.000
episode length              : 131.3
abstract changes / episode  : 20.7
same abstract-state steps   : 84.2%
same-state shaping / episode: 0.000
changed-state shaping / ep. : 0.000
terminal shaping / episode  : 0.000
DFA transitions / episode   : 0.00
DFA transitions in window   : none
epsilon (next episode)       : 0.27800
replay buffer                : 300000 samples [1: 99.1%, 2: 0.9%, 3: 0.0%, 4: 0.0%, 5: 0.0%]
DFA state visits in window   : 1: 13233, 2: 0, 3: 0, 4: 0, 5: 0
DFA state visits cumulative  : 1: 1308834, 2: 18795, 3: 374, 4: 0, 5: 0
DFA state entries in window  : 1: 100, 2: 0, 3: 0, 4: 0, 5: 0
DFA state entries cumulative : 1: 6400, 2: 246, 3: 6, 4: 0, 5: 0
transitions cumulative       : 1->2: 246, 2->3: 6
accepted directly from s0    : 0
Gym endings cumulative       : terminated=6221, truncated=179

[Episode 6500/12000 | last 100]
success rate                : 0.0% (cumulative 0.0%)
failure rate                : 0.0% (cumulative 0.0%)
completed cycles / episode  : 0.000
synthetic task reward       : 0.000
shaping reward              : 0.000
learning reward             : 0.000
episode length              : 126.4
abstract changes / episode  : 19.1
same abstract-state steps   : 84.9%
same-state shaping / episode: 0.000
changed-state shaping / ep. : 0.000
terminal shaping / episode  : 0.000
DFA transitions / episode   : 0.00
DFA transitions in window   : none
epsilon (next episode)       : 0.27250
replay buffer                : 300000 samples [1: 99.2%, 2: 0.8%, 3: 0.0%, 4: 0.0%, 5: 0.0%]
DFA state visits in window   : 1: 12743, 2: 0, 3: 0, 4: 0, 5: 0
DFA state visits cumulative  : 1: 1321577, 2: 18795, 3: 374, 4: 0, 5: 0
DFA state entries in window  : 1: 100, 2: 0, 3: 0, 4: 0, 5: 0
DFA state entries cumulative : 1: 6500, 2: 246, 3: 6, 4: 0, 5: 0
transitions cumulative       : 1->2: 246, 2->3: 6
accepted directly from s0    : 0
Gym endings cumulative       : terminated=6321, truncated=179

Starting autonomous greedy evaluation at episode 6500 (1000 fixed-seed episodes)...
[Greedy evaluation at episode 6500 | 1000 fixed-seed episodes]
success=0.0%, failure=0.0%, task reward=0.000, length=193.3
DFA transitions: none

[Episode 6600/12000 | last 100]
success rate                : 0.0% (cumulative 0.0%)
failure rate                : 0.0% (cumulative 0.0%)
completed cycles / episode  : 0.000
synthetic task reward       : 0.000
shaping reward              : 0.000
learning reward             : 0.000
episode length              : 205.4
abstract changes / episode  : 22.3
same abstract-state steps   : 89.1%
same-state shaping / episode: 0.000
changed-state shaping / ep. : 0.000
terminal shaping / episode  : 0.000
DFA transitions / episode   : 0.02
DFA transitions in window   : 1->2: 2
epsilon (next episode)       : 0.26710
replay buffer                : 300000 samples [1: 99.1%, 2: 0.9%, 3: 0.0%, 4: 0.0%, 5: 0.0%]
DFA state visits in window   : 1: 20290, 2: 353, 3: 0, 4: 0, 5: 0
DFA state visits cumulative  : 1: 1341867, 2: 19148, 3: 374, 4: 0, 5: 0
DFA state entries in window  : 1: 100, 2: 2, 3: 0, 4: 0, 5: 0
DFA state entries cumulative : 1: 6600, 2: 248, 3: 6, 4: 0, 5: 0
transitions cumulative       : 1->2: 248, 2->3: 6
accepted directly from s0    : 0
Gym endings cumulative       : terminated=6421, truncated=179

[Episode 6700/12000 | last 100]
success rate                : 0.0% (cumulative 0.0%)
failure rate                : 0.0% (cumulative 0.0%)
completed cycles / episode  : 0.000
synthetic task reward       : 0.000
shaping reward              : 0.000
learning reward             : 0.000
episode length              : 500.0
abstract changes / episode  : 39.1
same abstract-state steps   : 92.2%
same-state shaping / episode: 0.000
changed-state shaping / ep. : 0.000
terminal shaping / episode  : 0.000
DFA transitions / episode   : 0.03
DFA transitions in window   : 1->2: 3
epsilon (next episode)       : 0.26181
replay buffer                : 300000 samples [1: 99.1%, 2: 0.9%, 3: 0.0%, 4: 0.0%, 5: 0.0%]
DFA state visits in window   : 1: 50021, 2: 81, 3: 0, 4: 0, 5: 0
DFA state visits cumulative  : 1: 1391888, 2: 19229, 3: 374, 4: 0, 5: 0
DFA state entries in window  : 1: 100, 2: 3, 3: 0, 4: 0, 5: 0
DFA state entries cumulative : 1: 6700, 2: 251, 3: 6, 4: 0, 5: 0
transitions cumulative       : 1->2: 251, 2->3: 6
accepted directly from s0    : 0
Gym endings cumulative       : terminated=6503, truncated=197

[Episode 6800/12000 | last 100]
success rate                : 0.0% (cumulative 0.0%)
failure rate                : 0.0% (cumulative 0.0%)
completed cycles / episode  : 0.000
synthetic task reward       : 0.000
shaping reward              : 0.000
learning reward             : 0.000
episode length              : 144.9
abstract changes / episode  : 26.8
same abstract-state steps   : 81.5%
same-state shaping / episode: 0.000
changed-state shaping / ep. : 0.000
terminal shaping / episode  : 0.000
DFA transitions / episode   : 0.01
DFA transitions in window   : 1->2: 1
epsilon (next episode)       : 0.25663
replay buffer                : 300000 samples [1: 99.1%, 2: 0.9%, 3: 0.0%, 4: 0.0%, 5: 0.0%]
DFA state visits in window   : 1: 14550, 2: 37, 3: 0, 4: 0, 5: 0
DFA state visits cumulative  : 1: 1406438, 2: 19266, 3: 374, 4: 0, 5: 0
DFA state entries in window  : 1: 100, 2: 1, 3: 0, 4: 0, 5: 0
DFA state entries cumulative : 1: 6800, 2: 252, 3: 6, 4: 0, 5: 0
transitions cumulative       : 1->2: 252, 2->3: 6
accepted directly from s0    : 0
Gym endings cumulative       : terminated=6603, truncated=197

[Episode 6900/12000 | last 100]
success rate                : 0.0% (cumulative 0.0%)
failure rate                : 0.0% (cumulative 0.0%)
completed cycles / episode  : 0.000
synthetic task reward       : 0.000
shaping reward              : 0.000
learning reward             : 0.000
episode length              : 145.2
abstract changes / episode  : 26.6
same abstract-state steps   : 81.7%
same-state shaping / episode: 0.000
changed-state shaping / ep. : 0.000
terminal shaping / episode  : 0.000
DFA transitions / episode   : 0.06
DFA transitions in window   : 1->2: 6
epsilon (next episode)       : 0.25154
replay buffer                : 300000 samples [1: 99.1%, 2: 0.9%, 3: 0.0%, 4: 0.0%, 5: 0.0%]
DFA state visits in window   : 1: 14377, 2: 246, 3: 0, 4: 0, 5: 0
DFA state visits cumulative  : 1: 1420815, 2: 19512, 3: 374, 4: 0, 5: 0
DFA state entries in window  : 1: 100, 2: 6, 3: 0, 4: 0, 5: 0
DFA state entries cumulative : 1: 6900, 2: 258, 3: 6, 4: 0, 5: 0
transitions cumulative       : 1->2: 258, 2->3: 6
accepted directly from s0    : 0
Gym endings cumulative       : terminated=6703, truncated=197

[Episode 7000/12000 | last 100]
success rate                : 0.0% (cumulative 0.0%)
failure rate                : 0.0% (cumulative 0.0%)
completed cycles / episode  : 0.000
synthetic task reward       : 0.000
shaping reward              : 0.000
learning reward             : 0.000
episode length              : 117.9
abstract changes / episode  : 25.2
same abstract-state steps   : 78.6%
same-state shaping / episode: 0.000
changed-state shaping / ep. : 0.000
terminal shaping / episode  : 0.000
DFA transitions / episode   : 0.02
DFA transitions in window   : 1->2: 2
epsilon (next episode)       : 0.24656
replay buffer                : 300000 samples [1: 99.1%, 2: 0.9%, 3: 0.0%, 4: 0.0%, 5: 0.0%]
DFA state visits in window   : 1: 11776, 2: 110, 3: 0, 4: 0, 5: 0
DFA state visits cumulative  : 1: 1432591, 2: 19622, 3: 374, 4: 0, 5: 0
DFA state entries in window  : 1: 100, 2: 2, 3: 0, 4: 0, 5: 0
DFA state entries cumulative : 1: 7000, 2: 260, 3: 6, 4: 0, 5: 0
transitions cumulative       : 1->2: 260, 2->3: 6
accepted directly from s0    : 0
Gym endings cumulative       : terminated=6803, truncated=197

Starting autonomous greedy evaluation at episode 7000 (1000 fixed-seed episodes)...
[Greedy evaluation at episode 7000 | 1000 fixed-seed episodes]
success=0.0%, failure=0.0%, task reward=0.000, length=124.4
DFA transitions: none
Best policy updated from autonomous greedy evaluation at episode 7000.

[Episode 7100/12000 | last 100]
success rate                : 0.0% (cumulative 0.0%)
failure rate                : 0.0% (cumulative 0.0%)
completed cycles / episode  : 0.000
synthetic task reward       : 0.000
shaping reward              : 0.000
learning reward             : 0.000
episode length              : 103.9
abstract changes / episode  : 25.3
same abstract-state steps   : 75.7%
same-state shaping / episode: 0.000
changed-state shaping / ep. : 0.000
terminal shaping / episode  : 0.000
DFA transitions / episode   : 0.02
DFA transitions in window   : 1->2: 2
epsilon (next episode)       : 0.24168
replay buffer                : 300000 samples [1: 99.2%, 2: 0.8%, 3: 0.0%, 4: 0.0%, 5: 0.0%]
DFA state visits in window   : 1: 10417, 2: 77, 3: 0, 4: 0, 5: 0
DFA state visits cumulative  : 1: 1443008, 2: 19699, 3: 374, 4: 0, 5: 0
DFA state entries in window  : 1: 100, 2: 2, 3: 0, 4: 0, 5: 0
DFA state entries cumulative : 1: 7100, 2: 262, 3: 6, 4: 0, 5: 0
transitions cumulative       : 1->2: 262, 2->3: 6
accepted directly from s0    : 0
Gym endings cumulative       : terminated=6903, truncated=197

[Episode 7200/12000 | last 100]
success rate                : 0.0% (cumulative 0.0%)
failure rate                : 0.0% (cumulative 0.0%)
completed cycles / episode  : 0.000
synthetic task reward       : 0.000
shaping reward              : 0.000
learning reward             : 0.000
episode length              : 100.1
abstract changes / episode  : 26.0
same abstract-state steps   : 74.0%
same-state shaping / episode: 0.000
changed-state shaping / ep. : 0.000
terminal shaping / episode  : 0.000
DFA transitions / episode   : 0.01
DFA transitions in window   : 1->2: 1
epsilon (next episode)       : 0.23689
replay buffer                : 300000 samples [1: 99.2%, 2: 0.8%, 3: 0.0%, 4: 0.0%, 5: 0.0%]
DFA state visits in window   : 1: 10100, 2: 14, 3: 0, 4: 0, 5: 0
DFA state visits cumulative  : 1: 1453108, 2: 19713, 3: 374, 4: 0, 5: 0
DFA state entries in window  : 1: 100, 2: 1, 3: 0, 4: 0, 5: 0
DFA state entries cumulative : 1: 7200, 2: 263, 3: 6, 4: 0, 5: 0
transitions cumulative       : 1->2: 263, 2->3: 6
accepted directly from s0    : 0
Gym endings cumulative       : terminated=7003, truncated=197

[Episode 7300/12000 | last 100]
success rate                : 0.0% (cumulative 0.0%)
failure rate                : 0.0% (cumulative 0.0%)
completed cycles / episode  : 0.000
synthetic task reward       : 0.000
shaping reward              : 0.000
learning reward             : 0.000
episode length              : 103.6
abstract changes / episode  : 25.9
same abstract-state steps   : 75.0%
same-state shaping / episode: 0.000
changed-state shaping / ep. : 0.000
terminal shaping / episode  : 0.000
DFA transitions / episode   : 0.02
DFA transitions in window   : 1->2: 2
epsilon (next episode)       : 0.23220
replay buffer                : 300000 samples [1: 99.2%, 2: 0.8%, 3: 0.0%, 4: 0.0%, 5: 0.0%]
DFA state visits in window   : 1: 10417, 2: 44, 3: 0, 4: 0, 5: 0
DFA state visits cumulative  : 1: 1463525, 2: 19757, 3: 374, 4: 0, 5: 0
DFA state entries in window  : 1: 100, 2: 2, 3: 0, 4: 0, 5: 0
DFA state entries cumulative : 1: 7300, 2: 265, 3: 6, 4: 0, 5: 0
transitions cumulative       : 1->2: 265, 2->3: 6
accepted directly from s0    : 0
Gym endings cumulative       : terminated=7103, truncated=197

[Episode 7400/12000 | last 100]
success rate                : 0.0% (cumulative 0.0%)
failure rate                : 0.0% (cumulative 0.0%)
completed cycles / episode  : 0.000
synthetic task reward       : 0.000
shaping reward              : 0.000
learning reward             : 0.000
episode length              : 104.6
abstract changes / episode  : 25.7
same abstract-state steps   : 75.5%
same-state shaping / episode: 0.000
changed-state shaping / ep. : 0.000
terminal shaping / episode  : 0.000
DFA transitions / episode   : 0.01
DFA transitions in window   : 1->2: 1
epsilon (next episode)       : 0.22760
replay buffer                : 300000 samples [1: 99.3%, 2: 0.7%, 3: 0.0%, 4: 0.0%, 5: 0.0%]
DFA state visits in window   : 1: 10546, 2: 18, 3: 0, 4: 0, 5: 0
DFA state visits cumulative  : 1: 1474071, 2: 19775, 3: 374, 4: 0, 5: 0
DFA state entries in window  : 1: 100, 2: 1, 3: 0, 4: 0, 5: 0
DFA state entries cumulative : 1: 7400, 2: 266, 3: 6, 4: 0, 5: 0
transitions cumulative       : 1->2: 266, 2->3: 6
accepted directly from s0    : 0
Gym endings cumulative       : terminated=7203, truncated=197

[Episode 7500/12000 | last 100]
success rate                : 0.0% (cumulative 0.0%)
failure rate                : 0.0% (cumulative 0.0%)
completed cycles / episode  : 0.000
synthetic task reward       : 0.000
shaping reward              : 0.000
learning reward             : 0.000
episode length              : 99.6
abstract changes / episode  : 26.3
same abstract-state steps   : 73.6%
same-state shaping / episode: 0.000
changed-state shaping / ep. : 0.000
terminal shaping / episode  : 0.000
DFA transitions / episode   : 0.03
DFA transitions in window   : 1->2: 3
epsilon (next episode)       : 0.22310
replay buffer                : 300000 samples [1: 99.2%, 2: 0.8%, 3: 0.0%, 4: 0.0%, 5: 0.0%]
DFA state visits in window   : 1: 9973, 2: 87, 3: 0, 4: 0, 5: 0
DFA state visits cumulative  : 1: 1484044, 2: 19862, 3: 374, 4: 0, 5: 0
DFA state entries in window  : 1: 100, 2: 3, 3: 0, 4: 0, 5: 0
DFA state entries cumulative : 1: 7500, 2: 269, 3: 6, 4: 0, 5: 0
transitions cumulative       : 1->2: 269, 2->3: 6
accepted directly from s0    : 0
Gym endings cumulative       : terminated=7303, truncated=197

Starting autonomous greedy evaluation at episode 7500 (1000 fixed-seed episodes)...
[Greedy evaluation at episode 7500 | 1000 fixed-seed episodes]
success=0.0%, failure=0.0%, task reward=0.000, length=67.3
DFA transitions: none
Best policy updated from autonomous greedy evaluation at episode 7500.

[Episode 7600/12000 | last 100]
success rate                : 0.0% (cumulative 0.0%)
failure rate                : 0.0% (cumulative 0.0%)
completed cycles / episode  : 0.000
synthetic task reward       : 0.000
shaping reward              : 0.000
learning reward             : 0.000
episode length              : 101.3
abstract changes / episode  : 26.5
same abstract-state steps   : 73.8%
same-state shaping / episode: 0.000
changed-state shaping / ep. : 0.000
terminal shaping / episode  : 0.000
DFA transitions / episode   : 0.01
DFA transitions in window   : 1->2: 1
epsilon (next episode)       : 0.21868
replay buffer                : 300000 samples [1: 99.4%, 2: 0.6%, 3: 0.0%, 4: 0.0%, 5: 0.0%]
DFA state visits in window   : 1: 10215, 2: 16, 3: 0, 4: 0, 5: 0
DFA state visits cumulative  : 1: 1494259, 2: 19878, 3: 374, 4: 0, 5: 0
DFA state entries in window  : 1: 100, 2: 1, 3: 0, 4: 0, 5: 0
DFA state entries cumulative : 1: 7600, 2: 270, 3: 6, 4: 0, 5: 0
transitions cumulative       : 1->2: 270, 2->3: 6
accepted directly from s0    : 0
Gym endings cumulative       : terminated=7403, truncated=197

[Episode 7700/12000 | last 100]
success rate                : 0.0% (cumulative 0.0%)
failure rate                : 0.0% (cumulative 0.0%)
completed cycles / episode  : 0.000
synthetic task reward       : 0.000
shaping reward              : 0.000
learning reward             : 0.000
episode length              : 87.4
abstract changes / episode  : 25.5
same abstract-state steps   : 70.8%
same-state shaping / episode: 0.000
changed-state shaping / ep. : 0.000
terminal shaping / episode  : 0.000
DFA transitions / episode   : 0.00
DFA transitions in window   : none
epsilon (next episode)       : 0.21435
replay buffer                : 300000 samples [1: 99.4%, 2: 0.6%, 3: 0.0%, 4: 0.0%, 5: 0.0%]
DFA state visits in window   : 1: 8841, 2: 0, 3: 0, 4: 0, 5: 0
DFA state visits cumulative  : 1: 1503100, 2: 19878, 3: 374, 4: 0, 5: 0
DFA state entries in window  : 1: 100, 2: 0, 3: 0, 4: 0, 5: 0
DFA state entries cumulative : 1: 7700, 2: 270, 3: 6, 4: 0, 5: 0
transitions cumulative       : 1->2: 270, 2->3: 6
accepted directly from s0    : 0
Gym endings cumulative       : terminated=7503, truncated=197

[Episode 7800/12000 | last 100]
success rate                : 0.0% (cumulative 0.0%)
failure rate                : 0.0% (cumulative 0.0%)
completed cycles / episode  : 0.000
synthetic task reward       : 0.000
shaping reward              : 0.000
learning reward             : 0.000
episode length              : 90.0
abstract changes / episode  : 25.9
same abstract-state steps   : 71.3%
same-state shaping / episode: 0.000
changed-state shaping / ep. : 0.000
terminal shaping / episode  : 0.000
DFA transitions / episode   : 0.03
DFA transitions in window   : 1->2: 3
epsilon (next episode)       : 0.21010
replay buffer                : 300000 samples [1: 99.4%, 2: 0.6%, 3: 0.0%, 4: 0.0%, 5: 0.0%]
DFA state visits in window   : 1: 9024, 2: 72, 3: 0, 4: 0, 5: 0
DFA state visits cumulative  : 1: 1512124, 2: 19950, 3: 374, 4: 0, 5: 0
DFA state entries in window  : 1: 100, 2: 3, 3: 0, 4: 0, 5: 0
DFA state entries cumulative : 1: 7800, 2: 273, 3: 6, 4: 0, 5: 0
transitions cumulative       : 1->2: 273, 2->3: 6
accepted directly from s0    : 0
Gym endings cumulative       : terminated=7603, truncated=197

[Episode 7900/12000 | last 100]
success rate                : 0.0% (cumulative 0.0%)
failure rate                : 0.0% (cumulative 0.0%)
completed cycles / episode  : 0.000
synthetic task reward       : 0.000
shaping reward              : 0.000
learning reward             : 0.000
episode length              : 89.7
abstract changes / episode  : 25.0
same abstract-state steps   : 72.1%
same-state shaping / episode: 0.000
changed-state shaping / ep. : 0.000
terminal shaping / episode  : 0.000
DFA transitions / episode   : 0.00
DFA transitions in window   : none
epsilon (next episode)       : 0.20594
replay buffer                : 300000 samples [1: 99.4%, 2: 0.6%, 3: 0.0%, 4: 0.0%, 5: 0.0%]
DFA state visits in window   : 1: 9066, 2: 0, 3: 0, 4: 0, 5: 0
DFA state visits cumulative  : 1: 1521190, 2: 19950, 3: 374, 4: 0, 5: 0
DFA state entries in window  : 1: 100, 2: 0, 3: 0, 4: 0, 5: 0
DFA state entries cumulative : 1: 7900, 2: 273, 3: 6, 4: 0, 5: 0
transitions cumulative       : 1->2: 273, 2->3: 6
accepted directly from s0    : 0
Gym endings cumulative       : terminated=7703, truncated=197

[Episode 8000/12000 | last 100]
success rate                : 0.0% (cumulative 0.0%)
failure rate                : 0.0% (cumulative 0.0%)
completed cycles / episode  : 0.000
synthetic task reward       : 0.000
shaping reward              : 0.000
learning reward             : 0.000
episode length              : 88.4
abstract changes / episode  : 25.8
same abstract-state steps   : 70.8%
same-state shaping / episode: 0.000
changed-state shaping / ep. : 0.000
terminal shaping / episode  : 0.000
DFA transitions / episode   : 0.00
DFA transitions in window   : none
epsilon (next episode)       : 0.20186
replay buffer                : 300000 samples [1: 99.4%, 2: 0.6%, 3: 0.0%, 4: 0.0%, 5: 0.0%]
DFA state visits in window   : 1: 8936, 2: 0, 3: 0, 4: 0, 5: 0
DFA state visits cumulative  : 1: 1530126, 2: 19950, 3: 374, 4: 0, 5: 0
DFA state entries in window  : 1: 100, 2: 0, 3: 0, 4: 0, 5: 0
DFA state entries cumulative : 1: 8000, 2: 273, 3: 6, 4: 0, 5: 0
transitions cumulative       : 1->2: 273, 2->3: 6
accepted directly from s0    : 0
Gym endings cumulative       : terminated=7803, truncated=197

Starting autonomous greedy evaluation at episode 8000 (1000 fixed-seed episodes)...
[Greedy evaluation at episode 8000 | 1000 fixed-seed episodes]
success=0.0%, failure=0.0%, task reward=0.000, length=121.8
DFA transitions: none

[Episode 8100/12000 | last 100]
success rate                : 0.0% (cumulative 0.0%)
failure rate                : 0.0% (cumulative 0.0%)
completed cycles / episode  : 0.000
synthetic task reward       : 0.000
shaping reward              : 0.000
learning reward             : 0.000
episode length              : 96.2
abstract changes / episode  : 25.1
same abstract-state steps   : 73.9%
same-state shaping / episode: 0.000
changed-state shaping / ep. : 0.000
terminal shaping / episode  : 0.000
DFA transitions / episode   : 0.00
DFA transitions in window   : none
epsilon (next episode)       : 0.19787
replay buffer                : 300000 samples [1: 99.5%, 2: 0.5%, 3: 0.0%, 4: 0.0%, 5: 0.0%]
DFA state visits in window   : 1: 9723, 2: 0, 3: 0, 4: 0, 5: 0
DFA state visits cumulative  : 1: 1539849, 2: 19950, 3: 374, 4: 0, 5: 0
DFA state entries in window  : 1: 100, 2: 0, 3: 0, 4: 0, 5: 0
DFA state entries cumulative : 1: 8100, 2: 273, 3: 6, 4: 0, 5: 0
transitions cumulative       : 1->2: 273, 2->3: 6
accepted directly from s0    : 0
Gym endings cumulative       : terminated=7903, truncated=197

[Episode 8200/12000 | last 100]
success rate                : 0.0% (cumulative 0.0%)
failure rate                : 0.0% (cumulative 0.0%)
completed cycles / episode  : 0.000
synthetic task reward       : 0.000
shaping reward              : 0.000
learning reward             : 0.000
episode length              : 128.9
abstract changes / episode  : 16.6
same abstract-state steps   : 87.1%
same-state shaping / episode: 0.000
changed-state shaping / ep. : 0.000
terminal shaping / episode  : 0.000
DFA transitions / episode   : 0.02
DFA transitions in window   : 1->2: 2
epsilon (next episode)       : 0.19395
replay buffer                : 300000 samples [1: 99.5%, 2: 0.5%, 3: 0.0%, 4: 0.0%, 5: 0.0%]
DFA state visits in window   : 1: 12945, 2: 43, 3: 0, 4: 0, 5: 0
DFA state visits cumulative  : 1: 1552794, 2: 19993, 3: 374, 4: 0, 5: 0
DFA state entries in window  : 1: 100, 2: 2, 3: 0, 4: 0, 5: 0
DFA state entries cumulative : 1: 8200, 2: 275, 3: 6, 4: 0, 5: 0
transitions cumulative       : 1->2: 275, 2->3: 6
accepted directly from s0    : 0
Gym endings cumulative       : terminated=8003, truncated=197

[Episode 8300/12000 | last 100]
success rate                : 0.0% (cumulative 0.0%)
failure rate                : 0.0% (cumulative 0.0%)
completed cycles / episode  : 0.000
synthetic task reward       : 0.000
shaping reward              : 0.000
learning reward             : 0.000
episode length              : 357.2
abstract changes / episode  : 26.2
same abstract-state steps   : 92.7%
same-state shaping / episode: 0.000
changed-state shaping / ep. : 0.000
terminal shaping / episode  : 0.000
DFA transitions / episode   : 0.05
DFA transitions in window   : 1->2: 5
epsilon (next episode)       : 0.19011
replay buffer                : 300000 samples [1: 99.5%, 2: 0.5%, 3: 0.0%, 4: 0.0%, 5: 0.0%]
DFA state visits in window   : 1: 35449, 2: 369, 3: 0, 4: 0, 5: 0
DFA state visits cumulative  : 1: 1588243, 2: 20362, 3: 374, 4: 0, 5: 0
DFA state entries in window  : 1: 100, 2: 5, 3: 0, 4: 0, 5: 0
DFA state entries cumulative : 1: 8300, 2: 280, 3: 6, 4: 0, 5: 0
transitions cumulative       : 1->2: 280, 2->3: 6
accepted directly from s0    : 0
Gym endings cumulative       : terminated=8087, truncated=213

[Episode 8400/12000 | last 100]
success rate                : 0.0% (cumulative 0.0%)
failure rate                : 0.0% (cumulative 0.0%)
completed cycles / episode  : 0.000
synthetic task reward       : 0.000
shaping reward              : 0.000
learning reward             : 0.000
episode length              : 278.3
abstract changes / episode  : 44.7
same abstract-state steps   : 83.9%
same-state shaping / episode: 0.000
changed-state shaping / ep. : 0.000
terminal shaping / episode  : 0.000
DFA transitions / episode   : 0.14
DFA transitions in window   : 1->2: 12, 2->3: 2
epsilon (next episode)       : 0.18634
replay buffer                : 300000 samples [1: 99.3%, 2: 0.7%, 3: 0.0%, 4: 0.0%, 5: 0.0%]
DFA state visits in window   : 1: 27386, 2: 480, 3: 62, 4: 0, 5: 0
DFA state visits cumulative  : 1: 1615629, 2: 20842, 3: 436, 4: 0, 5: 0
DFA state entries in window  : 1: 100, 2: 12, 3: 2, 4: 0, 5: 0
DFA state entries cumulative : 1: 8400, 2: 292, 3: 8, 4: 0, 5: 0
transitions cumulative       : 1->2: 292, 2->3: 8
accepted directly from s0    : 0
Gym endings cumulative       : terminated=8186, truncated=214

[Episode 8500/12000 | last 100]
success rate                : 0.0% (cumulative 0.0%)
failure rate                : 0.0% (cumulative 0.0%)
completed cycles / episode  : 0.000
synthetic task reward       : 0.000
shaping reward              : 0.000
learning reward             : 0.000
episode length              : 203.8
abstract changes / episode  : 31.2
same abstract-state steps   : 84.7%
same-state shaping / episode: 0.000
changed-state shaping / ep. : 0.000
terminal shaping / episode  : 0.000
DFA transitions / episode   : 0.10
DFA transitions in window   : 1->2: 9, 2->3: 1
epsilon (next episode)       : 0.18265
replay buffer                : 300000 samples [1: 99.2%, 2: 0.8%, 3: 0.0%, 4: 0.0%, 5: 0.0%]
DFA state visits in window   : 1: 19639, 2: 813, 3: 28, 4: 0, 5: 0
DFA state visits cumulative  : 1: 1635268, 2: 21655, 3: 464, 4: 0, 5: 0
DFA state entries in window  : 1: 100, 2: 9, 3: 1, 4: 0, 5: 0
DFA state entries cumulative : 1: 8500, 2: 301, 3: 9, 4: 0, 5: 0
transitions cumulative       : 1->2: 301, 2->3: 9
accepted directly from s0    : 0
Gym endings cumulative       : terminated=8286, truncated=214

Starting autonomous greedy evaluation at episode 8500 (1000 fixed-seed episodes)...
[Greedy evaluation at episode 8500 | 1000 fixed-seed episodes]
success=0.0%, failure=0.0%, task reward=0.000, length=205.1
DFA transitions: none

[Episode 8600/12000 | last 100]
success rate                : 0.0% (cumulative 0.0%)
failure rate                : 0.0% (cumulative 0.0%)
completed cycles / episode  : 0.000
synthetic task reward       : 0.000
shaping reward              : 0.000
learning reward             : 0.000
episode length              : 401.3
abstract changes / episode  : 41.5
same abstract-state steps   : 89.6%
same-state shaping / episode: 0.000
changed-state shaping / ep. : 0.000
terminal shaping / episode  : 0.000
DFA transitions / episode   : 0.04
DFA transitions in window   : 1->2: 4
epsilon (next episode)       : 0.17904
replay buffer                : 300000 samples [1: 99.1%, 2: 0.9%, 3: 0.0%, 4: 0.0%, 5: 0.0%]
DFA state visits in window   : 1: 40059, 2: 169, 3: 0, 4: 0, 5: 0
DFA state visits cumulative  : 1: 1675327, 2: 21824, 3: 464, 4: 0, 5: 0
DFA state entries in window  : 1: 100, 2: 4, 3: 0, 4: 0, 5: 0
DFA state entries cumulative : 1: 8600, 2: 305, 3: 9, 4: 0, 5: 0
transitions cumulative       : 1->2: 305, 2->3: 9
accepted directly from s0    : 0
Gym endings cumulative       : terminated=8377, truncated=223

[Episode 8700/12000 | last 100]
success rate                : 0.0% (cumulative 0.0%)
failure rate                : 0.0% (cumulative 0.0%)
completed cycles / episode  : 0.000
synthetic task reward       : 0.000
shaping reward              : 0.000
learning reward             : 0.000
episode length              : 463.1
abstract changes / episode  : 49.0
same abstract-state steps   : 89.4%
same-state shaping / episode: 0.000
changed-state shaping / ep. : 0.000
terminal shaping / episode  : 0.000
DFA transitions / episode   : 0.03
DFA transitions in window   : 1->2: 3
epsilon (next episode)       : 0.17549
replay buffer                : 300000 samples [1: 99.1%, 2: 0.9%, 3: 0.0%, 4: 0.0%, 5: 0.0%]
DFA state visits in window   : 1: 46126, 2: 285, 3: 0, 4: 0, 5: 0
DFA state visits cumulative  : 1: 1721453, 2: 22109, 3: 464, 4: 0, 5: 0
DFA state entries in window  : 1: 100, 2: 3, 3: 0, 4: 0, 5: 0
DFA state entries cumulative : 1: 8700, 2: 308, 3: 9, 4: 0, 5: 0
transitions cumulative       : 1->2: 308, 2->3: 9
accepted directly from s0    : 0
Gym endings cumulative       : terminated=8470, truncated=230

[Episode 8800/12000 | last 100]
success rate                : 0.0% (cumulative 0.0%)
failure rate                : 0.0% (cumulative 0.0%)
completed cycles / episode  : 0.000
synthetic task reward       : 0.000
shaping reward              : 0.000
learning reward             : 0.000
episode length              : 396.7
abstract changes / episode  : 40.7
same abstract-state steps   : 89.7%
same-state shaping / episode: 0.000
changed-state shaping / ep. : 0.000
terminal shaping / episode  : 0.000
DFA transitions / episode   : 0.06
DFA transitions in window   : 1->2: 6
epsilon (next episode)       : 0.17201
replay buffer                : 300000 samples [1: 98.8%, 2: 1.2%, 3: 0.0%, 4: 0.0%, 5: 0.0%]
DFA state visits in window   : 1: 38484, 2: 1287, 3: 0, 4: 0, 5: 0
DFA state visits cumulative  : 1: 1759937, 2: 23396, 3: 464, 4: 0, 5: 0
DFA state entries in window  : 1: 100, 2: 6, 3: 0, 4: 0, 5: 0
DFA state entries cumulative : 1: 8800, 2: 314, 3: 9, 4: 0, 5: 0
transitions cumulative       : 1->2: 314, 2->3: 9
accepted directly from s0    : 0
Gym endings cumulative       : terminated=8568, truncated=232

[Episode 8900/12000 | last 100]
success rate                : 0.0% (cumulative 0.0%)
failure rate                : 0.0% (cumulative 0.0%)
completed cycles / episode  : 0.000
synthetic task reward       : 0.000
shaping reward              : 0.000
learning reward             : 0.000
episode length              : 535.0
abstract changes / episode  : 35.2
same abstract-state steps   : 93.4%
same-state shaping / episode: 0.000
changed-state shaping / ep. : 0.000
terminal shaping / episode  : 0.000
DFA transitions / episode   : 0.04
DFA transitions in window   : 1->2: 3, 2->3: 1
epsilon (next episode)       : 0.16861
replay buffer                : 300000 samples [1: 98.6%, 2: 1.3%, 3: 0.0%, 4: 0.0%, 5: 0.0%]
DFA state visits in window   : 1: 52985, 2: 573, 3: 44, 4: 0, 5: 0
DFA state visits cumulative  : 1: 1812922, 2: 23969, 3: 508, 4: 0, 5: 0
DFA state entries in window  : 1: 100, 2: 3, 3: 1, 4: 0, 5: 0
DFA state entries cumulative : 1: 8900, 2: 317, 3: 10, 4: 0, 5: 0
transitions cumulative       : 1->2: 317, 2->3: 10
accepted directly from s0    : 0
Gym endings cumulative       : terminated=8643, truncated=258

[Episode 9000/12000 | last 100]
success rate                : 0.0% (cumulative 0.0%)
failure rate                : 0.0% (cumulative 0.0%)
completed cycles / episode  : 0.000
synthetic task reward       : 0.000
shaping reward              : 0.000
learning reward             : 0.000
episode length              : 420.4
abstract changes / episode  : 35.2
same abstract-state steps   : 91.6%
same-state shaping / episode: 0.000
changed-state shaping / ep. : 0.000
terminal shaping / episode  : 0.000
DFA transitions / episode   : 0.03
DFA transitions in window   : 1->2: 3
epsilon (next episode)       : 0.16527
replay buffer                : 300000 samples [1: 98.6%, 2: 1.4%, 3: 0.0%, 4: 0.0%, 5: 0.0%]
DFA state visits in window   : 1: 41980, 2: 155, 3: 0, 4: 0, 5: 0
DFA state visits cumulative  : 1: 1854902, 2: 24124, 3: 508, 4: 0, 5: 0
DFA state entries in window  : 1: 100, 2: 3, 3: 0, 4: 0, 5: 0
DFA state entries cumulative : 1: 9000, 2: 320, 3: 10, 4: 0, 5: 0
transitions cumulative       : 1->2: 320, 2->3: 10
accepted directly from s0    : 0
Gym endings cumulative       : terminated=8730, truncated=271

Starting autonomous greedy evaluation at episode 9000 (1000 fixed-seed episodes)...
[Greedy evaluation at episode 9000 | 1000 fixed-seed episodes]
success=0.0%, failure=0.0%, task reward=0.000, length=167.7
DFA transitions: none

[Episode 9100/12000 | last 100]
success rate                : 0.0% (cumulative 0.0%)
failure rate                : 0.0% (cumulative 0.0%)
completed cycles / episode  : 0.000
synthetic task reward       : 0.000
shaping reward              : 0.000
learning reward             : 0.000
episode length              : 182.7
abstract changes / episode  : 29.8
same abstract-state steps   : 83.7%
same-state shaping / episode: 0.000
changed-state shaping / ep. : 0.000
terminal shaping / episode  : 0.000
DFA transitions / episode   : 0.04
DFA transitions in window   : 1->2: 3, 2->3: 1
epsilon (next episode)       : 0.16200
replay buffer                : 300000 samples [1: 98.6%, 2: 1.3%, 3: 0.1%, 4: 0.0%, 5: 0.0%]
DFA state visits in window   : 1: 18092, 2: 179, 3: 94, 4: 0, 5: 0
DFA state visits cumulative  : 1: 1872994, 2: 24303, 3: 602, 4: 0, 5: 0
DFA state entries in window  : 1: 100, 2: 3, 3: 1, 4: 0, 5: 0
DFA state entries cumulative : 1: 9100, 2: 323, 3: 11, 4: 0, 5: 0
transitions cumulative       : 1->2: 323, 2->3: 11
accepted directly from s0    : 0
Gym endings cumulative       : terminated=8830, truncated=271

[Episode 9200/12000 | last 100]
success rate                : 0.0% (cumulative 0.0%)
failure rate                : 0.0% (cumulative 0.0%)
completed cycles / episode  : 0.000
synthetic task reward       : 0.000
shaping reward              : 0.000
learning reward             : 0.000
episode length              : 220.2
abstract changes / episode  : 25.1
same abstract-state steps   : 88.6%
same-state shaping / episode: 0.000
changed-state shaping / ep. : 0.000
terminal shaping / episode  : 0.000
DFA transitions / episode   : 0.00
DFA transitions in window   : none
epsilon (next episode)       : 0.15879
replay buffer                : 300000 samples [1: 98.7%, 2: 1.2%, 3: 0.1%, 4: 0.0%, 5: 0.0%]
DFA state visits in window   : 1: 22124, 2: 0, 3: 0, 4: 0, 5: 0
DFA state visits cumulative  : 1: 1895118, 2: 24303, 3: 602, 4: 0, 5: 0
DFA state entries in window  : 1: 100, 2: 0, 3: 0, 4: 0, 5: 0
DFA state entries cumulative : 1: 9200, 2: 323, 3: 11, 4: 0, 5: 0
transitions cumulative       : 1->2: 323, 2->3: 11
accepted directly from s0    : 0
Gym endings cumulative       : terminated=8926, truncated=275

[Episode 9300/12000 | last 100]
success rate                : 0.0% (cumulative 0.0%)
failure rate                : 0.0% (cumulative 0.0%)
completed cycles / episode  : 0.000
synthetic task reward       : 0.000
shaping reward              : 0.000
learning reward             : 0.000
episode length              : 518.7
abstract changes / episode  : 27.0
same abstract-state steps   : 94.8%
same-state shaping / episode: 0.000
changed-state shaping / ep. : 0.000
terminal shaping / episode  : 0.000
DFA transitions / episode   : 0.00
DFA transitions in window   : none
epsilon (next episode)       : 0.15564
replay buffer                : 300000 samples [1: 99.1%, 2: 0.9%, 3: 0.0%, 4: 0.0%, 5: 0.0%]
DFA state visits in window   : 1: 51966, 2: 0, 3: 0, 4: 0, 5: 0
DFA state visits cumulative  : 1: 1947084, 2: 24303, 3: 602, 4: 0, 5: 0
DFA state entries in window  : 1: 100, 2: 0, 3: 0, 4: 0, 5: 0
DFA state entries cumulative : 1: 9300, 2: 323, 3: 11, 4: 0, 5: 0
transitions cumulative       : 1->2: 323, 2->3: 11
accepted directly from s0    : 0
Gym endings cumulative       : terminated=8987, truncated=314

[Episode 9400/12000 | last 100]
success rate                : 0.0% (cumulative 0.0%)
failure rate                : 0.0% (cumulative 0.0%)
completed cycles / episode  : 0.000
synthetic task reward       : 0.000
shaping reward              : 0.000
learning reward             : 0.000
episode length              : 615.2
abstract changes / episode  : 35.3
same abstract-state steps   : 94.3%
same-state shaping / episode: 0.000
changed-state shaping / ep. : 0.000
terminal shaping / episode  : 0.000
DFA transitions / episode   : 0.02
DFA transitions in window   : 1->2: 2
epsilon (next episode)       : 0.15256
replay buffer                : 300000 samples [1: 99.2%, 2: 0.8%, 3: 0.0%, 4: 0.0%, 5: 0.0%]
DFA state visits in window   : 1: 61546, 2: 74, 3: 0, 4: 0, 5: 0
DFA state visits cumulative  : 1: 2008630, 2: 24377, 3: 602, 4: 0, 5: 0
DFA state entries in window  : 1: 100, 2: 2, 3: 0, 4: 0, 5: 0
DFA state entries cumulative : 1: 9400, 2: 325, 3: 11, 4: 0, 5: 0
transitions cumulative       : 1->2: 325, 2->3: 11
accepted directly from s0    : 0
Gym endings cumulative       : terminated=9051, truncated=350

[Episode 9500/12000 | last 100]
success rate                : 0.0% (cumulative 0.0%)
failure rate                : 0.0% (cumulative 0.0%)
completed cycles / episode  : 0.000
synthetic task reward       : 0.000
shaping reward              : 0.000
learning reward             : 0.000
episode length              : 162.1
abstract changes / episode  : 29.3
same abstract-state steps   : 81.9%
same-state shaping / episode: 0.000
changed-state shaping / ep. : 0.000
terminal shaping / episode  : 0.000
DFA transitions / episode   : 0.05
DFA transitions in window   : 1->2: 5
epsilon (next episode)       : 0.14954
replay buffer                : 300000 samples [1: 99.2%, 2: 0.8%, 3: 0.0%, 4: 0.0%, 5: 0.0%]
DFA state visits in window   : 1: 16162, 2: 149, 3: 0, 4: 0, 5: 0
DFA state visits cumulative  : 1: 2024792, 2: 24526, 3: 602, 4: 0, 5: 0
DFA state entries in window  : 1: 100, 2: 5, 3: 0, 4: 0, 5: 0
DFA state entries cumulative : 1: 9500, 2: 330, 3: 11, 4: 0, 5: 0
transitions cumulative       : 1->2: 330, 2->3: 11
accepted directly from s0    : 0
Gym endings cumulative       : terminated=9151, truncated=350

Starting autonomous greedy evaluation at episode 9500 (1000 fixed-seed episodes)...
[Greedy evaluation at episode 9500 | 1000 fixed-seed episodes]
success=0.0%, failure=0.0%, task reward=0.000, length=162.7
DFA transitions: none

[Episode 9600/12000 | last 100]
success rate                : 0.0% (cumulative 0.0%)
failure rate                : 0.0% (cumulative 0.0%)
completed cycles / episode  : 0.000
synthetic task reward       : 0.000
shaping reward              : 0.000
learning reward             : 0.000
episode length              : 149.6
abstract changes / episode  : 29.1
same abstract-state steps   : 80.6%
same-state shaping / episode: 0.000
changed-state shaping / ep. : 0.000
terminal shaping / episode  : 0.000
DFA transitions / episode   : 0.03
DFA transitions in window   : 1->2: 3
epsilon (next episode)       : 0.14658
replay buffer                : 300000 samples [1: 99.3%, 2: 0.7%, 3: 0.0%, 4: 0.0%, 5: 0.0%]
DFA state visits in window   : 1: 14994, 2: 66, 3: 0, 4: 0, 5: 0
DFA state visits cumulative  : 1: 2039786, 2: 24592, 3: 602, 4: 0, 5: 0
DFA state entries in window  : 1: 100, 2: 3, 3: 0, 4: 0, 5: 0
DFA state entries cumulative : 1: 9600, 2: 333, 3: 11, 4: 0, 5: 0
transitions cumulative       : 1->2: 333, 2->3: 11
accepted directly from s0    : 0
Gym endings cumulative       : terminated=9251, truncated=350

[Episode 9700/12000 | last 100]
success rate                : 0.0% (cumulative 0.0%)
failure rate                : 0.0% (cumulative 0.0%)
completed cycles / episode  : 0.000
synthetic task reward       : 0.000
shaping reward              : 0.000
learning reward             : 0.000
episode length              : 121.3
abstract changes / episode  : 26.6
same abstract-state steps   : 78.1%
same-state shaping / episode: 0.000
changed-state shaping / ep. : 0.000
terminal shaping / episode  : 0.000
DFA transitions / episode   : 0.02
DFA transitions in window   : 1->2: 2
epsilon (next episode)       : 0.14368
replay buffer                : 300000 samples [1: 99.5%, 2: 0.4%, 3: 0.0%, 4: 0.0%, 5: 0.0%]
DFA state visits in window   : 1: 12061, 2: 173, 3: 0, 4: 0, 5: 0
DFA state visits cumulative  : 1: 2051847, 2: 24765, 3: 602, 4: 0, 5: 0
DFA state entries in window  : 1: 100, 2: 2, 3: 0, 4: 0, 5: 0
DFA state entries cumulative : 1: 9700, 2: 335, 3: 11, 4: 0, 5: 0
transitions cumulative       : 1->2: 335, 2->3: 11
accepted directly from s0    : 0
Gym endings cumulative       : terminated=9351, truncated=350

[Episode 9800/12000 | last 100]
success rate                : 0.0% (cumulative 0.0%)
failure rate                : 0.0% (cumulative 0.0%)
completed cycles / episode  : 0.000
synthetic task reward       : 0.000
shaping reward              : 0.000
learning reward             : 0.000
episode length              : 121.3
abstract changes / episode  : 26.4
same abstract-state steps   : 78.2%
same-state shaping / episode: 0.000
changed-state shaping / ep. : 0.000
terminal shaping / episode  : 0.000
DFA transitions / episode   : 0.00
DFA transitions in window   : none
epsilon (next episode)       : 0.14083
replay buffer                : 300000 samples [1: 99.5%, 2: 0.4%, 3: 0.0%, 4: 0.0%, 5: 0.0%]
DFA state visits in window   : 1: 12229, 2: 0, 3: 0, 4: 0, 5: 0
DFA state visits cumulative  : 1: 2064076, 2: 24765, 3: 602, 4: 0, 5: 0
DFA state entries in window  : 1: 100, 2: 0, 3: 0, 4: 0, 5: 0
DFA state entries cumulative : 1: 9800, 2: 335, 3: 11, 4: 0, 5: 0
transitions cumulative       : 1->2: 335, 2->3: 11
accepted directly from s0    : 0
Gym endings cumulative       : terminated=9450, truncated=351

[Episode 9900/12000 | last 100]
success rate                : 0.0% (cumulative 0.0%)
failure rate                : 0.0% (cumulative 0.0%)
completed cycles / episode  : 0.000
synthetic task reward       : 0.000
shaping reward              : 0.000
learning reward             : 0.000
episode length              : 118.5
abstract changes / episode  : 25.9
same abstract-state steps   : 78.1%
same-state shaping / episode: 0.000
changed-state shaping / ep. : 0.000
terminal shaping / episode  : 0.000
DFA transitions / episode   : 0.06
DFA transitions in window   : 1->2: 6
epsilon (next episode)       : 0.13804
replay buffer                : 300000 samples [1: 99.5%, 2: 0.5%, 3: 0.0%, 4: 0.0%, 5: 0.0%]
DFA state visits in window   : 1: 11809, 2: 138, 3: 0, 4: 0, 5: 0
DFA state visits cumulative  : 1: 2075885, 2: 24903, 3: 602, 4: 0, 5: 0
DFA state entries in window  : 1: 100, 2: 6, 3: 0, 4: 0, 5: 0
DFA state entries cumulative : 1: 9900, 2: 341, 3: 11, 4: 0, 5: 0
transitions cumulative       : 1->2: 341, 2->3: 11
accepted directly from s0    : 0
Gym endings cumulative       : terminated=9550, truncated=351

[Episode 10000/12000 | last 100]
success rate                : 0.0% (cumulative 0.0%)
failure rate                : 0.0% (cumulative 0.0%)
completed cycles / episode  : 0.000
synthetic task reward       : 0.000
shaping reward              : 0.000
learning reward             : 0.000
episode length              : 94.0
abstract changes / episode  : 26.2
same abstract-state steps   : 72.1%
same-state shaping / episode: 0.000
changed-state shaping / ep. : 0.000
terminal shaping / episode  : 0.000
DFA transitions / episode   : 0.01
DFA transitions in window   : 1->2: 1
epsilon (next episode)       : 0.13531
replay buffer                : 300000 samples [1: 99.5%, 2: 0.5%, 3: 0.0%, 4: 0.0%, 5: 0.0%]
DFA state visits in window   : 1: 9474, 2: 26, 3: 0, 4: 0, 5: 0
DFA state visits cumulative  : 1: 2085359, 2: 24929, 3: 602, 4: 0, 5: 0
DFA state entries in window  : 1: 100, 2: 1, 3: 0, 4: 0, 5: 0
DFA state entries cumulative : 1: 10000, 2: 342, 3: 11, 4: 0, 5: 0
transitions cumulative       : 1->2: 342, 2->3: 11
accepted directly from s0    : 0
Gym endings cumulative       : terminated=9650, truncated=351

Starting autonomous greedy evaluation at episode 10000 (1000 fixed-seed episodes)...
[Greedy evaluation at episode 10000 | 1000 fixed-seed episodes]
success=0.0%, failure=0.0%, task reward=0.000, length=70.9
DFA transitions: none

[Episode 10100/12000 | last 100]
success rate                : 0.0% (cumulative 0.0%)
failure rate                : 0.0% (cumulative 0.0%)
completed cycles / episode  : 0.000
synthetic task reward       : 0.000
shaping reward              : 0.000
learning reward             : 0.000
episode length              : 92.8
abstract changes / episode  : 25.5
same abstract-state steps   : 72.5%
same-state shaping / episode: 0.000
changed-state shaping / ep. : 0.000
terminal shaping / episode  : 0.000
DFA transitions / episode   : 0.02
DFA transitions in window   : 1->2: 2
epsilon (next episode)       : 0.13263
replay buffer                : 300000 samples [1: 99.5%, 2: 0.5%, 3: 0.0%, 4: 0.0%, 5: 0.0%]
DFA state visits in window   : 1: 9326, 2: 49, 3: 0, 4: 0, 5: 0
DFA state visits cumulative  : 1: 2094685, 2: 24978, 3: 602, 4: 0, 5: 0
DFA state entries in window  : 1: 100, 2: 2, 3: 0, 4: 0, 5: 0
DFA state entries cumulative : 1: 10100, 2: 344, 3: 11, 4: 0, 5: 0
transitions cumulative       : 1->2: 344, 2->3: 11
accepted directly from s0    : 0
Gym endings cumulative       : terminated=9750, truncated=351

[Episode 10200/12000 | last 100]
success rate                : 0.0% (cumulative 0.0%)
failure rate                : 0.0% (cumulative 0.0%)
completed cycles / episode  : 0.000
synthetic task reward       : 0.000
shaping reward              : 0.000
learning reward             : 0.000
episode length              : 94.7
abstract changes / episode  : 25.7
same abstract-state steps   : 72.9%
same-state shaping / episode: 0.000
changed-state shaping / ep. : 0.000
terminal shaping / episode  : 0.000
DFA transitions / episode   : 0.02
DFA transitions in window   : 1->2: 2
epsilon (next episode)       : 0.13000
replay buffer                : 300000 samples [1: 99.5%, 2: 0.4%, 3: 0.0%, 4: 0.0%, 5: 0.0%]
DFA state visits in window   : 1: 9517, 2: 49, 3: 0, 4: 0, 5: 0
DFA state visits cumulative  : 1: 2104202, 2: 25027, 3: 602, 4: 0, 5: 0
DFA state entries in window  : 1: 100, 2: 2, 3: 0, 4: 0, 5: 0
DFA state entries cumulative : 1: 10200, 2: 346, 3: 11, 4: 0, 5: 0
transitions cumulative       : 1->2: 346, 2->3: 11
accepted directly from s0    : 0
Gym endings cumulative       : terminated=9850, truncated=351

[Episode 10300/12000 | last 100]
success rate                : 0.0% (cumulative 0.0%)
failure rate                : 0.0% (cumulative 0.0%)
completed cycles / episode  : 0.000
synthetic task reward       : 0.000
shaping reward              : 0.000
learning reward             : 0.000
episode length              : 90.5
abstract changes / episode  : 25.9
same abstract-state steps   : 71.4%
same-state shaping / episode: 0.000
changed-state shaping / ep. : 0.000
terminal shaping / episode  : 0.000
DFA transitions / episode   : 0.00
DFA transitions in window   : none
epsilon (next episode)       : 0.12743
replay buffer                : 300000 samples [1: 99.6%, 2: 0.3%, 3: 0.0%, 4: 0.0%, 5: 0.0%]
DFA state visits in window   : 1: 9151, 2: 0, 3: 0, 4: 0, 5: 0
DFA state visits cumulative  : 1: 2113353, 2: 25027, 3: 602, 4: 0, 5: 0
DFA state entries in window  : 1: 100, 2: 0, 3: 0, 4: 0, 5: 0
DFA state entries cumulative : 1: 10300, 2: 346, 3: 11, 4: 0, 5: 0
transitions cumulative       : 1->2: 346, 2->3: 11
accepted directly from s0    : 0
Gym endings cumulative       : terminated=9950, truncated=351

[Episode 10400/12000 | last 100]
success rate                : 0.0% (cumulative 0.0%)
failure rate                : 0.0% (cumulative 0.0%)
completed cycles / episode  : 0.000
synthetic task reward       : 0.000
shaping reward              : 0.000
learning reward             : 0.000
episode length              : 85.2
abstract changes / episode  : 25.2
same abstract-state steps   : 70.4%
same-state shaping / episode: 0.000
changed-state shaping / ep. : 0.000
terminal shaping / episode  : 0.000
DFA transitions / episode   : 0.00
DFA transitions in window   : none
epsilon (next episode)       : 0.12490
replay buffer                : 300000 samples [1: 99.7%, 2: 0.3%, 3: 0.0%, 4: 0.0%, 5: 0.0%]
DFA state visits in window   : 1: 8622, 2: 0, 3: 0, 4: 0, 5: 0
DFA state visits cumulative  : 1: 2121975, 2: 25027, 3: 602, 4: 0, 5: 0
DFA state entries in window  : 1: 100, 2: 0, 3: 0, 4: 0, 5: 0
DFA state entries cumulative : 1: 10400, 2: 346, 3: 11, 4: 0, 5: 0
transitions cumulative       : 1->2: 346, 2->3: 11
accepted directly from s0    : 0
Gym endings cumulative       : terminated=10050, truncated=351

[Episode 10500/12000 | last 100]
success rate                : 0.0% (cumulative 0.0%)
failure rate                : 0.0% (cumulative 0.0%)
completed cycles / episode  : 0.000
synthetic task reward       : 0.000
shaping reward              : 0.000
learning reward             : 0.000
episode length              : 85.3
abstract changes / episode  : 25.2
same abstract-state steps   : 70.5%
same-state shaping / episode: 0.000
changed-state shaping / ep. : 0.000
terminal shaping / episode  : 0.000
DFA transitions / episode   : 0.01
DFA transitions in window   : 1->2: 1
epsilon (next episode)       : 0.12243
replay buffer                : 300000 samples [1: 99.7%, 2: 0.3%, 3: 0.0%, 4: 0.0%, 5: 0.0%]
DFA state visits in window   : 1: 8603, 2: 30, 3: 0, 4: 0, 5: 0
DFA state visits cumulative  : 1: 2130578, 2: 25057, 3: 602, 4: 0, 5: 0
DFA state entries in window  : 1: 100, 2: 1, 3: 0, 4: 0, 5: 0
DFA state entries cumulative : 1: 10500, 2: 347, 3: 11, 4: 0, 5: 0
transitions cumulative       : 1->2: 347, 2->3: 11
accepted directly from s0    : 0
Gym endings cumulative       : terminated=10150, truncated=351

Starting autonomous greedy evaluation at episode 10500 (1000 fixed-seed episodes)...
[Greedy evaluation at episode 10500 | 1000 fixed-seed episodes]
success=0.0%, failure=0.0%, task reward=0.000, length=70.7
DFA transitions: none

[Episode 10600/12000 | last 100]
success rate                : 0.0% (cumulative 0.0%)
failure rate                : 0.0% (cumulative 0.0%)
completed cycles / episode  : 0.000
synthetic task reward       : 0.000
shaping reward              : 0.000
learning reward             : 0.000
episode length              : 86.2
abstract changes / episode  : 25.5
same abstract-state steps   : 70.4%
same-state shaping / episode: 0.000
changed-state shaping / ep. : 0.000
terminal shaping / episode  : 0.000
DFA transitions / episode   : 0.01
DFA transitions in window   : 1->2: 1
epsilon (next episode)       : 0.12001
replay buffer                : 300000 samples [1: 99.6%, 2: 0.3%, 3: 0.0%, 4: 0.0%, 5: 0.0%]
DFA state visits in window   : 1: 8701, 2: 23, 3: 0, 4: 0, 5: 0
DFA state visits cumulative  : 1: 2139279, 2: 25080, 3: 602, 4: 0, 5: 0
DFA state entries in window  : 1: 100, 2: 1, 3: 0, 4: 0, 5: 0
DFA state entries cumulative : 1: 10600, 2: 348, 3: 11, 4: 0, 5: 0
transitions cumulative       : 1->2: 348, 2->3: 11
accepted directly from s0    : 0
Gym endings cumulative       : terminated=10250, truncated=351

[Episode 10700/12000 | last 100]
success rate                : 0.0% (cumulative 0.0%)
failure rate                : 0.0% (cumulative 0.0%)
completed cycles / episode  : 0.000
synthetic task reward       : 0.000
shaping reward              : 0.000
learning reward             : 0.000
episode length              : 88.4
abstract changes / episode  : 25.8
same abstract-state steps   : 70.8%
same-state shaping / episode: 0.000
changed-state shaping / ep. : 0.000
terminal shaping / episode  : 0.000
DFA transitions / episode   : 0.01
DFA transitions in window   : 1->2: 1
epsilon (next episode)       : 0.11763
replay buffer                : 300000 samples [1: 99.6%, 2: 0.3%, 3: 0.0%, 4: 0.0%, 5: 0.0%]
DFA state visits in window   : 1: 8922, 2: 16, 3: 0, 4: 0, 5: 0
DFA state visits cumulative  : 1: 2148201, 2: 25096, 3: 602, 4: 0, 5: 0
DFA state entries in window  : 1: 100, 2: 1, 3: 0, 4: 0, 5: 0
DFA state entries cumulative : 1: 10700, 2: 349, 3: 11, 4: 0, 5: 0
transitions cumulative       : 1->2: 349, 2->3: 11
accepted directly from s0    : 0
Gym endings cumulative       : terminated=10350, truncated=351

[Episode 10800/12000 | last 100]
success rate                : 0.0% (cumulative 0.0%)
failure rate                : 0.0% (cumulative 0.0%)
completed cycles / episode  : 0.000
synthetic task reward       : 0.000
shaping reward              : 0.000
learning reward             : 0.000
episode length              : 86.7
abstract changes / episode  : 25.4
same abstract-state steps   : 70.7%
same-state shaping / episode: 0.000
changed-state shaping / ep. : 0.000
terminal shaping / episode  : 0.000
DFA transitions / episode   : 0.02
DFA transitions in window   : 1->2: 2
epsilon (next episode)       : 0.11530
replay buffer                : 300000 samples [1: 99.6%, 2: 0.3%, 3: 0.0%, 4: 0.0%, 5: 0.0%]
DFA state visits in window   : 1: 8726, 2: 48, 3: 0, 4: 0, 5: 0
DFA state visits cumulative  : 1: 2156927, 2: 25144, 3: 602, 4: 0, 5: 0
DFA state entries in window  : 1: 100, 2: 2, 3: 0, 4: 0, 5: 0
DFA state entries cumulative : 1: 10800, 2: 351, 3: 11, 4: 0, 5: 0
transitions cumulative       : 1->2: 351, 2->3: 11
accepted directly from s0    : 0
Gym endings cumulative       : terminated=10450, truncated=351

[Episode 10900/12000 | last 100]
success rate                : 0.0% (cumulative 0.0%)
failure rate                : 0.0% (cumulative 0.0%)
completed cycles / episode  : 0.000
synthetic task reward       : 0.000
shaping reward              : 0.000
learning reward             : 0.000
episode length              : 85.7
abstract changes / episode  : 25.6
same abstract-state steps   : 70.1%
same-state shaping / episode: 0.000
changed-state shaping / ep. : 0.000
terminal shaping / episode  : 0.000
DFA transitions / episode   : 0.02
DFA transitions in window   : 1->2: 2
epsilon (next episode)       : 0.11302
replay buffer                : 300000 samples [1: 99.7%, 2: 0.3%, 3: 0.0%, 4: 0.0%, 5: 0.0%]
DFA state visits in window   : 1: 8601, 2: 66, 3: 0, 4: 0, 5: 0
DFA state visits cumulative  : 1: 2165528, 2: 25210, 3: 602, 4: 0, 5: 0
DFA state entries in window  : 1: 100, 2: 2, 3: 0, 4: 0, 5: 0
DFA state entries cumulative : 1: 10900, 2: 353, 3: 11, 4: 0, 5: 0
transitions cumulative       : 1->2: 353, 2->3: 11
accepted directly from s0    : 0
Gym endings cumulative       : terminated=10550, truncated=351

[Episode 11000/12000 | last 100]
success rate                : 0.0% (cumulative 0.0%)
failure rate                : 0.0% (cumulative 0.0%)
completed cycles / episode  : 0.000
synthetic task reward       : 0.000
shaping reward              : 0.000
learning reward             : 0.000
episode length              : 86.4
abstract changes / episode  : 25.5
same abstract-state steps   : 70.5%
same-state shaping / episode: 0.000
changed-state shaping / ep. : 0.000
terminal shaping / episode  : 0.000
DFA transitions / episode   : 0.00
DFA transitions in window   : none
epsilon (next episode)       : 0.11078
replay buffer                : 300000 samples [1: 99.7%, 2: 0.3%, 3: 0.0%, 4: 0.0%, 5: 0.0%]
DFA state visits in window   : 1: 8739, 2: 0, 3: 0, 4: 0, 5: 0
DFA state visits cumulative  : 1: 2174267, 2: 25210, 3: 602, 4: 0, 5: 0
DFA state entries in window  : 1: 100, 2: 0, 3: 0, 4: 0, 5: 0
DFA state entries cumulative : 1: 11000, 2: 353, 3: 11, 4: 0, 5: 0
transitions cumulative       : 1->2: 353, 2->3: 11
accepted directly from s0    : 0
Gym endings cumulative       : terminated=10650, truncated=351

Starting autonomous greedy evaluation at episode 11000 (1000 fixed-seed episodes)...
[Greedy evaluation at episode 11000 | 1000 fixed-seed episodes]
success=0.0%, failure=0.0%, task reward=0.000, length=67.4
DFA transitions: none

[Episode 11100/12000 | last 100]
success rate                : 0.0% (cumulative 0.0%)
failure rate                : 0.0% (cumulative 0.0%)
completed cycles / episode  : 0.000
synthetic task reward       : 0.000
shaping reward              : 0.000
learning reward             : 0.000
episode length              : 86.0
abstract changes / episode  : 25.4
same abstract-state steps   : 70.4%
same-state shaping / episode: 0.000
changed-state shaping / ep. : 0.000
terminal shaping / episode  : 0.000
DFA transitions / episode   : 0.01
DFA transitions in window   : 1->2: 1
epsilon (next episode)       : 0.10858
replay buffer                : 300000 samples [1: 99.7%, 2: 0.3%, 3: 0.0%, 4: 0.0%, 5: 0.0%]
DFA state visits in window   : 1: 8676, 2: 25, 3: 0, 4: 0, 5: 0
DFA state visits cumulative  : 1: 2182943, 2: 25235, 3: 602, 4: 0, 5: 0
DFA state entries in window  : 1: 100, 2: 1, 3: 0, 4: 0, 5: 0
DFA state entries cumulative : 1: 11100, 2: 354, 3: 11, 4: 0, 5: 0
transitions cumulative       : 1->2: 354, 2->3: 11
accepted directly from s0    : 0
Gym endings cumulative       : terminated=10750, truncated=351

[Episode 11200/12000 | last 100]
success rate                : 0.0% (cumulative 0.0%)
failure rate                : 0.0% (cumulative 0.0%)
completed cycles / episode  : 0.000
synthetic task reward       : 0.000
shaping reward              : 0.000
learning reward             : 0.000
episode length              : 86.0
abstract changes / episode  : 25.7
same abstract-state steps   : 70.2%
same-state shaping / episode: 0.000
changed-state shaping / ep. : 0.000
terminal shaping / episode  : 0.000
DFA transitions / episode   : 0.01
DFA transitions in window   : 1->2: 1
epsilon (next episode)       : 0.10643
replay buffer                : 300000 samples [1: 99.7%, 2: 0.3%, 3: 0.0%, 4: 0.0%, 5: 0.0%]
DFA state visits in window   : 1: 8683, 2: 17, 3: 0, 4: 0, 5: 0
DFA state visits cumulative  : 1: 2191626, 2: 25252, 3: 602, 4: 0, 5: 0
DFA state entries in window  : 1: 100, 2: 1, 3: 0, 4: 0, 5: 0
DFA state entries cumulative : 1: 11200, 2: 355, 3: 11, 4: 0, 5: 0
transitions cumulative       : 1->2: 355, 2->3: 11
accepted directly from s0    : 0
Gym endings cumulative       : terminated=10850, truncated=351

[Episode 11300/12000 | last 100]
success rate                : 0.0% (cumulative 0.0%)
failure rate                : 0.0% (cumulative 0.0%)
completed cycles / episode  : 0.000
synthetic task reward       : 0.000
shaping reward              : 0.000
learning reward             : 0.000
episode length              : 90.0
abstract changes / episode  : 25.4
same abstract-state steps   : 71.7%
same-state shaping / episode: 0.000
changed-state shaping / ep. : 0.000
terminal shaping / episode  : 0.000
DFA transitions / episode   : 0.02
DFA transitions in window   : 1->2: 2
epsilon (next episode)       : 0.10433
replay buffer                : 300000 samples [1: 99.7%, 2: 0.3%, 3: 0.0%, 4: 0.0%, 5: 0.0%]
DFA state visits in window   : 1: 9039, 2: 62, 3: 0, 4: 0, 5: 0
DFA state visits cumulative  : 1: 2200665, 2: 25314, 3: 602, 4: 0, 5: 0
DFA state entries in window  : 1: 100, 2: 2, 3: 0, 4: 0, 5: 0
DFA state entries cumulative : 1: 11300, 2: 357, 3: 11, 4: 0, 5: 0
transitions cumulative       : 1->2: 357, 2->3: 11
accepted directly from s0    : 0
Gym endings cumulative       : terminated=10950, truncated=351

[Episode 11400/12000 | last 100]
success rate                : 0.0% (cumulative 0.0%)
failure rate                : 0.0% (cumulative 0.0%)
completed cycles / episode  : 0.000
synthetic task reward       : 0.000
shaping reward              : 0.000
learning reward             : 0.000
episode length              : 101.5
abstract changes / episode  : 25.9
same abstract-state steps   : 74.5%
same-state shaping / episode: 0.000
changed-state shaping / ep. : 0.000
terminal shaping / episode  : 0.000
DFA transitions / episode   : 0.00
DFA transitions in window   : none
epsilon (next episode)       : 0.10226
replay buffer                : 300000 samples [1: 99.7%, 2: 0.3%, 3: 0.0%, 4: 0.0%, 5: 0.0%]
DFA state visits in window   : 1: 10251, 2: 0, 3: 0, 4: 0, 5: 0
DFA state visits cumulative  : 1: 2210916, 2: 25314, 3: 602, 4: 0, 5: 0
DFA state entries in window  : 1: 100, 2: 0, 3: 0, 4: 0, 5: 0
DFA state entries cumulative : 1: 11400, 2: 357, 3: 11, 4: 0, 5: 0
transitions cumulative       : 1->2: 357, 2->3: 11
accepted directly from s0    : 0
Gym endings cumulative       : terminated=11049, truncated=352

[Episode 11500/12000 | last 100]
success rate                : 0.0% (cumulative 0.0%)
failure rate                : 0.0% (cumulative 0.0%)
completed cycles / episode  : 0.000
synthetic task reward       : 0.000
shaping reward              : 0.000
learning reward             : 0.000
episode length              : 90.3
abstract changes / episode  : 25.6
same abstract-state steps   : 71.6%
same-state shaping / episode: 0.000
changed-state shaping / ep. : 0.000
terminal shaping / episode  : 0.000
DFA transitions / episode   : 0.02
DFA transitions in window   : 1->2: 2
epsilon (next episode)       : 0.10024
replay buffer                : 300000 samples [1: 99.7%, 2: 0.3%, 3: 0.0%, 4: 0.0%, 5: 0.0%]
DFA state visits in window   : 1: 9086, 2: 46, 3: 0, 4: 0, 5: 0
DFA state visits cumulative  : 1: 2220002, 2: 25360, 3: 602, 4: 0, 5: 0
DFA state entries in window  : 1: 100, 2: 2, 3: 0, 4: 0, 5: 0
DFA state entries cumulative : 1: 11500, 2: 359, 3: 11, 4: 0, 5: 0
transitions cumulative       : 1->2: 359, 2->3: 11
accepted directly from s0    : 0
Gym endings cumulative       : terminated=11149, truncated=352

Starting autonomous greedy evaluation at episode 11500 (1000 fixed-seed episodes)...
[Greedy evaluation at episode 11500 | 1000 fixed-seed episodes]
success=0.0%, failure=0.0%, task reward=0.000, length=70.6
DFA transitions: none

[Episode 11600/12000 | last 100]
success rate                : 0.0% (cumulative 0.0%)
failure rate                : 0.0% (cumulative 0.0%)
completed cycles / episode  : 0.000
synthetic task reward       : 0.000
shaping reward              : 0.000
learning reward             : 0.000
episode length              : 90.6
abstract changes / episode  : 25.6
same abstract-state steps   : 71.8%
same-state shaping / episode: 0.000
changed-state shaping / ep. : 0.000
terminal shaping / episode  : 0.000
DFA transitions / episode   : 0.00
DFA transitions in window   : none
epsilon (next episode)       : 0.09825
replay buffer                : 300000 samples [1: 99.7%, 2: 0.3%, 3: 0.0%, 4: 0.0%, 5: 0.0%]
DFA state visits in window   : 1: 9162, 2: 0, 3: 0, 4: 0, 5: 0
DFA state visits cumulative  : 1: 2229164, 2: 25360, 3: 602, 4: 0, 5: 0
DFA state entries in window  : 1: 100, 2: 0, 3: 0, 4: 0, 5: 0
DFA state entries cumulative : 1: 11600, 2: 359, 3: 11, 4: 0, 5: 0
transitions cumulative       : 1->2: 359, 2->3: 11
accepted directly from s0    : 0
Gym endings cumulative       : terminated=11249, truncated=352

[Episode 11700/12000 | last 100]
success rate                : 0.0% (cumulative 0.0%)
failure rate                : 0.0% (cumulative 0.0%)
completed cycles / episode  : 0.000
synthetic task reward       : 0.000
shaping reward              : 0.000
learning reward             : 0.000
episode length              : 90.3
abstract changes / episode  : 24.9
same abstract-state steps   : 72.4%
same-state shaping / episode: 0.000
changed-state shaping / ep. : 0.000
terminal shaping / episode  : 0.000
DFA transitions / episode   : 0.00
DFA transitions in window   : none
epsilon (next episode)       : 0.09631
replay buffer                : 300000 samples [1: 99.7%, 2: 0.3%, 3: 0.0%, 4: 0.0%, 5: 0.0%]
DFA state visits in window   : 1: 9131, 2: 0, 3: 0, 4: 0, 5: 0
DFA state visits cumulative  : 1: 2238295, 2: 25360, 3: 602, 4: 0, 5: 0
DFA state entries in window  : 1: 100, 2: 0, 3: 0, 4: 0, 5: 0
DFA state entries cumulative : 1: 11700, 2: 359, 3: 11, 4: 0, 5: 0
transitions cumulative       : 1->2: 359, 2->3: 11
accepted directly from s0    : 0
Gym endings cumulative       : terminated=11349, truncated=352

[Episode 11800/12000 | last 100]
success rate                : 0.0% (cumulative 0.0%)
failure rate                : 0.0% (cumulative 0.0%)
completed cycles / episode  : 0.000
synthetic task reward       : 0.000
shaping reward              : 0.000
learning reward             : 0.000
episode length              : 91.2
abstract changes / episode  : 26.1
same abstract-state steps   : 71.4%
same-state shaping / episode: 0.000
changed-state shaping / ep. : 0.000
terminal shaping / episode  : 0.000
DFA transitions / episode   : 0.02
DFA transitions in window   : 1->2: 2
epsilon (next episode)       : 0.09440
replay buffer                : 300000 samples [1: 99.6%, 2: 0.4%, 3: 0.0%, 4: 0.0%, 5: 0.0%]
DFA state visits in window   : 1: 9175, 2: 47, 3: 0, 4: 0, 5: 0
DFA state visits cumulative  : 1: 2247470, 2: 25407, 3: 602, 4: 0, 5: 0
DFA state entries in window  : 1: 100, 2: 2, 3: 0, 4: 0, 5: 0
DFA state entries cumulative : 1: 11800, 2: 361, 3: 11, 4: 0, 5: 0
transitions cumulative       : 1->2: 361, 2->3: 11
accepted directly from s0    : 0
Gym endings cumulative       : terminated=11449, truncated=352

[Episode 11900/12000 | last 100]
success rate                : 0.0% (cumulative 0.0%)
failure rate                : 0.0% (cumulative 0.0%)
completed cycles / episode  : 0.000
synthetic task reward       : 0.000
shaping reward              : 0.000
learning reward             : 0.000
episode length              : 86.3
abstract changes / episode  : 25.8
same abstract-state steps   : 70.1%
same-state shaping / episode: 0.000
changed-state shaping / ep. : 0.000
terminal shaping / episode  : 0.000
DFA transitions / episode   : 0.00
DFA transitions in window   : none
epsilon (next episode)       : 0.09253
replay buffer                : 300000 samples [1: 99.6%, 2: 0.4%, 3: 0.0%, 4: 0.0%, 5: 0.0%]
DFA state visits in window   : 1: 8734, 2: 0, 3: 0, 4: 0, 5: 0
DFA state visits cumulative  : 1: 2256204, 2: 25407, 3: 602, 4: 0, 5: 0
DFA state entries in window  : 1: 100, 2: 0, 3: 0, 4: 0, 5: 0
DFA state entries cumulative : 1: 11900, 2: 361, 3: 11, 4: 0, 5: 0
transitions cumulative       : 1->2: 361, 2->3: 11
accepted directly from s0    : 0
Gym endings cumulative       : terminated=11549, truncated=352

[Episode 12000/12000 | last 100]
success rate                : 0.0% (cumulative 0.0%)
failure rate                : 0.0% (cumulative 0.0%)
completed cycles / episode  : 0.000
synthetic task reward       : 0.000
shaping reward              : 0.000
learning reward             : 0.000
episode length              : 107.2
abstract changes / episode  : 25.4
same abstract-state steps   : 76.3%
same-state shaping / episode: 0.000
changed-state shaping / ep. : 0.000
terminal shaping / episode  : 0.000
DFA transitions / episode   : 0.00
DFA transitions in window   : none
epsilon (next episode)       : 0.09070
replay buffer                : 300000 samples [1: 99.6%, 2: 0.4%, 3: 0.0%, 4: 0.0%, 5: 0.0%]
DFA state visits in window   : 1: 10815, 2: 0, 3: 0, 4: 0, 5: 0
DFA state visits cumulative  : 1: 2267019, 2: 25407, 3: 602, 4: 0, 5: 0
DFA state entries in window  : 1: 100, 2: 0, 3: 0, 4: 0, 5: 0
DFA state entries cumulative : 1: 12000, 2: 361, 3: 11, 4: 0, 5: 0
transitions cumulative       : 1->2: 361, 2->3: 11
accepted directly from s0    : 0
Gym endings cumulative       : terminated=11647, truncated=354

Starting autonomous greedy evaluation at episode 12000 (1000 fixed-seed episodes)...
[Greedy evaluation at episode 12000 | 1000 fixed-seed episodes]
success=0.0%, failure=0.0%, task reward=0.000, length=126.4
DFA transitions: none
Last policy saved after episode 12000. Best greedy evaluation: episode 7500, mean task reward=0.000
