
=== NEW RUN ===
episodes=12000, shaping=True, goal_reward=10000.0, gamma=0.99
gamma_shaping=1.0, shaping_formula=gamma_shaping*Phi(next)-Phi(state)
ground_unbiased_learner=False
eval_interval=500, eval_episodes=1000, eval_seed=100000
inter_level_shaping=False, inter_level_formula=gamma*Phi(next)-Phi(state)
task_type=ltlf, task=F(wp1 & X(F(wp2 & X(F(wp3 & X(F(wp4 & X(F(g1)))))))))
regions={wp1: {'center': [-0.75, 1.0625], 'radius': 0.1}, wp2: {'center': [-0.416667, 0.8125], 'radius': 0.1}, wp3: {'center': [0, 1.0625], 'radius': 0.1}, wp4: {'center': [0.4, 0.8125], 'radius': 0.1}, g1: {'center': [0.75, 1.0625], 'radius': 0.1}}
dfa_states=[1, 2, 3, 4, 5, 6], pre_trace=1, accepting=[6], failure=[]

[Episode 1/12000 | last 1]
success rate                : 0.0% (cumulative 0.0%)
failure rate                : 0.0% (cumulative 0.0%)
completed cycles / episode  : 0.000
synthetic task reward       : 0.000
shaping reward              : -781.553
learning reward             : -781.553
episode length              : 103.0
abstract changes / episode  : 86.0
same abstract-state steps   : 16.5%
same-state shaping / episode: 0.000
changed-state shaping / ep. : -781.553
terminal shaping / episode  : -9.331
DFA transitions / episode   : 0.00
DFA transitions in window   : none
epsilon (next episode)       : 0.99980
replay buffer                : 103 samples [1: 100.0%, 2: 0.0%, 3: 0.0%, 4: 0.0%, 5: 0.0%, 6: 0.0%]
DFA state visits in window   : 1: 104, 2: 0, 3: 0, 4: 0, 5: 0, 6: 0
DFA state visits cumulative  : 1: 104, 2: 0, 3: 0, 4: 0, 5: 0, 6: 0
DFA state entries in window  : 1: 1, 2: 0, 3: 0, 4: 0, 5: 0, 6: 0
DFA state entries cumulative : 1: 1, 2: 0, 3: 0, 4: 0, 5: 0, 6: 0
transitions cumulative       : none
accepted directly from s0    : 0
Gym endings cumulative       : terminated=1, truncated=0

[Episode 100/12000 | last 100]
success rate                : 0.0% (cumulative 0.0%)
failure rate                : 0.0% (cumulative 0.0%)
completed cycles / episode  : 0.000
synthetic task reward       : 0.000
shaping reward              : -730.529
learning reward             : -730.529
episode length              : 91.2
abstract changes / episode  : 80.5
same abstract-state steps   : 11.8%
same-state shaping / episode: 0.000
changed-state shaping / ep. : -730.529
terminal shaping / episode  : -6.247
DFA transitions / episode   : 0.02
DFA transitions in window   : 1->2: 2
epsilon (next episode)       : 0.98020
replay buffer                : 9120 samples [1: 99.5%, 2: 0.5%, 3: 0.0%, 4: 0.0%, 5: 0.0%, 6: 0.0%]
DFA state visits in window   : 1: 9173, 2: 47, 3: 0, 4: 0, 5: 0, 6: 0
DFA state visits cumulative  : 1: 9173, 2: 47, 3: 0, 4: 0, 5: 0, 6: 0
DFA state entries in window  : 1: 100, 2: 2, 3: 0, 4: 0, 5: 0, 6: 0
DFA state entries cumulative : 1: 100, 2: 2, 3: 0, 4: 0, 5: 0, 6: 0
transitions cumulative       : 1->2: 2
accepted directly from s0    : 0
Gym endings cumulative       : terminated=100, truncated=0

[Episode 200/12000 | last 100]
success rate                : 0.0% (cumulative 0.0%)
failure rate                : 0.0% (cumulative 0.0%)
completed cycles / episode  : 0.000
synthetic task reward       : 0.000
shaping reward              : -717.699
learning reward             : -717.699
episode length              : 93.9
abstract changes / episode  : 82.6
same abstract-state steps   : 12.1%
same-state shaping / episode: 0.000
changed-state shaping / ep. : -717.699
terminal shaping / episode  : -6.816
DFA transitions / episode   : 0.04
DFA transitions in window   : 1->2: 4
epsilon (next episode)       : 0.96079
replay buffer                : 18510 samples [1: 99.3%, 2: 0.7%, 3: 0.0%, 4: 0.0%, 5: 0.0%, 6: 0.0%]
DFA state visits in window   : 1: 9400, 2: 90, 3: 0, 4: 0, 5: 0, 6: 0
DFA state visits cumulative  : 1: 18573, 2: 137, 3: 0, 4: 0, 5: 0, 6: 0
DFA state entries in window  : 1: 100, 2: 4, 3: 0, 4: 0, 5: 0, 6: 0
DFA state entries cumulative : 1: 200, 2: 6, 3: 0, 4: 0, 5: 0, 6: 0
transitions cumulative       : 1->2: 6
accepted directly from s0    : 0
Gym endings cumulative       : terminated=200, truncated=0

[Episode 300/12000 | last 100]
success rate                : 0.0% (cumulative 0.0%)
failure rate                : 0.0% (cumulative 0.0%)
completed cycles / episode  : 0.000
synthetic task reward       : 0.000
shaping reward              : -747.004
learning reward             : -747.004
episode length              : 88.1
abstract changes / episode  : 79.8
same abstract-state steps   : 9.4%
same-state shaping / episode: 0.000
changed-state shaping / ep. : -747.004
terminal shaping / episode  : -4.976
DFA transitions / episode   : 0.02
DFA transitions in window   : 1->2: 2
epsilon (next episode)       : 0.94176
replay buffer                : 27317 samples [1: 99.4%, 2: 0.6%, 3: 0.0%, 4: 0.0%, 5: 0.0%, 6: 0.0%]
DFA state visits in window   : 1: 8864, 2: 43, 3: 0, 4: 0, 5: 0, 6: 0
DFA state visits cumulative  : 1: 27437, 2: 180, 3: 0, 4: 0, 5: 0, 6: 0
DFA state entries in window  : 1: 100, 2: 2, 3: 0, 4: 0, 5: 0, 6: 0
DFA state entries cumulative : 1: 300, 2: 8, 3: 0, 4: 0, 5: 0, 6: 0
transitions cumulative       : 1->2: 8
accepted directly from s0    : 0
Gym endings cumulative       : terminated=300, truncated=0

[Episode 400/12000 | last 100]
success rate                : 0.0% (cumulative 0.0%)
failure rate                : 0.0% (cumulative 0.0%)
completed cycles / episode  : 0.000
synthetic task reward       : 0.000
shaping reward              : -754.107
learning reward             : -754.107
episode length              : 94.5
abstract changes / episode  : 84.6
same abstract-state steps   : 10.5%
same-state shaping / episode: 0.000
changed-state shaping / ep. : -754.107
terminal shaping / episode  : -7.379
DFA transitions / episode   : 0.01
DFA transitions in window   : 1->2: 1
epsilon (next episode)       : 0.92311
replay buffer                : 36767 samples [1: 99.5%, 2: 0.5%, 3: 0.0%, 4: 0.0%, 5: 0.0%, 6: 0.0%]
DFA state visits in window   : 1: 9530, 2: 20, 3: 0, 4: 0, 5: 0, 6: 0
DFA state visits cumulative  : 1: 36967, 2: 200, 3: 0, 4: 0, 5: 0, 6: 0
DFA state entries in window  : 1: 100, 2: 1, 3: 0, 4: 0, 5: 0, 6: 0
DFA state entries cumulative : 1: 400, 2: 9, 3: 0, 4: 0, 5: 0, 6: 0
transitions cumulative       : 1->2: 9
accepted directly from s0    : 0
Gym endings cumulative       : terminated=400, truncated=0

[Episode 500/12000 | last 100]
success rate                : 0.0% (cumulative 0.0%)
failure rate                : 0.0% (cumulative 0.0%)
completed cycles / episode  : 0.000
synthetic task reward       : 0.000
shaping reward              : -718.690
learning reward             : -718.690
episode length              : 98.9
abstract changes / episode  : 86.8
same abstract-state steps   : 12.2%
same-state shaping / episode: 0.000
changed-state shaping / ep. : -718.690
terminal shaping / episode  : -6.014
DFA transitions / episode   : 0.03
DFA transitions in window   : 1->2: 3
epsilon (next episode)       : 0.90483
replay buffer                : 46656 samples [1: 99.5%, 2: 0.5%, 3: 0.0%, 4: 0.0%, 5: 0.0%, 6: 0.0%]
DFA state visits in window   : 1: 9931, 2: 58, 3: 0, 4: 0, 5: 0, 6: 0
DFA state visits cumulative  : 1: 46898, 2: 258, 3: 0, 4: 0, 5: 0, 6: 0
DFA state entries in window  : 1: 100, 2: 3, 3: 0, 4: 0, 5: 0, 6: 0
DFA state entries cumulative : 1: 500, 2: 12, 3: 0, 4: 0, 5: 0, 6: 0
transitions cumulative       : 1->2: 12
accepted directly from s0    : 0
Gym endings cumulative       : terminated=500, truncated=0

Starting autonomous greedy evaluation at episode 500 (1000 fixed-seed episodes)...
[Greedy evaluation at episode 500 | 1000 fixed-seed episodes]
success=0.0%, failure=0.0%, task reward=0.000, length=133.1
DFA transitions: 1->2: 7
Best policy updated from autonomous greedy evaluation at episode 500.

[Episode 600/12000 | last 100]
success rate                : 0.0% (cumulative 0.0%)
failure rate                : 0.0% (cumulative 0.0%)
completed cycles / episode  : 0.000
synthetic task reward       : 0.000
shaping reward              : -715.821
learning reward             : -715.821
episode length              : 95.1
abstract changes / episode  : 85.4
same abstract-state steps   : 10.2%
same-state shaping / episode: 0.000
changed-state shaping / ep. : -715.821
terminal shaping / episode  : -6.986
DFA transitions / episode   : 0.03
DFA transitions in window   : 1->2: 3
epsilon (next episode)       : 0.88691
replay buffer                : 56163 samples [1: 99.4%, 2: 0.6%, 3: 0.0%, 4: 0.0%, 5: 0.0%, 6: 0.0%]
DFA state visits in window   : 1: 9537, 2: 70, 3: 0, 4: 0, 5: 0, 6: 0
DFA state visits cumulative  : 1: 56435, 2: 328, 3: 0, 4: 0, 5: 0, 6: 0
DFA state entries in window  : 1: 100, 2: 3, 3: 0, 4: 0, 5: 0, 6: 0
DFA state entries cumulative : 1: 600, 2: 15, 3: 0, 4: 0, 5: 0, 6: 0
transitions cumulative       : 1->2: 15
accepted directly from s0    : 0
Gym endings cumulative       : terminated=600, truncated=0

[Episode 700/12000 | last 100]
success rate                : 0.0% (cumulative 0.0%)
failure rate                : 0.0% (cumulative 0.0%)
completed cycles / episode  : 0.000
synthetic task reward       : 0.000
shaping reward              : -722.155
learning reward             : -722.155
episode length              : 99.2
abstract changes / episode  : 88.5
same abstract-state steps   : 10.7%
same-state shaping / episode: 0.000
changed-state shaping / ep. : -722.155
terminal shaping / episode  : -7.702
DFA transitions / episode   : 0.03
DFA transitions in window   : 1->2: 3
epsilon (next episode)       : 0.86935
replay buffer                : 66078 samples [1: 99.4%, 2: 0.6%, 3: 0.0%, 4: 0.0%, 5: 0.0%, 6: 0.0%]
DFA state visits in window   : 1: 9955, 2: 60, 3: 0, 4: 0, 5: 0, 6: 0
DFA state visits cumulative  : 1: 66390, 2: 388, 3: 0, 4: 0, 5: 0, 6: 0
DFA state entries in window  : 1: 100, 2: 3, 3: 0, 4: 0, 5: 0, 6: 0
DFA state entries cumulative : 1: 700, 2: 18, 3: 0, 4: 0, 5: 0, 6: 0
transitions cumulative       : 1->2: 18
accepted directly from s0    : 0
Gym endings cumulative       : terminated=700, truncated=0

[Episode 800/12000 | last 100]
success rate                : 0.0% (cumulative 0.0%)
failure rate                : 0.0% (cumulative 0.0%)
completed cycles / episode  : 0.000
synthetic task reward       : 0.000
shaping reward              : -766.815
learning reward             : -766.815
episode length              : 96.9
abstract changes / episode  : 87.5
same abstract-state steps   : 9.8%
same-state shaping / episode: 0.000
changed-state shaping / ep. : -766.815
terminal shaping / episode  : -9.253
DFA transitions / episode   : 0.00
DFA transitions in window   : none
epsilon (next episode)       : 0.85213
replay buffer                : 75769 samples [1: 99.5%, 2: 0.5%, 3: 0.0%, 4: 0.0%, 5: 0.0%, 6: 0.0%]
DFA state visits in window   : 1: 9791, 2: 0, 3: 0, 4: 0, 5: 0, 6: 0
DFA state visits cumulative  : 1: 76181, 2: 388, 3: 0, 4: 0, 5: 0, 6: 0
DFA state entries in window  : 1: 100, 2: 0, 3: 0, 4: 0, 5: 0, 6: 0
DFA state entries cumulative : 1: 800, 2: 18, 3: 0, 4: 0, 5: 0, 6: 0
transitions cumulative       : 1->2: 18
accepted directly from s0    : 0
Gym endings cumulative       : terminated=800, truncated=0

[Episode 900/12000 | last 100]
success rate                : 0.0% (cumulative 0.0%)
failure rate                : 0.0% (cumulative 0.0%)
completed cycles / episode  : 0.000
synthetic task reward       : 0.000
shaping reward              : -678.213
learning reward             : -678.213
episode length              : 97.6
abstract changes / episode  : 87.0
same abstract-state steps   : 10.8%
same-state shaping / episode: 0.000
changed-state shaping / ep. : -678.213
terminal shaping / episode  : -8.469
DFA transitions / episode   : 0.05
DFA transitions in window   : 1->2: 5
epsilon (next episode)       : 0.83526
replay buffer                : 85528 samples [1: 99.4%, 2: 0.6%, 3: 0.0%, 4: 0.0%, 5: 0.0%, 6: 0.0%]
DFA state visits in window   : 1: 9736, 2: 123, 3: 0, 4: 0, 5: 0, 6: 0
DFA state visits cumulative  : 1: 85917, 2: 511, 3: 0, 4: 0, 5: 0, 6: 0
DFA state entries in window  : 1: 100, 2: 5, 3: 0, 4: 0, 5: 0, 6: 0
DFA state entries cumulative : 1: 900, 2: 23, 3: 0, 4: 0, 5: 0, 6: 0
transitions cumulative       : 1->2: 23
accepted directly from s0    : 0
Gym endings cumulative       : terminated=900, truncated=0

[Episode 1000/12000 | last 100]
success rate                : 0.0% (cumulative 0.0%)
failure rate                : 0.0% (cumulative 0.0%)
completed cycles / episode  : 0.000
synthetic task reward       : 0.000
shaping reward              : -695.365
learning reward             : -695.365
episode length              : 99.6
abstract changes / episode  : 90.9
same abstract-state steps   : 8.7%
same-state shaping / episode: 0.000
changed-state shaping / ep. : -695.365
terminal shaping / episode  : -6.205
DFA transitions / episode   : 0.04
DFA transitions in window   : 1->2: 4
epsilon (next episode)       : 0.81871
replay buffer                : 95485 samples [1: 99.4%, 2: 0.6%, 3: 0.0%, 4: 0.0%, 5: 0.0%, 6: 0.0%]
DFA state visits in window   : 1: 9965, 2: 92, 3: 0, 4: 0, 5: 0, 6: 0
DFA state visits cumulative  : 1: 95882, 2: 603, 3: 0, 4: 0, 5: 0, 6: 0
DFA state entries in window  : 1: 100, 2: 4, 3: 0, 4: 0, 5: 0, 6: 0
DFA state entries cumulative : 1: 1000, 2: 27, 3: 0, 4: 0, 5: 0, 6: 0
transitions cumulative       : 1->2: 27
accepted directly from s0    : 0
Gym endings cumulative       : terminated=1000, truncated=0

Starting autonomous greedy evaluation at episode 1000 (1000 fixed-seed episodes)...
[Greedy evaluation at episode 1000 | 1000 fixed-seed episodes]
success=0.0%, failure=0.0%, task reward=0.000, length=112.7
DFA transitions: none
Best policy updated from autonomous greedy evaluation at episode 1000.

[Episode 1100/12000 | last 100]
success rate                : 0.0% (cumulative 0.0%)
failure rate                : 0.0% (cumulative 0.0%)
completed cycles / episode  : 0.000
synthetic task reward       : 0.000
shaping reward              : -695.452
learning reward             : -695.452
episode length              : 104.2
abstract changes / episode  : 92.0
same abstract-state steps   : 11.7%
same-state shaping / episode: 0.000
changed-state shaping / ep. : -695.452
terminal shaping / episode  : -8.046
DFA transitions / episode   : 0.04
DFA transitions in window   : 1->2: 4
epsilon (next episode)       : 0.80250
replay buffer                : 105904 samples [1: 99.4%, 2: 0.6%, 3: 0.0%, 4: 0.0%, 5: 0.0%, 6: 0.0%]
DFA state visits in window   : 1: 10422, 2: 97, 3: 0, 4: 0, 5: 0, 6: 0
DFA state visits cumulative  : 1: 106304, 2: 700, 3: 0, 4: 0, 5: 0, 6: 0
DFA state entries in window  : 1: 100, 2: 4, 3: 0, 4: 0, 5: 0, 6: 0
DFA state entries cumulative : 1: 1100, 2: 31, 3: 0, 4: 0, 5: 0, 6: 0
transitions cumulative       : 1->2: 31
accepted directly from s0    : 0
Gym endings cumulative       : terminated=1100, truncated=0

[Episode 1200/12000 | last 100]
success rate                : 0.0% (cumulative 0.0%)
failure rate                : 0.0% (cumulative 0.0%)
completed cycles / episode  : 0.000
synthetic task reward       : 0.000
shaping reward              : -645.437
learning reward             : -645.437
episode length              : 103.0
abstract changes / episode  : 91.6
same abstract-state steps   : 11.1%
same-state shaping / episode: 0.000
changed-state shaping / ep. : -645.437
terminal shaping / episode  : -7.923
DFA transitions / episode   : 0.03
DFA transitions in window   : 1->2: 3
epsilon (next episode)       : 0.78661
replay buffer                : 116208 samples [1: 99.4%, 2: 0.6%, 3: 0.0%, 4: 0.0%, 5: 0.0%, 6: 0.0%]
DFA state visits in window   : 1: 10350, 2: 54, 3: 0, 4: 0, 5: 0, 6: 0
DFA state visits cumulative  : 1: 116654, 2: 754, 3: 0, 4: 0, 5: 0, 6: 0
DFA state entries in window  : 1: 100, 2: 3, 3: 0, 4: 0, 5: 0, 6: 0
DFA state entries cumulative : 1: 1200, 2: 34, 3: 0, 4: 0, 5: 0, 6: 0
transitions cumulative       : 1->2: 34
accepted directly from s0    : 0
Gym endings cumulative       : terminated=1200, truncated=0

[Episode 1300/12000 | last 100]
success rate                : 0.0% (cumulative 0.0%)
failure rate                : 0.0% (cumulative 0.0%)
completed cycles / episode  : 0.000
synthetic task reward       : 0.000
shaping reward              : -674.204
learning reward             : -674.204
episode length              : 100.7
abstract changes / episode  : 91.0
same abstract-state steps   : 9.6%
same-state shaping / episode: 0.000
changed-state shaping / ep. : -674.204
terminal shaping / episode  : -8.161
DFA transitions / episode   : 0.04
DFA transitions in window   : 1->2: 4
epsilon (next episode)       : 0.77103
replay buffer                : 126275 samples [1: 99.4%, 2: 0.6%, 3: 0.0%, 4: 0.0%, 5: 0.0%, 6: 0.0%]
DFA state visits in window   : 1: 10085, 2: 82, 3: 0, 4: 0, 5: 0, 6: 0
DFA state visits cumulative  : 1: 126739, 2: 836, 3: 0, 4: 0, 5: 0, 6: 0
DFA state entries in window  : 1: 100, 2: 4, 3: 0, 4: 0, 5: 0, 6: 0
DFA state entries cumulative : 1: 1300, 2: 38, 3: 0, 4: 0, 5: 0, 6: 0
transitions cumulative       : 1->2: 38
accepted directly from s0    : 0
Gym endings cumulative       : terminated=1300, truncated=0

[Episode 1400/12000 | last 100]
success rate                : 0.0% (cumulative 0.0%)
failure rate                : 0.0% (cumulative 0.0%)
completed cycles / episode  : 0.000
synthetic task reward       : 0.000
shaping reward              : -684.473
learning reward             : -684.473
episode length              : 105.2
abstract changes / episode  : 93.2
same abstract-state steps   : 11.4%
same-state shaping / episode: 0.000
changed-state shaping / ep. : -684.473
terminal shaping / episode  : -10.038
DFA transitions / episode   : 0.03
DFA transitions in window   : 1->2: 3
epsilon (next episode)       : 0.75576
replay buffer                : 136800 samples [1: 99.4%, 2: 0.6%, 3: 0.0%, 4: 0.0%, 5: 0.0%, 6: 0.0%]
DFA state visits in window   : 1: 10565, 2: 60, 3: 0, 4: 0, 5: 0, 6: 0
DFA state visits cumulative  : 1: 137304, 2: 896, 3: 0, 4: 0, 5: 0, 6: 0
DFA state entries in window  : 1: 100, 2: 3, 3: 0, 4: 0, 5: 0, 6: 0
DFA state entries cumulative : 1: 1400, 2: 41, 3: 0, 4: 0, 5: 0, 6: 0
transitions cumulative       : 1->2: 41
accepted directly from s0    : 0
Gym endings cumulative       : terminated=1400, truncated=0

[Episode 1500/12000 | last 100]
success rate                : 0.0% (cumulative 0.0%)
failure rate                : 0.0% (cumulative 0.0%)
completed cycles / episode  : 0.000
synthetic task reward       : 0.000
shaping reward              : -679.697
learning reward             : -679.697
episode length              : 103.1
abstract changes / episode  : 91.0
same abstract-state steps   : 11.8%
same-state shaping / episode: 0.000
changed-state shaping / ep. : -679.697
terminal shaping / episode  : -10.725
DFA transitions / episode   : 0.02
DFA transitions in window   : 1->2: 2
epsilon (next episode)       : 0.74080
replay buffer                : 147110 samples [1: 99.4%, 2: 0.6%, 3: 0.0%, 4: 0.0%, 5: 0.0%, 6: 0.0%]
DFA state visits in window   : 1: 10370, 2: 40, 3: 0, 4: 0, 5: 0, 6: 0
DFA state visits cumulative  : 1: 147674, 2: 936, 3: 0, 4: 0, 5: 0, 6: 0
DFA state entries in window  : 1: 100, 2: 2, 3: 0, 4: 0, 5: 0, 6: 0
DFA state entries cumulative : 1: 1500, 2: 43, 3: 0, 4: 0, 5: 0, 6: 0
transitions cumulative       : 1->2: 43
accepted directly from s0    : 0
Gym endings cumulative       : terminated=1500, truncated=0

Starting autonomous greedy evaluation at episode 1500 (1000 fixed-seed episodes)...
[Greedy evaluation at episode 1500 | 1000 fixed-seed episodes]
success=0.0%, failure=0.0%, task reward=0.000, length=139.2
DFA transitions: 1->2: 555

[Episode 1600/12000 | last 100]
success rate                : 0.0% (cumulative 0.0%)
failure rate                : 0.0% (cumulative 0.0%)
completed cycles / episode  : 0.000
synthetic task reward       : 0.000
shaping reward              : -707.268
learning reward             : -707.268
episode length              : 100.2
abstract changes / episode  : 91.3
same abstract-state steps   : 8.8%
same-state shaping / episode: 0.000
changed-state shaping / ep. : -707.268
terminal shaping / episode  : -12.078
DFA transitions / episode   : 0.00
DFA transitions in window   : none
epsilon (next episode)       : 0.72613
replay buffer                : 157129 samples [1: 99.4%, 2: 0.6%, 3: 0.0%, 4: 0.0%, 5: 0.0%, 6: 0.0%]
DFA state visits in window   : 1: 10119, 2: 0, 3: 0, 4: 0, 5: 0, 6: 0
DFA state visits cumulative  : 1: 157793, 2: 936, 3: 0, 4: 0, 5: 0, 6: 0
DFA state entries in window  : 1: 100, 2: 0, 3: 0, 4: 0, 5: 0, 6: 0
DFA state entries cumulative : 1: 1600, 2: 43, 3: 0, 4: 0, 5: 0, 6: 0
transitions cumulative       : 1->2: 43
accepted directly from s0    : 0
Gym endings cumulative       : terminated=1600, truncated=0

[Episode 1700/12000 | last 100]
success rate                : 0.0% (cumulative 0.0%)
failure rate                : 0.0% (cumulative 0.0%)
completed cycles / episode  : 0.000
synthetic task reward       : 0.000
shaping reward              : -701.150
learning reward             : -701.150
episode length              : 101.1
abstract changes / episode  : 92.3
same abstract-state steps   : 8.8%
same-state shaping / episode: 0.000
changed-state shaping / ep. : -701.150
terminal shaping / episode  : -10.711
DFA transitions / episode   : 0.01
DFA transitions in window   : 1->2: 1
epsilon (next episode)       : 0.71175
replay buffer                : 167240 samples [1: 99.5%, 2: 0.5%, 3: 0.0%, 4: 0.0%, 5: 0.0%, 6: 0.0%]
DFA state visits in window   : 1: 10190, 2: 21, 3: 0, 4: 0, 5: 0, 6: 0
DFA state visits cumulative  : 1: 167983, 2: 957, 3: 0, 4: 0, 5: 0, 6: 0
DFA state entries in window  : 1: 100, 2: 1, 3: 0, 4: 0, 5: 0, 6: 0
DFA state entries cumulative : 1: 1700, 2: 44, 3: 0, 4: 0, 5: 0, 6: 0
transitions cumulative       : 1->2: 44
accepted directly from s0    : 0
Gym endings cumulative       : terminated=1700, truncated=0

[Episode 1800/12000 | last 100]
success rate                : 0.0% (cumulative 0.0%)
failure rate                : 0.0% (cumulative 0.0%)
completed cycles / episode  : 0.000
synthetic task reward       : 0.000
shaping reward              : -768.202
learning reward             : -768.202
episode length              : 107.0
abstract changes / episode  : 96.8
same abstract-state steps   : 9.5%
same-state shaping / episode: 0.000
changed-state shaping / ep. : -768.202
terminal shaping / episode  : -5.349
DFA transitions / episode   : 0.00
DFA transitions in window   : none
epsilon (next episode)       : 0.69765
replay buffer                : 177943 samples [1: 99.5%, 2: 0.5%, 3: 0.0%, 4: 0.0%, 5: 0.0%, 6: 0.0%]
DFA state visits in window   : 1: 10803, 2: 0, 3: 0, 4: 0, 5: 0, 6: 0
DFA state visits cumulative  : 1: 178786, 2: 957, 3: 0, 4: 0, 5: 0, 6: 0
DFA state entries in window  : 1: 100, 2: 0, 3: 0, 4: 0, 5: 0, 6: 0
DFA state entries cumulative : 1: 1800, 2: 44, 3: 0, 4: 0, 5: 0, 6: 0
transitions cumulative       : 1->2: 44
accepted directly from s0    : 0
Gym endings cumulative       : terminated=1800, truncated=0

[Episode 1900/12000 | last 100]
success rate                : 0.0% (cumulative 0.0%)
failure rate                : 0.0% (cumulative 0.0%)
completed cycles / episode  : 0.000
synthetic task reward       : 0.000
shaping reward              : -768.008
learning reward             : -768.008
episode length              : 107.8
abstract changes / episode  : 95.0
same abstract-state steps   : 11.9%
same-state shaping / episode: 0.000
changed-state shaping / ep. : -768.008
terminal shaping / episode  : -6.873
DFA transitions / episode   : 0.00
DFA transitions in window   : none
epsilon (next episode)       : 0.68384
replay buffer                : 188723 samples [1: 99.5%, 2: 0.5%, 3: 0.0%, 4: 0.0%, 5: 0.0%, 6: 0.0%]
DFA state visits in window   : 1: 10880, 2: 0, 3: 0, 4: 0, 5: 0, 6: 0
DFA state visits cumulative  : 1: 189666, 2: 957, 3: 0, 4: 0, 5: 0, 6: 0
DFA state entries in window  : 1: 100, 2: 0, 3: 0, 4: 0, 5: 0, 6: 0
DFA state entries cumulative : 1: 1900, 2: 44, 3: 0, 4: 0, 5: 0, 6: 0
transitions cumulative       : 1->2: 44
accepted directly from s0    : 0
Gym endings cumulative       : terminated=1900, truncated=0

[Episode 2000/12000 | last 100]
success rate                : 0.0% (cumulative 0.0%)
failure rate                : 0.0% (cumulative 0.0%)
completed cycles / episode  : 0.000
synthetic task reward       : 0.000
shaping reward              : -757.466
learning reward             : -757.466
episode length              : 102.1
abstract changes / episode  : 90.0
same abstract-state steps   : 11.8%
same-state shaping / episode: 0.000
changed-state shaping / ep. : -757.466
terminal shaping / episode  : -5.555
DFA transitions / episode   : 0.00
DFA transitions in window   : none
epsilon (next episode)       : 0.67029
replay buffer                : 198930 samples [1: 99.5%, 2: 0.5%, 3: 0.0%, 4: 0.0%, 5: 0.0%, 6: 0.0%]
DFA state visits in window   : 1: 10307, 2: 0, 3: 0, 4: 0, 5: 0, 6: 0
DFA state visits cumulative  : 1: 199973, 2: 957, 3: 0, 4: 0, 5: 0, 6: 0
DFA state entries in window  : 1: 100, 2: 0, 3: 0, 4: 0, 5: 0, 6: 0
DFA state entries cumulative : 1: 2000, 2: 44, 3: 0, 4: 0, 5: 0, 6: 0
transitions cumulative       : 1->2: 44
accepted directly from s0    : 0
Gym endings cumulative       : terminated=2000, truncated=0

Starting autonomous greedy evaluation at episode 2000 (1000 fixed-seed episodes)...
[Greedy evaluation at episode 2000 | 1000 fixed-seed episodes]
success=0.0%, failure=0.0%, task reward=0.000, length=267.4
DFA transitions: 1->2: 362, 2->3: 96

[Episode 2100/12000 | last 100]
success rate                : 0.0% (cumulative 0.0%)
failure rate                : 0.0% (cumulative 0.0%)
completed cycles / episode  : 0.000
synthetic task reward       : 0.000
shaping reward              : -778.569
learning reward             : -778.569
episode length              : 97.8
abstract changes / episode  : 88.2
same abstract-state steps   : 9.8%
same-state shaping / episode: 0.000
changed-state shaping / ep. : -778.569
terminal shaping / episode  : -5.113
DFA transitions / episode   : 0.00
DFA transitions in window   : none
epsilon (next episode)       : 0.65702
replay buffer                : 208705 samples [1: 99.6%, 2: 0.4%, 3: 0.0%, 4: 0.0%, 5: 0.0%, 6: 0.0%]
DFA state visits in window   : 1: 9875, 2: 0, 3: 0, 4: 0, 5: 0, 6: 0
DFA state visits cumulative  : 1: 209848, 2: 957, 3: 0, 4: 0, 5: 0, 6: 0
DFA state entries in window  : 1: 100, 2: 0, 3: 0, 4: 0, 5: 0, 6: 0
DFA state entries cumulative : 1: 2100, 2: 44, 3: 0, 4: 0, 5: 0, 6: 0
transitions cumulative       : 1->2: 44
accepted directly from s0    : 0
Gym endings cumulative       : terminated=2100, truncated=0

[Episode 2200/12000 | last 100]
success rate                : 0.0% (cumulative 0.0%)
failure rate                : 0.0% (cumulative 0.0%)
completed cycles / episode  : 0.000
synthetic task reward       : 0.000
shaping reward              : -790.126
learning reward             : -790.126
episode length              : 100.1
abstract changes / episode  : 89.1
same abstract-state steps   : 11.0%
same-state shaping / episode: 0.000
changed-state shaping / ep. : -790.126
terminal shaping / episode  : -4.781
DFA transitions / episode   : 0.00
DFA transitions in window   : none
epsilon (next episode)       : 0.64401
replay buffer                : 218711 samples [1: 99.6%, 2: 0.4%, 3: 0.0%, 4: 0.0%, 5: 0.0%, 6: 0.0%]
DFA state visits in window   : 1: 10106, 2: 0, 3: 0, 4: 0, 5: 0, 6: 0
DFA state visits cumulative  : 1: 219954, 2: 957, 3: 0, 4: 0, 5: 0, 6: 0
DFA state entries in window  : 1: 100, 2: 0, 3: 0, 4: 0, 5: 0, 6: 0
DFA state entries cumulative : 1: 2200, 2: 44, 3: 0, 4: 0, 5: 0, 6: 0
transitions cumulative       : 1->2: 44
accepted directly from s0    : 0
Gym endings cumulative       : terminated=2200, truncated=0

[Episode 2300/12000 | last 100]
success rate                : 0.0% (cumulative 0.0%)
failure rate                : 0.0% (cumulative 0.0%)
completed cycles / episode  : 0.000
synthetic task reward       : 0.000
shaping reward              : -791.302
learning reward             : -791.302
episode length              : 100.5
abstract changes / episode  : 90.4
same abstract-state steps   : 10.1%
same-state shaping / episode: 0.000
changed-state shaping / ep. : -791.302
terminal shaping / episode  : -5.298
DFA transitions / episode   : 0.00
DFA transitions in window   : none
epsilon (next episode)       : 0.63125
replay buffer                : 228766 samples [1: 99.6%, 2: 0.4%, 3: 0.0%, 4: 0.0%, 5: 0.0%, 6: 0.0%]
DFA state visits in window   : 1: 10155, 2: 0, 3: 0, 4: 0, 5: 0, 6: 0
DFA state visits cumulative  : 1: 230109, 2: 957, 3: 0, 4: 0, 5: 0, 6: 0
DFA state entries in window  : 1: 100, 2: 0, 3: 0, 4: 0, 5: 0, 6: 0
DFA state entries cumulative : 1: 2300, 2: 44, 3: 0, 4: 0, 5: 0, 6: 0
transitions cumulative       : 1->2: 44
accepted directly from s0    : 0
Gym endings cumulative       : terminated=2300, truncated=0

[Episode 2400/12000 | last 100]
success rate                : 0.0% (cumulative 0.0%)
failure rate                : 0.0% (cumulative 0.0%)
completed cycles / episode  : 0.000
synthetic task reward       : 0.000
shaping reward              : -791.571
learning reward             : -791.571
episode length              : 98.3
abstract changes / episode  : 89.1
same abstract-state steps   : 9.4%
same-state shaping / episode: 0.000
changed-state shaping / ep. : -791.571
terminal shaping / episode  : -4.150
DFA transitions / episode   : 0.00
DFA transitions in window   : none
epsilon (next episode)       : 0.61875
replay buffer                : 238597 samples [1: 99.6%, 2: 0.4%, 3: 0.0%, 4: 0.0%, 5: 0.0%, 6: 0.0%]
DFA state visits in window   : 1: 9931, 2: 0, 3: 0, 4: 0, 5: 0, 6: 0
DFA state visits cumulative  : 1: 240040, 2: 957, 3: 0, 4: 0, 5: 0, 6: 0
DFA state entries in window  : 1: 100, 2: 0, 3: 0, 4: 0, 5: 0, 6: 0
DFA state entries cumulative : 1: 2400, 2: 44, 3: 0, 4: 0, 5: 0, 6: 0
transitions cumulative       : 1->2: 44
accepted directly from s0    : 0
Gym endings cumulative       : terminated=2400, truncated=0

[Episode 2500/12000 | last 100]
success rate                : 0.0% (cumulative 0.0%)
failure rate                : 0.0% (cumulative 0.0%)
completed cycles / episode  : 0.000
synthetic task reward       : 0.000
shaping reward              : -787.130
learning reward             : -787.130
episode length              : 102.3
abstract changes / episode  : 91.3
same abstract-state steps   : 10.8%
same-state shaping / episode: 0.000
changed-state shaping / ep. : -787.130
terminal shaping / episode  : -2.072
DFA transitions / episode   : 0.00
DFA transitions in window   : none
epsilon (next episode)       : 0.60650
replay buffer                : 248823 samples [1: 99.6%, 2: 0.4%, 3: 0.0%, 4: 0.0%, 5: 0.0%, 6: 0.0%]
DFA state visits in window   : 1: 10326, 2: 0, 3: 0, 4: 0, 5: 0, 6: 0
DFA state visits cumulative  : 1: 250366, 2: 957, 3: 0, 4: 0, 5: 0, 6: 0
DFA state entries in window  : 1: 100, 2: 0, 3: 0, 4: 0, 5: 0, 6: 0
DFA state entries cumulative : 1: 2500, 2: 44, 3: 0, 4: 0, 5: 0, 6: 0
transitions cumulative       : 1->2: 44
accepted directly from s0    : 0
Gym endings cumulative       : terminated=2500, truncated=0

Starting autonomous greedy evaluation at episode 2500 (1000 fixed-seed episodes)...
[Greedy evaluation at episode 2500 | 1000 fixed-seed episodes]
success=0.0%, failure=0.0%, task reward=0.000, length=994.7
DFA transitions: none

[Episode 2600/12000 | last 100]
success rate                : 0.0% (cumulative 0.0%)
failure rate                : 0.0% (cumulative 0.0%)
completed cycles / episode  : 0.000
synthetic task reward       : 0.000
shaping reward              : -791.539
learning reward             : -791.539
episode length              : 97.9
abstract changes / episode  : 89.1
same abstract-state steps   : 9.0%
same-state shaping / episode: 0.000
changed-state shaping / ep. : -791.539
terminal shaping / episode  : -3.028
DFA transitions / episode   : 0.00
DFA transitions in window   : none
epsilon (next episode)       : 0.59449
replay buffer                : 258613 samples [1: 99.6%, 2: 0.4%, 3: 0.0%, 4: 0.0%, 5: 0.0%, 6: 0.0%]
DFA state visits in window   : 1: 9890, 2: 0, 3: 0, 4: 0, 5: 0, 6: 0
DFA state visits cumulative  : 1: 260256, 2: 957, 3: 0, 4: 0, 5: 0, 6: 0
DFA state entries in window  : 1: 100, 2: 0, 3: 0, 4: 0, 5: 0, 6: 0
DFA state entries cumulative : 1: 2600, 2: 44, 3: 0, 4: 0, 5: 0, 6: 0
transitions cumulative       : 1->2: 44
accepted directly from s0    : 0
Gym endings cumulative       : terminated=2600, truncated=0

[Episode 2700/12000 | last 100]
success rate                : 0.0% (cumulative 0.0%)
failure rate                : 0.0% (cumulative 0.0%)
completed cycles / episode  : 0.000
synthetic task reward       : 0.000
shaping reward              : -783.783
learning reward             : -783.783
episode length              : 105.7
abstract changes / episode  : 95.8
same abstract-state steps   : 9.4%
same-state shaping / episode: 0.000
changed-state shaping / ep. : -783.783
terminal shaping / episode  : -2.471
DFA transitions / episode   : 0.00
DFA transitions in window   : none
epsilon (next episode)       : 0.58272
replay buffer                : 269187 samples [1: 99.7%, 2: 0.3%, 3: 0.0%, 4: 0.0%, 5: 0.0%, 6: 0.0%]
DFA state visits in window   : 1: 10674, 2: 0, 3: 0, 4: 0, 5: 0, 6: 0
DFA state visits cumulative  : 1: 270930, 2: 957, 3: 0, 4: 0, 5: 0, 6: 0
DFA state entries in window  : 1: 100, 2: 0, 3: 0, 4: 0, 5: 0, 6: 0
DFA state entries cumulative : 1: 2700, 2: 44, 3: 0, 4: 0, 5: 0, 6: 0
transitions cumulative       : 1->2: 44
accepted directly from s0    : 0
Gym endings cumulative       : terminated=2700, truncated=0

[Episode 2800/12000 | last 100]
success rate                : 0.0% (cumulative 0.0%)
failure rate                : 0.0% (cumulative 0.0%)
completed cycles / episode  : 0.000
synthetic task reward       : 0.000
shaping reward              : -787.434
learning reward             : -787.434
episode length              : 106.7
abstract changes / episode  : 95.7
same abstract-state steps   : 10.3%
same-state shaping / episode: 0.000
changed-state shaping / ep. : -787.434
terminal shaping / episode  : -3.674
DFA transitions / episode   : 0.00
DFA transitions in window   : none
epsilon (next episode)       : 0.57118
replay buffer                : 279853 samples [1: 99.7%, 2: 0.3%, 3: 0.0%, 4: 0.0%, 5: 0.0%, 6: 0.0%]
DFA state visits in window   : 1: 10766, 2: 0, 3: 0, 4: 0, 5: 0, 6: 0
DFA state visits cumulative  : 1: 281696, 2: 957, 3: 0, 4: 0, 5: 0, 6: 0
DFA state entries in window  : 1: 100, 2: 0, 3: 0, 4: 0, 5: 0, 6: 0
DFA state entries cumulative : 1: 2800, 2: 44, 3: 0, 4: 0, 5: 0, 6: 0
transitions cumulative       : 1->2: 44
accepted directly from s0    : 0
Gym endings cumulative       : terminated=2800, truncated=0

[Episode 2900/12000 | last 100]
success rate                : 0.0% (cumulative 0.0%)
failure rate                : 0.0% (cumulative 0.0%)
completed cycles / episode  : 0.000
synthetic task reward       : 0.000
shaping reward              : -767.014
learning reward             : -767.014
episode length              : 116.2
abstract changes / episode  : 100.5
same abstract-state steps   : 13.5%
same-state shaping / episode: 0.000
changed-state shaping / ep. : -767.014
terminal shaping / episode  : -4.007
DFA transitions / episode   : 0.01
DFA transitions in window   : 1->2: 1
epsilon (next episode)       : 0.55987
replay buffer                : 291468 samples [1: 99.7%, 2: 0.3%, 3: 0.0%, 4: 0.0%, 5: 0.0%, 6: 0.0%]
DFA state visits in window   : 1: 11655, 2: 60, 3: 0, 4: 0, 5: 0, 6: 0
DFA state visits cumulative  : 1: 293351, 2: 1017, 3: 0, 4: 0, 5: 0, 6: 0
DFA state entries in window  : 1: 100, 2: 1, 3: 0, 4: 0, 5: 0, 6: 0
DFA state entries cumulative : 1: 2900, 2: 45, 3: 0, 4: 0, 5: 0, 6: 0
transitions cumulative       : 1->2: 45
accepted directly from s0    : 0
Gym endings cumulative       : terminated=2900, truncated=0

[Episode 3000/12000 | last 100]
success rate                : 0.0% (cumulative 0.0%)
failure rate                : 0.0% (cumulative 0.0%)
completed cycles / episode  : 0.000
synthetic task reward       : 0.000
shaping reward              : -686.879
learning reward             : -686.879
episode length              : 110.8
abstract changes / episode  : 100.6
same abstract-state steps   : 9.2%
same-state shaping / episode: 0.000
changed-state shaping / ep. : -686.879
terminal shaping / episode  : -7.614
DFA transitions / episode   : 0.04
DFA transitions in window   : 1->2: 4
epsilon (next episode)       : 0.54878
replay buffer                : 300000 samples [1: 99.6%, 2: 0.4%, 3: 0.0%, 4: 0.0%, 5: 0.0%, 6: 0.0%]
DFA state visits in window   : 1: 11017, 2: 167, 3: 0, 4: 0, 5: 0, 6: 0
DFA state visits cumulative  : 1: 304368, 2: 1184, 3: 0, 4: 0, 5: 0, 6: 0
DFA state entries in window  : 1: 100, 2: 4, 3: 0, 4: 0, 5: 0, 6: 0
DFA state entries cumulative : 1: 3000, 2: 49, 3: 0, 4: 0, 5: 0, 6: 0
transitions cumulative       : 1->2: 49
accepted directly from s0    : 0
Gym endings cumulative       : terminated=3000, truncated=0

Starting autonomous greedy evaluation at episode 3000 (1000 fixed-seed episodes)...
[Greedy evaluation at episode 3000 | 1000 fixed-seed episodes]
success=0.0%, failure=0.0%, task reward=0.000, length=629.2
DFA transitions: 1->2: 199

[Episode 3100/12000 | last 100]
success rate                : 0.0% (cumulative 0.0%)
failure rate                : 0.0% (cumulative 0.0%)
completed cycles / episode  : 0.000
synthetic task reward       : 0.000
shaping reward              : -662.815
learning reward             : -662.815
episode length              : 110.4
abstract changes / episode  : 95.4
same abstract-state steps   : 13.6%
same-state shaping / episode: 0.000
changed-state shaping / ep. : -662.815
terminal shaping / episode  : -6.929
DFA transitions / episode   : 0.00
DFA transitions in window   : none
epsilon (next episode)       : 0.53791
replay buffer                : 300000 samples [1: 99.6%, 2: 0.4%, 3: 0.0%, 4: 0.0%, 5: 0.0%, 6: 0.0%]
DFA state visits in window   : 1: 11142, 2: 0, 3: 0, 4: 0, 5: 0, 6: 0
DFA state visits cumulative  : 1: 315510, 2: 1184, 3: 0, 4: 0, 5: 0, 6: 0
DFA state entries in window  : 1: 100, 2: 0, 3: 0, 4: 0, 5: 0, 6: 0
DFA state entries cumulative : 1: 3100, 2: 49, 3: 0, 4: 0, 5: 0, 6: 0
transitions cumulative       : 1->2: 49
accepted directly from s0    : 0
Gym endings cumulative       : terminated=3099, truncated=1

[Episode 3200/12000 | last 100]
success rate                : 0.0% (cumulative 0.0%)
failure rate                : 0.0% (cumulative 0.0%)
completed cycles / episode  : 0.000
synthetic task reward       : 0.000
shaping reward              : -590.882
learning reward             : -590.882
episode length              : 131.9
abstract changes / episode  : 107.2
same abstract-state steps   : 18.7%
same-state shaping / episode: 0.000
changed-state shaping / ep. : -590.882
terminal shaping / episode  : -7.180
DFA transitions / episode   : 0.03
DFA transitions in window   : 1->2: 3
epsilon (next episode)       : 0.52726
replay buffer                : 300000 samples [1: 99.6%, 2: 0.4%, 3: 0.0%, 4: 0.0%, 5: 0.0%, 6: 0.0%]
DFA state visits in window   : 1: 13157, 2: 131, 3: 0, 4: 0, 5: 0, 6: 0
DFA state visits cumulative  : 1: 328667, 2: 1315, 3: 0, 4: 0, 5: 0, 6: 0
DFA state entries in window  : 1: 100, 2: 3, 3: 0, 4: 0, 5: 0, 6: 0
DFA state entries cumulative : 1: 3200, 2: 52, 3: 0, 4: 0, 5: 0, 6: 0
transitions cumulative       : 1->2: 52
accepted directly from s0    : 0
Gym endings cumulative       : terminated=3198, truncated=2

[Episode 3300/12000 | last 100]
success rate                : 0.0% (cumulative 0.0%)
failure rate                : 0.0% (cumulative 0.0%)
completed cycles / episode  : 0.000
synthetic task reward       : 0.000
shaping reward              : -534.942
learning reward             : -534.942
episode length              : 139.6
abstract changes / episode  : 98.9
same abstract-state steps   : 29.1%
same-state shaping / episode: 0.000
changed-state shaping / ep. : -534.942
terminal shaping / episode  : -5.660
DFA transitions / episode   : 0.08
DFA transitions in window   : 1->2: 8
epsilon (next episode)       : 0.51682
replay buffer                : 300000 samples [1: 99.6%, 2: 0.4%, 3: 0.0%, 4: 0.0%, 5: 0.0%, 6: 0.0%]
DFA state visits in window   : 1: 13918, 2: 143, 3: 0, 4: 0, 5: 0, 6: 0
DFA state visits cumulative  : 1: 342585, 2: 1458, 3: 0, 4: 0, 5: 0, 6: 0
DFA state entries in window  : 1: 100, 2: 8, 3: 0, 4: 0, 5: 0, 6: 0
DFA state entries cumulative : 1: 3300, 2: 60, 3: 0, 4: 0, 5: 0, 6: 0
transitions cumulative       : 1->2: 60
accepted directly from s0    : 0
Gym endings cumulative       : terminated=3296, truncated=4

[Episode 3400/12000 | last 100]
success rate                : 0.0% (cumulative 0.0%)
failure rate                : 0.0% (cumulative 0.0%)
completed cycles / episode  : 0.000
synthetic task reward       : 0.000
shaping reward              : -265.750
learning reward             : -265.750
episode length              : 139.3
abstract changes / episode  : 104.8
same abstract-state steps   : 24.7%
same-state shaping / episode: 0.000
changed-state shaping / ep. : -265.750
terminal shaping / episode  : -5.694
DFA transitions / episode   : 0.13
DFA transitions in window   : 1->2: 13
epsilon (next episode)       : 0.50658
replay buffer                : 300000 samples [1: 99.5%, 2: 0.5%, 3: 0.0%, 4: 0.0%, 5: 0.0%, 6: 0.0%]
DFA state visits in window   : 1: 13755, 2: 275, 3: 0, 4: 0, 5: 0, 6: 0
DFA state visits cumulative  : 1: 356340, 2: 1733, 3: 0, 4: 0, 5: 0, 6: 0
DFA state entries in window  : 1: 100, 2: 13, 3: 0, 4: 0, 5: 0, 6: 0
DFA state entries cumulative : 1: 3400, 2: 73, 3: 0, 4: 0, 5: 0, 6: 0
transitions cumulative       : 1->2: 73
accepted directly from s0    : 0
Gym endings cumulative       : terminated=3396, truncated=4

[Episode 3500/12000 | last 100]
success rate                : 0.0% (cumulative 0.0%)
failure rate                : 0.0% (cumulative 0.0%)
completed cycles / episode  : 0.000
synthetic task reward       : 0.000
shaping reward              : -709.824
learning reward             : -709.824
episode length              : 252.9
abstract changes / episode  : 153.1
same abstract-state steps   : 39.4%
same-state shaping / episode: 0.000
changed-state shaping / ep. : -709.824
terminal shaping / episode  : -4.912
DFA transitions / episode   : 0.08
DFA transitions in window   : 1->2: 8
epsilon (next episode)       : 0.49655
replay buffer                : 300000 samples [1: 99.5%, 2: 0.5%, 3: 0.0%, 4: 0.0%, 5: 0.0%, 6: 0.0%]
DFA state visits in window   : 1: 24939, 2: 447, 3: 0, 4: 0, 5: 0, 6: 0
DFA state visits cumulative  : 1: 381279, 2: 2180, 3: 0, 4: 0, 5: 0, 6: 0
DFA state entries in window  : 1: 100, 2: 8, 3: 0, 4: 0, 5: 0, 6: 0
DFA state entries cumulative : 1: 3500, 2: 81, 3: 0, 4: 0, 5: 0, 6: 0
transitions cumulative       : 1->2: 81
accepted directly from s0    : 0
Gym endings cumulative       : terminated=3496, truncated=5

Starting autonomous greedy evaluation at episode 3500 (1000 fixed-seed episodes)...
[Greedy evaluation at episode 3500 | 1000 fixed-seed episodes]
success=0.0%, failure=0.0%, task reward=0.000, length=342.2
DFA transitions: 1->2: 2

[Episode 3600/12000 | last 100]
success rate                : 0.0% (cumulative 0.0%)
failure rate                : 0.0% (cumulative 0.0%)
completed cycles / episode  : 0.000
synthetic task reward       : 0.000
shaping reward              : -743.339
learning reward             : -743.339
episode length              : 274.7
abstract changes / episode  : 177.4
same abstract-state steps   : 35.4%
same-state shaping / episode: 0.000
changed-state shaping / ep. : -743.339
terminal shaping / episode  : -3.123
DFA transitions / episode   : 0.05
DFA transitions in window   : 1->2: 5
epsilon (next episode)       : 0.48672
replay buffer                : 300000 samples [1: 99.4%, 2: 0.6%, 3: 0.0%, 4: 0.0%, 5: 0.0%, 6: 0.0%]
DFA state visits in window   : 1: 27313, 2: 256, 3: 0, 4: 0, 5: 0, 6: 0
DFA state visits cumulative  : 1: 408592, 2: 2436, 3: 0, 4: 0, 5: 0, 6: 0
DFA state entries in window  : 1: 100, 2: 5, 3: 0, 4: 0, 5: 0, 6: 0
DFA state entries cumulative : 1: 3600, 2: 86, 3: 0, 4: 0, 5: 0, 6: 0
transitions cumulative       : 1->2: 86
accepted directly from s0    : 0
Gym endings cumulative       : terminated=3595, truncated=6

[Episode 3700/12000 | last 100]
success rate                : 0.0% (cumulative 0.0%)
failure rate                : 0.0% (cumulative 0.0%)
completed cycles / episode  : 0.000
synthetic task reward       : 0.000
shaping reward              : -744.798
learning reward             : -744.798
episode length              : 261.8
abstract changes / episode  : 178.2
same abstract-state steps   : 31.9%
same-state shaping / episode: 0.000
changed-state shaping / ep. : -744.798
terminal shaping / episode  : -3.577
DFA transitions / episode   : 0.02
DFA transitions in window   : 1->2: 2
epsilon (next episode)       : 0.47708
replay buffer                : 300000 samples [1: 99.5%, 2: 0.5%, 3: 0.0%, 4: 0.0%, 5: 0.0%, 6: 0.0%]
DFA state visits in window   : 1: 26162, 2: 118, 3: 0, 4: 0, 5: 0, 6: 0
DFA state visits cumulative  : 1: 434754, 2: 2554, 3: 0, 4: 0, 5: 0, 6: 0
DFA state entries in window  : 1: 100, 2: 2, 3: 0, 4: 0, 5: 0, 6: 0
DFA state entries cumulative : 1: 3700, 2: 88, 3: 0, 4: 0, 5: 0, 6: 0
transitions cumulative       : 1->2: 88
accepted directly from s0    : 0
Gym endings cumulative       : terminated=3692, truncated=9

[Episode 3800/12000 | last 100]
success rate                : 0.0% (cumulative 0.0%)
failure rate                : 0.0% (cumulative 0.0%)
completed cycles / episode  : 0.000
synthetic task reward       : 0.000
shaping reward              : -622.300
learning reward             : -622.300
episode length              : 231.4
abstract changes / episode  : 157.3
same abstract-state steps   : 32.0%
same-state shaping / episode: 0.000
changed-state shaping / ep. : -622.300
terminal shaping / episode  : -2.372
DFA transitions / episode   : 0.04
DFA transitions in window   : 1->2: 4
epsilon (next episode)       : 0.46763
replay buffer                : 300000 samples [1: 99.4%, 2: 0.6%, 3: 0.0%, 4: 0.0%, 5: 0.0%, 6: 0.0%]
DFA state visits in window   : 1: 23048, 2: 192, 3: 0, 4: 0, 5: 0, 6: 0
DFA state visits cumulative  : 1: 457802, 2: 2746, 3: 0, 4: 0, 5: 0, 6: 0
DFA state entries in window  : 1: 100, 2: 4, 3: 0, 4: 0, 5: 0, 6: 0
DFA state entries cumulative : 1: 3800, 2: 92, 3: 0, 4: 0, 5: 0, 6: 0
transitions cumulative       : 1->2: 92
accepted directly from s0    : 0
Gym endings cumulative       : terminated=3792, truncated=9

[Episode 3900/12000 | last 100]
success rate                : 0.0% (cumulative 0.0%)
failure rate                : 0.0% (cumulative 0.0%)
completed cycles / episode  : 0.000
synthetic task reward       : 0.000
shaping reward              : -561.484
learning reward             : -561.484
episode length              : 399.9
abstract changes / episode  : 232.5
same abstract-state steps   : 41.9%
same-state shaping / episode: 0.000
changed-state shaping / ep. : -561.484
terminal shaping / episode  : -2.207
DFA transitions / episode   : 0.06
DFA transitions in window   : 1->2: 6
epsilon (next episode)       : 0.45837
replay buffer                : 300000 samples [1: 99.3%, 2: 0.7%, 3: 0.0%, 4: 0.0%, 5: 0.0%, 6: 0.0%]
DFA state visits in window   : 1: 39619, 2: 476, 3: 0, 4: 0, 5: 0, 6: 0
DFA state visits cumulative  : 1: 497421, 2: 3222, 3: 0, 4: 0, 5: 0, 6: 0
DFA state entries in window  : 1: 100, 2: 6, 3: 0, 4: 0, 5: 0, 6: 0
DFA state entries cumulative : 1: 3900, 2: 98, 3: 0, 4: 0, 5: 0, 6: 0
transitions cumulative       : 1->2: 98
accepted directly from s0    : 0
Gym endings cumulative       : terminated=3890, truncated=11

[Episode 4000/12000 | last 100]
success rate                : 0.0% (cumulative 0.0%)
failure rate                : 0.0% (cumulative 0.0%)
completed cycles / episode  : 0.000
synthetic task reward       : 0.000
shaping reward              : -622.837
learning reward             : -622.837
episode length              : 287.2
abstract changes / episode  : 202.0
same abstract-state steps   : 29.7%
same-state shaping / episode: 0.000
changed-state shaping / ep. : -622.837
terminal shaping / episode  : -4.039
DFA transitions / episode   : 0.07
DFA transitions in window   : 1->2: 7
epsilon (next episode)       : 0.44929
replay buffer                : 300000 samples [1: 98.9%, 2: 1.1%, 3: 0.0%, 4: 0.0%, 5: 0.0%, 6: 0.0%]
DFA state visits in window   : 1: 27824, 2: 997, 3: 0, 4: 0, 5: 0, 6: 0
DFA state visits cumulative  : 1: 525245, 2: 4219, 3: 0, 4: 0, 5: 0, 6: 0
DFA state entries in window  : 1: 100, 2: 7, 3: 0, 4: 0, 5: 0, 6: 0
DFA state entries cumulative : 1: 4000, 2: 105, 3: 0, 4: 0, 5: 0, 6: 0
transitions cumulative       : 1->2: 105
accepted directly from s0    : 0
Gym endings cumulative       : terminated=3988, truncated=13

Starting autonomous greedy evaluation at episode 4000 (1000 fixed-seed episodes)...
[Greedy evaluation at episode 4000 | 1000 fixed-seed episodes]
success=0.0%, failure=0.0%, task reward=0.000, length=919.8
DFA transitions: 1->2: 42, 2->3: 2, 3->4: 1

[Episode 4100/12000 | last 100]
success rate                : 0.0% (cumulative 0.0%)
failure rate                : 0.0% (cumulative 0.0%)
completed cycles / episode  : 0.000
synthetic task reward       : 0.000
shaping reward              : -425.347
learning reward             : -425.347
episode length              : 225.0
abstract changes / episode  : 173.4
same abstract-state steps   : 22.9%
same-state shaping / episode: 0.000
changed-state shaping / ep. : -425.347
terminal shaping / episode  : -4.276
DFA transitions / episode   : 0.15
DFA transitions in window   : 1->2: 14, 2->3: 1
epsilon (next episode)       : 0.44040
replay buffer                : 300000 samples [1: 98.3%, 2: 1.6%, 3: 0.0%, 4: 0.0%, 5: 0.0%, 6: 0.0%]
DFA state visits in window   : 1: 20833, 2: 1706, 3: 58, 4: 0, 5: 0, 6: 0
DFA state visits cumulative  : 1: 546078, 2: 5925, 3: 58, 4: 0, 5: 0, 6: 0
DFA state entries in window  : 1: 100, 2: 14, 3: 1, 4: 0, 5: 0, 6: 0
DFA state entries cumulative : 1: 4100, 2: 119, 3: 1, 4: 0, 5: 0, 6: 0
transitions cumulative       : 1->2: 119, 2->3: 1
accepted directly from s0    : 0
Gym endings cumulative       : terminated=4088, truncated=13

[Episode 4200/12000 | last 100]
success rate                : 0.0% (cumulative 0.0%)
failure rate                : 0.0% (cumulative 0.0%)
completed cycles / episode  : 0.000
synthetic task reward       : 0.000
shaping reward              : -312.347
learning reward             : -312.347
episode length              : 244.3
abstract changes / episode  : 180.0
same abstract-state steps   : 26.3%
same-state shaping / episode: 0.000
changed-state shaping / ep. : -312.347
terminal shaping / episode  : -5.336
DFA transitions / episode   : 0.23
DFA transitions in window   : 1->2: 19, 2->3: 4
epsilon (next episode)       : 0.43167
replay buffer                : 300000 samples [1: 97.4%, 2: 2.5%, 3: 0.1%, 4: 0.0%, 5: 0.0%, 6: 0.0%]
DFA state visits in window   : 1: 21712, 2: 2529, 3: 288, 4: 0, 5: 0, 6: 0
DFA state visits cumulative  : 1: 567790, 2: 8454, 3: 346, 4: 0, 5: 0, 6: 0
DFA state entries in window  : 1: 100, 2: 19, 3: 4, 4: 0, 5: 0, 6: 0
DFA state entries cumulative : 1: 4200, 2: 138, 3: 5, 4: 0, 5: 0, 6: 0
transitions cumulative       : 1->2: 138, 2->3: 5
accepted directly from s0    : 0
Gym endings cumulative       : terminated=4185, truncated=16

[Episode 4300/12000 | last 100]
success rate                : 0.0% (cumulative 0.0%)
failure rate                : 0.0% (cumulative 0.0%)
completed cycles / episode  : 0.000
synthetic task reward       : 0.000
shaping reward              : -174.042
learning reward             : -174.042
episode length              : 214.9
abstract changes / episode  : 168.5
same abstract-state steps   : 21.6%
same-state shaping / episode: 0.000
changed-state shaping / ep. : -174.042
terminal shaping / episode  : -5.297
DFA transitions / episode   : 0.26
DFA transitions in window   : 1->2: 24, 2->3: 2
epsilon (next episode)       : 0.42313
replay buffer                : 300000 samples [1: 96.4%, 2: 3.4%, 3: 0.2%, 4: 0.0%, 5: 0.0%, 6: 0.0%]
DFA state visits in window   : 1: 18597, 2: 2857, 3: 134, 4: 0, 5: 0, 6: 0
DFA state visits cumulative  : 1: 586387, 2: 11311, 3: 480, 4: 0, 5: 0, 6: 0
DFA state entries in window  : 1: 100, 2: 24, 3: 2, 4: 0, 5: 0, 6: 0
DFA state entries cumulative : 1: 4300, 2: 162, 3: 7, 4: 0, 5: 0, 6: 0
transitions cumulative       : 1->2: 162, 2->3: 7
accepted directly from s0    : 0
Gym endings cumulative       : terminated=4282, truncated=19

[Episode 4400/12000 | last 100]
success rate                : 0.0% (cumulative 0.0%)
failure rate                : 0.0% (cumulative 0.0%)
completed cycles / episode  : 0.000
synthetic task reward       : 0.000
shaping reward              : -332.810
learning reward             : -332.810
episode length              : 238.0
abstract changes / episode  : 185.2
same abstract-state steps   : 22.2%
same-state shaping / episode: 0.000
changed-state shaping / ep. : -332.810
terminal shaping / episode  : -6.274
DFA transitions / episode   : 0.19
DFA transitions in window   : 1->2: 14, 2->3: 5
epsilon (next episode)       : 0.41475
replay buffer                : 300000 samples [1: 95.8%, 2: 3.8%, 3: 0.3%, 4: 0.0%, 5: 0.0%, 6: 0.0%]
DFA state visits in window   : 1: 21850, 2: 1536, 3: 518, 4: 0, 5: 0, 6: 0
DFA state visits cumulative  : 1: 608237, 2: 12847, 3: 998, 4: 0, 5: 0, 6: 0
DFA state entries in window  : 1: 100, 2: 14, 3: 5, 4: 0, 5: 0, 6: 0
DFA state entries cumulative : 1: 4400, 2: 176, 3: 12, 4: 0, 5: 0, 6: 0
transitions cumulative       : 1->2: 176, 2->3: 12
accepted directly from s0    : 0
Gym endings cumulative       : terminated=4381, truncated=20

[Episode 4500/12000 | last 100]
success rate                : 0.0% (cumulative 0.0%)
failure rate                : 0.0% (cumulative 0.0%)
completed cycles / episode  : 0.000
synthetic task reward       : 0.000
shaping reward              : -282.781
learning reward             : -282.781
episode length              : 279.9
abstract changes / episode  : 214.8
same abstract-state steps   : 23.3%
same-state shaping / episode: 0.000
changed-state shaping / ep. : -282.781
terminal shaping / episode  : -3.934
DFA transitions / episode   : 0.21
DFA transitions in window   : 1->2: 15, 2->3: 6
epsilon (next episode)       : 0.40653
replay buffer                : 300000 samples [1: 95.2%, 2: 4.2%, 3: 0.6%, 4: 0.0%, 5: 0.0%, 6: 0.0%]
DFA state visits in window   : 1: 25910, 2: 1499, 3: 686, 4: 0, 5: 0, 6: 0
DFA state visits cumulative  : 1: 634147, 2: 14346, 3: 1684, 4: 0, 5: 0, 6: 0
DFA state entries in window  : 1: 100, 2: 15, 3: 6, 4: 0, 5: 0, 6: 0
DFA state entries cumulative : 1: 4500, 2: 191, 3: 18, 4: 0, 5: 0, 6: 0
transitions cumulative       : 1->2: 191, 2->3: 18
accepted directly from s0    : 0
Gym endings cumulative       : terminated=4480, truncated=21

Starting autonomous greedy evaluation at episode 4500 (1000 fixed-seed episodes)...
[Greedy evaluation at episode 4500 | 1000 fixed-seed episodes]
success=0.0%, failure=0.0%, task reward=0.000, length=987.9
DFA transitions: 1->2: 5

[Episode 4600/12000 | last 100]
success rate                : 0.0% (cumulative 0.0%)
failure rate                : 0.0% (cumulative 0.0%)
completed cycles / episode  : 0.000
synthetic task reward       : 0.000
shaping reward              : -254.548
learning reward             : -254.548
episode length              : 306.8
abstract changes / episode  : 231.6
same abstract-state steps   : 24.5%
same-state shaping / episode: 0.000
changed-state shaping / ep. : -254.548
terminal shaping / episode  : -4.093
DFA transitions / episode   : 0.34
DFA transitions in window   : 1->2: 22, 2->3: 12
epsilon (next episode)       : 0.39848
replay buffer                : 300000 samples [1: 93.5%, 2: 5.2%, 3: 1.3%, 4: 0.0%, 5: 0.0%, 6: 0.0%]
DFA state visits in window   : 1: 25123, 2: 3436, 3: 2225, 4: 0, 5: 0, 6: 0
DFA state visits cumulative  : 1: 659270, 2: 17782, 3: 3909, 4: 0, 5: 0, 6: 0
DFA state entries in window  : 1: 100, 2: 22, 3: 12, 4: 0, 5: 0, 6: 0
DFA state entries cumulative : 1: 4600, 2: 213, 3: 30, 4: 0, 5: 0, 6: 0
transitions cumulative       : 1->2: 213, 2->3: 30
accepted directly from s0    : 0
Gym endings cumulative       : terminated=4576, truncated=25

[Episode 4700/12000 | last 100]
success rate                : 0.0% (cumulative 0.0%)
failure rate                : 0.0% (cumulative 0.0%)
completed cycles / episode  : 0.000
synthetic task reward       : 0.000
shaping reward              : -239.804
learning reward             : -239.804
episode length              : 225.0
abstract changes / episode  : 182.5
same abstract-state steps   : 18.9%
same-state shaping / episode: 0.000
changed-state shaping / ep. : -239.804
terminal shaping / episode  : -3.415
DFA transitions / episode   : 0.34
DFA transitions in window   : 1->2: 26, 2->3: 7, 3->4: 1
epsilon (next episode)       : 0.39059
replay buffer                : 300000 samples [1: 92.1%, 2: 6.2%, 3: 1.6%, 4: 0.1%, 5: 0.0%, 6: 0.0%]
DFA state visits in window   : 1: 18020, 2: 3234, 3: 970, 4: 380, 5: 0, 6: 0
DFA state visits cumulative  : 1: 677290, 2: 21016, 3: 4879, 4: 380, 5: 0, 6: 0
DFA state entries in window  : 1: 100, 2: 26, 3: 7, 4: 1, 5: 0, 6: 0
DFA state entries cumulative : 1: 4700, 2: 239, 3: 37, 4: 1, 5: 0, 6: 0
transitions cumulative       : 1->2: 239, 2->3: 37, 3->4: 1
accepted directly from s0    : 0
Gym endings cumulative       : terminated=4675, truncated=26

[Episode 4800/12000 | last 100]
success rate                : 0.0% (cumulative 0.0%)
failure rate                : 0.0% (cumulative 0.0%)
completed cycles / episode  : 0.000
synthetic task reward       : 0.000
shaping reward              : -311.032
learning reward             : -311.032
episode length              : 232.5
abstract changes / episode  : 186.6
same abstract-state steps   : 19.7%
same-state shaping / episode: 0.000
changed-state shaping / ep. : -311.032
terminal shaping / episode  : -5.523
DFA transitions / episode   : 0.25
DFA transitions in window   : 1->2: 19, 2->3: 5, 3->4: 1
epsilon (next episode)       : 0.38286
replay buffer                : 300000 samples [1: 91.0%, 2: 7.0%, 3: 1.9%, 4: 0.2%, 5: 0.0%, 6: 0.0%]
DFA state visits in window   : 1: 20030, 2: 2458, 3: 769, 4: 91, 5: 0, 6: 0
DFA state visits cumulative  : 1: 697320, 2: 23474, 3: 5648, 4: 471, 5: 0, 6: 0
DFA state entries in window  : 1: 100, 2: 19, 3: 5, 4: 1, 5: 0, 6: 0
DFA state entries cumulative : 1: 4800, 2: 258, 3: 42, 4: 2, 5: 0, 6: 0
transitions cumulative       : 1->2: 258, 2->3: 42, 3->4: 2
accepted directly from s0    : 0
Gym endings cumulative       : terminated=4770, truncated=31

[Episode 4900/12000 | last 100]
success rate                : 0.0% (cumulative 0.0%)
failure rate                : 0.0% (cumulative 0.0%)
completed cycles / episode  : 0.000
synthetic task reward       : 0.000
shaping reward              : -231.808
learning reward             : -231.808
episode length              : 255.1
abstract changes / episode  : 200.3
same abstract-state steps   : 21.5%
same-state shaping / episode: 0.000
changed-state shaping / ep. : -231.808
terminal shaping / episode  : -4.723
DFA transitions / episode   : 0.33
DFA transitions in window   : 1->2: 23, 2->3: 6, 3->4: 4
epsilon (next episode)       : 0.37527
replay buffer                : 300000 samples [1: 89.0%, 2: 8.5%, 3: 2.2%, 4: 0.3%, 5: 0.0%, 6: 0.0%]
DFA state visits in window   : 1: 19391, 2: 4903, 3: 852, 4: 468, 5: 0, 6: 0
DFA state visits cumulative  : 1: 716711, 2: 28377, 3: 6500, 4: 939, 5: 0, 6: 0
DFA state entries in window  : 1: 100, 2: 23, 3: 6, 4: 4, 5: 0, 6: 0
DFA state entries cumulative : 1: 4900, 2: 281, 3: 48, 4: 6, 5: 0, 6: 0
transitions cumulative       : 1->2: 281, 2->3: 48, 3->4: 6
accepted directly from s0    : 0
Gym endings cumulative       : terminated=4867, truncated=34

[Episode 5000/12000 | last 100]
success rate                : 0.0% (cumulative 0.0%)
failure rate                : 0.0% (cumulative 0.0%)
completed cycles / episode  : 0.000
synthetic task reward       : 0.000
shaping reward              : 81.152
learning reward             : 81.152
episode length              : 365.8
abstract changes / episode  : 263.2
same abstract-state steps   : 28.0%
same-state shaping / episode: 0.000
changed-state shaping / ep. : 81.152
terminal shaping / episode  : -7.637
DFA transitions / episode   : 0.68
DFA transitions in window   : 1->2: 39, 2->3: 23, 3->4: 6
epsilon (next episode)       : 0.36784
replay buffer                : 300000 samples [1: 84.1%, 2: 11.0%, 3: 4.3%, 4: 0.7%, 5: 0.0%, 6: 0.0%]
DFA state visits in window   : 1: 21680, 2: 7637, 3: 6337, 4: 1026, 5: 0, 6: 0
DFA state visits cumulative  : 1: 738391, 2: 36014, 3: 12837, 4: 1965, 5: 0, 6: 0
DFA state entries in window  : 1: 100, 2: 39, 3: 23, 4: 6, 5: 0, 6: 0
DFA state entries cumulative : 1: 5000, 2: 320, 3: 71, 4: 12, 5: 0, 6: 0
transitions cumulative       : 1->2: 320, 2->3: 71, 3->4: 12
accepted directly from s0    : 0
Gym endings cumulative       : terminated=4960, truncated=41

Starting autonomous greedy evaluation at episode 5000 (1000 fixed-seed episodes)...
[Greedy evaluation at episode 5000 | 1000 fixed-seed episodes]
success=0.0%, failure=0.0%, task reward=0.000, length=992.3
DFA transitions: 1->2: 8, 2->3: 8, 3->4: 7

[Episode 5100/12000 | last 100]
success rate                : 0.0% (cumulative 0.0%)
failure rate                : 0.0% (cumulative 0.0%)
completed cycles / episode  : 0.000
synthetic task reward       : 0.000
shaping reward              : -164.844
learning reward             : -164.844
episode length              : 261.5
abstract changes / episode  : 210.3
same abstract-state steps   : 19.6%
same-state shaping / episode: 0.000
changed-state shaping / ep. : -164.844
terminal shaping / episode  : -4.675
DFA transitions / episode   : 0.42
DFA transitions in window   : 1->2: 29, 2->3: 8, 3->4: 4, 4->5: 1
epsilon (next episode)       : 0.36056
replay buffer                : 300000 samples [1: 81.9%, 2: 12.5%, 3: 4.8%, 4: 0.9%, 5: 0.0%, 6: 0.0%]
DFA state visits in window   : 1: 19085, 2: 4920, 3: 1541, 4: 633, 5: 68, 6: 0
DFA state visits cumulative  : 1: 757476, 2: 40934, 3: 14378, 4: 2598, 5: 68, 6: 0
DFA state entries in window  : 1: 100, 2: 29, 3: 8, 4: 4, 5: 1, 6: 0
DFA state entries cumulative : 1: 5100, 2: 349, 3: 79, 4: 16, 5: 1, 6: 0
transitions cumulative       : 1->2: 349, 2->3: 79, 3->4: 16, 4->5: 1
accepted directly from s0    : 0
Gym endings cumulative       : terminated=5058, truncated=43

[Episode 5200/12000 | last 100]
success rate                : 0.0% (cumulative 0.0%)
failure rate                : 0.0% (cumulative 0.0%)
completed cycles / episode  : 0.000
synthetic task reward       : 0.000
shaping reward              : -240.057
learning reward             : -240.057
episode length              : 341.6
abstract changes / episode  : 266.6
same abstract-state steps   : 22.0%
same-state shaping / episode: 0.000
changed-state shaping / ep. : -240.057
terminal shaping / episode  : -3.161
DFA transitions / episode   : 0.56
DFA transitions in window   : 1->2: 33, 2->3: 20, 3->4: 2, 4->5: 1
epsilon (next episode)       : 0.35342
replay buffer                : 300000 samples [1: 78.2%, 2: 14.2%, 3: 6.5%, 4: 0.9%, 5: 0.2%, 6: 0.0%]
DFA state visits in window   : 1: 20602, 2: 7575, 3: 5375, 4: 151, 5: 561, 6: 0
DFA state visits cumulative  : 1: 778078, 2: 48509, 3: 19753, 4: 2749, 5: 629, 6: 0
DFA state entries in window  : 1: 100, 2: 33, 3: 20, 4: 2, 5: 1, 6: 0
DFA state entries cumulative : 1: 5200, 2: 382, 3: 99, 4: 18, 5: 2, 6: 0
transitions cumulative       : 1->2: 382, 2->3: 99, 3->4: 18, 4->5: 2
accepted directly from s0    : 0
Gym endings cumulative       : terminated=5156, truncated=45

[Episode 5300/12000 | last 100]
success rate                : 0.0% (cumulative 0.0%)
failure rate                : 0.0% (cumulative 0.0%)
completed cycles / episode  : 0.000
synthetic task reward       : 0.000
shaping reward              : -155.888
learning reward             : -155.888
episode length              : 370.1
abstract changes / episode  : 294.8
same abstract-state steps   : 20.4%
same-state shaping / episode: 0.000
changed-state shaping / ep. : -155.888
terminal shaping / episode  : -3.693
DFA transitions / episode   : 0.72
DFA transitions in window   : 1->2: 46, 2->3: 20, 3->4: 5, 4->5: 1
epsilon (next episode)       : 0.34642
replay buffer                : 300000 samples [1: 74.4%, 2: 15.8%, 3: 8.4%, 4: 1.1%, 5: 0.3%, 6: 0.0%]
DFA state visits in window   : 1: 21224, 2: 9199, 3: 5846, 4: 658, 5: 188, 6: 0
DFA state visits cumulative  : 1: 799302, 2: 57708, 3: 25599, 4: 3407, 5: 817, 6: 0
DFA state entries in window  : 1: 100, 2: 46, 3: 20, 4: 5, 5: 1, 6: 0
DFA state entries cumulative : 1: 5300, 2: 428, 3: 119, 4: 23, 5: 3, 6: 0
transitions cumulative       : 1->2: 428, 2->3: 119, 3->4: 23, 4->5: 3
accepted directly from s0    : 0
Gym endings cumulative       : terminated=5253, truncated=48

[Episode 5400/12000 | last 100]
success rate                : 0.0% (cumulative 0.0%)
failure rate                : 0.0% (cumulative 0.0%)
completed cycles / episode  : 0.000
synthetic task reward       : 0.000
shaping reward              : -38.607
learning reward             : -38.607
episode length              : 427.3
abstract changes / episode  : 329.6
same abstract-state steps   : 22.9%
same-state shaping / episode: 0.000
changed-state shaping / ep. : -38.607
terminal shaping / episode  : -2.484
DFA transitions / episode   : 0.77
DFA transitions in window   : 1->2: 51, 2->3: 23, 3->4: 2, 4->5: 1
epsilon (next episode)       : 0.33956
replay buffer                : 300000 samples [1: 69.0%, 2: 19.3%, 3: 10.2%, 4: 1.2%, 5: 0.3%, 6: 0.0%]
DFA state visits in window   : 1: 22751, 2: 13560, 3: 6191, 4: 325, 5: 1, 6: 0
DFA state visits cumulative  : 1: 822053, 2: 71268, 3: 31790, 4: 3732, 5: 818, 6: 0
DFA state entries in window  : 1: 100, 2: 51, 3: 23, 4: 2, 5: 1, 6: 0
DFA state entries cumulative : 1: 5400, 2: 479, 3: 142, 4: 25, 5: 4, 6: 0
transitions cumulative       : 1->2: 479, 2->3: 142, 3->4: 25, 4->5: 4
accepted directly from s0    : 0
Gym endings cumulative       : terminated=5344, truncated=57

[Episode 5500/12000 | last 100]
success rate                : 0.0% (cumulative 0.0%)
failure rate                : 0.0% (cumulative 0.0%)
completed cycles / episode  : 0.000
synthetic task reward       : 0.000
shaping reward              : 514.629
learning reward             : 514.629
episode length              : 413.2
abstract changes / episode  : 304.8
same abstract-state steps   : 26.2%
same-state shaping / episode: 0.000
changed-state shaping / ep. : 514.629
terminal shaping / episode  : -2.720
DFA transitions / episode   : 0.97
DFA transitions in window   : 1->2: 55, 2->3: 25, 3->4: 11, 4->5: 6
epsilon (next episode)       : 0.33283
replay buffer                : 300000 samples [1: 63.9%, 2: 21.7%, 3: 11.3%, 4: 2.4%, 5: 0.6%, 6: 0.0%]
DFA state visits in window   : 1: 20209, 2: 10611, 3: 6022, 4: 3448, 5: 1134, 6: 0
DFA state visits cumulative  : 1: 842262, 2: 81879, 3: 37812, 4: 7180, 5: 1952, 6: 0
DFA state entries in window  : 1: 100, 2: 55, 3: 25, 4: 11, 5: 6, 6: 0
DFA state entries cumulative : 1: 5500, 2: 534, 3: 167, 4: 36, 5: 10, 6: 0
transitions cumulative       : 1->2: 534, 2->3: 167, 3->4: 36, 4->5: 10
accepted directly from s0    : 0
Gym endings cumulative       : terminated=5429, truncated=72

Starting autonomous greedy evaluation at episode 5500 (1000 fixed-seed episodes)...
[Greedy evaluation at episode 5500 | 1000 fixed-seed episodes]
success=0.0%, failure=0.0%, task reward=0.000, length=996.8
DFA transitions: 1->2: 978, 2->3: 624, 3->4: 576, 4->5: 202

[Episode 5600/12000 | last 100]
success rate                : 0.0% (cumulative 0.0%)
failure rate                : 0.0% (cumulative 0.0%)
completed cycles / episode  : 0.000
synthetic task reward       : 0.000
shaping reward              : 624.610
learning reward             : 624.610
episode length              : 507.3
abstract changes / episode  : 390.4
same abstract-state steps   : 23.1%
same-state shaping / episode: 0.000
changed-state shaping / ep. : 624.610
terminal shaping / episode  : -1.090
DFA transitions / episode   : 1.28
DFA transitions in window   : 1->2: 66, 2->3: 36, 3->4: 15, 4->5: 11
epsilon (next episode)       : 0.32624
replay buffer                : 300000 samples [1: 58.5%, 2: 23.1%, 3: 14.0%, 4: 2.9%, 5: 1.5%, 6: 0.0%]
DFA state visits in window   : 1: 25711, 2: 10522, 3: 9927, 4: 2074, 5: 2599, 6: 0
DFA state visits cumulative  : 1: 867973, 2: 92401, 3: 47739, 4: 9254, 5: 4551, 6: 0
DFA state entries in window  : 1: 100, 2: 66, 3: 36, 4: 15, 5: 11, 6: 0
DFA state entries cumulative : 1: 5600, 2: 600, 3: 203, 4: 51, 5: 21, 6: 0
transitions cumulative       : 1->2: 600, 2->3: 203, 3->4: 51, 4->5: 21
accepted directly from s0    : 0
Gym endings cumulative       : terminated=5510, truncated=91

[Episode 5700/12000 | last 100]
success rate                : 0.0% (cumulative 0.0%)
failure rate                : 0.0% (cumulative 0.0%)
completed cycles / episode  : 0.000
synthetic task reward       : 0.000
shaping reward              : 258.314
learning reward             : 258.314
episode length              : 457.9
abstract changes / episode  : 365.8
same abstract-state steps   : 20.1%
same-state shaping / episode: 0.000
changed-state shaping / ep. : 258.314
terminal shaping / episode  : -1.966
DFA transitions / episode   : 1.01
DFA transitions in window   : 1->2: 60, 2->3: 29, 3->4: 9, 4->5: 3
epsilon (next episode)       : 0.31978
replay buffer                : 300000 samples [1: 55.5%, 2: 24.0%, 3: 15.4%, 4: 3.5%, 5: 1.6%, 6: 0.0%]
DFA state visits in window   : 1: 23679, 2: 12214, 3: 7061, 4: 2674, 5: 260, 6: 0
DFA state visits cumulative  : 1: 891652, 2: 104615, 3: 54800, 4: 11928, 5: 4811, 6: 0
DFA state entries in window  : 1: 100, 2: 60, 3: 29, 4: 9, 5: 3, 6: 0
DFA state entries cumulative : 1: 5700, 2: 660, 3: 232, 4: 60, 5: 24, 6: 0
transitions cumulative       : 1->2: 660, 2->3: 232, 3->4: 60, 4->5: 24
accepted directly from s0    : 0
Gym endings cumulative       : terminated=5596, truncated=105

[Episode 5800/12000 | last 100]
success rate                : 1.0% (cumulative 0.0%)
failure rate                : 0.0% (cumulative 0.0%)
completed cycles / episode  : 0.000
synthetic task reward       : 100.000
shaping reward              : 624.966
learning reward             : 724.966
episode length              : 499.2
abstract changes / episode  : 389.1
same abstract-state steps   : 22.1%
same-state shaping / episode: 0.000
changed-state shaping / ep. : 624.966
terminal shaping / episode  : 0.194
DFA transitions / episode   : 1.21
DFA transitions in window   : 1->2: 63, 2->3: 34, 3->4: 16, 4->5: 7, 5->6: 1
epsilon (next episode)       : 0.31345
replay buffer                : 300000 samples [1: 52.0%, 2: 26.0%, 3: 16.1%, 4: 3.9%, 5: 2.0%, 6: 0.0%]
DFA state visits in window   : 1: 23035, 2: 15053, 3: 8257, 4: 2504, 5: 1168, 6: 1
DFA state visits cumulative  : 1: 914687, 2: 119668, 3: 63057, 4: 14432, 5: 5979, 6: 1
DFA state entries in window  : 1: 100, 2: 63, 3: 34, 4: 16, 5: 7, 6: 1
DFA state entries cumulative : 1: 5800, 2: 723, 3: 266, 4: 76, 5: 31, 6: 1
transitions cumulative       : 1->2: 723, 2->3: 266, 3->4: 76, 4->5: 31, 5->6: 1
accepted directly from s0    : 0
Gym endings cumulative       : terminated=5677, truncated=123

[Episode 5900/12000 | last 100]
success rate                : 5.0% (cumulative 0.1%)
failure rate                : 0.0% (cumulative 0.0%)
completed cycles / episode  : 0.000
synthetic task reward       : 500.000
shaping reward              : 1248.582
learning reward             : 1748.582
episode length              : 517.8
abstract changes / episode  : 394.9
same abstract-state steps   : 23.7%
same-state shaping / episode: 0.000
changed-state shaping / ep. : 1248.582
terminal shaping / episode  : 3.914
DFA transitions / episode   : 1.59
DFA transitions in window   : 1->2: 58, 2->3: 47, 3->4: 30, 4->5: 19, 5->6: 5
epsilon (next episode)       : 0.30724
replay buffer                : 300000 samples [1: 50.5%, 2: 24.9%, 3: 16.4%, 4: 5.3%, 5: 2.9%, 6: 0.0%]
DFA state visits in window   : 1: 26049, 2: 8158, 3: 9377, 4: 4787, 5: 3506, 6: 5
DFA state visits cumulative  : 1: 940736, 2: 127826, 3: 72434, 4: 19219, 5: 9485, 6: 6
DFA state entries in window  : 1: 100, 2: 58, 3: 47, 4: 30, 5: 19, 6: 5
DFA state entries cumulative : 1: 5900, 2: 781, 3: 313, 4: 106, 5: 50, 6: 6
transitions cumulative       : 1->2: 781, 2->3: 313, 3->4: 106, 4->5: 50, 5->6: 6
accepted directly from s0    : 0
Gym endings cumulative       : terminated=5754, truncated=141

[Episode 6000/12000 | last 100]
success rate                : 5.0% (cumulative 0.2%)
failure rate                : 0.0% (cumulative 0.0%)
completed cycles / episode  : 0.000
synthetic task reward       : 500.000
shaping reward              : 1128.145
learning reward             : 1628.145
episode length              : 471.4
abstract changes / episode  : 359.4
same abstract-state steps   : 23.8%
same-state shaping / episode: 0.000
changed-state shaping / ep. : 1128.145
terminal shaping / episode  : 2.312
DFA transitions / episode   : 1.38
DFA transitions in window   : 1->2: 53, 2->3: 40, 3->4: 26, 4->5: 14, 5->6: 5
epsilon (next episode)       : 0.30116
replay buffer                : 300000 samples [1: 50.8%, 2: 22.2%, 3: 17.0%, 4: 6.5%, 5: 3.5%, 6: 0.0%]
DFA state visits in window   : 1: 26736, 2: 6571, 3: 8220, 4: 3866, 5: 1846, 6: 5
DFA state visits cumulative  : 1: 967472, 2: 134397, 3: 80654, 4: 23085, 5: 11331, 6: 11
DFA state entries in window  : 1: 100, 2: 53, 3: 40, 4: 26, 5: 14, 6: 5
DFA state entries cumulative : 1: 6000, 2: 834, 3: 353, 4: 132, 5: 64, 6: 11
transitions cumulative       : 1->2: 834, 2->3: 353, 3->4: 132, 4->5: 64, 5->6: 11
accepted directly from s0    : 0
Gym endings cumulative       : terminated=5834, truncated=156

Starting autonomous greedy evaluation at episode 6000 (1000 fixed-seed episodes)...
[Greedy evaluation at episode 6000 | 1000 fixed-seed episodes]
success=14.1%, failure=0.0%, task reward=1410.000, length=908.2
DFA transitions: 1->2: 999, 2->3: 717, 3->4: 514, 4->5: 487, 5->6: 141
Best policy updated from autonomous greedy evaluation at episode 6000.

[Episode 6100/12000 | last 100]
success rate                : 5.0% (cumulative 0.3%)
failure rate                : 0.0% (cumulative 0.0%)
completed cycles / episode  : 0.000
synthetic task reward       : 500.000
shaping reward              : 950.969
learning reward             : 1450.969
episode length              : 471.0
abstract changes / episode  : 361.7
same abstract-state steps   : 23.2%
same-state shaping / episode: 0.000
changed-state shaping / ep. : 950.969
terminal shaping / episode  : 3.566
DFA transitions / episode   : 1.29
DFA transitions in window   : 1->2: 52, 2->3: 41, 3->4: 21, 4->5: 10, 5->6: 5
epsilon (next episode)       : 0.29519
replay buffer                : 300000 samples [1: 50.6%, 2: 20.6%, 3: 18.8%, 4: 6.5%, 5: 3.5%, 6: 0.0%]
DFA state visits in window   : 1: 21813, 2: 7949, 3: 12985, 4: 3309, 5: 1142, 6: 5
DFA state visits cumulative  : 1: 989285, 2: 142346, 3: 93639, 4: 26394, 5: 12473, 6: 16
DFA state entries in window  : 1: 100, 2: 52, 3: 41, 4: 21, 5: 10, 6: 5
DFA state entries cumulative : 1: 6100, 2: 886, 3: 394, 4: 153, 5: 74, 6: 16
transitions cumulative       : 1->2: 886, 2->3: 394, 3->4: 153, 4->5: 74, 5->6: 16
accepted directly from s0    : 0
Gym endings cumulative       : terminated=5916, truncated=169

[Episode 6200/12000 | last 100]
success rate                : 4.0% (cumulative 0.3%)
failure rate                : 0.0% (cumulative 0.0%)
completed cycles / episode  : 0.000
synthetic task reward       : 400.000
shaping reward              : 1157.317
learning reward             : 1557.317
episode length              : 476.9
abstract changes / episode  : 378.4
same abstract-state steps   : 20.7%
same-state shaping / episode: 0.000
changed-state shaping / ep. : 1157.317
terminal shaping / episode  : 3.456
DFA transitions / episode   : 1.34
DFA transitions in window   : 1->2: 54, 2->3: 38, 3->4: 24, 4->5: 14, 5->6: 4
epsilon (next episode)       : 0.28935
replay buffer                : 300000 samples [1: 49.6%, 2: 20.1%, 3: 19.7%, 4: 7.3%, 5: 3.3%, 6: 0.0%]
DFA state visits in window   : 1: 21785, 2: 8936, 3: 11200, 4: 4389, 5: 1471, 6: 4
DFA state visits cumulative  : 1: 1011070, 2: 151282, 3: 104839, 4: 30783, 5: 13944, 6: 20
DFA state entries in window  : 1: 100, 2: 54, 3: 38, 4: 24, 5: 14, 6: 4
DFA state entries cumulative : 1: 6200, 2: 940, 3: 432, 4: 177, 5: 88, 6: 20
transitions cumulative       : 1->2: 940, 2->3: 432, 3->4: 177, 4->5: 88, 5->6: 20
accepted directly from s0    : 0
Gym endings cumulative       : terminated=6000, truncated=181

[Episode 6300/12000 | last 100]
success rate                : 8.0% (cumulative 0.4%)
failure rate                : 0.0% (cumulative 0.0%)
completed cycles / episode  : 0.000
synthetic task reward       : 800.000
shaping reward              : 1275.512
learning reward             : 2075.512
episode length              : 492.8
abstract changes / episode  : 380.6
same abstract-state steps   : 22.8%
same-state shaping / episode: 0.000
changed-state shaping / ep. : 1275.512
terminal shaping / episode  : 5.272
DFA transitions / episode   : 1.37
DFA transitions in window   : 1->2: 50, 2->3: 41, 3->4: 23, 4->5: 15, 5->6: 8
epsilon (next episode)       : 0.28362
replay buffer                : 300000 samples [1: 49.5%, 2: 19.0%, 3: 20.4%, 4: 7.5%, 5: 3.7%, 6: 0.0%]
DFA state visits in window   : 1: 25894, 2: 7578, 3: 10373, 4: 3598, 5: 1927, 6: 8
DFA state visits cumulative  : 1: 1036964, 2: 158860, 3: 115212, 4: 34381, 5: 15871, 6: 28
DFA state entries in window  : 1: 100, 2: 50, 3: 41, 4: 23, 5: 15, 6: 8
DFA state entries cumulative : 1: 6300, 2: 990, 3: 473, 4: 200, 5: 103, 6: 28
transitions cumulative       : 1->2: 990, 2->3: 473, 3->4: 200, 4->5: 103, 5->6: 28
accepted directly from s0    : 0
Gym endings cumulative       : terminated=6078, truncated=195

[Episode 6400/12000 | last 100]
success rate                : 9.0% (cumulative 0.6%)
failure rate                : 0.0% (cumulative 0.0%)
completed cycles / episode  : 0.000
synthetic task reward       : 900.000
shaping reward              : 1498.360
learning reward             : 2398.360
episode length              : 513.8
abstract changes / episode  : 394.0
same abstract-state steps   : 23.3%
same-state shaping / episode: 0.000
changed-state shaping / ep. : 1498.360
terminal shaping / episode  : 7.973
DFA transitions / episode   : 1.45
DFA transitions in window   : 1->2: 53, 2->3: 37, 3->4: 27, 4->5: 19, 5->6: 9
epsilon (next episode)       : 0.27800
replay buffer                : 300000 samples [1: 51.2%, 2: 16.8%, 3: 20.2%, 4: 7.8%, 5: 4.0%, 6: 0.0%]
DFA state visits in window   : 1: 28561, 2: 9906, 3: 7421, 4: 3537, 5: 2044, 6: 9
DFA state visits cumulative  : 1: 1065525, 2: 168766, 3: 122633, 4: 37918, 5: 17915, 6: 37
DFA state entries in window  : 1: 100, 2: 53, 3: 37, 4: 27, 5: 19, 6: 9
DFA state entries cumulative : 1: 6400, 2: 1043, 3: 510, 4: 227, 5: 122, 6: 37
transitions cumulative       : 1->2: 1043, 2->3: 510, 3->4: 227, 4->5: 122, 5->6: 37
accepted directly from s0    : 0
Gym endings cumulative       : terminated=6151, truncated=213

[Episode 6500/12000 | last 100]
success rate                : 14.0% (cumulative 0.8%)
failure rate                : 0.0% (cumulative 0.0%)
completed cycles / episode  : 0.000
synthetic task reward       : 1400.000
shaping reward              : 2370.604
learning reward             : 3770.604
episode length              : 557.6
abstract changes / episode  : 421.6
same abstract-state steps   : 24.4%
same-state shaping / episode: 0.000
changed-state shaping / ep. : 2370.604
terminal shaping / episode  : 15.136
DFA transitions / episode   : 1.95
DFA transitions in window   : 1->2: 68, 2->3: 49, 3->4: 39, 4->5: 25, 5->6: 14
epsilon (next episode)       : 0.27250
replay buffer                : 300000 samples [1: 50.2%, 2: 17.7%, 3: 20.0%, 4: 8.5%, 5: 3.7%, 6: 0.0%]
DFA state visits in window   : 1: 25569, 2: 11679, 3: 9515, 4: 6440, 5: 2640, 6: 14
DFA state visits cumulative  : 1: 1091094, 2: 180445, 3: 132148, 4: 44358, 5: 20555, 6: 51
DFA state entries in window  : 1: 100, 2: 68, 3: 49, 4: 39, 5: 25, 6: 14
DFA state entries cumulative : 1: 6500, 2: 1111, 3: 559, 4: 266, 5: 147, 6: 51
transitions cumulative       : 1->2: 1111, 2->3: 559, 3->4: 266, 4->5: 147, 5->6: 51
accepted directly from s0    : 0
Gym endings cumulative       : terminated=6217, truncated=233

Starting autonomous greedy evaluation at episode 6500 (1000 fixed-seed episodes)...
[Greedy evaluation at episode 6500 | 1000 fixed-seed episodes]
success=0.4%, failure=0.0%, task reward=40.000, length=996.6
DFA transitions: 1->2: 960, 2->3: 952, 3->4: 820, 4->5: 4, 5->6: 4

[Episode 6600/12000 | last 100]
success rate                : 22.0% (cumulative 1.1%)
failure rate                : 0.0% (cumulative 0.0%)
completed cycles / episode  : 0.000
synthetic task reward       : 2200.000
shaping reward              : 2642.439
learning reward             : 4842.439
episode length              : 533.5
abstract changes / episode  : 408.7
same abstract-state steps   : 23.4%
same-state shaping / episode: 0.000
changed-state shaping / ep. : 2642.439
terminal shaping / episode  : 21.378
DFA transitions / episode   : 2.19
DFA transitions in window   : 1->2: 64, 2->3: 57, 3->4: 44, 4->5: 32, 5->6: 22
epsilon (next episode)       : 0.26710
replay buffer                : 300000 samples [1: 47.6%, 2: 18.6%, 3: 20.1%, 4: 9.8%, 5: 4.0%, 6: 0.0%]
DFA state visits in window   : 1: 21438, 2: 9962, 3: 10525, 4: 8609, 5: 2895, 6: 22
DFA state visits cumulative  : 1: 1112532, 2: 190407, 3: 142673, 4: 52967, 5: 23450, 6: 73
DFA state entries in window  : 1: 100, 2: 64, 3: 57, 4: 44, 5: 32, 6: 22
DFA state entries cumulative : 1: 6600, 2: 1175, 3: 616, 4: 310, 5: 179, 6: 73
transitions cumulative       : 1->2: 1175, 2->3: 616, 3->4: 310, 4->5: 179, 5->6: 73
accepted directly from s0    : 0
Gym endings cumulative       : terminated=6280, truncated=248

[Episode 6700/12000 | last 100]
success rate                : 13.0% (cumulative 1.3%)
failure rate                : 0.0% (cumulative 0.0%)
completed cycles / episode  : 0.000
synthetic task reward       : 1300.000
shaping reward              : 2193.226
learning reward             : 3493.226
episode length              : 539.0
abstract changes / episode  : 399.9
same abstract-state steps   : 25.8%
same-state shaping / episode: 0.000
changed-state shaping / ep. : 2193.226
terminal shaping / episode  : 14.095
DFA transitions / episode   : 1.84
DFA transitions in window   : 1->2: 62, 2->3: 48, 3->4: 40, 4->5: 21, 5->6: 13
epsilon (next episode)       : 0.26181
replay buffer                : 300000 samples [1: 46.6%, 2: 19.1%, 3: 18.8%, 4: 11.2%, 5: 4.2%, 6: 0.0%]
DFA state visits in window   : 1: 22990, 2: 11492, 3: 9810, 4: 7732, 5: 1960, 6: 13
DFA state visits cumulative  : 1: 1135522, 2: 201899, 3: 152483, 4: 60699, 5: 25410, 6: 86
DFA state entries in window  : 1: 100, 2: 62, 3: 48, 4: 40, 5: 21, 6: 13
DFA state entries cumulative : 1: 6700, 2: 1237, 3: 664, 4: 350, 5: 200, 6: 86
transitions cumulative       : 1->2: 1237, 2->3: 664, 3->4: 350, 4->5: 200, 5->6: 86
accepted directly from s0    : 0
Gym endings cumulative       : terminated=6345, truncated=270

[Episode 6800/12000 | last 100]
success rate                : 21.0% (cumulative 1.6%)
failure rate                : 0.0% (cumulative 0.0%)
completed cycles / episode  : 0.000
synthetic task reward       : 2100.000
shaping reward              : 3235.253
learning reward             : 5335.253
episode length              : 609.8
abstract changes / episode  : 455.3
same abstract-state steps   : 25.3%
same-state shaping / episode: 0.000
changed-state shaping / ep. : 3235.253
terminal shaping / episode  : 20.409
DFA transitions / episode   : 2.46
DFA transitions in window   : 1->2: 71, 2->3: 64, 3->4: 53, 4->5: 37, 5->6: 21
epsilon (next episode)       : 0.25663
replay buffer                : 300000 samples [1: 43.5%, 2: 21.0%, 3: 18.9%, 4: 11.7%, 5: 4.9%, 6: 0.0%]
DFA state visits in window   : 1: 18814, 2: 16443, 3: 13900, 4: 7409, 5: 4491, 6: 21
DFA state visits cumulative  : 1: 1154336, 2: 218342, 3: 166383, 4: 68108, 5: 29901, 6: 107
DFA state entries in window  : 1: 100, 2: 71, 3: 64, 4: 53, 5: 37, 6: 21
DFA state entries cumulative : 1: 6800, 2: 1308, 3: 728, 4: 403, 5: 237, 6: 107
transitions cumulative       : 1->2: 1308, 2->3: 728, 3->4: 403, 4->5: 237, 5->6: 107
accepted directly from s0    : 0
Gym endings cumulative       : terminated=6397, truncated=297

[Episode 6900/12000 | last 100]
success rate                : 28.0% (cumulative 2.0%)
failure rate                : 0.0% (cumulative 0.0%)
completed cycles / episode  : 0.000
synthetic task reward       : 2800.000
shaping reward              : 4063.416
learning reward             : 6863.416
episode length              : 597.2
abstract changes / episode  : 447.5
same abstract-state steps   : 25.1%
same-state shaping / episode: 0.000
changed-state shaping / ep. : 4063.416
terminal shaping / episode  : 28.112
DFA transitions / episode   : 2.95
DFA transitions in window   : 1->2: 81, 2->3: 75, 3->4: 62, 4->5: 49, 5->6: 28
epsilon (next episode)       : 0.25154
replay buffer                : 300000 samples [1: 39.4%, 2: 21.0%, 3: 20.8%, 4: 13.2%, 5: 5.6%, 6: 0.0%]
DFA state visits in window   : 1: 20909, 2: 9017, 3: 16493, 4: 8839, 5: 4535, 6: 28
DFA state visits cumulative  : 1: 1175245, 2: 227359, 3: 182876, 4: 76947, 5: 34436, 6: 135
DFA state entries in window  : 1: 100, 2: 81, 3: 75, 4: 62, 5: 49, 6: 28
DFA state entries cumulative : 1: 6900, 2: 1389, 3: 803, 4: 465, 5: 286, 6: 135
transitions cumulative       : 1->2: 1389, 2->3: 803, 3->4: 465, 4->5: 286, 5->6: 135
accepted directly from s0    : 0
Gym endings cumulative       : terminated=6456, truncated=310

[Episode 7000/12000 | last 100]
success rate                : 35.0% (cumulative 2.4%)
failure rate                : 0.0% (cumulative 0.0%)
completed cycles / episode  : 0.000
synthetic task reward       : 3500.000
shaping reward              : 4152.258
learning reward             : 7652.258
episode length              : 601.0
abstract changes / episode  : 443.6
same abstract-state steps   : 26.2%
same-state shaping / episode: 0.000
changed-state shaping / ep. : 4152.258
terminal shaping / episode  : 34.603
DFA transitions / episode   : 2.89
DFA transitions in window   : 1->2: 78, 2->3: 67, 3->4: 62, 4->5: 47, 5->6: 35
epsilon (next episode)       : 0.24656
replay buffer                : 300000 samples [1: 36.9%, 2: 20.0%, 3: 21.3%, 4: 15.2%, 5: 6.6%, 6: 0.0%]
DFA state visits in window   : 1: 20292, 2: 11289, 3: 11717, 4: 11476, 5: 5393, 6: 35
DFA state visits cumulative  : 1: 1195537, 2: 238648, 3: 194593, 4: 88423, 5: 39829, 6: 170
DFA state entries in window  : 1: 100, 2: 78, 3: 67, 4: 62, 5: 47, 6: 35
DFA state entries cumulative : 1: 7000, 2: 1467, 3: 870, 4: 527, 5: 333, 6: 170
transitions cumulative       : 1->2: 1467, 2->3: 870, 3->4: 527, 4->5: 333, 5->6: 170
accepted directly from s0    : 0
Gym endings cumulative       : terminated=6504, truncated=327

Starting autonomous greedy evaluation at episode 7000 (1000 fixed-seed episodes)...
[Greedy evaluation at episode 7000 | 1000 fixed-seed episodes]
success=1.8%, failure=0.0%, task reward=180.000, length=982.7
DFA transitions: 1->2: 996, 2->3: 987, 3->4: 986, 4->5: 18, 5->6: 18

[Episode 7100/12000 | last 100]
success rate                : 46.0% (cumulative 3.0%)
failure rate                : 0.0% (cumulative 0.0%)
completed cycles / episode  : 0.000
synthetic task reward       : 4600.000
shaping reward              : 4894.363
learning reward             : 9494.363
episode length              : 556.8
abstract changes / episode  : 404.3
same abstract-state steps   : 27.4%
same-state shaping / episode: 0.000
changed-state shaping / ep. : 4894.363
terminal shaping / episode  : 45.880
DFA transitions / episode   : 3.28
DFA transitions in window   : 1->2: 85, 2->3: 72, 3->4: 68, 4->5: 57, 5->6: 46
epsilon (next episode)       : 0.24168
replay buffer                : 300000 samples [1: 34.6%, 2: 19.2%, 3: 22.5%, 4: 16.1%, 5: 7.6%, 6: 0.0%]
DFA state visits in window   : 1: 16592, 2: 8330, 3: 14019, 4: 10925, 5: 5871, 6: 46
DFA state visits cumulative  : 1: 1212129, 2: 246978, 3: 208612, 4: 99348, 5: 45700, 6: 216
DFA state entries in window  : 1: 100, 2: 85, 3: 72, 4: 68, 5: 57, 6: 46
DFA state entries cumulative : 1: 7100, 2: 1552, 3: 942, 4: 595, 5: 390, 6: 216
transitions cumulative       : 1->2: 1552, 2->3: 942, 3->4: 595, 4->5: 390, 5->6: 216
accepted directly from s0    : 0
Gym endings cumulative       : terminated=6548, truncated=337

[Episode 7200/12000 | last 100]
success rate                : 36.0% (cumulative 3.5%)
failure rate                : 0.0% (cumulative 0.0%)
completed cycles / episode  : 0.000
synthetic task reward       : 3600.000
shaping reward              : 3917.555
learning reward             : 7517.555
episode length              : 507.7
abstract changes / episode  : 374.4
same abstract-state steps   : 26.3%
same-state shaping / episode: 0.000
changed-state shaping / ep. : 3917.555
terminal shaping / episode  : 35.050
DFA transitions / episode   : 2.78
DFA transitions in window   : 1->2: 75, 2->3: 61, 3->4: 57, 4->5: 49, 5->6: 36
epsilon (next episode)       : 0.23689
replay buffer                : 300000 samples [1: 32.7%, 2: 19.7%, 3: 22.5%, 4: 16.4%, 5: 8.7%, 6: 0.0%]
DFA state visits in window   : 1: 16113, 2: 9463, 3: 10457, 4: 9304, 5: 5499, 6: 36
DFA state visits cumulative  : 1: 1228242, 2: 256441, 3: 219069, 4: 108652, 5: 51199, 6: 252
DFA state entries in window  : 1: 100, 2: 75, 3: 61, 4: 57, 5: 49, 6: 36
DFA state entries cumulative : 1: 7200, 2: 1627, 3: 1003, 4: 652, 5: 439, 6: 252
transitions cumulative       : 1->2: 1627, 2->3: 1003, 3->4: 652, 4->5: 439, 5->6: 252
accepted directly from s0    : 0
Gym endings cumulative       : terminated=6600, truncated=349

[Episode 7300/12000 | last 100]
success rate                : 50.0% (cumulative 4.1%)
failure rate                : 0.0% (cumulative 0.0%)
completed cycles / episode  : 0.000
synthetic task reward       : 5000.000
shaping reward              : 4814.502
learning reward             : 9814.502
episode length              : 561.3
abstract changes / episode  : 410.4
same abstract-state steps   : 26.9%
same-state shaping / episode: 0.000
changed-state shaping / ep. : 4814.502
terminal shaping / episode  : 49.499
DFA transitions / episode   : 3.19
DFA transitions in window   : 1->2: 77, 2->3: 71, 3->4: 65, 4->5: 56, 5->6: 50
epsilon (next episode)       : 0.23220
replay buffer                : 300000 samples [1: 33.6%, 2: 16.6%, 3: 22.7%, 4: 17.8%, 5: 9.3%, 6: 0.0%]
DFA state visits in window   : 1: 22249, 2: 6732, 3: 11798, 4: 9813, 5: 5586, 6: 50
DFA state visits cumulative  : 1: 1250491, 2: 263173, 3: 230867, 4: 118465, 5: 56785, 6: 302
DFA state entries in window  : 1: 100, 2: 77, 3: 71, 4: 65, 5: 56, 6: 50
DFA state entries cumulative : 1: 7300, 2: 1704, 3: 1074, 4: 717, 5: 495, 6: 302
transitions cumulative       : 1->2: 1704, 2->3: 1074, 3->4: 717, 4->5: 495, 5->6: 302
accepted directly from s0    : 0
Gym endings cumulative       : terminated=6643, truncated=356

[Episode 7400/12000 | last 100]
success rate                : 39.0% (cumulative 4.6%)
failure rate                : 0.0% (cumulative 0.0%)
completed cycles / episode  : 0.000
synthetic task reward       : 3900.000
shaping reward              : 4079.266
learning reward             : 7979.266
episode length              : 623.9
abstract changes / episode  : 441.7
same abstract-state steps   : 29.2%
same-state shaping / episode: 0.000
changed-state shaping / ep. : 4079.266
terminal shaping / episode  : 39.842
DFA transitions / episode   : 2.89
DFA transitions in window   : 1->2: 69, 2->3: 65, 3->4: 62, 4->5: 54, 5->6: 39
epsilon (next episode)       : 0.22760
replay buffer                : 300000 samples [1: 37.8%, 2: 14.8%, 3: 20.1%, 4: 17.3%, 5: 10.0%, 6: 0.0%]
DFA state visits in window   : 1: 32636, 2: 6796, 3: 8798, 4: 8112, 5: 6111, 6: 39
DFA state visits cumulative  : 1: 1283127, 2: 269969, 3: 239665, 4: 126577, 5: 62896, 6: 341
DFA state entries in window  : 1: 100, 2: 69, 3: 65, 4: 62, 5: 54, 6: 39
DFA state entries cumulative : 1: 7400, 2: 1773, 3: 1139, 4: 779, 5: 549, 6: 341
transitions cumulative       : 1->2: 1773, 2->3: 1139, 3->4: 779, 4->5: 549, 5->6: 341
accepted directly from s0    : 0
Gym endings cumulative       : terminated=6685, truncated=375

[Episode 7500/12000 | last 100]
success rate                : 50.0% (cumulative 5.2%)
failure rate                : 0.0% (cumulative 0.0%)
completed cycles / episode  : 0.000
synthetic task reward       : 5000.000
shaping reward              : 4878.987
learning reward             : 9878.987
episode length              : 550.0
abstract changes / episode  : 411.9
same abstract-state steps   : 25.1%
same-state shaping / episode: 0.000
changed-state shaping / ep. : 4878.987
terminal shaping / episode  : 49.991
DFA transitions / episode   : 3.24
DFA transitions in window   : 1->2: 78, 2->3: 72, 3->4: 67, 4->5: 57, 5->6: 50
epsilon (next episode)       : 0.22310
replay buffer                : 300000 samples [1: 38.9%, 2: 14.6%, 3: 19.5%, 4: 16.6%, 5: 10.4%, 6: 0.0%]
DFA state visits in window   : 1: 22652, 2: 7824, 3: 9575, 4: 8467, 5: 6528, 6: 50
DFA state visits cumulative  : 1: 1305779, 2: 277793, 3: 249240, 4: 135044, 5: 69424, 6: 391
DFA state entries in window  : 1: 100, 2: 78, 3: 72, 4: 67, 5: 57, 6: 50
DFA state entries cumulative : 1: 7500, 2: 1851, 3: 1211, 4: 846, 5: 606, 6: 391
transitions cumulative       : 1->2: 1851, 2->3: 1211, 3->4: 846, 4->5: 606, 5->6: 391
accepted directly from s0    : 0
Gym endings cumulative       : terminated=6724, truncated=386

Starting autonomous greedy evaluation at episode 7500 (1000 fixed-seed episodes)...
[Greedy evaluation at episode 7500 | 1000 fixed-seed episodes]
success=97.6%, failure=0.0%, task reward=9760.000, length=512.7
DFA transitions: 1->2: 997, 2->3: 978, 3->4: 978, 4->5: 976, 5->6: 976
Best policy updated from autonomous greedy evaluation at episode 7500.

[Episode 7600/12000 | last 100]
success rate                : 50.0% (cumulative 5.8%)
failure rate                : 0.0% (cumulative 0.0%)
completed cycles / episode  : 0.000
synthetic task reward       : 5000.000
shaping reward              : 4528.589
learning reward             : 9528.589
episode length              : 517.4
abstract changes / episode  : 379.7
same abstract-state steps   : 26.6%
same-state shaping / episode: 0.000
changed-state shaping / ep. : 4528.589
terminal shaping / episode  : 48.377
DFA transitions / episode   : 3.00
DFA transitions in window   : 1->2: 75, 2->3: 63, 3->4: 59, 4->5: 53, 5->6: 50
epsilon (next episode)       : 0.21868
replay buffer                : 300000 samples [1: 41.0%, 2: 15.5%, 3: 17.5%, 4: 15.8%, 5: 10.2%, 6: 0.0%]
DFA state visits in window   : 1: 23426, 2: 11333, 3: 7155, 4: 4946, 5: 4927, 6: 50
DFA state visits cumulative  : 1: 1329205, 2: 289126, 3: 256395, 4: 139990, 5: 74351, 6: 441
DFA state entries in window  : 1: 100, 2: 75, 3: 63, 4: 59, 5: 53, 6: 50
DFA state entries cumulative : 1: 7600, 2: 1926, 3: 1274, 4: 905, 5: 659, 6: 441
transitions cumulative       : 1->2: 1926, 2->3: 1274, 3->4: 905, 4->5: 659, 5->6: 441
accepted directly from s0    : 0
Gym endings cumulative       : terminated=6768, truncated=392

[Episode 7700/12000 | last 100]
success rate                : 49.0% (cumulative 6.4%)
failure rate                : 0.0% (cumulative 0.0%)
completed cycles / episode  : 0.000
synthetic task reward       : 4900.000
shaping reward              : 4999.080
learning reward             : 9899.080
episode length              : 536.5
abstract changes / episode  : 394.2
same abstract-state steps   : 26.5%
same-state shaping / episode: 0.000
changed-state shaping / ep. : 4999.080
terminal shaping / episode  : 49.175
DFA transitions / episode   : 3.28
DFA transitions in window   : 1->2: 81, 2->3: 69, 3->4: 68, 4->5: 61, 5->6: 49
epsilon (next episode)       : 0.21435
replay buffer                : 300000 samples [1: 42.4%, 2: 15.6%, 3: 16.5%, 4: 15.1%, 5: 10.4%, 6: 0.0%]
DFA state visits in window   : 1: 20391, 2: 9486, 3: 8315, 4: 9013, 5: 6494, 6: 49
DFA state visits cumulative  : 1: 1349596, 2: 298612, 3: 264710, 4: 149003, 5: 80845, 6: 490
DFA state entries in window  : 1: 100, 2: 81, 3: 69, 4: 68, 5: 61, 6: 49
DFA state entries cumulative : 1: 7700, 2: 2007, 3: 1343, 4: 973, 5: 720, 6: 490
transitions cumulative       : 1->2: 2007, 2->3: 1343, 3->4: 973, 4->5: 720, 5->6: 490
accepted directly from s0    : 0
Gym endings cumulative       : terminated=6811, truncated=400

[Episode 7800/12000 | last 100]
success rate                : 60.0% (cumulative 7.1%)
failure rate                : 0.0% (cumulative 0.0%)
completed cycles / episode  : 0.000
synthetic task reward       : 6000.000
shaping reward              : 5862.702
learning reward             : 11862.702
episode length              : 573.2
abstract changes / episode  : 425.4
same abstract-state steps   : 25.8%
same-state shaping / episode: 0.000
changed-state shaping / ep. : 5862.702
terminal shaping / episode  : 58.331
DFA transitions / episode   : 3.77
DFA transitions in window   : 1->2: 93, 2->3: 79, 3->4: 76, 4->5: 69, 5->6: 60
epsilon (next episode)       : 0.21010
replay buffer                : 300000 samples [1: 41.1%, 2: 17.0%, 3: 16.6%, 4: 14.2%, 5: 11.1%, 6: 0.0%]
DFA state visits in window   : 1: 17017, 2: 13345, 3: 11597, 4: 8310, 5: 7096, 6: 60
DFA state visits cumulative  : 1: 1366613, 2: 311957, 3: 276307, 4: 157313, 5: 87941, 6: 550
DFA state entries in window  : 1: 100, 2: 93, 3: 79, 4: 76, 5: 69, 6: 60
DFA state entries cumulative : 1: 7800, 2: 2100, 3: 1422, 4: 1049, 5: 789, 6: 550
transitions cumulative       : 1->2: 2100, 2->3: 1422, 3->4: 1049, 4->5: 789, 5->6: 550
accepted directly from s0    : 0
Gym endings cumulative       : terminated=6842, truncated=409

[Episode 7900/12000 | last 100]
success rate                : 52.0% (cumulative 7.6%)
failure rate                : 0.0% (cumulative 0.0%)
completed cycles / episode  : 0.000
synthetic task reward       : 5200.000
shaping reward              : 5497.598
learning reward             : 10697.598
episode length              : 560.2
abstract changes / episode  : 421.4
same abstract-state steps   : 24.8%
same-state shaping / episode: 0.000
changed-state shaping / ep. : 5497.598
terminal shaping / episode  : 51.102
DFA transitions / episode   : 3.50
DFA transitions in window   : 1->2: 83, 2->3: 78, 3->4: 73, 4->5: 64, 5->6: 52
epsilon (next episode)       : 0.20594
replay buffer                : 300000 samples [1: 38.6%, 2: 18.8%, 3: 17.2%, 4: 14.4%, 5: 11.0%, 6: 0.0%]
DFA state visits in window   : 1: 19583, 2: 11248, 3: 11022, 4: 8720, 5: 5494, 6: 52
DFA state visits cumulative  : 1: 1386196, 2: 323205, 3: 287329, 4: 166033, 5: 93435, 6: 602
DFA state entries in window  : 1: 100, 2: 83, 3: 78, 4: 73, 5: 64, 6: 52
DFA state entries cumulative : 1: 7900, 2: 2183, 3: 1500, 4: 1122, 5: 853, 6: 602
transitions cumulative       : 1->2: 2183, 2->3: 1500, 3->4: 1122, 4->5: 853, 5->6: 602
accepted directly from s0    : 0
Gym endings cumulative       : terminated=6880, truncated=419

[Episode 8000/12000 | last 100]
success rate                : 57.0% (cumulative 8.2%)
failure rate                : 0.0% (cumulative 0.0%)
completed cycles / episode  : 0.000
synthetic task reward       : 5700.000
shaping reward              : 5259.363
learning reward             : 10959.363
episode length              : 516.6
abstract changes / episode  : 385.2
same abstract-state steps   : 25.4%
same-state shaping / episode: 0.000
changed-state shaping / ep. : 5259.363
terminal shaping / episode  : 55.589
DFA transitions / episode   : 3.30
DFA transitions in window   : 1->2: 77, 2->3: 69, 3->4: 64, 4->5: 63, 5->6: 57
epsilon (next episode)       : 0.20186
replay buffer                : 300000 samples [1: 37.0%, 2: 20.2%, 3: 18.2%, 4: 14.0%, 5: 10.6%, 6: 0.0%]
DFA state visits in window   : 1: 19170, 2: 10519, 3: 11628, 4: 5837, 5: 4545, 6: 57
DFA state visits cumulative  : 1: 1405366, 2: 333724, 3: 298957, 4: 171870, 5: 97980, 6: 659
DFA state entries in window  : 1: 100, 2: 77, 3: 69, 4: 64, 5: 63, 6: 57
DFA state entries cumulative : 1: 8000, 2: 2260, 3: 1569, 4: 1186, 5: 916, 6: 659
transitions cumulative       : 1->2: 2260, 2->3: 1569, 3->4: 1186, 4->5: 916, 5->6: 659
accepted directly from s0    : 0
Gym endings cumulative       : terminated=6916, truncated=426

Starting autonomous greedy evaluation at episode 8000 (1000 fixed-seed episodes)...
[Greedy evaluation at episode 8000 | 1000 fixed-seed episodes]
success=88.3%, failure=0.0%, task reward=8830.000, length=424.3
DFA transitions: 1->2: 924, 2->3: 895, 3->4: 895, 4->5: 888, 5->6: 883

[Episode 8100/12000 | last 100]
success rate                : 55.0% (cumulative 8.8%)
failure rate                : 0.0% (cumulative 0.0%)
completed cycles / episode  : 0.000
synthetic task reward       : 5500.000
shaping reward              : 5130.861
learning reward             : 10630.861
episode length              : 526.1
abstract changes / episode  : 394.6
same abstract-state steps   : 25.0%
same-state shaping / episode: 0.000
changed-state shaping / ep. : 5130.861
terminal shaping / episode  : 54.485
DFA transitions / episode   : 3.24
DFA transitions in window   : 1->2: 74, 2->3: 68, 3->4: 65, 4->5: 62, 5->6: 55
epsilon (next episode)       : 0.19787
replay buffer                : 300000 samples [1: 37.4%, 2: 19.9%, 3: 18.6%, 4: 13.7%, 5: 10.3%, 6: 0.0%]
DFA state visits in window   : 1: 21412, 2: 10323, 3: 10196, 4: 6345, 5: 4378, 6: 55
DFA state visits cumulative  : 1: 1426778, 2: 344047, 3: 309153, 4: 178215, 5: 102358, 6: 714
DFA state entries in window  : 1: 100, 2: 74, 3: 68, 4: 65, 5: 62, 6: 55
DFA state entries cumulative : 1: 8100, 2: 2334, 3: 1637, 4: 1251, 5: 978, 6: 714
transitions cumulative       : 1->2: 2334, 2->3: 1637, 3->4: 1251, 4->5: 978, 5->6: 714
accepted directly from s0    : 0
Gym endings cumulative       : terminated=6950, truncated=437

[Episode 8200/12000 | last 100]
success rate                : 60.0% (cumulative 9.4%)
failure rate                : 0.0% (cumulative 0.0%)
completed cycles / episode  : 0.000
synthetic task reward       : 6000.000
shaping reward              : 5686.162
learning reward             : 11686.162
episode length              : 526.6
abstract changes / episode  : 403.7
same abstract-state steps   : 23.3%
same-state shaping / episode: 0.000
changed-state shaping / ep. : 5686.162
terminal shaping / episode  : 59.132
DFA transitions / episode   : 3.58
DFA transitions in window   : 1->2: 79, 2->3: 76, 3->4: 73, 4->5: 70, 5->6: 60
epsilon (next episode)       : 0.19395
replay buffer                : 300000 samples [1: 36.4%, 2: 20.2%, 3: 19.0%, 4: 13.9%, 5: 10.6%, 6: 0.0%]
DFA state visits in window   : 1: 20865, 2: 10910, 3: 8231, 4: 6478, 5: 6216, 6: 60
DFA state visits cumulative  : 1: 1447643, 2: 354957, 3: 317384, 4: 184693, 5: 108574, 6: 774
DFA state entries in window  : 1: 100, 2: 79, 3: 76, 4: 73, 5: 70, 6: 60
DFA state entries cumulative : 1: 8200, 2: 2413, 3: 1713, 4: 1324, 5: 1048, 6: 774
transitions cumulative       : 1->2: 2413, 2->3: 1713, 3->4: 1324, 4->5: 1048, 5->6: 774
accepted directly from s0    : 0
Gym endings cumulative       : terminated=6986, truncated=441

[Episode 8300/12000 | last 100]
success rate                : 52.0% (cumulative 10.0%)
failure rate                : 0.0% (cumulative 0.0%)
completed cycles / episode  : 0.000
synthetic task reward       : 5200.000
shaping reward              : 4849.470
learning reward             : 10049.470
episode length              : 495.0
abstract changes / episode  : 371.2
same abstract-state steps   : 25.0%
same-state shaping / episode: 0.000
changed-state shaping / ep. : 4849.470
terminal shaping / episode  : 51.656
DFA transitions / episode   : 3.11
DFA transitions in window   : 1->2: 76, 2->3: 64, 3->4: 60, 4->5: 59, 5->6: 52
epsilon (next episode)       : 0.19011
replay buffer                : 300000 samples [1: 37.4%, 2: 21.4%, 3: 18.4%, 4: 12.7%, 5: 10.0%, 6: 0.0%]
DFA state visits in window   : 1: 20011, 2: 11146, 3: 6656, 4: 5839, 5: 5895, 6: 52
DFA state visits cumulative  : 1: 1467654, 2: 366103, 3: 324040, 4: 190532, 5: 114469, 6: 826
DFA state entries in window  : 1: 100, 2: 76, 3: 64, 4: 60, 5: 59, 6: 52
DFA state entries cumulative : 1: 8300, 2: 2489, 3: 1777, 4: 1384, 5: 1107, 6: 826
transitions cumulative       : 1->2: 2489, 2->3: 1777, 3->4: 1384, 4->5: 1107, 5->6: 826
accepted directly from s0    : 0
Gym endings cumulative       : terminated=7027, truncated=448

[Episode 8400/12000 | last 100]
success rate                : 62.0% (cumulative 10.6%)
failure rate                : 0.0% (cumulative 0.0%)
completed cycles / episode  : 0.000
synthetic task reward       : 6200.000
shaping reward              : 6314.863
learning reward             : 12514.863
episode length              : 631.4
abstract changes / episode  : 469.5
same abstract-state steps   : 25.6%
same-state shaping / episode: 0.000
changed-state shaping / ep. : 6314.863
terminal shaping / episode  : 61.653
DFA transitions / episode   : 4.06
DFA transitions in window   : 1->2: 95, 2->3: 86, 3->4: 84, 4->5: 79, 5->6: 62
epsilon (next episode)       : 0.18634
replay buffer                : 300000 samples [1: 36.6%, 2: 20.7%, 3: 18.3%, 4: 13.3%, 5: 11.1%, 6: 0.0%]
DFA state visits in window   : 1: 17414, 2: 13874, 3: 11094, 4: 11203, 5: 9588, 6: 62
DFA state visits cumulative  : 1: 1485068, 2: 379977, 3: 335134, 4: 201735, 5: 124057, 6: 888
DFA state entries in window  : 1: 100, 2: 95, 3: 86, 4: 84, 5: 79, 6: 62
DFA state entries cumulative : 1: 8400, 2: 2584, 3: 1863, 4: 1468, 5: 1186, 6: 888
transitions cumulative       : 1->2: 2584, 2->3: 1863, 3->4: 1468, 4->5: 1186, 5->6: 888
accepted directly from s0    : 0
Gym endings cumulative       : terminated=7052, truncated=461

[Episode 8500/12000 | last 100]
success rate                : 64.0% (cumulative 11.2%)
failure rate                : 0.0% (cumulative 0.0%)
completed cycles / episode  : 0.000
synthetic task reward       : 6400.000
shaping reward              : 5839.754
learning reward             : 12239.754
episode length              : 532.0
abstract changes / episode  : 400.6
same abstract-state steps   : 24.7%
same-state shaping / episode: 0.000
changed-state shaping / ep. : 5839.754
terminal shaping / episode  : 64.280
DFA transitions / episode   : 3.74
DFA transitions in window   : 1->2: 86, 2->3: 78, 3->4: 75, 4->5: 71, 5->6: 64
epsilon (next episode)       : 0.18265
replay buffer                : 300000 samples [1: 35.7%, 2: 21.2%, 3: 17.3%, 4: 14.2%, 5: 11.5%, 6: 0.0%]
DFA state visits in window   : 1: 16628, 2: 11341, 3: 9196, 4: 9630, 5: 6446, 6: 64
DFA state visits cumulative  : 1: 1501696, 2: 391318, 3: 344330, 4: 211365, 5: 130503, 6: 952
DFA state entries in window  : 1: 100, 2: 86, 3: 78, 4: 75, 5: 71, 6: 64
DFA state entries cumulative : 1: 8500, 2: 2670, 3: 1941, 4: 1543, 5: 1257, 6: 952
transitions cumulative       : 1->2: 2670, 2->3: 1941, 3->4: 1543, 4->5: 1257, 5->6: 952
accepted directly from s0    : 0
Gym endings cumulative       : terminated=7085, truncated=464

Starting autonomous greedy evaluation at episode 8500 (1000 fixed-seed episodes)...
[Greedy evaluation at episode 8500 | 1000 fixed-seed episodes]
success=49.0%, failure=0.0%, task reward=4900.000, length=761.5
DFA transitions: 1->2: 938, 2->3: 935, 3->4: 932, 4->5: 513, 5->6: 490

[Episode 8600/12000 | last 100]
success rate                : 64.0% (cumulative 11.8%)
failure rate                : 0.0% (cumulative 0.0%)
completed cycles / episode  : 0.000
synthetic task reward       : 6400.000
shaping reward              : 6420.239
learning reward             : 12820.239
episode length              : 575.0
abstract changes / episode  : 434.0
same abstract-state steps   : 24.5%
same-state shaping / episode: 0.000
changed-state shaping / ep. : 6420.239
terminal shaping / episode  : 64.812
DFA transitions / episode   : 4.05
DFA transitions in window   : 1->2: 91, 2->3: 87, 3->4: 86, 4->5: 77, 5->6: 64
epsilon (next episode)       : 0.17904
replay buffer                : 300000 samples [1: 34.8%, 2: 21.0%, 3: 17.1%, 4: 14.9%, 5: 12.3%, 6: 0.0%]
DFA state visits in window   : 1: 19110, 2: 11282, 3: 11491, 4: 8826, 5: 6822, 6: 64
DFA state visits cumulative  : 1: 1520806, 2: 402600, 3: 355821, 4: 220191, 5: 137325, 6: 1016
DFA state entries in window  : 1: 100, 2: 91, 3: 87, 4: 86, 5: 77, 6: 64
DFA state entries cumulative : 1: 8600, 2: 2761, 3: 2028, 4: 1629, 5: 1334, 6: 1016
transitions cumulative       : 1->2: 2761, 2->3: 2028, 3->4: 1629, 4->5: 1334, 5->6: 1016
accepted directly from s0    : 0
Gym endings cumulative       : terminated=7115, truncated=470

[Episode 8700/12000 | last 100]
success rate                : 57.0% (cumulative 12.3%)
failure rate                : 0.0% (cumulative 0.0%)
completed cycles / episode  : 0.000
synthetic task reward       : 5700.000
shaping reward              : 5381.338
learning reward             : 11081.338
episode length              : 533.4
abstract changes / episode  : 397.7
same abstract-state steps   : 25.4%
same-state shaping / episode: 0.000
changed-state shaping / ep. : 5381.338
terminal shaping / episode  : 58.536
DFA transitions / episode   : 3.43
DFA transitions in window   : 1->2: 77, 2->3: 72, 3->4: 69, 4->5: 68, 5->6: 57
epsilon (next episode)       : 0.17549
replay buffer                : 300000 samples [1: 35.0%, 2: 21.6%, 3: 16.6%, 4: 14.9%, 5: 11.9%, 6: 0.0%]
DFA state visits in window   : 1: 21354, 2: 12356, 3: 7552, 4: 7063, 5: 5054, 6: 57
DFA state visits cumulative  : 1: 1542160, 2: 414956, 3: 363373, 4: 227254, 5: 142379, 6: 1073
DFA state entries in window  : 1: 100, 2: 77, 3: 72, 4: 69, 5: 68, 6: 57
DFA state entries cumulative : 1: 8700, 2: 2838, 3: 2100, 4: 1698, 5: 1402, 6: 1073
transitions cumulative       : 1->2: 2838, 2->3: 2100, 3->4: 1698, 4->5: 1402, 5->6: 1073
accepted directly from s0    : 0
Gym endings cumulative       : terminated=7152, truncated=476

[Episode 8800/12000 | last 100]
success rate                : 56.0% (cumulative 12.8%)
failure rate                : 0.0% (cumulative 0.0%)
completed cycles / episode  : 0.000
synthetic task reward       : 5600.000
shaping reward              : 5519.440
learning reward             : 11119.440
episode length              : 454.7
abstract changes / episode  : 344.5
same abstract-state steps   : 24.2%
same-state shaping / episode: 0.000
changed-state shaping / ep. : 5519.440
terminal shaping / episode  : 56.195
DFA transitions / episode   : 3.47
DFA transitions in window   : 1->2: 77, 2->3: 72, 3->4: 71, 4->5: 71, 5->6: 56
epsilon (next episode)       : 0.17201
replay buffer                : 300000 samples [1: 33.0%, 2: 22.3%, 3: 16.5%, 4: 15.8%, 5: 12.4%, 6: 0.0%]
DFA state visits in window   : 1: 14761, 2: 11605, 3: 5995, 4: 7057, 5: 6093, 6: 56
DFA state visits cumulative  : 1: 1556921, 2: 426561, 3: 369368, 4: 234311, 5: 148472, 6: 1129
DFA state entries in window  : 1: 100, 2: 77, 3: 72, 4: 71, 5: 71, 6: 56
DFA state entries cumulative : 1: 8800, 2: 2915, 3: 2172, 4: 1769, 5: 1473, 6: 1129
transitions cumulative       : 1->2: 2915, 2->3: 2172, 3->4: 1769, 4->5: 1473, 5->6: 1129
accepted directly from s0    : 0
Gym endings cumulative       : terminated=7195, truncated=477

[Episode 8900/12000 | last 100]
success rate                : 59.0% (cumulative 13.3%)
failure rate                : 0.0% (cumulative 0.0%)
completed cycles / episode  : 0.000
synthetic task reward       : 5900.000
shaping reward              : 5902.325
learning reward             : 11802.325
episode length              : 503.0
abstract changes / episode  : 362.0
same abstract-state steps   : 28.0%
same-state shaping / episode: 0.000
changed-state shaping / ep. : 5902.325
terminal shaping / episode  : 57.705
DFA transitions / episode   : 3.79
DFA transitions in window   : 1->2: 91, 2->3: 81, 3->4: 76, 4->5: 72, 5->6: 59
epsilon (next episode)       : 0.16861
replay buffer                : 300000 samples [1: 32.6%, 2: 23.4%, 3: 16.5%, 4: 15.7%, 5: 11.8%, 6: 0.0%]
DFA state visits in window   : 1: 15669, 2: 14366, 3: 7004, 4: 7868, 5: 5432, 6: 59
DFA state visits cumulative  : 1: 1572590, 2: 440927, 3: 376372, 4: 242179, 5: 153904, 6: 1188
DFA state entries in window  : 1: 100, 2: 91, 3: 81, 4: 76, 5: 72, 6: 59
DFA state entries cumulative : 1: 8900, 2: 3006, 3: 2253, 4: 1845, 5: 1545, 6: 1188
transitions cumulative       : 1->2: 3006, 2->3: 2253, 3->4: 1845, 4->5: 1545, 5->6: 1188
accepted directly from s0    : 0
Gym endings cumulative       : terminated=7229, truncated=484

[Episode 9000/12000 | last 100]
success rate                : 65.0% (cumulative 13.9%)
failure rate                : 0.0% (cumulative 0.0%)
completed cycles / episode  : 0.000
synthetic task reward       : 6500.000
shaping reward              : 6417.356
learning reward             : 12917.356
episode length              : 455.5
abstract changes / episode  : 326.9
same abstract-state steps   : 28.2%
same-state shaping / episode: 0.000
changed-state shaping / ep. : 6417.356
terminal shaping / episode  : 66.188
DFA transitions / episode   : 3.99
DFA transitions in window   : 1->2: 92, 2->3: 82, 3->4: 81, 4->5: 79, 5->6: 65
epsilon (next episode)       : 0.16527
replay buffer                : 300000 samples [1: 34.1%, 2: 23.5%, 3: 15.7%, 4: 15.2%, 5: 11.4%, 6: 0.0%]
DFA state visits in window   : 1: 17069, 2: 10273, 3: 6540, 4: 6574, 5: 5125, 6: 65
DFA state visits cumulative  : 1: 1589659, 2: 451200, 3: 382912, 4: 248753, 5: 159029, 6: 1253
DFA state entries in window  : 1: 100, 2: 92, 3: 82, 4: 81, 5: 79, 6: 65
DFA state entries cumulative : 1: 9000, 2: 3098, 3: 2335, 4: 1926, 5: 1624, 6: 1253
transitions cumulative       : 1->2: 3098, 2->3: 2335, 3->4: 1926, 4->5: 1624, 5->6: 1253
accepted directly from s0    : 0
Gym endings cumulative       : terminated=7259, truncated=489

Starting autonomous greedy evaluation at episode 9000 (1000 fixed-seed episodes)...
[Greedy evaluation at episode 9000 | 1000 fixed-seed episodes]
success=83.4%, failure=0.0%, task reward=8340.000, length=384.0
DFA transitions: 1->2: 941, 2->3: 936, 3->4: 917, 4->5: 916, 5->6: 834

[Episode 9100/12000 | last 100]
success rate                : 59.0% (cumulative 14.4%)
failure rate                : 0.0% (cumulative 0.0%)
completed cycles / episode  : 0.000
synthetic task reward       : 5900.000
shaping reward              : 5609.781
learning reward             : 11509.781
episode length              : 426.8
abstract changes / episode  : 321.9
same abstract-state steps   : 24.6%
same-state shaping / episode: 0.000
changed-state shaping / ep. : 5609.781
terminal shaping / episode  : 57.309
DFA transitions / episode   : 3.63
DFA transitions in window   : 1->2: 86, 2->3: 73, 3->4: 73, 4->5: 72, 5->6: 59
epsilon (next episode)       : 0.16200
replay buffer                : 300000 samples [1: 35.0%, 2: 23.9%, 3: 14.6%, 4: 15.0%, 5: 11.4%, 6: 0.0%]
DFA state visits in window   : 1: 15806, 2: 10725, 3: 4685, 4: 6324, 5: 5178, 6: 59
DFA state visits cumulative  : 1: 1605465, 2: 461925, 3: 387597, 4: 255077, 5: 164207, 6: 1312
DFA state entries in window  : 1: 100, 2: 86, 3: 73, 4: 73, 5: 72, 6: 59
DFA state entries cumulative : 1: 9100, 2: 3184, 3: 2408, 4: 1999, 5: 1696, 6: 1312
transitions cumulative       : 1->2: 3184, 2->3: 2408, 3->4: 1999, 4->5: 1696, 5->6: 1312
accepted directly from s0    : 0
Gym endings cumulative       : terminated=7296, truncated=493

[Episode 9200/12000 | last 100]
success rate                : 51.0% (cumulative 14.8%)
failure rate                : 0.0% (cumulative 0.0%)
completed cycles / episode  : 0.000
synthetic task reward       : 5100.000
shaping reward              : 4500.229
learning reward             : 9600.229
episode length              : 407.6
abstract changes / episode  : 286.0
same abstract-state steps   : 29.8%
same-state shaping / episode: 0.000
changed-state shaping / ep. : 4500.229
terminal shaping / episode  : 53.667
DFA transitions / episode   : 3.07
DFA transitions in window   : 1->2: 72, 2->3: 63, 3->4: 62, 4->5: 59, 5->6: 51
epsilon (next episode)       : 0.15879
replay buffer                : 300000 samples [1: 36.6%, 2: 23.9%, 3: 14.2%, 4: 14.5%, 5: 10.9%, 6: 0.0%]
DFA state visits in window   : 1: 18170, 2: 8053, 3: 5335, 4: 5650, 5: 3606, 6: 51
DFA state visits cumulative  : 1: 1623635, 2: 469978, 3: 392932, 4: 260727, 5: 167813, 6: 1363
DFA state entries in window  : 1: 100, 2: 72, 3: 63, 4: 62, 5: 59, 6: 51
DFA state entries cumulative : 1: 9200, 2: 3256, 3: 2471, 4: 2061, 5: 1755, 6: 1363
transitions cumulative       : 1->2: 3256, 2->3: 2471, 3->4: 2061, 4->5: 1755, 5->6: 1363
accepted directly from s0    : 0
Gym endings cumulative       : terminated=7340, truncated=498

[Episode 9300/12000 | last 100]
success rate                : 63.0% (cumulative 15.3%)
failure rate                : 0.0% (cumulative 0.0%)
completed cycles / episode  : 0.000
synthetic task reward       : 6300.000
shaping reward              : 6143.982
learning reward             : 12443.982
episode length              : 499.2
abstract changes / episode  : 363.3
same abstract-state steps   : 27.2%
same-state shaping / episode: 0.000
changed-state shaping / ep. : 6143.982
terminal shaping / episode  : 61.849
DFA transitions / episode   : 3.88
DFA transitions in window   : 1->2: 88, 2->3: 83, 3->4: 80, 4->5: 74, 5->6: 63
epsilon (next episode)       : 0.15564
replay buffer                : 300000 samples [1: 36.2%, 2: 24.2%, 3: 14.1%, 4: 14.9%, 5: 10.6%, 6: 0.0%]
DFA state visits in window   : 1: 17282, 2: 11051, 3: 9202, 4: 8034, 5: 4391, 6: 63
DFA state visits cumulative  : 1: 1640917, 2: 481029, 3: 402134, 4: 268761, 5: 172204, 6: 1426
DFA state entries in window  : 1: 100, 2: 88, 3: 83, 4: 80, 5: 74, 6: 63
DFA state entries cumulative : 1: 9300, 2: 3344, 3: 2554, 4: 2141, 5: 1829, 6: 1426
transitions cumulative       : 1->2: 3344, 2->3: 2554, 3->4: 2141, 4->5: 1829, 5->6: 1426
accepted directly from s0    : 0
Gym endings cumulative       : terminated=7373, truncated=503

[Episode 9400/12000 | last 100]
success rate                : 60.0% (cumulative 15.8%)
failure rate                : 0.0% (cumulative 0.0%)
completed cycles / episode  : 0.000
synthetic task reward       : 6000.000
shaping reward              : 5337.184
learning reward             : 11337.184
episode length              : 411.8
abstract changes / episode  : 301.2
same abstract-state steps   : 26.8%
same-state shaping / episode: 0.000
changed-state shaping / ep. : 5337.184
terminal shaping / episode  : 57.197
DFA transitions / episode   : 3.45
DFA transitions in window   : 1->2: 83, 2->3: 73, 3->4: 66, 4->5: 63, 5->6: 60
epsilon (next episode)       : 0.15256
replay buffer                : 300000 samples [1: 36.9%, 2: 24.1%, 3: 14.0%, 4: 14.7%, 5: 10.2%, 6: 0.0%]
DFA state visits in window   : 1: 16856, 2: 10266, 3: 5604, 4: 5238, 5: 3255, 6: 60
DFA state visits cumulative  : 1: 1657773, 2: 491295, 3: 407738, 4: 273999, 5: 175459, 6: 1486
DFA state entries in window  : 1: 100, 2: 83, 3: 73, 4: 66, 5: 63, 6: 60
DFA state entries cumulative : 1: 9400, 2: 3427, 3: 2627, 4: 2207, 5: 1892, 6: 1486
transitions cumulative       : 1->2: 3427, 2->3: 2627, 3->4: 2207, 4->5: 1892, 5->6: 1486
accepted directly from s0    : 0
Gym endings cumulative       : terminated=7412, truncated=504

[Episode 9500/12000 | last 100]
success rate                : 61.0% (cumulative 16.3%)
failure rate                : 0.0% (cumulative 0.0%)
completed cycles / episode  : 0.000
synthetic task reward       : 6100.000
shaping reward              : 5860.016
learning reward             : 11960.016
episode length              : 442.1
abstract changes / episode  : 323.2
same abstract-state steps   : 26.9%
same-state shaping / episode: 0.000
changed-state shaping / ep. : 5860.016
terminal shaping / episode  : 60.491
DFA transitions / episode   : 3.64
DFA transitions in window   : 1->2: 86, 2->3: 74, 3->4: 73, 4->5: 70, 5->6: 61
epsilon (next episode)       : 0.14954
replay buffer                : 300000 samples [1: 38.8%, 2: 23.4%, 3: 14.3%, 4: 14.1%, 5: 9.4%, 6: 0.0%]
DFA state visits in window   : 1: 20230, 2: 9316, 3: 6634, 4: 4978, 5: 3089, 6: 61
DFA state visits cumulative  : 1: 1678003, 2: 500611, 3: 414372, 4: 278977, 5: 178548, 6: 1547
DFA state entries in window  : 1: 100, 2: 86, 3: 74, 4: 73, 5: 70, 6: 61
DFA state entries cumulative : 1: 9500, 2: 3513, 3: 2701, 4: 2280, 5: 1962, 6: 1547
transitions cumulative       : 1->2: 3513, 2->3: 2701, 3->4: 2280, 4->5: 1962, 5->6: 1547
accepted directly from s0    : 0
Gym endings cumulative       : terminated=7448, truncated=507

Starting autonomous greedy evaluation at episode 9500 (1000 fixed-seed episodes)...
[Greedy evaluation at episode 9500 | 1000 fixed-seed episodes]
success=97.7%, failure=0.0%, task reward=9770.000, length=338.5
DFA transitions: 1->2: 978, 2->3: 977, 3->4: 977, 4->5: 977, 5->6: 977
Best policy updated from autonomous greedy evaluation at episode 9500.

[Episode 9600/12000 | last 100]
success rate                : 73.0% (cumulative 16.9%)
failure rate                : 0.0% (cumulative 0.0%)
completed cycles / episode  : 0.000
synthetic task reward       : 7300.000
shaping reward              : 6823.397
learning reward             : 14123.397
episode length              : 451.8
abstract changes / episode  : 331.8
same abstract-state steps   : 26.6%
same-state shaping / episode: 0.000
changed-state shaping / ep. : 6823.397
terminal shaping / episode  : 71.435
DFA transitions / episode   : 4.18
DFA transitions in window   : 1->2: 89, 2->3: 88, 3->4: 85, 4->5: 83, 5->6: 73
epsilon (next episode)       : 0.14658
replay buffer                : 300000 samples [1: 41.5%, 2: 21.6%, 3: 14.3%, 4: 13.4%, 5: 9.2%, 6: 0.0%]
DFA state visits in window   : 1: 21793, 2: 7577, 3: 6668, 4: 5050, 5: 4114, 6: 73
DFA state visits cumulative  : 1: 1699796, 2: 508188, 3: 421040, 4: 284027, 5: 182662, 6: 1620
DFA state entries in window  : 1: 100, 2: 89, 3: 88, 4: 85, 5: 83, 6: 73
DFA state entries cumulative : 1: 9600, 2: 3602, 3: 2789, 4: 2365, 5: 2045, 6: 1620
transitions cumulative       : 1->2: 3602, 2->3: 2789, 3->4: 2365, 4->5: 2045, 5->6: 1620
accepted directly from s0    : 0
Gym endings cumulative       : terminated=7470, truncated=512

[Episode 9700/12000 | last 100]
success rate                : 60.0% (cumulative 17.3%)
failure rate                : 0.0% (cumulative 0.0%)
completed cycles / episode  : 0.000
synthetic task reward       : 6000.000
shaping reward              : 6028.875
learning reward             : 12028.875
episode length              : 420.0
abstract changes / episode  : 316.5
same abstract-state steps   : 24.7%
same-state shaping / episode: 0.000
changed-state shaping / ep. : 6028.875
terminal shaping / episode  : 59.175
DFA transitions / episode   : 3.82
DFA transitions in window   : 1->2: 86, 2->3: 84, 3->4: 77, 4->5: 75, 5->6: 60
epsilon (next episode)       : 0.14368
replay buffer                : 300000 samples [1: 42.5%, 2: 20.7%, 3: 14.7%, 4: 12.9%, 5: 9.1%, 6: 0.0%]
DFA state visits in window   : 1: 19739, 2: 6579, 3: 6775, 4: 4399, 5: 4552, 6: 60
DFA state visits cumulative  : 1: 1719535, 2: 514767, 3: 427815, 4: 288426, 5: 187214, 6: 1680
DFA state entries in window  : 1: 100, 2: 86, 3: 84, 4: 77, 5: 75, 6: 60
DFA state entries cumulative : 1: 9700, 2: 3688, 3: 2873, 4: 2442, 5: 2120, 6: 1680
transitions cumulative       : 1->2: 3688, 2->3: 2873, 3->4: 2442, 4->5: 2120, 5->6: 1680
accepted directly from s0    : 0
Gym endings cumulative       : terminated=7509, truncated=513

[Episode 9800/12000 | last 100]
success rate                : 55.0% (cumulative 17.7%)
failure rate                : 0.0% (cumulative 0.0%)
completed cycles / episode  : 0.000
synthetic task reward       : 5500.000
shaping reward              : 5580.752
learning reward             : 11080.752
episode length              : 409.9
abstract changes / episode  : 319.3
same abstract-state steps   : 22.1%
same-state shaping / episode: 0.000
changed-state shaping / ep. : 5580.752
terminal shaping / episode  : 52.469
DFA transitions / episode   : 3.60
DFA transitions in window   : 1->2: 86, 2->3: 76, 3->4: 73, 4->5: 70, 5->6: 55
epsilon (next episode)       : 0.14083
replay buffer                : 300000 samples [1: 43.0%, 2: 20.5%, 3: 14.8%, 4: 12.9%, 5: 8.8%, 6: 0.0%]
DFA state visits in window   : 1: 16689, 2: 9799, 3: 4611, 4: 5935, 5: 4006, 6: 55
DFA state visits cumulative  : 1: 1736224, 2: 524566, 3: 432426, 4: 294361, 5: 191220, 6: 1735
DFA state entries in window  : 1: 100, 2: 86, 3: 76, 4: 73, 5: 70, 6: 55
DFA state entries cumulative : 1: 9800, 2: 3774, 3: 2949, 4: 2515, 5: 2190, 6: 1735
transitions cumulative       : 1->2: 3774, 2->3: 2949, 3->4: 2515, 4->5: 2190, 5->6: 1735
accepted directly from s0    : 0
Gym endings cumulative       : terminated=7553, truncated=514

[Episode 9900/12000 | last 100]
success rate                : 76.0% (cumulative 18.3%)
failure rate                : 0.0% (cumulative 0.0%)
completed cycles / episode  : 0.000
synthetic task reward       : 7600.000
shaping reward              : 7213.665
learning reward             : 14813.665
episode length              : 434.6
abstract changes / episode  : 325.2
same abstract-state steps   : 25.2%
same-state shaping / episode: 0.000
changed-state shaping / ep. : 7213.665
terminal shaping / episode  : 70.719
DFA transitions / episode   : 4.47
DFA transitions in window   : 1->2: 96, 2->3: 93, 3->4: 91, 4->5: 91, 5->6: 76
epsilon (next episode)       : 0.13804
replay buffer                : 300000 samples [1: 41.9%, 2: 20.6%, 3: 14.5%, 4: 13.6%, 5: 9.4%, 6: 0.0%]
DFA state visits in window   : 1: 15032, 2: 8973, 3: 6422, 4: 7841, 5: 5217, 6: 76
DFA state visits cumulative  : 1: 1751256, 2: 533539, 3: 438848, 4: 302202, 5: 196437, 6: 1811
DFA state entries in window  : 1: 100, 2: 96, 3: 93, 4: 91, 5: 91, 6: 76
DFA state entries cumulative : 1: 9900, 2: 3870, 3: 3042, 4: 2606, 5: 2281, 6: 1811
transitions cumulative       : 1->2: 3870, 2->3: 3042, 3->4: 2606, 4->5: 2281, 5->6: 1811
accepted directly from s0    : 0
Gym endings cumulative       : terminated=7577, truncated=514

[Episode 10000/12000 | last 100]
success rate                : 54.0% (cumulative 18.6%)
failure rate                : 0.0% (cumulative 0.0%)
completed cycles / episode  : 0.000
synthetic task reward       : 5400.000
shaping reward              : 5636.926
learning reward             : 11036.926
episode length              : 461.0
abstract changes / episode  : 342.4
same abstract-state steps   : 25.7%
same-state shaping / episode: 0.000
changed-state shaping / ep. : 5636.926
terminal shaping / episode  : 49.671
DFA transitions / episode   : 3.74
DFA transitions in window   : 1->2: 90, 2->3: 85, 3->4: 75, 4->5: 70, 5->6: 54
epsilon (next episode)       : 0.13531
replay buffer                : 300000 samples [1: 41.1%, 2: 20.6%, 3: 15.4%, 4: 13.7%, 5: 9.3%, 6: 0.0%]
DFA state visits in window   : 1: 14714, 2: 10303, 3: 9528, 4: 7801, 5: 3804, 6: 54
DFA state visits cumulative  : 1: 1765970, 2: 543842, 3: 448376, 4: 310003, 5: 200241, 6: 1865
DFA state entries in window  : 1: 100, 2: 90, 3: 85, 4: 75, 5: 70, 6: 54
DFA state entries cumulative : 1: 10000, 2: 3960, 3: 3127, 4: 2681, 5: 2351, 6: 1865
transitions cumulative       : 1->2: 3960, 2->3: 3127, 3->4: 2681, 4->5: 2351, 5->6: 1865
accepted directly from s0    : 0
Gym endings cumulative       : terminated=7617, truncated=520

Starting autonomous greedy evaluation at episode 10000 (1000 fixed-seed episodes)...
[Greedy evaluation at episode 10000 | 1000 fixed-seed episodes]
success=1.7%, failure=0.0%, task reward=170.000, length=733.4
DFA transitions: 1->2: 534, 2->3: 447, 3->4: 50, 4->5: 20, 5->6: 17

[Episode 10100/12000 | last 100]
success rate                : 53.0% (cumulative 19.0%)
failure rate                : 0.0% (cumulative 0.0%)
completed cycles / episode  : 0.000
synthetic task reward       : 5300.000
shaping reward              : 5501.756
learning reward             : 10801.756
episode length              : 476.2
abstract changes / episode  : 360.8
same abstract-state steps   : 24.2%
same-state shaping / episode: 0.000
changed-state shaping / ep. : 5501.756
terminal shaping / episode  : 48.956
DFA transitions / episode   : 3.65
DFA transitions in window   : 1->2: 83, 2->3: 81, 3->4: 77, 4->5: 71, 5->6: 53
epsilon (next episode)       : 0.13263
replay buffer                : 300000 samples [1: 40.2%, 2: 20.0%, 3: 15.8%, 4: 14.4%, 5: 9.5%, 6: 0.0%]
DFA state visits in window   : 1: 17419, 2: 9680, 3: 7925, 4: 8177, 5: 4463, 6: 53
DFA state visits cumulative  : 1: 1783389, 2: 553522, 3: 456301, 4: 318180, 5: 204704, 6: 1918
DFA state entries in window  : 1: 100, 2: 83, 3: 81, 4: 77, 5: 71, 6: 53
DFA state entries cumulative : 1: 10100, 2: 4043, 3: 3208, 4: 2758, 5: 2422, 6: 1918
transitions cumulative       : 1->2: 4043, 2->3: 3208, 3->4: 2758, 4->5: 2422, 5->6: 1918
accepted directly from s0    : 0
Gym endings cumulative       : terminated=7661, truncated=523

[Episode 10200/12000 | last 100]
success rate                : 58.0% (cumulative 19.4%)
failure rate                : 0.0% (cumulative 0.0%)
completed cycles / episode  : 0.000
synthetic task reward       : 5800.000
shaping reward              : 5880.121
learning reward             : 11680.121
episode length              : 401.4
abstract changes / episode  : 295.9
same abstract-state steps   : 26.3%
same-state shaping / episode: 0.000
changed-state shaping / ep. : 5880.121
terminal shaping / episode  : 48.208
DFA transitions / episode   : 3.72
DFA transitions in window   : 1->2: 80, 2->3: 80, 3->4: 79, 4->5: 75, 5->6: 58
epsilon (next episode)       : 0.13000
replay buffer                : 300000 samples [1: 39.4%, 2: 19.6%, 3: 15.5%, 4: 15.5%, 5: 10.1%, 6: 0.0%]
DFA state visits in window   : 1: 15994, 2: 6559, 3: 5112, 4: 7728, 5: 4794, 6: 58
DFA state visits cumulative  : 1: 1799383, 2: 560081, 3: 461413, 4: 325908, 5: 209498, 6: 1976
DFA state entries in window  : 1: 100, 2: 80, 3: 80, 4: 79, 5: 75, 6: 58
DFA state entries cumulative : 1: 10200, 2: 4123, 3: 3288, 4: 2837, 5: 2497, 6: 1976
transitions cumulative       : 1->2: 4123, 2->3: 3288, 3->4: 2837, 4->5: 2497, 5->6: 1976
accepted directly from s0    : 0
Gym endings cumulative       : terminated=7695, truncated=531

[Episode 10300/12000 | last 100]
success rate                : 69.0% (cumulative 19.9%)
failure rate                : 0.0% (cumulative 0.0%)
completed cycles / episode  : 0.000
synthetic task reward       : 6900.000
shaping reward              : 6688.868
learning reward             : 13588.868
episode length              : 466.9
abstract changes / episode  : 345.8
same abstract-state steps   : 25.9%
same-state shaping / episode: 0.000
changed-state shaping / ep. : 6688.868
terminal shaping / episode  : 63.945
DFA transitions / episode   : 4.15
DFA transitions in window   : 1->2: 93, 2->3: 87, 3->4: 84, 4->5: 82, 5->6: 69
epsilon (next episode)       : 0.12743
replay buffer                : 300000 samples [1: 37.8%, 2: 20.6%, 3: 15.6%, 4: 16.0%, 5: 10.1%, 6: 0.0%]
DFA state visits in window   : 1: 17363, 2: 10776, 3: 7502, 4: 6877, 5: 4198, 6: 69
DFA state visits cumulative  : 1: 1816746, 2: 570857, 3: 468915, 4: 332785, 5: 213696, 6: 2045
DFA state entries in window  : 1: 100, 2: 93, 3: 87, 4: 84, 5: 82, 6: 69
DFA state entries cumulative : 1: 10300, 2: 4216, 3: 3375, 4: 2921, 5: 2579, 6: 2045
transitions cumulative       : 1->2: 4216, 2->3: 3375, 3->4: 2921, 4->5: 2579, 5->6: 2045
accepted directly from s0    : 0
Gym endings cumulative       : terminated=7722, truncated=535

[Episode 10400/12000 | last 100]
success rate                : 67.0% (cumulative 20.3%)
failure rate                : 0.0% (cumulative 0.0%)
completed cycles / episode  : 0.000
synthetic task reward       : 6700.000
shaping reward              : 6084.258
learning reward             : 12784.258
episode length              : 410.8
abstract changes / episode  : 303.0
same abstract-state steps   : 26.2%
same-state shaping / episode: 0.000
changed-state shaping / ep. : 6084.258
terminal shaping / episode  : 65.612
DFA transitions / episode   : 3.89
DFA transitions in window   : 1->2: 91, 2->3: 83, 3->4: 74, 4->5: 74, 5->6: 67
epsilon (next episode)       : 0.12490
replay buffer                : 300000 samples [1: 35.8%, 2: 22.2%, 3: 16.2%, 4: 16.2%, 5: 9.6%, 6: 0.0%]
DFA state visits in window   : 1: 14182, 2: 11222, 3: 7912, 4: 4797, 5: 3002, 6: 67
DFA state visits cumulative  : 1: 1830928, 2: 582079, 3: 476827, 4: 337582, 5: 216698, 6: 2112
DFA state entries in window  : 1: 100, 2: 91, 3: 83, 4: 74, 5: 74, 6: 67
DFA state entries cumulative : 1: 10400, 2: 4307, 3: 3458, 4: 2995, 5: 2653, 6: 2112
transitions cumulative       : 1->2: 4307, 2->3: 3458, 3->4: 2995, 4->5: 2653, 5->6: 2112
accepted directly from s0    : 0
Gym endings cumulative       : terminated=7749, truncated=541

[Episode 10500/12000 | last 100]
success rate                : 67.0% (cumulative 20.8%)
failure rate                : 0.0% (cumulative 0.0%)
completed cycles / episode  : 0.000
synthetic task reward       : 6700.000
shaping reward              : 6408.769
learning reward             : 13108.769
episode length              : 461.8
abstract changes / episode  : 345.8
same abstract-state steps   : 25.1%
same-state shaping / episode: 0.000
changed-state shaping / ep. : 6408.769
terminal shaping / episode  : 62.651
DFA transitions / episode   : 4.02
DFA transitions in window   : 1->2: 90, 2->3: 87, 3->4: 82, 4->5: 76, 5->6: 67
epsilon (next episode)       : 0.12243
replay buffer                : 300000 samples [1: 36.6%, 2: 21.2%, 3: 16.0%, 4: 17.0%, 5: 9.3%, 6: 0.0%]
DFA state visits in window   : 1: 19107, 2: 8884, 3: 4822, 4: 9425, 5: 3979, 6: 67
DFA state visits cumulative  : 1: 1850035, 2: 590963, 3: 481649, 4: 347007, 5: 220677, 6: 2179
DFA state entries in window  : 1: 100, 2: 90, 3: 87, 4: 82, 5: 76, 6: 67
DFA state entries cumulative : 1: 10500, 2: 4397, 3: 3545, 4: 3077, 5: 2729, 6: 2179
transitions cumulative       : 1->2: 4397, 2->3: 3545, 3->4: 3077, 4->5: 2729, 5->6: 2179
accepted directly from s0    : 0
Gym endings cumulative       : terminated=7778, truncated=545

Starting autonomous greedy evaluation at episode 10500 (1000 fixed-seed episodes)...
[Greedy evaluation at episode 10500 | 1000 fixed-seed episodes]
success=11.3%, failure=0.0%, task reward=1130.000, length=910.4
DFA transitions: 1->2: 973, 2->3: 113, 3->4: 113, 4->5: 113, 5->6: 113

[Episode 10600/12000 | last 100]
success rate                : 58.0% (cumulative 21.1%)
failure rate                : 0.0% (cumulative 0.0%)
completed cycles / episode  : 0.000
synthetic task reward       : 5800.000
shaping reward              : 5907.280
learning reward             : 11707.280
episode length              : 463.5
abstract changes / episode  : 323.3
same abstract-state steps   : 30.2%
same-state shaping / episode: 0.000
changed-state shaping / ep. : 5907.280
terminal shaping / episode  : 57.250
DFA transitions / episode   : 3.63
DFA transitions in window   : 1->2: 88, 2->3: 76, 3->4: 71, 4->5: 70, 5->6: 58
epsilon (next episode)       : 0.12001
replay buffer                : 300000 samples [1: 37.1%, 2: 22.7%, 3: 15.9%, 4: 15.7%, 5: 8.6%, 6: 0.0%]
DFA state visits in window   : 1: 17210, 2: 14393, 3: 7839, 4: 3711, 5: 3235, 6: 58
DFA state visits cumulative  : 1: 1867245, 2: 605356, 3: 489488, 4: 350718, 5: 223912, 6: 2237
DFA state entries in window  : 1: 100, 2: 88, 3: 76, 4: 71, 5: 70, 6: 58
DFA state entries cumulative : 1: 10600, 2: 4485, 3: 3621, 4: 3148, 5: 2799, 6: 2237
transitions cumulative       : 1->2: 4485, 2->3: 3621, 3->4: 3148, 4->5: 2799, 5->6: 2237
accepted directly from s0    : 0
Gym endings cumulative       : terminated=7811, truncated=554

[Episode 10700/12000 | last 100]
success rate                : 67.0% (cumulative 21.5%)
failure rate                : 0.0% (cumulative 0.0%)
completed cycles / episode  : 0.000
synthetic task reward       : 6700.000
shaping reward              : 6258.315
learning reward             : 12958.315
episode length              : 422.0
abstract changes / episode  : 308.9
same abstract-state steps   : 26.8%
same-state shaping / episode: 0.000
changed-state shaping / ep. : 6258.315
terminal shaping / episode  : 65.388
DFA transitions / episode   : 3.86
DFA transitions in window   : 1->2: 85, 2->3: 81, 3->4: 77, 4->5: 76, 5->6: 67
epsilon (next episode)       : 0.11763
replay buffer                : 300000 samples [1: 38.3%, 2: 23.0%, 3: 15.4%, 4: 14.6%, 5: 8.7%, 6: 0.0%]
DFA state visits in window   : 1: 18248, 2: 9801, 3: 6235, 4: 4648, 5: 3298, 6: 67
DFA state visits cumulative  : 1: 1885493, 2: 615157, 3: 495723, 4: 355366, 5: 227210, 6: 2304
DFA state entries in window  : 1: 100, 2: 85, 3: 81, 4: 77, 5: 76, 6: 67
DFA state entries cumulative : 1: 10700, 2: 4570, 3: 3702, 4: 3225, 5: 2875, 6: 2304
transitions cumulative       : 1->2: 4570, 2->3: 3702, 3->4: 3225, 4->5: 2875, 5->6: 2304
accepted directly from s0    : 0
Gym endings cumulative       : terminated=7838, truncated=560

[Episode 10800/12000 | last 100]
success rate                : 69.0% (cumulative 22.0%)
failure rate                : 0.0% (cumulative 0.0%)
completed cycles / episode  : 0.000
synthetic task reward       : 6900.000
shaping reward              : 6323.593
learning reward             : 13223.593
episode length              : 448.6
abstract changes / episode  : 332.1
same abstract-state steps   : 26.0%
same-state shaping / episode: 0.000
changed-state shaping / ep. : 6323.593
terminal shaping / episode  : 68.345
DFA transitions / episode   : 3.96
DFA transitions in window   : 1->2: 90, 2->3: 85, 3->4: 80, 4->5: 72, 5->6: 69
epsilon (next episode)       : 0.11530
replay buffer                : 300000 samples [1: 38.0%, 2: 23.5%, 3: 15.4%, 4: 14.8%, 5: 8.3%, 6: 0.0%]
DFA state visits in window   : 1: 14710, 2: 9842, 3: 8006, 4: 9300, 5: 3036, 6: 69
DFA state visits cumulative  : 1: 1900203, 2: 624999, 3: 503729, 4: 364666, 5: 230246, 6: 2373
DFA state entries in window  : 1: 100, 2: 90, 3: 85, 4: 80, 5: 72, 6: 69
DFA state entries cumulative : 1: 10800, 2: 4660, 3: 3787, 4: 3305, 5: 2947, 6: 2373
transitions cumulative       : 1->2: 4660, 2->3: 3787, 3->4: 3305, 4->5: 2947, 5->6: 2373
accepted directly from s0    : 0
Gym endings cumulative       : terminated=7866, truncated=563

[Episode 10900/12000 | last 100]
success rate                : 72.0% (cumulative 22.4%)
failure rate                : 0.0% (cumulative 0.0%)
completed cycles / episode  : 0.000
synthetic task reward       : 7200.000
shaping reward              : 6741.863
learning reward             : 13941.863
episode length              : 436.7
abstract changes / episode  : 333.2
same abstract-state steps   : 23.7%
same-state shaping / episode: 0.000
changed-state shaping / ep. : 6741.863
terminal shaping / episode  : 71.273
DFA transitions / episode   : 4.16
DFA transitions in window   : 1->2: 94, 2->3: 87, 3->4: 83, 4->5: 80, 5->6: 72
epsilon (next episode)       : 0.11302
replay buffer                : 300000 samples [1: 37.8%, 2: 23.8%, 3: 16.9%, 4: 13.9%, 5: 7.6%, 6: 0.0%]
DFA state visits in window   : 1: 16629, 2: 8716, 3: 10058, 4: 4995, 5: 3301, 6: 72
DFA state visits cumulative  : 1: 1916832, 2: 633715, 3: 513787, 4: 369661, 5: 233547, 6: 2445
DFA state entries in window  : 1: 100, 2: 94, 3: 87, 4: 83, 5: 80, 6: 72
DFA state entries cumulative : 1: 10900, 2: 4754, 3: 3874, 4: 3388, 5: 3027, 6: 2445
transitions cumulative       : 1->2: 4754, 2->3: 3874, 3->4: 3388, 4->5: 3027, 5->6: 2445
accepted directly from s0    : 0
Gym endings cumulative       : terminated=7891, truncated=566

[Episode 11000/12000 | last 100]
success rate                : 70.0% (cumulative 22.9%)
failure rate                : 0.0% (cumulative 0.0%)
completed cycles / episode  : 0.000
synthetic task reward       : 7000.000
shaping reward              : 6428.901
learning reward             : 13428.901
episode length              : 351.1
abstract changes / episode  : 275.9
same abstract-state steps   : 21.4%
same-state shaping / episode: 0.000
changed-state shaping / ep. : 6428.901
terminal shaping / episode  : 67.678
DFA transitions / episode   : 3.94
DFA transitions in window   : 1->2: 88, 2->3: 80, 3->4: 79, 4->5: 77, 5->6: 70
epsilon (next episode)       : 0.11078
replay buffer                : 300000 samples [1: 38.4%, 2: 23.4%, 3: 16.6%, 4: 14.0%, 5: 7.7%, 6: 0.0%]
DFA state visits in window   : 1: 14882, 2: 7043, 3: 4734, 4: 5163, 5: 3320, 6: 70
DFA state visits cumulative  : 1: 1931714, 2: 640758, 3: 518521, 4: 374824, 5: 236867, 6: 2515
DFA state entries in window  : 1: 100, 2: 88, 3: 80, 4: 79, 5: 77, 6: 70
DFA state entries cumulative : 1: 11000, 2: 4842, 3: 3954, 4: 3467, 5: 3104, 6: 2515
transitions cumulative       : 1->2: 4842, 2->3: 3954, 3->4: 3467, 4->5: 3104, 5->6: 2515
accepted directly from s0    : 0
Gym endings cumulative       : terminated=7920, truncated=567

Starting autonomous greedy evaluation at episode 11000 (1000 fixed-seed episodes)...
[Greedy evaluation at episode 11000 | 1000 fixed-seed episodes]
success=98.8%, failure=0.0%, task reward=9880.000, length=326.2
DFA transitions: 1->2: 989, 2->3: 989, 3->4: 989, 4->5: 989, 5->6: 988
Best policy updated from autonomous greedy evaluation at episode 11000.

[Episode 11100/12000 | last 100]
success rate                : 76.0% (cumulative 23.3%)
failure rate                : 0.0% (cumulative 0.0%)
completed cycles / episode  : 0.000
synthetic task reward       : 7600.000
shaping reward              : 6664.912
learning reward             : 14264.912
episode length              : 381.1
abstract changes / episode  : 303.4
same abstract-state steps   : 20.4%
same-state shaping / episode: 0.000
changed-state shaping / ep. : 6664.912
terminal shaping / episode  : 75.280
DFA transitions / episode   : 4.07
DFA transitions in window   : 1->2: 85, 2->3: 82, 3->4: 82, 4->5: 82, 5->6: 76
epsilon (next episode)       : 0.10858
replay buffer                : 300000 samples [1: 40.3%, 2: 22.4%, 3: 15.6%, 4: 13.9%, 5: 7.8%, 6: 0.0%]
DFA state visits in window   : 1: 18787, 2: 7548, 3: 4865, 4: 4009, 5: 2922, 6: 76
DFA state visits cumulative  : 1: 1950501, 2: 648306, 3: 523386, 4: 378833, 5: 239789, 6: 2591
DFA state entries in window  : 1: 100, 2: 85, 3: 82, 4: 82, 5: 82, 6: 76
DFA state entries cumulative : 1: 11100, 2: 4927, 3: 4036, 4: 3549, 5: 3186, 6: 2591
transitions cumulative       : 1->2: 4927, 2->3: 4036, 3->4: 3549, 4->5: 3186, 5->6: 2591
accepted directly from s0    : 0
Gym endings cumulative       : terminated=7943, truncated=568

[Episode 11200/12000 | last 100]
success rate                : 61.0% (cumulative 23.7%)
failure rate                : 0.0% (cumulative 0.0%)
completed cycles / episode  : 0.000
synthetic task reward       : 6100.000
shaping reward              : 5941.195
learning reward             : 12041.195
episode length              : 371.0
abstract changes / episode  : 286.7
same abstract-state steps   : 22.7%
same-state shaping / episode: 0.000
changed-state shaping / ep. : 5941.195
terminal shaping / episode  : 56.924
DFA transitions / episode   : 3.72
DFA transitions in window   : 1->2: 82, 2->3: 81, 3->4: 74, 4->5: 74, 5->6: 61
epsilon (next episode)       : 0.10643
replay buffer                : 300000 samples [1: 40.9%, 2: 22.3%, 3: 16.1%, 4: 12.9%, 5: 7.8%, 6: 0.0%]
DFA state visits in window   : 1: 17218, 2: 7597, 3: 5515, 4: 3965, 5: 2844, 6: 61
DFA state visits cumulative  : 1: 1967719, 2: 655903, 3: 528901, 4: 382798, 5: 242633, 6: 2652
DFA state entries in window  : 1: 100, 2: 82, 3: 81, 4: 74, 5: 74, 6: 61
DFA state entries cumulative : 1: 11200, 2: 5009, 3: 4117, 4: 3623, 5: 3260, 6: 2652
transitions cumulative       : 1->2: 5009, 2->3: 4117, 3->4: 3623, 4->5: 3260, 5->6: 2652
accepted directly from s0    : 0
Gym endings cumulative       : terminated=7978, truncated=572

[Episode 11300/12000 | last 100]
success rate                : 76.0% (cumulative 24.1%)
failure rate                : 0.0% (cumulative 0.0%)
completed cycles / episode  : 0.000
synthetic task reward       : 7600.000
shaping reward              : 7128.832
learning reward             : 14728.832
episode length              : 408.5
abstract changes / episode  : 321.4
same abstract-state steps   : 21.3%
same-state shaping / episode: 0.000
changed-state shaping / ep. : 7128.832
terminal shaping / episode  : 71.027
DFA transitions / episode   : 4.44
DFA transitions in window   : 1->2: 97, 2->3: 95, 3->4: 93, 4->5: 83, 5->6: 76
epsilon (next episode)       : 0.10433
replay buffer                : 300000 samples [1: 40.6%, 2: 21.3%, 3: 16.4%, 4: 13.8%, 5: 7.9%, 6: 0.0%]
DFA state visits in window   : 1: 13761, 2: 9072, 3: 7347, 4: 7263, 5: 3433, 6: 76
DFA state visits cumulative  : 1: 1981480, 2: 664975, 3: 536248, 4: 390061, 5: 246066, 6: 2728
DFA state entries in window  : 1: 100, 2: 97, 3: 95, 4: 93, 5: 83, 6: 76
DFA state entries cumulative : 1: 11300, 2: 5106, 3: 4212, 4: 3716, 5: 3343, 6: 2728
transitions cumulative       : 1->2: 5106, 2->3: 4212, 3->4: 3716, 4->5: 3343, 5->6: 2728
accepted directly from s0    : 0
Gym endings cumulative       : terminated=8002, truncated=572

[Episode 11400/12000 | last 100]
success rate                : 69.0% (cumulative 24.5%)
failure rate                : 0.0% (cumulative 0.0%)
completed cycles / episode  : 0.000
synthetic task reward       : 6900.000
shaping reward              : 6652.275
learning reward             : 13552.275
episode length              : 418.6
abstract changes / episode  : 325.3
same abstract-state steps   : 22.3%
same-state shaping / episode: 0.000
changed-state shaping / ep. : 6652.275
terminal shaping / episode  : 64.291
DFA transitions / episode   : 4.12
DFA transitions in window   : 1->2: 88, 2->3: 88, 3->4: 85, 4->5: 82, 5->6: 69
epsilon (next episode)       : 0.10226
replay buffer                : 300000 samples [1: 41.5%, 2: 20.2%, 3: 16.8%, 4: 13.8%, 5: 7.7%, 6: 0.0%]
DFA state visits in window   : 1: 19805, 2: 7168, 3: 6966, 4: 4808, 5: 3149, 6: 69
DFA state visits cumulative  : 1: 2001285, 2: 672143, 3: 543214, 4: 394869, 5: 249215, 6: 2797
DFA state entries in window  : 1: 100, 2: 88, 3: 88, 4: 85, 5: 82, 6: 69
DFA state entries cumulative : 1: 11400, 2: 5194, 3: 4300, 4: 3801, 5: 3425, 6: 2797
transitions cumulative       : 1->2: 5194, 2->3: 4300, 3->4: 3801, 4->5: 3425, 5->6: 2797
accepted directly from s0    : 0
Gym endings cumulative       : terminated=8030, truncated=575

[Episode 11500/12000 | last 100]
success rate                : 66.0% (cumulative 24.9%)
failure rate                : 0.0% (cumulative 0.0%)
completed cycles / episode  : 0.000
synthetic task reward       : 6600.000
shaping reward              : 5998.072
learning reward             : 12598.072
episode length              : 380.8
abstract changes / episode  : 306.3
same abstract-state steps   : 19.6%
same-state shaping / episode: 0.000
changed-state shaping / ep. : 5998.072
terminal shaping / episode  : 65.041
DFA transitions / episode   : 3.78
DFA transitions in window   : 1->2: 87, 2->3: 78, 3->4: 74, 4->5: 73, 5->6: 66
epsilon (next episode)       : 0.10024
replay buffer                : 300000 samples [1: 42.5%, 2: 19.8%, 3: 16.3%, 4: 13.5%, 5: 7.8%, 6: 0.0%]
DFA state visits in window   : 1: 18127, 2: 7231, 3: 5517, 4: 4349, 5: 2886, 6: 66
DFA state visits cumulative  : 1: 2019412, 2: 679374, 3: 548731, 4: 399218, 5: 252101, 6: 2863
DFA state entries in window  : 1: 100, 2: 87, 3: 78, 4: 74, 5: 73, 6: 66
DFA state entries cumulative : 1: 11500, 2: 5281, 3: 4378, 4: 3875, 5: 3498, 6: 2863
transitions cumulative       : 1->2: 5281, 2->3: 4378, 3->4: 3875, 4->5: 3498, 5->6: 2863
accepted directly from s0    : 0
Gym endings cumulative       : terminated=8062, truncated=577

Starting autonomous greedy evaluation at episode 11500 (1000 fixed-seed episodes)...
[Greedy evaluation at episode 11500 | 1000 fixed-seed episodes]
success=88.5%, failure=0.0%, task reward=8850.000, length=331.3
DFA transitions: 1->2: 920, 2->3: 887, 3->4: 887, 4->5: 887, 5->6: 885

[Episode 11600/12000 | last 100]
success rate                : 67.0% (cumulative 25.3%)
failure rate                : 0.0% (cumulative 0.0%)
completed cycles / episode  : 0.000
synthetic task reward       : 6700.000
shaping reward              : 6256.688
learning reward             : 12956.688
episode length              : 422.4
abstract changes / episode  : 332.7
same abstract-state steps   : 21.2%
same-state shaping / episode: 0.000
changed-state shaping / ep. : 6256.688
terminal shaping / episode  : 63.481
DFA transitions / episode   : 4.08
DFA transitions in window   : 1->2: 90, 2->3: 90, 3->4: 81, 4->5: 80, 5->6: 67
epsilon (next episode)       : 0.09825
replay buffer                : 300000 samples [1: 44.5%, 2: 19.2%, 3: 15.7%, 4: 12.3%, 5: 8.2%, 6: 0.0%]
DFA state visits in window   : 1: 19798, 2: 7158, 3: 6905, 4: 4244, 5: 4172, 6: 67
DFA state visits cumulative  : 1: 2039210, 2: 686532, 3: 555636, 4: 403462, 5: 256273, 6: 2930
DFA state entries in window  : 1: 100, 2: 90, 3: 90, 4: 81, 5: 80, 6: 67
DFA state entries cumulative : 1: 11600, 2: 5371, 3: 4468, 4: 3956, 5: 3578, 6: 2930
transitions cumulative       : 1->2: 5371, 2->3: 4468, 3->4: 3956, 4->5: 3578, 5->6: 2930
accepted directly from s0    : 0
Gym endings cumulative       : terminated=8092, truncated=580

[Episode 11700/12000 | last 100]
success rate                : 57.0% (cumulative 25.5%)
failure rate                : 0.0% (cumulative 0.0%)
completed cycles / episode  : 0.000
synthetic task reward       : 5700.000
shaping reward              : 5507.701
learning reward             : 11207.701
episode length              : 499.2
abstract changes / episode  : 354.2
same abstract-state steps   : 29.0%
same-state shaping / episode: 0.000
changed-state shaping / ep. : 5507.701
terminal shaping / episode  : 53.953
DFA transitions / episode   : 3.58
DFA transitions in window   : 1->2: 87, 2->3: 76, 3->4: 71, 4->5: 67, 5->6: 57
epsilon (next episode)       : 0.09631
replay buffer                : 300000 samples [1: 44.3%, 2: 20.6%, 3: 15.4%, 4: 11.8%, 5: 7.8%, 6: 0.0%]
DFA state visits in window   : 1: 21118, 2: 13830, 3: 6955, 4: 5054, 5: 3004, 6: 57
DFA state visits cumulative  : 1: 2060328, 2: 700362, 3: 562591, 4: 408516, 5: 259277, 6: 2987
DFA state entries in window  : 1: 100, 2: 87, 3: 76, 4: 71, 5: 67, 6: 57
DFA state entries cumulative : 1: 11700, 2: 5458, 3: 4544, 4: 4027, 5: 3645, 6: 2987
transitions cumulative       : 1->2: 5458, 2->3: 4544, 3->4: 4027, 4->5: 3645, 5->6: 2987
accepted directly from s0    : 0
Gym endings cumulative       : terminated=8122, truncated=593

[Episode 11800/12000 | last 100]
success rate                : 54.0% (cumulative 25.8%)
failure rate                : 0.0% (cumulative 0.0%)
completed cycles / episode  : 0.000
synthetic task reward       : 5400.000
shaping reward              : 5429.688
learning reward             : 10829.688
episode length              : 443.9
abstract changes / episode  : 338.4
same abstract-state steps   : 23.8%
same-state shaping / episode: 0.000
changed-state shaping / ep. : 5429.688
terminal shaping / episode  : 51.349
DFA transitions / episode   : 3.57
DFA transitions in window   : 1->2: 95, 2->3: 78, 3->4: 68, 4->5: 62, 5->6: 54
epsilon (next episode)       : 0.09440
replay buffer                : 300000 samples [1: 43.4%, 2: 21.7%, 3: 15.9%, 4: 11.6%, 5: 7.4%, 6: 0.0%]
DFA state visits in window   : 1: 17281, 2: 11990, 3: 8140, 4: 4555, 5: 2475, 6: 54
DFA state visits cumulative  : 1: 2077609, 2: 712352, 3: 570731, 4: 413071, 5: 261752, 6: 3041
DFA state entries in window  : 1: 100, 2: 95, 3: 78, 4: 68, 5: 62, 6: 54
DFA state entries cumulative : 1: 11800, 2: 5553, 3: 4622, 4: 4095, 5: 3707, 6: 3041
transitions cumulative       : 1->2: 5553, 2->3: 4622, 3->4: 4095, 4->5: 3707, 5->6: 3041
accepted directly from s0    : 0
Gym endings cumulative       : terminated=8160, truncated=601

[Episode 11900/12000 | last 100]
success rate                : 61.0% (cumulative 26.1%)
failure rate                : 0.0% (cumulative 0.0%)
completed cycles / episode  : 0.000
synthetic task reward       : 6100.000
shaping reward              : 5476.459
learning reward             : 11576.459
episode length              : 440.2
abstract changes / episode  : 333.0
same abstract-state steps   : 24.4%
same-state shaping / episode: 0.000
changed-state shaping / ep. : 5476.459
terminal shaping / episode  : 60.321
DFA transitions / episode   : 3.50
DFA transitions in window   : 1->2: 80, 2->3: 77, 3->4: 68, 4->5: 64, 5->6: 61
epsilon (next episode)       : 0.09253
replay buffer                : 300000 samples [1: 45.5%, 2: 21.0%, 3: 15.5%, 4: 11.0%, 5: 7.0%, 6: 0.0%]
DFA state visits in window   : 1: 27258, 2: 6730, 3: 5070, 4: 2878, 5: 2120, 6: 61
DFA state visits cumulative  : 1: 2104867, 2: 719082, 3: 575801, 4: 415949, 5: 263872, 6: 3102
DFA state entries in window  : 1: 100, 2: 80, 3: 77, 4: 68, 5: 64, 6: 61
DFA state entries cumulative : 1: 11900, 2: 5633, 3: 4699, 4: 4163, 5: 3771, 6: 3102
transitions cumulative       : 1->2: 5633, 2->3: 4699, 3->4: 4163, 4->5: 3771, 5->6: 3102
accepted directly from s0    : 0
Gym endings cumulative       : terminated=8194, truncated=606

[Episode 12000/12000 | last 100]
success rate                : 85.0% (cumulative 26.6%)
failure rate                : 0.0% (cumulative 0.0%)
completed cycles / episode  : 0.000
synthetic task reward       : 8500.000
shaping reward              : 7533.769
learning reward             : 16033.769
episode length              : 414.2
abstract changes / episode  : 319.8
same abstract-state steps   : 22.8%
same-state shaping / episode: 0.000
changed-state shaping / ep. : 7533.769
terminal shaping / episode  : 81.665
DFA transitions / episode   : 4.68
DFA transitions in window   : 1->2: 98, 2->3: 98, 3->4: 95, 4->5: 92, 5->6: 85
epsilon (next episode)       : 0.09070
replay buffer                : 300000 samples [1: 47.1%, 2: 20.6%, 3: 15.1%, 4: 10.2%, 5: 7.1%, 6: 0.0%]
DFA state visits in window   : 1: 19191, 2: 7908, 3: 6005, 4: 4706, 5: 3628, 6: 85
DFA state visits cumulative  : 1: 2124058, 2: 726990, 3: 581806, 4: 420655, 5: 267500, 6: 3187
DFA state entries in window  : 1: 100, 2: 98, 3: 98, 4: 95, 5: 92, 6: 85
DFA state entries cumulative : 1: 12000, 2: 5731, 3: 4797, 4: 4258, 5: 3863, 6: 3187
transitions cumulative       : 1->2: 5731, 2->3: 4797, 3->4: 4258, 4->5: 3863, 5->6: 3187
accepted directly from s0    : 0
Gym endings cumulative       : terminated=8208, truncated=607

Starting autonomous greedy evaluation at episode 12000 (1000 fixed-seed episodes)...
[Greedy evaluation at episode 12000 | 1000 fixed-seed episodes]
success=98.9%, failure=0.0%, task reward=9890.000, length=336.7
DFA transitions: 1->2: 991, 2->3: 991, 3->4: 990, 4->5: 989, 5->6: 989
Best policy updated from autonomous greedy evaluation at episode 12000.
Last policy saved after episode 12000. Best greedy evaluation: episode 12000, mean task reward=9890.000
