
=== NEW RUN ===
episodes=12000, shaping=True, goal_reward=10000.0, gamma=0.99
gamma_shaping=1.0, shaping_formula=gamma_shaping*Phi(next)-Phi(state)
ground_unbiased_learner=False
eval_interval=500, eval_episodes=1000, eval_seed=100000
inter_level_shaping=False, inter_level_formula=gamma*Phi(next)-Phi(state)
task_type=ltlf, task=F(wp1 & X(F(wp2 & X(F(wp3 & X(F(g1)))))))
regions={wp1: {'center': [-0.75, 1.0625], 'radius': 0.1}, wp2: {'center': [0, 0.6875], 'radius': 0.1}, wp3: {'center': [0, 1.0625], 'radius': 0.1}, g1: {'center': [0.75, 1.0625], 'radius': 0.1}}
dfa_states=[1, 2, 3, 4, 5], pre_trace=1, accepting=[5], failure=[]

[Episode 1/12000 | last 1]
success rate                : 0.0% (cumulative 0.0%)
failure rate                : 0.0% (cumulative 0.0%)
completed cycles / episode  : 0.000
synthetic task reward       : 0.000
shaping reward              : -352.799
learning reward             : -352.799
episode length              : 119.0
abstract changes / episode  : 12.0
same abstract-state steps   : 89.9%
same-state shaping / episode: 0.000
changed-state shaping / ep. : -352.799
terminal shaping / episode  : 0.000
DFA transitions / episode   : 0.00
DFA transitions in window   : none
epsilon (next episode)       : 0.99980
replay buffer                : 119 samples [1: 100.0%, 2: 0.0%, 3: 0.0%, 4: 0.0%, 5: 0.0%]
DFA state visits in window   : 1: 120, 2: 0, 3: 0, 4: 0, 5: 0
DFA state visits cumulative  : 1: 120, 2: 0, 3: 0, 4: 0, 5: 0
DFA state entries in window  : 1: 1, 2: 0, 3: 0, 4: 0, 5: 0
DFA state entries cumulative : 1: 1, 2: 0, 3: 0, 4: 0, 5: 0
transitions cumulative       : none
accepted directly from s0    : 0
Gym endings cumulative       : terminated=1, truncated=0

[Episode 100/12000 | last 100]
success rate                : 0.0% (cumulative 0.0%)
failure rate                : 0.0% (cumulative 0.0%)
completed cycles / episode  : 0.000
synthetic task reward       : 0.000
shaping reward              : -392.709
learning reward             : -392.709
episode length              : 93.8
abstract changes / episode  : 12.6
same abstract-state steps   : 86.5%
same-state shaping / episode: 0.000
changed-state shaping / ep. : -392.709
terminal shaping / episode  : -0.860
DFA transitions / episode   : 0.01
DFA transitions in window   : 1->2: 1
epsilon (next episode)       : 0.98020
replay buffer                : 9375 samples [1: 99.7%, 2: 0.3%, 3: 0.0%, 4: 0.0%, 5: 0.0%]
DFA state visits in window   : 1: 9444, 2: 31, 3: 0, 4: 0, 5: 0
DFA state visits cumulative  : 1: 9444, 2: 31, 3: 0, 4: 0, 5: 0
DFA state entries in window  : 1: 100, 2: 1, 3: 0, 4: 0, 5: 0
DFA state entries cumulative : 1: 100, 2: 1, 3: 0, 4: 0, 5: 0
transitions cumulative       : 1->2: 1
accepted directly from s0    : 0
Gym endings cumulative       : terminated=100, truncated=0

[Episode 200/12000 | last 100]
success rate                : 0.0% (cumulative 0.0%)
failure rate                : 0.0% (cumulative 0.0%)
completed cycles / episode  : 0.000
synthetic task reward       : 0.000
shaping reward              : -383.969
learning reward             : -383.969
episode length              : 92.6
abstract changes / episode  : 12.6
same abstract-state steps   : 86.4%
same-state shaping / episode: 0.000
changed-state shaping / ep. : -383.969
terminal shaping / episode  : -2.660
DFA transitions / episode   : 0.02
DFA transitions in window   : 1->2: 2
epsilon (next episode)       : 0.96079
replay buffer                : 18634 samples [1: 99.7%, 2: 0.3%, 3: 0.0%, 4: 0.0%, 5: 0.0%]
DFA state visits in window   : 1: 9323, 2: 36, 3: 0, 4: 0, 5: 0
DFA state visits cumulative  : 1: 18767, 2: 67, 3: 0, 4: 0, 5: 0
DFA state entries in window  : 1: 100, 2: 2, 3: 0, 4: 0, 5: 0
DFA state entries cumulative : 1: 200, 2: 3, 3: 0, 4: 0, 5: 0
transitions cumulative       : 1->2: 3
accepted directly from s0    : 0
Gym endings cumulative       : terminated=200, truncated=0

[Episode 300/12000 | last 100]
success rate                : 0.0% (cumulative 0.0%)
failure rate                : 0.0% (cumulative 0.0%)
completed cycles / episode  : 0.000
synthetic task reward       : 0.000
shaping reward              : -362.549
learning reward             : -362.549
episode length              : 93.1
abstract changes / episode  : 12.5
same abstract-state steps   : 86.5%
same-state shaping / episode: 0.000
changed-state shaping / ep. : -362.549
terminal shaping / episode  : -2.615
DFA transitions / episode   : 0.04
DFA transitions in window   : 1->2: 4
epsilon (next episode)       : 0.94176
replay buffer                : 27948 samples [1: 99.4%, 2: 0.6%, 3: 0.0%, 4: 0.0%, 5: 0.0%]
DFA state visits in window   : 1: 9318, 2: 96, 3: 0, 4: 0, 5: 0
DFA state visits cumulative  : 1: 28085, 2: 163, 3: 0, 4: 0, 5: 0
DFA state entries in window  : 1: 100, 2: 4, 3: 0, 4: 0, 5: 0
DFA state entries cumulative : 1: 300, 2: 7, 3: 0, 4: 0, 5: 0
transitions cumulative       : 1->2: 7
accepted directly from s0    : 0
Gym endings cumulative       : terminated=300, truncated=0

[Episode 400/12000 | last 100]
success rate                : 0.0% (cumulative 0.0%)
failure rate                : 0.0% (cumulative 0.0%)
completed cycles / episode  : 0.000
synthetic task reward       : 0.000
shaping reward              : -372.257
learning reward             : -372.257
episode length              : 97.1
abstract changes / episode  : 13.0
same abstract-state steps   : 86.6%
same-state shaping / episode: 0.000
changed-state shaping / ep. : -372.257
terminal shaping / episode  : 0.000
DFA transitions / episode   : 0.05
DFA transitions in window   : 1->2: 5
epsilon (next episode)       : 0.92311
replay buffer                : 37656 samples [1: 99.3%, 2: 0.7%, 3: 0.0%, 4: 0.0%, 5: 0.0%]
DFA state visits in window   : 1: 9705, 2: 103, 3: 0, 4: 0, 5: 0
DFA state visits cumulative  : 1: 37790, 2: 266, 3: 0, 4: 0, 5: 0
DFA state entries in window  : 1: 100, 2: 5, 3: 0, 4: 0, 5: 0
DFA state entries cumulative : 1: 400, 2: 12, 3: 0, 4: 0, 5: 0
transitions cumulative       : 1->2: 12
accepted directly from s0    : 0
Gym endings cumulative       : terminated=400, truncated=0

[Episode 500/12000 | last 100]
success rate                : 0.0% (cumulative 0.0%)
failure rate                : 0.0% (cumulative 0.0%)
completed cycles / episode  : 0.000
synthetic task reward       : 0.000
shaping reward              : -374.101
learning reward             : -374.101
episode length              : 95.7
abstract changes / episode  : 12.6
same abstract-state steps   : 86.8%
same-state shaping / episode: 0.000
changed-state shaping / ep. : -374.101
terminal shaping / episode  : -1.737
DFA transitions / episode   : 0.03
DFA transitions in window   : 1->2: 3
epsilon (next episode)       : 0.90483
replay buffer                : 47228 samples [1: 99.3%, 2: 0.7%, 3: 0.0%, 4: 0.0%, 5: 0.0%]
DFA state visits in window   : 1: 9594, 2: 78, 3: 0, 4: 0, 5: 0
DFA state visits cumulative  : 1: 47384, 2: 344, 3: 0, 4: 0, 5: 0
DFA state entries in window  : 1: 100, 2: 3, 3: 0, 4: 0, 5: 0
DFA state entries cumulative : 1: 500, 2: 15, 3: 0, 4: 0, 5: 0
transitions cumulative       : 1->2: 15
accepted directly from s0    : 0
Gym endings cumulative       : terminated=500, truncated=0

Starting autonomous greedy evaluation at episode 500 (1000 fixed-seed episodes)...
[Greedy evaluation at episode 500 | 1000 fixed-seed episodes]
success=0.0%, failure=0.0%, task reward=0.000, length=120.0
DFA transitions: none
Best policy updated from autonomous greedy evaluation at episode 500.

[Episode 600/12000 | last 100]
success rate                : 0.0% (cumulative 0.0%)
failure rate                : 0.0% (cumulative 0.0%)
completed cycles / episode  : 0.000
synthetic task reward       : 0.000
shaping reward              : -352.637
learning reward             : -352.637
episode length              : 97.2
abstract changes / episode  : 12.6
same abstract-state steps   : 87.0%
same-state shaping / episode: 0.000
changed-state shaping / ep. : -352.637
terminal shaping / episode  : -0.878
DFA transitions / episode   : 0.05
DFA transitions in window   : 1->2: 5
epsilon (next episode)       : 0.88691
replay buffer                : 56950 samples [1: 99.2%, 2: 0.8%, 3: 0.0%, 4: 0.0%, 5: 0.0%]
DFA state visits in window   : 1: 9701, 2: 121, 3: 0, 4: 0, 5: 0
DFA state visits cumulative  : 1: 57085, 2: 465, 3: 0, 4: 0, 5: 0
DFA state entries in window  : 1: 100, 2: 5, 3: 0, 4: 0, 5: 0
DFA state entries cumulative : 1: 600, 2: 20, 3: 0, 4: 0, 5: 0
transitions cumulative       : 1->2: 20
accepted directly from s0    : 0
Gym endings cumulative       : terminated=600, truncated=0

[Episode 700/12000 | last 100]
success rate                : 0.0% (cumulative 0.0%)
failure rate                : 0.0% (cumulative 0.0%)
completed cycles / episode  : 0.000
synthetic task reward       : 0.000
shaping reward              : -352.967
learning reward             : -352.967
episode length              : 96.8
abstract changes / episode  : 12.8
same abstract-state steps   : 86.8%
same-state shaping / episode: 0.000
changed-state shaping / ep. : -352.967
terminal shaping / episode  : -2.651
DFA transitions / episode   : 0.03
DFA transitions in window   : 1->2: 3
epsilon (next episode)       : 0.86935
replay buffer                : 66627 samples [1: 99.2%, 2: 0.8%, 3: 0.0%, 4: 0.0%, 5: 0.0%]
DFA state visits in window   : 1: 9661, 2: 116, 3: 0, 4: 0, 5: 0
DFA state visits cumulative  : 1: 66746, 2: 581, 3: 0, 4: 0, 5: 0
DFA state entries in window  : 1: 100, 2: 3, 3: 0, 4: 0, 5: 0
DFA state entries cumulative : 1: 700, 2: 23, 3: 0, 4: 0, 5: 0
transitions cumulative       : 1->2: 23
accepted directly from s0    : 0
Gym endings cumulative       : terminated=700, truncated=0

[Episode 800/12000 | last 100]
success rate                : 0.0% (cumulative 0.0%)
failure rate                : 0.0% (cumulative 0.0%)
completed cycles / episode  : 0.000
synthetic task reward       : 0.000
shaping reward              : -347.478
learning reward             : -347.478
episode length              : 97.2
abstract changes / episode  : 12.8
same abstract-state steps   : 86.8%
same-state shaping / episode: 0.000
changed-state shaping / ep. : -347.478
terminal shaping / episode  : -2.615
DFA transitions / episode   : 0.05
DFA transitions in window   : 1->2: 5
epsilon (next episode)       : 0.85213
replay buffer                : 76348 samples [1: 99.1%, 2: 0.9%, 3: 0.0%, 4: 0.0%, 5: 0.0%]
DFA state visits in window   : 1: 9686, 2: 135, 3: 0, 4: 0, 5: 0
DFA state visits cumulative  : 1: 76432, 2: 716, 3: 0, 4: 0, 5: 0
DFA state entries in window  : 1: 100, 2: 5, 3: 0, 4: 0, 5: 0
DFA state entries cumulative : 1: 800, 2: 28, 3: 0, 4: 0, 5: 0
transitions cumulative       : 1->2: 28
accepted directly from s0    : 0
Gym endings cumulative       : terminated=800, truncated=0

[Episode 900/12000 | last 100]
success rate                : 0.0% (cumulative 0.0%)
failure rate                : 0.0% (cumulative 0.0%)
completed cycles / episode  : 0.000
synthetic task reward       : 0.000
shaping reward              : -348.445
learning reward             : -348.445
episode length              : 98.5
abstract changes / episode  : 12.8
same abstract-state steps   : 87.0%
same-state shaping / episode: 0.000
changed-state shaping / ep. : -348.445
terminal shaping / episode  : -2.606
DFA transitions / episode   : 0.05
DFA transitions in window   : 1->2: 5
epsilon (next episode)       : 0.83526
replay buffer                : 86199 samples [1: 99.1%, 2: 0.9%, 3: 0.0%, 4: 0.0%, 5: 0.0%]
DFA state visits in window   : 1: 9821, 2: 130, 3: 0, 4: 0, 5: 0
DFA state visits cumulative  : 1: 86253, 2: 846, 3: 0, 4: 0, 5: 0
DFA state entries in window  : 1: 100, 2: 5, 3: 0, 4: 0, 5: 0
DFA state entries cumulative : 1: 900, 2: 33, 3: 0, 4: 0, 5: 0
transitions cumulative       : 1->2: 33
accepted directly from s0    : 0
Gym endings cumulative       : terminated=900, truncated=0

[Episode 1000/12000 | last 100]
success rate                : 0.0% (cumulative 0.0%)
failure rate                : 0.0% (cumulative 0.0%)
completed cycles / episode  : 0.000
synthetic task reward       : 0.000
shaping reward              : -348.597
learning reward             : -348.597
episode length              : 100.0
abstract changes / episode  : 12.8
same abstract-state steps   : 87.2%
same-state shaping / episode: 0.000
changed-state shaping / ep. : -348.597
terminal shaping / episode  : -1.738
DFA transitions / episode   : 0.04
DFA transitions in window   : 1->2: 4
epsilon (next episode)       : 0.81871
replay buffer                : 96197 samples [1: 99.1%, 2: 0.9%, 3: 0.0%, 4: 0.0%, 5: 0.0%]
DFA state visits in window   : 1: 10001, 2: 97, 3: 0, 4: 0, 5: 0
DFA state visits cumulative  : 1: 96254, 2: 943, 3: 0, 4: 0, 5: 0
DFA state entries in window  : 1: 100, 2: 4, 3: 0, 4: 0, 5: 0
DFA state entries cumulative : 1: 1000, 2: 37, 3: 0, 4: 0, 5: 0
transitions cumulative       : 1->2: 37
accepted directly from s0    : 0
Gym endings cumulative       : terminated=1000, truncated=0

Starting autonomous greedy evaluation at episode 1000 (1000 fixed-seed episodes)...
[Greedy evaluation at episode 1000 | 1000 fixed-seed episodes]
success=0.0%, failure=0.0%, task reward=0.000, length=130.0
DFA transitions: none

[Episode 1100/12000 | last 100]
success rate                : 0.0% (cumulative 0.0%)
failure rate                : 0.0% (cumulative 0.0%)
completed cycles / episode  : 0.000
synthetic task reward       : 0.000
shaping reward              : -366.032
learning reward             : -366.032
episode length              : 109.5
abstract changes / episode  : 13.3
same abstract-state steps   : 87.9%
same-state shaping / episode: 0.000
changed-state shaping / ep. : -366.032
terminal shaping / episode  : -2.615
DFA transitions / episode   : 0.03
DFA transitions in window   : 1->2: 3
epsilon (next episode)       : 0.80250
replay buffer                : 107147 samples [1: 99.1%, 2: 0.9%, 3: 0.0%, 4: 0.0%, 5: 0.0%]
DFA state visits in window   : 1: 10985, 2: 65, 3: 0, 4: 0, 5: 0
DFA state visits cumulative  : 1: 107239, 2: 1008, 3: 0, 4: 0, 5: 0
DFA state entries in window  : 1: 100, 2: 3, 3: 0, 4: 0, 5: 0
DFA state entries cumulative : 1: 1100, 2: 40, 3: 0, 4: 0, 5: 0
transitions cumulative       : 1->2: 40
accepted directly from s0    : 0
Gym endings cumulative       : terminated=1099, truncated=1

[Episode 1200/12000 | last 100]
success rate                : 0.0% (cumulative 0.0%)
failure rate                : 0.0% (cumulative 0.0%)
completed cycles / episode  : 0.000
synthetic task reward       : 0.000
shaping reward              : -354.667
learning reward             : -354.667
episode length              : 103.4
abstract changes / episode  : 12.9
same abstract-state steps   : 87.5%
same-state shaping / episode: 0.000
changed-state shaping / ep. : -354.667
terminal shaping / episode  : -2.624
DFA transitions / episode   : 0.01
DFA transitions in window   : 1->2: 1
epsilon (next episode)       : 0.78661
replay buffer                : 117483 samples [1: 99.2%, 2: 0.8%, 3: 0.0%, 4: 0.0%, 5: 0.0%]
DFA state visits in window   : 1: 10409, 2: 27, 3: 0, 4: 0, 5: 0
DFA state visits cumulative  : 1: 117648, 2: 1035, 3: 0, 4: 0, 5: 0
DFA state entries in window  : 1: 100, 2: 1, 3: 0, 4: 0, 5: 0
DFA state entries cumulative : 1: 1200, 2: 41, 3: 0, 4: 0, 5: 0
transitions cumulative       : 1->2: 41
accepted directly from s0    : 0
Gym endings cumulative       : terminated=1199, truncated=1

[Episode 1300/12000 | last 100]
success rate                : 0.0% (cumulative 0.0%)
failure rate                : 0.0% (cumulative 0.0%)
completed cycles / episode  : 0.000
synthetic task reward       : 0.000
shaping reward              : -362.611
learning reward             : -362.611
episode length              : 100.6
abstract changes / episode  : 12.9
same abstract-state steps   : 87.1%
same-state shaping / episode: 0.000
changed-state shaping / ep. : -362.611
terminal shaping / episode  : -1.746
DFA transitions / episode   : 0.01
DFA transitions in window   : 1->2: 1
epsilon (next episode)       : 0.77103
replay buffer                : 127544 samples [1: 99.2%, 2: 0.8%, 3: 0.0%, 4: 0.0%, 5: 0.0%]
DFA state visits in window   : 1: 10133, 2: 28, 3: 0, 4: 0, 5: 0
DFA state visits cumulative  : 1: 127781, 2: 1063, 3: 0, 4: 0, 5: 0
DFA state entries in window  : 1: 100, 2: 1, 3: 0, 4: 0, 5: 0
DFA state entries cumulative : 1: 1300, 2: 42, 3: 0, 4: 0, 5: 0
transitions cumulative       : 1->2: 42
accepted directly from s0    : 0
Gym endings cumulative       : terminated=1299, truncated=1

[Episode 1400/12000 | last 100]
success rate                : 0.0% (cumulative 0.0%)
failure rate                : 0.0% (cumulative 0.0%)
completed cycles / episode  : 0.000
synthetic task reward       : 0.000
shaping reward              : -360.006
learning reward             : -360.006
episode length              : 112.9
abstract changes / episode  : 13.0
same abstract-state steps   : 88.5%
same-state shaping / episode: 0.000
changed-state shaping / ep. : -360.006
terminal shaping / episode  : -1.737
DFA transitions / episode   : 0.02
DFA transitions in window   : 1->2: 2
epsilon (next episode)       : 0.75576
replay buffer                : 138837 samples [1: 99.2%, 2: 0.8%, 3: 0.0%, 4: 0.0%, 5: 0.0%]
DFA state visits in window   : 1: 11339, 2: 54, 3: 0, 4: 0, 5: 0
DFA state visits cumulative  : 1: 139120, 2: 1117, 3: 0, 4: 0, 5: 0
DFA state entries in window  : 1: 100, 2: 2, 3: 0, 4: 0, 5: 0
DFA state entries cumulative : 1: 1400, 2: 44, 3: 0, 4: 0, 5: 0
transitions cumulative       : 1->2: 44
accepted directly from s0    : 0
Gym endings cumulative       : terminated=1399, truncated=1

[Episode 1500/12000 | last 100]
success rate                : 0.0% (cumulative 0.0%)
failure rate                : 0.0% (cumulative 0.0%)
completed cycles / episode  : 0.000
synthetic task reward       : 0.000
shaping reward              : -353.384
learning reward             : -353.384
episode length              : 116.4
abstract changes / episode  : 13.1
same abstract-state steps   : 88.8%
same-state shaping / episode: 0.000
changed-state shaping / ep. : -353.384
terminal shaping / episode  : -3.475
DFA transitions / episode   : 0.02
DFA transitions in window   : 1->2: 2
epsilon (next episode)       : 0.74080
replay buffer                : 150479 samples [1: 99.2%, 2: 0.8%, 3: 0.0%, 4: 0.0%, 5: 0.0%]
DFA state visits in window   : 1: 11651, 2: 91, 3: 0, 4: 0, 5: 0
DFA state visits cumulative  : 1: 150771, 2: 1208, 3: 0, 4: 0, 5: 0
DFA state entries in window  : 1: 100, 2: 2, 3: 0, 4: 0, 5: 0
DFA state entries cumulative : 1: 1500, 2: 46, 3: 0, 4: 0, 5: 0
transitions cumulative       : 1->2: 46
accepted directly from s0    : 0
Gym endings cumulative       : terminated=1499, truncated=1

Starting autonomous greedy evaluation at episode 1500 (1000 fixed-seed episodes)...
[Greedy evaluation at episode 1500 | 1000 fixed-seed episodes]
success=0.0%, failure=0.0%, task reward=0.000, length=138.6
DFA transitions: 1->2: 17

[Episode 1600/12000 | last 100]
success rate                : 0.0% (cumulative 0.0%)
failure rate                : 0.0% (cumulative 0.0%)
completed cycles / episode  : 0.000
synthetic task reward       : 0.000
shaping reward              : -362.284
learning reward             : -362.284
episode length              : 123.2
abstract changes / episode  : 12.9
same abstract-state steps   : 89.5%
same-state shaping / episode: 0.000
changed-state shaping / ep. : -362.284
terminal shaping / episode  : -3.475
DFA transitions / episode   : 0.03
DFA transitions in window   : 1->2: 3
epsilon (next episode)       : 0.72613
replay buffer                : 162797 samples [1: 99.2%, 2: 0.8%, 3: 0.0%, 4: 0.0%, 5: 0.0%]
DFA state visits in window   : 1: 12299, 2: 119, 3: 0, 4: 0, 5: 0
DFA state visits cumulative  : 1: 163070, 2: 1327, 3: 0, 4: 0, 5: 0
DFA state entries in window  : 1: 100, 2: 3, 3: 0, 4: 0, 5: 0
DFA state entries cumulative : 1: 1600, 2: 49, 3: 0, 4: 0, 5: 0
transitions cumulative       : 1->2: 49
accepted directly from s0    : 0
Gym endings cumulative       : terminated=1599, truncated=1

[Episode 1700/12000 | last 100]
success rate                : 0.0% (cumulative 0.0%)
failure rate                : 0.0% (cumulative 0.0%)
completed cycles / episode  : 0.000
synthetic task reward       : 0.000
shaping reward              : -384.714
learning reward             : -384.714
episode length              : 131.4
abstract changes / episode  : 13.6
same abstract-state steps   : 89.7%
same-state shaping / episode: 0.000
changed-state shaping / ep. : -384.714
terminal shaping / episode  : -3.546
DFA transitions / episode   : 0.02
DFA transitions in window   : 1->2: 2
epsilon (next episode)       : 0.71175
replay buffer                : 175939 samples [1: 99.2%, 2: 0.8%, 3: 0.0%, 4: 0.0%, 5: 0.0%]
DFA state visits in window   : 1: 13164, 2: 78, 3: 0, 4: 0, 5: 0
DFA state visits cumulative  : 1: 176234, 2: 1405, 3: 0, 4: 0, 5: 0
DFA state entries in window  : 1: 100, 2: 2, 3: 0, 4: 0, 5: 0
DFA state entries cumulative : 1: 1700, 2: 51, 3: 0, 4: 0, 5: 0
transitions cumulative       : 1->2: 51
accepted directly from s0    : 0
Gym endings cumulative       : terminated=1699, truncated=1

[Episode 1800/12000 | last 100]
success rate                : 0.0% (cumulative 0.0%)
failure rate                : 0.0% (cumulative 0.0%)
completed cycles / episode  : 0.000
synthetic task reward       : 0.000
shaping reward              : -389.251
learning reward             : -389.251
episode length              : 137.9
abstract changes / episode  : 13.5
same abstract-state steps   : 90.2%
same-state shaping / episode: 0.000
changed-state shaping / ep. : -389.251
terminal shaping / episode  : 0.000
DFA transitions / episode   : 0.00
DFA transitions in window   : none
epsilon (next episode)       : 0.69765
replay buffer                : 189725 samples [1: 99.3%, 2: 0.7%, 3: 0.0%, 4: 0.0%, 5: 0.0%]
DFA state visits in window   : 1: 13886, 2: 0, 3: 0, 4: 0, 5: 0
DFA state visits cumulative  : 1: 190120, 2: 1405, 3: 0, 4: 0, 5: 0
DFA state entries in window  : 1: 100, 2: 0, 3: 0, 4: 0, 5: 0
DFA state entries cumulative : 1: 1800, 2: 51, 3: 0, 4: 0, 5: 0
transitions cumulative       : 1->2: 51
accepted directly from s0    : 0
Gym endings cumulative       : terminated=1799, truncated=1

[Episode 1900/12000 | last 100]
success rate                : 0.0% (cumulative 0.0%)
failure rate                : 0.0% (cumulative 0.0%)
completed cycles / episode  : 0.000
synthetic task reward       : 0.000
shaping reward              : -379.126
learning reward             : -379.126
episode length              : 137.6
abstract changes / episode  : 13.6
same abstract-state steps   : 90.1%
same-state shaping / episode: 0.000
changed-state shaping / ep. : -379.126
terminal shaping / episode  : -0.878
DFA transitions / episode   : 0.02
DFA transitions in window   : 1->2: 2
epsilon (next episode)       : 0.68384
replay buffer                : 203484 samples [1: 99.3%, 2: 0.7%, 3: 0.0%, 4: 0.0%, 5: 0.0%]
DFA state visits in window   : 1: 13779, 2: 80, 3: 0, 4: 0, 5: 0
DFA state visits cumulative  : 1: 203899, 2: 1485, 3: 0, 4: 0, 5: 0
DFA state entries in window  : 1: 100, 2: 2, 3: 0, 4: 0, 5: 0
DFA state entries cumulative : 1: 1900, 2: 53, 3: 0, 4: 0, 5: 0
transitions cumulative       : 1->2: 53
accepted directly from s0    : 0
Gym endings cumulative       : terminated=1899, truncated=1

[Episode 2000/12000 | last 100]
success rate                : 0.0% (cumulative 0.0%)
failure rate                : 0.0% (cumulative 0.0%)
completed cycles / episode  : 0.000
synthetic task reward       : 0.000
shaping reward              : -382.531
learning reward             : -382.531
episode length              : 132.6
abstract changes / episode  : 13.1
same abstract-state steps   : 90.1%
same-state shaping / episode: 0.000
changed-state shaping / ep. : -382.531
terminal shaping / episode  : 0.000
DFA transitions / episode   : 0.03
DFA transitions in window   : 1->2: 3
epsilon (next episode)       : 0.67029
replay buffer                : 216742 samples [1: 99.3%, 2: 0.7%, 3: 0.0%, 4: 0.0%, 5: 0.0%]
DFA state visits in window   : 1: 13211, 2: 147, 3: 0, 4: 0, 5: 0
DFA state visits cumulative  : 1: 217110, 2: 1632, 3: 0, 4: 0, 5: 0
DFA state entries in window  : 1: 100, 2: 3, 3: 0, 4: 0, 5: 0
DFA state entries cumulative : 1: 2000, 2: 56, 3: 0, 4: 0, 5: 0
transitions cumulative       : 1->2: 56
accepted directly from s0    : 0
Gym endings cumulative       : terminated=1999, truncated=1

Starting autonomous greedy evaluation at episode 2000 (1000 fixed-seed episodes)...
[Greedy evaluation at episode 2000 | 1000 fixed-seed episodes]
success=0.0%, failure=0.0%, task reward=0.000, length=142.8
DFA transitions: none

[Episode 2100/12000 | last 100]
success rate                : 0.0% (cumulative 0.0%)
failure rate                : 0.0% (cumulative 0.0%)
completed cycles / episode  : 0.000
synthetic task reward       : 0.000
shaping reward              : -390.290
learning reward             : -390.290
episode length              : 145.1
abstract changes / episode  : 12.7
same abstract-state steps   : 91.3%
same-state shaping / episode: 0.000
changed-state shaping / ep. : -390.290
terminal shaping / episode  : -0.869
DFA transitions / episode   : 0.01
DFA transitions in window   : 1->2: 1
epsilon (next episode)       : 0.65702
replay buffer                : 231248 samples [1: 99.3%, 2: 0.7%, 3: 0.0%, 4: 0.0%, 5: 0.0%]
DFA state visits in window   : 1: 14573, 2: 33, 3: 0, 4: 0, 5: 0
DFA state visits cumulative  : 1: 231683, 2: 1665, 3: 0, 4: 0, 5: 0
DFA state entries in window  : 1: 100, 2: 1, 3: 0, 4: 0, 5: 0
DFA state entries cumulative : 1: 2100, 2: 57, 3: 0, 4: 0, 5: 0
transitions cumulative       : 1->2: 57
accepted directly from s0    : 0
Gym endings cumulative       : terminated=2099, truncated=1

[Episode 2200/12000 | last 100]
success rate                : 0.0% (cumulative 0.0%)
failure rate                : 0.0% (cumulative 0.0%)
completed cycles / episode  : 0.000
synthetic task reward       : 0.000
shaping reward              : -357.578
learning reward             : -357.578
episode length              : 131.2
abstract changes / episode  : 12.4
same abstract-state steps   : 90.6%
same-state shaping / episode: 0.000
changed-state shaping / ep. : -357.578
terminal shaping / episode  : -0.869
DFA transitions / episode   : 0.03
DFA transitions in window   : 1->2: 3
epsilon (next episode)       : 0.64401
replay buffer                : 244371 samples [1: 99.2%, 2: 0.8%, 3: 0.0%, 4: 0.0%, 5: 0.0%]
DFA state visits in window   : 1: 12990, 2: 233, 3: 0, 4: 0, 5: 0
DFA state visits cumulative  : 1: 244673, 2: 1898, 3: 0, 4: 0, 5: 0
DFA state entries in window  : 1: 100, 2: 3, 3: 0, 4: 0, 5: 0
DFA state entries cumulative : 1: 2200, 2: 60, 3: 0, 4: 0, 5: 0
transitions cumulative       : 1->2: 60
accepted directly from s0    : 0
Gym endings cumulative       : terminated=2199, truncated=1

[Episode 2300/12000 | last 100]
success rate                : 0.0% (cumulative 0.0%)
failure rate                : 0.0% (cumulative 0.0%)
completed cycles / episode  : 0.000
synthetic task reward       : 0.000
shaping reward              : -358.547
learning reward             : -358.547
episode length              : 134.1
abstract changes / episode  : 12.0
same abstract-state steps   : 91.1%
same-state shaping / episode: 0.000
changed-state shaping / ep. : -358.547
terminal shaping / episode  : -1.737
DFA transitions / episode   : 0.00
DFA transitions in window   : none
epsilon (next episode)       : 0.63125
replay buffer                : 257780 samples [1: 99.3%, 2: 0.7%, 3: 0.0%, 4: 0.0%, 5: 0.0%]
DFA state visits in window   : 1: 13509, 2: 0, 3: 0, 4: 0, 5: 0
DFA state visits cumulative  : 1: 258182, 2: 1898, 3: 0, 4: 0, 5: 0
DFA state entries in window  : 1: 100, 2: 0, 3: 0, 4: 0, 5: 0
DFA state entries cumulative : 1: 2300, 2: 60, 3: 0, 4: 0, 5: 0
transitions cumulative       : 1->2: 60
accepted directly from s0    : 0
Gym endings cumulative       : terminated=2299, truncated=1

[Episode 2400/12000 | last 100]
success rate                : 0.0% (cumulative 0.0%)
failure rate                : 0.0% (cumulative 0.0%)
completed cycles / episode  : 0.000
synthetic task reward       : 0.000
shaping reward              : -359.457
learning reward             : -359.457
episode length              : 165.0
abstract changes / episode  : 13.0
same abstract-state steps   : 92.1%
same-state shaping / episode: 0.000
changed-state shaping / ep. : -359.457
terminal shaping / episode  : -1.737
DFA transitions / episode   : 0.04
DFA transitions in window   : 1->2: 4
epsilon (next episode)       : 0.61875
replay buffer                : 274280 samples [1: 99.2%, 2: 0.8%, 3: 0.0%, 4: 0.0%, 5: 0.0%]
DFA state visits in window   : 1: 16305, 2: 295, 3: 0, 4: 0, 5: 0
DFA state visits cumulative  : 1: 274487, 2: 2193, 3: 0, 4: 0, 5: 0
DFA state entries in window  : 1: 100, 2: 4, 3: 0, 4: 0, 5: 0
DFA state entries cumulative : 1: 2400, 2: 64, 3: 0, 4: 0, 5: 0
transitions cumulative       : 1->2: 64
accepted directly from s0    : 0
Gym endings cumulative       : terminated=2399, truncated=1

[Episode 2500/12000 | last 100]
success rate                : 0.0% (cumulative 0.0%)
failure rate                : 0.0% (cumulative 0.0%)
completed cycles / episode  : 0.000
synthetic task reward       : 0.000
shaping reward              : -387.089
learning reward             : -387.089
episode length              : 170.0
abstract changes / episode  : 13.9
same abstract-state steps   : 91.8%
same-state shaping / episode: 0.000
changed-state shaping / ep. : -387.089
terminal shaping / episode  : -0.860
DFA transitions / episode   : 0.03
DFA transitions in window   : 1->2: 3
epsilon (next episode)       : 0.60650
replay buffer                : 291283 samples [1: 99.2%, 2: 0.8%, 3: 0.0%, 4: 0.0%, 5: 0.0%]
DFA state visits in window   : 1: 16965, 2: 138, 3: 0, 4: 0, 5: 0
DFA state visits cumulative  : 1: 291452, 2: 2331, 3: 0, 4: 0, 5: 0
DFA state entries in window  : 1: 100, 2: 3, 3: 0, 4: 0, 5: 0
DFA state entries cumulative : 1: 2500, 2: 67, 3: 0, 4: 0, 5: 0
transitions cumulative       : 1->2: 67
accepted directly from s0    : 0
Gym endings cumulative       : terminated=2499, truncated=1

Starting autonomous greedy evaluation at episode 2500 (1000 fixed-seed episodes)...
[Greedy evaluation at episode 2500 | 1000 fixed-seed episodes]
success=0.0%, failure=0.0%, task reward=0.000, length=195.1
DFA transitions: none

[Episode 2600/12000 | last 100]
success rate                : 0.0% (cumulative 0.0%)
failure rate                : 0.0% (cumulative 0.0%)
completed cycles / episode  : 0.000
synthetic task reward       : 0.000
shaping reward              : -351.000
learning reward             : -351.000
episode length              : 199.7
abstract changes / episode  : 13.6
same abstract-state steps   : 93.2%
same-state shaping / episode: 0.000
changed-state shaping / ep. : -351.000
terminal shaping / episode  : 0.000
DFA transitions / episode   : 0.01
DFA transitions in window   : 1->2: 1
epsilon (next episode)       : 0.59449
replay buffer                : 300000 samples [1: 99.2%, 2: 0.8%, 3: 0.0%, 4: 0.0%, 5: 0.0%]
DFA state visits in window   : 1: 20024, 2: 49, 3: 0, 4: 0, 5: 0
DFA state visits cumulative  : 1: 311476, 2: 2380, 3: 0, 4: 0, 5: 0
DFA state entries in window  : 1: 100, 2: 1, 3: 0, 4: 0, 5: 0
DFA state entries cumulative : 1: 2600, 2: 68, 3: 0, 4: 0, 5: 0
transitions cumulative       : 1->2: 68
accepted directly from s0    : 0
Gym endings cumulative       : terminated=2599, truncated=1

[Episode 2700/12000 | last 100]
success rate                : 0.0% (cumulative 0.0%)
failure rate                : 0.0% (cumulative 0.0%)
completed cycles / episode  : 0.000
synthetic task reward       : 0.000
shaping reward              : -366.070
learning reward             : -366.070
episode length              : 167.8
abstract changes / episode  : 13.8
same abstract-state steps   : 91.8%
same-state shaping / episode: 0.000
changed-state shaping / ep. : -366.070
terminal shaping / episode  : -1.737
DFA transitions / episode   : 0.05
DFA transitions in window   : 1->2: 5
epsilon (next episode)       : 0.58272
replay buffer                : 300000 samples [1: 99.2%, 2: 0.8%, 3: 0.0%, 4: 0.0%, 5: 0.0%]
DFA state visits in window   : 1: 16571, 2: 304, 3: 0, 4: 0, 5: 0
DFA state visits cumulative  : 1: 328047, 2: 2684, 3: 0, 4: 0, 5: 0
DFA state entries in window  : 1: 100, 2: 5, 3: 0, 4: 0, 5: 0
DFA state entries cumulative : 1: 2700, 2: 73, 3: 0, 4: 0, 5: 0
transitions cumulative       : 1->2: 73
accepted directly from s0    : 0
Gym endings cumulative       : terminated=2699, truncated=1

[Episode 2800/12000 | last 100]
success rate                : 0.0% (cumulative 0.0%)
failure rate                : 0.0% (cumulative 0.0%)
completed cycles / episode  : 0.000
synthetic task reward       : 0.000
shaping reward              : -397.212
learning reward             : -397.212
episode length              : 126.0
abstract changes / episode  : 13.0
same abstract-state steps   : 89.7%
same-state shaping / episode: 0.000
changed-state shaping / ep. : -397.212
terminal shaping / episode  : 0.000
DFA transitions / episode   : 0.00
DFA transitions in window   : none
epsilon (next episode)       : 0.57118
replay buffer                : 300000 samples [1: 99.2%, 2: 0.8%, 3: 0.0%, 4: 0.0%, 5: 0.0%]
DFA state visits in window   : 1: 12695, 2: 0, 3: 0, 4: 0, 5: 0
DFA state visits cumulative  : 1: 340742, 2: 2684, 3: 0, 4: 0, 5: 0
DFA state entries in window  : 1: 100, 2: 0, 3: 0, 4: 0, 5: 0
DFA state entries cumulative : 1: 2800, 2: 73, 3: 0, 4: 0, 5: 0
transitions cumulative       : 1->2: 73
accepted directly from s0    : 0
Gym endings cumulative       : terminated=2799, truncated=1

[Episode 2900/12000 | last 100]
success rate                : 0.0% (cumulative 0.0%)
failure rate                : 0.0% (cumulative 0.0%)
completed cycles / episode  : 0.000
synthetic task reward       : 0.000
shaping reward              : -393.488
learning reward             : -393.488
episode length              : 128.3
abstract changes / episode  : 12.7
same abstract-state steps   : 90.1%
same-state shaping / episode: 0.000
changed-state shaping / ep. : -393.488
terminal shaping / episode  : 0.000
DFA transitions / episode   : 0.00
DFA transitions in window   : none
epsilon (next episode)       : 0.55987
replay buffer                : 300000 samples [1: 99.3%, 2: 0.7%, 3: 0.0%, 4: 0.0%, 5: 0.0%]
DFA state visits in window   : 1: 12935, 2: 0, 3: 0, 4: 0, 5: 0
DFA state visits cumulative  : 1: 353677, 2: 2684, 3: 0, 4: 0, 5: 0
DFA state entries in window  : 1: 100, 2: 0, 3: 0, 4: 0, 5: 0
DFA state entries cumulative : 1: 2900, 2: 73, 3: 0, 4: 0, 5: 0
transitions cumulative       : 1->2: 73
accepted directly from s0    : 0
Gym endings cumulative       : terminated=2899, truncated=1

[Episode 3000/12000 | last 100]
success rate                : 0.0% (cumulative 0.0%)
failure rate                : 0.0% (cumulative 0.0%)
completed cycles / episode  : 0.000
synthetic task reward       : 0.000
shaping reward              : -397.141
learning reward             : -397.141
episode length              : 120.8
abstract changes / episode  : 13.1
same abstract-state steps   : 89.1%
same-state shaping / episode: 0.000
changed-state shaping / ep. : -397.141
terminal shaping / episode  : -1.737
DFA transitions / episode   : 0.00
DFA transitions in window   : none
epsilon (next episode)       : 0.54878
replay buffer                : 300000 samples [1: 99.3%, 2: 0.7%, 3: 0.0%, 4: 0.0%, 5: 0.0%]
DFA state visits in window   : 1: 12177, 2: 0, 3: 0, 4: 0, 5: 0
DFA state visits cumulative  : 1: 365854, 2: 2684, 3: 0, 4: 0, 5: 0
DFA state entries in window  : 1: 100, 2: 0, 3: 0, 4: 0, 5: 0
DFA state entries cumulative : 1: 3000, 2: 73, 3: 0, 4: 0, 5: 0
transitions cumulative       : 1->2: 73
accepted directly from s0    : 0
Gym endings cumulative       : terminated=2999, truncated=1

Starting autonomous greedy evaluation at episode 3000 (1000 fixed-seed episodes)...
[Greedy evaluation at episode 3000 | 1000 fixed-seed episodes]
success=0.0%, failure=0.0%, task reward=0.000, length=1000.0
DFA transitions: none

[Episode 3100/12000 | last 100]
success rate                : 0.0% (cumulative 0.0%)
failure rate                : 0.0% (cumulative 0.0%)
completed cycles / episode  : 0.000
synthetic task reward       : 0.000
shaping reward              : -403.391
learning reward             : -403.391
episode length              : 115.2
abstract changes / episode  : 12.5
same abstract-state steps   : 89.1%
same-state shaping / episode: 0.000
changed-state shaping / ep. : -403.391
terminal shaping / episode  : -0.869
DFA transitions / episode   : 0.00
DFA transitions in window   : none
epsilon (next episode)       : 0.53791
replay buffer                : 300000 samples [1: 99.4%, 2: 0.6%, 3: 0.0%, 4: 0.0%, 5: 0.0%]
DFA state visits in window   : 1: 11616, 2: 0, 3: 0, 4: 0, 5: 0
DFA state visits cumulative  : 1: 377470, 2: 2684, 3: 0, 4: 0, 5: 0
DFA state entries in window  : 1: 100, 2: 0, 3: 0, 4: 0, 5: 0
DFA state entries cumulative : 1: 3100, 2: 73, 3: 0, 4: 0, 5: 0
transitions cumulative       : 1->2: 73
accepted directly from s0    : 0
Gym endings cumulative       : terminated=3099, truncated=1

[Episode 3200/12000 | last 100]
success rate                : 0.0% (cumulative 0.0%)
failure rate                : 0.0% (cumulative 0.0%)
completed cycles / episode  : 0.000
synthetic task reward       : 0.000
shaping reward              : -394.507
learning reward             : -394.507
episode length              : 126.0
abstract changes / episode  : 13.1
same abstract-state steps   : 89.6%
same-state shaping / episode: 0.000
changed-state shaping / ep. : -394.507
terminal shaping / episode  : -0.869
DFA transitions / episode   : 0.00
DFA transitions in window   : none
epsilon (next episode)       : 0.52726
replay buffer                : 300000 samples [1: 99.4%, 2: 0.6%, 3: 0.0%, 4: 0.0%, 5: 0.0%]
DFA state visits in window   : 1: 12704, 2: 0, 3: 0, 4: 0, 5: 0
DFA state visits cumulative  : 1: 390174, 2: 2684, 3: 0, 4: 0, 5: 0
DFA state entries in window  : 1: 100, 2: 0, 3: 0, 4: 0, 5: 0
DFA state entries cumulative : 1: 3200, 2: 73, 3: 0, 4: 0, 5: 0
transitions cumulative       : 1->2: 73
accepted directly from s0    : 0
Gym endings cumulative       : terminated=3197, truncated=3

[Episode 3300/12000 | last 100]
success rate                : 0.0% (cumulative 0.0%)
failure rate                : 0.0% (cumulative 0.0%)
completed cycles / episode  : 0.000
synthetic task reward       : 0.000
shaping reward              : -395.341
learning reward             : -395.341
episode length              : 112.7
abstract changes / episode  : 12.6
same abstract-state steps   : 88.9%
same-state shaping / episode: 0.000
changed-state shaping / ep. : -395.341
terminal shaping / episode  : 0.000
DFA transitions / episode   : 0.00
DFA transitions in window   : none
epsilon (next episode)       : 0.51682
replay buffer                : 300000 samples [1: 99.4%, 2: 0.6%, 3: 0.0%, 4: 0.0%, 5: 0.0%]
DFA state visits in window   : 1: 11371, 2: 0, 3: 0, 4: 0, 5: 0
DFA state visits cumulative  : 1: 401545, 2: 2684, 3: 0, 4: 0, 5: 0
DFA state entries in window  : 1: 100, 2: 0, 3: 0, 4: 0, 5: 0
DFA state entries cumulative : 1: 3300, 2: 73, 3: 0, 4: 0, 5: 0
transitions cumulative       : 1->2: 73
accepted directly from s0    : 0
Gym endings cumulative       : terminated=3297, truncated=3

[Episode 3400/12000 | last 100]
success rate                : 0.0% (cumulative 0.0%)
failure rate                : 0.0% (cumulative 0.0%)
completed cycles / episode  : 0.000
synthetic task reward       : 0.000
shaping reward              : -396.281
learning reward             : -396.281
episode length              : 108.9
abstract changes / episode  : 12.2
same abstract-state steps   : 88.8%
same-state shaping / episode: 0.000
changed-state shaping / ep. : -396.281
terminal shaping / episode  : 0.000
DFA transitions / episode   : 0.00
DFA transitions in window   : none
epsilon (next episode)       : 0.50658
replay buffer                : 300000 samples [1: 99.5%, 2: 0.5%, 3: 0.0%, 4: 0.0%, 5: 0.0%]
DFA state visits in window   : 1: 10990, 2: 0, 3: 0, 4: 0, 5: 0
DFA state visits cumulative  : 1: 412535, 2: 2684, 3: 0, 4: 0, 5: 0
DFA state entries in window  : 1: 100, 2: 0, 3: 0, 4: 0, 5: 0
DFA state entries cumulative : 1: 3400, 2: 73, 3: 0, 4: 0, 5: 0
transitions cumulative       : 1->2: 73
accepted directly from s0    : 0
Gym endings cumulative       : terminated=3397, truncated=3

[Episode 3500/12000 | last 100]
success rate                : 0.0% (cumulative 0.0%)
failure rate                : 0.0% (cumulative 0.0%)
completed cycles / episode  : 0.000
synthetic task reward       : 0.000
shaping reward              : -404.304
learning reward             : -404.304
episode length              : 146.4
abstract changes / episode  : 12.9
same abstract-state steps   : 91.2%
same-state shaping / episode: 0.000
changed-state shaping / ep. : -404.304
terminal shaping / episode  : -1.737
DFA transitions / episode   : 0.00
DFA transitions in window   : none
epsilon (next episode)       : 0.49655
replay buffer                : 300000 samples [1: 99.5%, 2: 0.5%, 3: 0.0%, 4: 0.0%, 5: 0.0%]
DFA state visits in window   : 1: 14736, 2: 0, 3: 0, 4: 0, 5: 0
DFA state visits cumulative  : 1: 427271, 2: 2684, 3: 0, 4: 0, 5: 0
DFA state entries in window  : 1: 100, 2: 0, 3: 0, 4: 0, 5: 0
DFA state entries cumulative : 1: 3500, 2: 73, 3: 0, 4: 0, 5: 0
transitions cumulative       : 1->2: 73
accepted directly from s0    : 0
Gym endings cumulative       : terminated=3495, truncated=5

Starting autonomous greedy evaluation at episode 3500 (1000 fixed-seed episodes)...
[Greedy evaluation at episode 3500 | 1000 fixed-seed episodes]
success=0.0%, failure=0.0%, task reward=0.000, length=912.8
DFA transitions: none

[Episode 3600/12000 | last 100]
success rate                : 0.0% (cumulative 0.0%)
failure rate                : 0.0% (cumulative 0.0%)
completed cycles / episode  : 0.000
synthetic task reward       : 0.000
shaping reward              : -393.275
learning reward             : -393.275
episode length              : 159.0
abstract changes / episode  : 12.9
same abstract-state steps   : 91.9%
same-state shaping / episode: 0.000
changed-state shaping / ep. : -393.275
terminal shaping / episode  : 0.000
DFA transitions / episode   : 0.00
DFA transitions in window   : none
epsilon (next episode)       : 0.48672
replay buffer                : 300000 samples [1: 99.5%, 2: 0.5%, 3: 0.0%, 4: 0.0%, 5: 0.0%]
DFA state visits in window   : 1: 16001, 2: 0, 3: 0, 4: 0, 5: 0
DFA state visits cumulative  : 1: 443272, 2: 2684, 3: 0, 4: 0, 5: 0
DFA state entries in window  : 1: 100, 2: 0, 3: 0, 4: 0, 5: 0
DFA state entries cumulative : 1: 3600, 2: 73, 3: 0, 4: 0, 5: 0
transitions cumulative       : 1->2: 73
accepted directly from s0    : 0
Gym endings cumulative       : terminated=3591, truncated=9

[Episode 3700/12000 | last 100]
success rate                : 0.0% (cumulative 0.0%)
failure rate                : 0.0% (cumulative 0.0%)
completed cycles / episode  : 0.000
synthetic task reward       : 0.000
shaping reward              : -405.980
learning reward             : -405.980
episode length              : 155.5
abstract changes / episode  : 12.9
same abstract-state steps   : 91.7%
same-state shaping / episode: 0.000
changed-state shaping / ep. : -405.980
terminal shaping / episode  : 0.000
DFA transitions / episode   : 0.00
DFA transitions in window   : none
epsilon (next episode)       : 0.47708
replay buffer                : 300000 samples [1: 99.5%, 2: 0.5%, 3: 0.0%, 4: 0.0%, 5: 0.0%]
DFA state visits in window   : 1: 15651, 2: 0, 3: 0, 4: 0, 5: 0
DFA state visits cumulative  : 1: 458923, 2: 2684, 3: 0, 4: 0, 5: 0
DFA state entries in window  : 1: 100, 2: 0, 3: 0, 4: 0, 5: 0
DFA state entries cumulative : 1: 3700, 2: 73, 3: 0, 4: 0, 5: 0
transitions cumulative       : 1->2: 73
accepted directly from s0    : 0
Gym endings cumulative       : terminated=3687, truncated=13

[Episode 3800/12000 | last 100]
success rate                : 0.0% (cumulative 0.0%)
failure rate                : 0.0% (cumulative 0.0%)
completed cycles / episode  : 0.000
synthetic task reward       : 0.000
shaping reward              : -405.165
learning reward             : -405.165
episode length              : 202.5
abstract changes / episode  : 13.2
same abstract-state steps   : 93.5%
same-state shaping / episode: 0.000
changed-state shaping / ep. : -405.165
terminal shaping / episode  : 0.000
DFA transitions / episode   : 0.00
DFA transitions in window   : none
epsilon (next episode)       : 0.46763
replay buffer                : 300000 samples [1: 99.6%, 2: 0.4%, 3: 0.0%, 4: 0.0%, 5: 0.0%]
DFA state visits in window   : 1: 20349, 2: 0, 3: 0, 4: 0, 5: 0
DFA state visits cumulative  : 1: 479272, 2: 2684, 3: 0, 4: 0, 5: 0
DFA state entries in window  : 1: 100, 2: 0, 3: 0, 4: 0, 5: 0
DFA state entries cumulative : 1: 3800, 2: 73, 3: 0, 4: 0, 5: 0
transitions cumulative       : 1->2: 73
accepted directly from s0    : 0
Gym endings cumulative       : terminated=3777, truncated=23

[Episode 3900/12000 | last 100]
success rate                : 0.0% (cumulative 0.0%)
failure rate                : 0.0% (cumulative 0.0%)
completed cycles / episode  : 0.000
synthetic task reward       : 0.000
shaping reward              : -386.557
learning reward             : -386.557
episode length              : 156.6
abstract changes / episode  : 13.0
same abstract-state steps   : 91.7%
same-state shaping / episode: 0.000
changed-state shaping / ep. : -386.557
terminal shaping / episode  : -1.773
DFA transitions / episode   : 0.00
DFA transitions in window   : none
epsilon (next episode)       : 0.45837
replay buffer                : 300000 samples [1: 99.6%, 2: 0.4%, 3: 0.0%, 4: 0.0%, 5: 0.0%]
DFA state visits in window   : 1: 15755, 2: 0, 3: 0, 4: 0, 5: 0
DFA state visits cumulative  : 1: 495027, 2: 2684, 3: 0, 4: 0, 5: 0
DFA state entries in window  : 1: 100, 2: 0, 3: 0, 4: 0, 5: 0
DFA state entries cumulative : 1: 3900, 2: 73, 3: 0, 4: 0, 5: 0
transitions cumulative       : 1->2: 73
accepted directly from s0    : 0
Gym endings cumulative       : terminated=3873, truncated=27

[Episode 4000/12000 | last 100]
success rate                : 0.0% (cumulative 0.0%)
failure rate                : 0.0% (cumulative 0.0%)
completed cycles / episode  : 0.000
synthetic task reward       : 0.000
shaping reward              : -394.385
learning reward             : -394.385
episode length              : 259.2
abstract changes / episode  : 14.0
same abstract-state steps   : 94.6%
same-state shaping / episode: 0.000
changed-state shaping / ep. : -394.385
terminal shaping / episode  : -1.729
DFA transitions / episode   : 0.00
DFA transitions in window   : none
epsilon (next episode)       : 0.44929
replay buffer                : 300000 samples [1: 99.7%, 2: 0.3%, 3: 0.0%, 4: 0.0%, 5: 0.0%]
DFA state visits in window   : 1: 26022, 2: 0, 3: 0, 4: 0, 5: 0
DFA state visits cumulative  : 1: 521049, 2: 2684, 3: 0, 4: 0, 5: 0
DFA state entries in window  : 1: 100, 2: 0, 3: 0, 4: 0, 5: 0
DFA state entries cumulative : 1: 4000, 2: 73, 3: 0, 4: 0, 5: 0
transitions cumulative       : 1->2: 73
accepted directly from s0    : 0
Gym endings cumulative       : terminated=3960, truncated=40

Starting autonomous greedy evaluation at episode 4000 (1000 fixed-seed episodes)...
[Greedy evaluation at episode 4000 | 1000 fixed-seed episodes]
success=0.0%, failure=0.0%, task reward=0.000, length=250.3
DFA transitions: 1->2: 9

[Episode 4100/12000 | last 100]
success rate                : 0.0% (cumulative 0.0%)
failure rate                : 0.0% (cumulative 0.0%)
completed cycles / episode  : 0.000
synthetic task reward       : 0.000
shaping reward              : -336.001
learning reward             : -336.001
episode length              : 211.0
abstract changes / episode  : 13.9
same abstract-state steps   : 93.4%
same-state shaping / episode: 0.000
changed-state shaping / ep. : -336.001
terminal shaping / episode  : 0.000
DFA transitions / episode   : 0.03
DFA transitions in window   : 1->2: 3
epsilon (next episode)       : 0.44040
replay buffer                : 300000 samples [1: 99.7%, 2: 0.3%, 3: 0.0%, 4: 0.0%, 5: 0.0%]
DFA state visits in window   : 1: 21100, 2: 96, 3: 0, 4: 0, 5: 0
DFA state visits cumulative  : 1: 542149, 2: 2780, 3: 0, 4: 0, 5: 0
DFA state entries in window  : 1: 100, 2: 3, 3: 0, 4: 0, 5: 0
DFA state entries cumulative : 1: 4100, 2: 76, 3: 0, 4: 0, 5: 0
transitions cumulative       : 1->2: 76
accepted directly from s0    : 0
Gym endings cumulative       : terminated=4057, truncated=43

[Episode 4200/12000 | last 100]
success rate                : 0.0% (cumulative 0.0%)
failure rate                : 0.0% (cumulative 0.0%)
completed cycles / episode  : 0.000
synthetic task reward       : 0.000
shaping reward              : -308.024
learning reward             : -308.024
episode length              : 234.9
abstract changes / episode  : 16.2
same abstract-state steps   : 93.1%
same-state shaping / episode: 0.000
changed-state shaping / ep. : -308.024
terminal shaping / episode  : -2.606
DFA transitions / episode   : 0.04
DFA transitions in window   : 1->2: 4
epsilon (next episode)       : 0.43167
replay buffer                : 300000 samples [1: 99.7%, 2: 0.3%, 3: 0.0%, 4: 0.0%, 5: 0.0%]
DFA state visits in window   : 1: 23454, 2: 132, 3: 0, 4: 0, 5: 0
DFA state visits cumulative  : 1: 565603, 2: 2912, 3: 0, 4: 0, 5: 0
DFA state entries in window  : 1: 100, 2: 4, 3: 0, 4: 0, 5: 0
DFA state entries cumulative : 1: 4200, 2: 80, 3: 0, 4: 0, 5: 0
transitions cumulative       : 1->2: 80
accepted directly from s0    : 0
Gym endings cumulative       : terminated=4157, truncated=43

[Episode 4300/12000 | last 100]
success rate                : 0.0% (cumulative 0.0%)
failure rate                : 0.0% (cumulative 0.0%)
completed cycles / episode  : 0.000
synthetic task reward       : 0.000
shaping reward              : -338.256
learning reward             : -338.256
episode length              : 284.6
abstract changes / episode  : 17.4
same abstract-state steps   : 93.9%
same-state shaping / episode: 0.000
changed-state shaping / ep. : -338.256
terminal shaping / episode  : -0.895
DFA transitions / episode   : 0.05
DFA transitions in window   : 1->2: 5
epsilon (next episode)       : 0.42313
replay buffer                : 300000 samples [1: 99.6%, 2: 0.4%, 3: 0.0%, 4: 0.0%, 5: 0.0%]
DFA state visits in window   : 1: 27931, 2: 630, 3: 0, 4: 0, 5: 0
DFA state visits cumulative  : 1: 593534, 2: 3542, 3: 0, 4: 0, 5: 0
DFA state entries in window  : 1: 100, 2: 5, 3: 0, 4: 0, 5: 0
DFA state entries cumulative : 1: 4300, 2: 85, 3: 0, 4: 0, 5: 0
transitions cumulative       : 1->2: 85
accepted directly from s0    : 0
Gym endings cumulative       : terminated=4257, truncated=43

[Episode 4400/12000 | last 100]
success rate                : 0.0% (cumulative 0.0%)
failure rate                : 0.0% (cumulative 0.0%)
completed cycles / episode  : 0.000
synthetic task reward       : 0.000
shaping reward              : -320.514
learning reward             : -320.514
episode length              : 274.4
abstract changes / episode  : 17.0
same abstract-state steps   : 93.8%
same-state shaping / episode: 0.000
changed-state shaping / ep. : -320.514
terminal shaping / episode  : -2.624
DFA transitions / episode   : 0.05
DFA transitions in window   : 1->2: 5
epsilon (next episode)       : 0.41475
replay buffer                : 300000 samples [1: 99.5%, 2: 0.5%, 3: 0.0%, 4: 0.0%, 5: 0.0%]
DFA state visits in window   : 1: 26894, 2: 648, 3: 0, 4: 0, 5: 0
DFA state visits cumulative  : 1: 620428, 2: 4190, 3: 0, 4: 0, 5: 0
DFA state entries in window  : 1: 100, 2: 5, 3: 0, 4: 0, 5: 0
DFA state entries cumulative : 1: 4400, 2: 90, 3: 0, 4: 0, 5: 0
transitions cumulative       : 1->2: 90
accepted directly from s0    : 0
Gym endings cumulative       : terminated=4356, truncated=44

[Episode 4500/12000 | last 100]
success rate                : 0.0% (cumulative 0.0%)
failure rate                : 0.0% (cumulative 0.0%)
completed cycles / episode  : 0.000
synthetic task reward       : 0.000
shaping reward              : -289.477
learning reward             : -289.477
episode length              : 236.2
abstract changes / episode  : 16.5
same abstract-state steps   : 93.0%
same-state shaping / episode: 0.000
changed-state shaping / ep. : -289.477
terminal shaping / episode  : -2.651
DFA transitions / episode   : 0.07
DFA transitions in window   : 1->2: 7
epsilon (next episode)       : 0.40653
replay buffer                : 300000 samples [1: 99.4%, 2: 0.6%, 3: 0.0%, 4: 0.0%, 5: 0.0%]
DFA state visits in window   : 1: 23487, 2: 231, 3: 0, 4: 0, 5: 0
DFA state visits cumulative  : 1: 643915, 2: 4421, 3: 0, 4: 0, 5: 0
DFA state entries in window  : 1: 100, 2: 7, 3: 0, 4: 0, 5: 0
DFA state entries cumulative : 1: 4500, 2: 97, 3: 0, 4: 0, 5: 0
transitions cumulative       : 1->2: 97
accepted directly from s0    : 0
Gym endings cumulative       : terminated=4456, truncated=44

Starting autonomous greedy evaluation at episode 4500 (1000 fixed-seed episodes)...
[Greedy evaluation at episode 4500 | 1000 fixed-seed episodes]
success=0.0%, failure=0.0%, task reward=0.000, length=338.1
DFA transitions: 1->2: 17

[Episode 4600/12000 | last 100]
success rate                : 0.0% (cumulative 0.0%)
failure rate                : 0.0% (cumulative 0.0%)
completed cycles / episode  : 0.000
synthetic task reward       : 0.000
shaping reward              : -324.138
learning reward             : -324.138
episode length              : 274.8
abstract changes / episode  : 18.5
same abstract-state steps   : 93.3%
same-state shaping / episode: 0.000
changed-state shaping / ep. : -324.138
terminal shaping / episode  : -0.869
DFA transitions / episode   : 0.07
DFA transitions in window   : 1->2: 7
epsilon (next episode)       : 0.39848
replay buffer                : 300000 samples [1: 99.2%, 2: 0.8%, 3: 0.0%, 4: 0.0%, 5: 0.0%]
DFA state visits in window   : 1: 26850, 2: 734, 3: 0, 4: 0, 5: 0
DFA state visits cumulative  : 1: 670765, 2: 5155, 3: 0, 4: 0, 5: 0
DFA state entries in window  : 1: 100, 2: 7, 3: 0, 4: 0, 5: 0
DFA state entries cumulative : 1: 4600, 2: 104, 3: 0, 4: 0, 5: 0
transitions cumulative       : 1->2: 104
accepted directly from s0    : 0
Gym endings cumulative       : terminated=4556, truncated=44

[Episode 4700/12000 | last 100]
success rate                : 0.0% (cumulative 0.0%)
failure rate                : 0.0% (cumulative 0.0%)
completed cycles / episode  : 0.000
synthetic task reward       : 0.000
shaping reward              : -226.245
learning reward             : -226.245
episode length              : 231.4
abstract changes / episode  : 15.9
same abstract-state steps   : 93.1%
same-state shaping / episode: 0.000
changed-state shaping / ep. : -226.245
terminal shaping / episode  : -1.737
DFA transitions / episode   : 0.03
DFA transitions in window   : 1->2: 3
epsilon (next episode)       : 0.39059
replay buffer                : 300000 samples [1: 99.2%, 2: 0.8%, 3: 0.0%, 4: 0.0%, 5: 0.0%]
DFA state visits in window   : 1: 23158, 2: 87, 3: 0, 4: 0, 5: 0
DFA state visits cumulative  : 1: 693923, 2: 5242, 3: 0, 4: 0, 5: 0
DFA state entries in window  : 1: 100, 2: 3, 3: 0, 4: 0, 5: 0
DFA state entries cumulative : 1: 4700, 2: 107, 3: 0, 4: 0, 5: 0
transitions cumulative       : 1->2: 107
accepted directly from s0    : 0
Gym endings cumulative       : terminated=4656, truncated=44

[Episode 4800/12000 | last 100]
success rate                : 0.0% (cumulative 0.0%)
failure rate                : 0.0% (cumulative 0.0%)
completed cycles / episode  : 0.000
synthetic task reward       : 0.000
shaping reward              : -156.688
learning reward             : -156.688
episode length              : 265.5
abstract changes / episode  : 16.8
same abstract-state steps   : 93.7%
same-state shaping / episode: 0.000
changed-state shaping / ep. : -156.688
terminal shaping / episode  : -0.045
DFA transitions / episode   : 0.17
DFA transitions in window   : 1->2: 17
epsilon (next episode)       : 0.38286
replay buffer                : 300000 samples [1: 98.9%, 2: 1.1%, 3: 0.0%, 4: 0.0%, 5: 0.0%]
DFA state visits in window   : 1: 25896, 2: 750, 3: 0, 4: 0, 5: 0
DFA state visits cumulative  : 1: 719819, 2: 5992, 3: 0, 4: 0, 5: 0
DFA state entries in window  : 1: 100, 2: 17, 3: 0, 4: 0, 5: 0
DFA state entries cumulative : 1: 4800, 2: 124, 3: 0, 4: 0, 5: 0
transitions cumulative       : 1->2: 124
accepted directly from s0    : 0
Gym endings cumulative       : terminated=4755, truncated=45

[Episode 4900/12000 | last 100]
success rate                : 0.0% (cumulative 0.0%)
failure rate                : 0.0% (cumulative 0.0%)
completed cycles / episode  : 0.000
synthetic task reward       : 0.000
shaping reward              : -323.125
learning reward             : -323.125
episode length              : 276.6
abstract changes / episode  : 19.0
same abstract-state steps   : 93.1%
same-state shaping / episode: 0.000
changed-state shaping / ep. : -323.125
terminal shaping / episode  : -0.860
DFA transitions / episode   : 0.05
DFA transitions in window   : 1->2: 5
epsilon (next episode)       : 0.37527
replay buffer                : 300000 samples [1: 98.7%, 2: 1.3%, 3: 0.0%, 4: 0.0%, 5: 0.0%]
DFA state visits in window   : 1: 27044, 2: 715, 3: 0, 4: 0, 5: 0
DFA state visits cumulative  : 1: 746863, 2: 6707, 3: 0, 4: 0, 5: 0
DFA state entries in window  : 1: 100, 2: 5, 3: 0, 4: 0, 5: 0
DFA state entries cumulative : 1: 4900, 2: 129, 3: 0, 4: 0, 5: 0
transitions cumulative       : 1->2: 129
accepted directly from s0    : 0
Gym endings cumulative       : terminated=4855, truncated=45

[Episode 5000/12000 | last 100]
success rate                : 0.0% (cumulative 0.0%)
failure rate                : 0.0% (cumulative 0.0%)
completed cycles / episode  : 0.000
synthetic task reward       : 0.000
shaping reward              : -329.247
learning reward             : -329.247
episode length              : 296.3
abstract changes / episode  : 19.3
same abstract-state steps   : 93.5%
same-state shaping / episode: 0.000
changed-state shaping / ep. : -329.247
terminal shaping / episode  : -0.860
DFA transitions / episode   : 0.04
DFA transitions in window   : 1->2: 4
epsilon (next episode)       : 0.36784
replay buffer                : 300000 samples [1: 98.6%, 2: 1.4%, 3: 0.0%, 4: 0.0%, 5: 0.0%]
DFA state visits in window   : 1: 29505, 2: 229, 3: 0, 4: 0, 5: 0
DFA state visits cumulative  : 1: 776368, 2: 6936, 3: 0, 4: 0, 5: 0
DFA state entries in window  : 1: 100, 2: 4, 3: 0, 4: 0, 5: 0
DFA state entries cumulative : 1: 5000, 2: 133, 3: 0, 4: 0, 5: 0
transitions cumulative       : 1->2: 133
accepted directly from s0    : 0
Gym endings cumulative       : terminated=4955, truncated=45

Starting autonomous greedy evaluation at episode 5000 (1000 fixed-seed episodes)...
[Greedy evaluation at episode 5000 | 1000 fixed-seed episodes]
success=0.0%, failure=0.0%, task reward=0.000, length=352.3
DFA transitions: 1->2: 90

[Episode 5100/12000 | last 100]
success rate                : 0.0% (cumulative 0.0%)
failure rate                : 0.0% (cumulative 0.0%)
completed cycles / episode  : 0.000
synthetic task reward       : 0.000
shaping reward              : -325.656
learning reward             : -325.656
episode length              : 271.5
abstract changes / episode  : 19.6
same abstract-state steps   : 92.8%
same-state shaping / episode: 0.000
changed-state shaping / ep. : -325.656
terminal shaping / episode  : 0.000
DFA transitions / episode   : 0.06
DFA transitions in window   : 1->2: 6
epsilon (next episode)       : 0.36056
replay buffer                : 300000 samples [1: 98.5%, 2: 1.5%, 3: 0.0%, 4: 0.0%, 5: 0.0%]
DFA state visits in window   : 1: 26874, 2: 377, 3: 0, 4: 0, 5: 0
DFA state visits cumulative  : 1: 803242, 2: 7313, 3: 0, 4: 0, 5: 0
DFA state entries in window  : 1: 100, 2: 6, 3: 0, 4: 0, 5: 0
DFA state entries cumulative : 1: 5100, 2: 139, 3: 0, 4: 0, 5: 0
transitions cumulative       : 1->2: 139
accepted directly from s0    : 0
Gym endings cumulative       : terminated=5055, truncated=45

[Episode 5200/12000 | last 100]
success rate                : 0.0% (cumulative 0.0%)
failure rate                : 0.0% (cumulative 0.0%)
completed cycles / episode  : 0.000
synthetic task reward       : 0.000
shaping reward              : -261.677
learning reward             : -261.677
episode length              : 269.1
abstract changes / episode  : 19.9
same abstract-state steps   : 92.6%
same-state shaping / episode: 0.000
changed-state shaping / ep. : -261.677
terminal shaping / episode  : -2.686
DFA transitions / episode   : 0.10
DFA transitions in window   : 1->2: 8, 2->3: 2
epsilon (next episode)       : 0.35342
replay buffer                : 300000 samples [1: 98.3%, 2: 1.6%, 3: 0.0%, 4: 0.0%, 5: 0.0%]
DFA state visits in window   : 1: 26553, 2: 389, 3: 72, 4: 0, 5: 0
DFA state visits cumulative  : 1: 829795, 2: 7702, 3: 72, 4: 0, 5: 0
DFA state entries in window  : 1: 100, 2: 8, 3: 2, 4: 0, 5: 0
DFA state entries cumulative : 1: 5200, 2: 147, 3: 2, 4: 0, 5: 0
transitions cumulative       : 1->2: 147, 2->3: 2
accepted directly from s0    : 0
Gym endings cumulative       : terminated=5155, truncated=45

[Episode 5300/12000 | last 100]
success rate                : 0.0% (cumulative 0.0%)
failure rate                : 0.0% (cumulative 0.0%)
completed cycles / episode  : 0.000
synthetic task reward       : 0.000
shaping reward              : -221.180
learning reward             : -221.180
episode length              : 280.2
abstract changes / episode  : 19.8
same abstract-state steps   : 92.9%
same-state shaping / episode: 0.000
changed-state shaping / ep. : -221.180
terminal shaping / episode  : 0.081
DFA transitions / episode   : 0.15
DFA transitions in window   : 1->2: 14, 2->3: 1
epsilon (next episode)       : 0.34642
replay buffer                : 300000 samples [1: 98.1%, 2: 1.8%, 3: 0.0%, 4: 0.0%, 5: 0.0%]
DFA state visits in window   : 1: 27318, 2: 777, 3: 28, 4: 0, 5: 0
DFA state visits cumulative  : 1: 857113, 2: 8479, 3: 100, 4: 0, 5: 0
DFA state entries in window  : 1: 100, 2: 14, 3: 1, 4: 0, 5: 0
DFA state entries cumulative : 1: 5300, 2: 161, 3: 3, 4: 0, 5: 0
transitions cumulative       : 1->2: 161, 2->3: 3
accepted directly from s0    : 0
Gym endings cumulative       : terminated=5255, truncated=45

[Episode 5400/12000 | last 100]
success rate                : 0.0% (cumulative 0.0%)
failure rate                : 0.0% (cumulative 0.0%)
completed cycles / episode  : 0.000
synthetic task reward       : 0.000
shaping reward              : -189.277
learning reward             : -189.277
episode length              : 281.2
abstract changes / episode  : 18.7
same abstract-state steps   : 93.4%
same-state shaping / episode: 0.000
changed-state shaping / ep. : -189.277
terminal shaping / episode  : -0.914
DFA transitions / episode   : 0.07
DFA transitions in window   : 1->2: 7
epsilon (next episode)       : 0.33956
replay buffer                : 300000 samples [1: 98.2%, 2: 1.8%, 3: 0.0%, 4: 0.0%, 5: 0.0%]
DFA state visits in window   : 1: 27730, 2: 489, 3: 0, 4: 0, 5: 0
DFA state visits cumulative  : 1: 884843, 2: 8968, 3: 100, 4: 0, 5: 0
DFA state entries in window  : 1: 100, 2: 7, 3: 0, 4: 0, 5: 0
DFA state entries cumulative : 1: 5400, 2: 168, 3: 3, 4: 0, 5: 0
transitions cumulative       : 1->2: 168, 2->3: 3
accepted directly from s0    : 0
Gym endings cumulative       : terminated=5353, truncated=47

[Episode 5500/12000 | last 100]
success rate                : 0.0% (cumulative 0.0%)
failure rate                : 0.0% (cumulative 0.0%)
completed cycles / episode  : 0.000
synthetic task reward       : 0.000
shaping reward              : -138.980
learning reward             : -138.980
episode length              : 249.5
abstract changes / episode  : 15.6
same abstract-state steps   : 93.8%
same-state shaping / episode: 0.000
changed-state shaping / ep. : -138.980
terminal shaping / episode  : -2.642
DFA transitions / episode   : 0.08
DFA transitions in window   : 1->2: 8
epsilon (next episode)       : 0.33283
replay buffer                : 300000 samples [1: 98.1%, 2: 1.8%, 3: 0.0%, 4: 0.0%, 5: 0.0%]
DFA state visits in window   : 1: 24646, 2: 404, 3: 0, 4: 0, 5: 0
DFA state visits cumulative  : 1: 909489, 2: 9372, 3: 100, 4: 0, 5: 0
DFA state entries in window  : 1: 100, 2: 8, 3: 0, 4: 0, 5: 0
DFA state entries cumulative : 1: 5500, 2: 176, 3: 3, 4: 0, 5: 0
transitions cumulative       : 1->2: 176, 2->3: 3
accepted directly from s0    : 0
Gym endings cumulative       : terminated=5453, truncated=47

Starting autonomous greedy evaluation at episode 5500 (1000 fixed-seed episodes)...
[Greedy evaluation at episode 5500 | 1000 fixed-seed episodes]
success=0.0%, failure=0.0%, task reward=0.000, length=247.4
DFA transitions: 1->2: 29

[Episode 5600/12000 | last 100]
success rate                : 0.0% (cumulative 0.0%)
failure rate                : 0.0% (cumulative 0.0%)
completed cycles / episode  : 0.000
synthetic task reward       : 0.000
shaping reward              : -162.844
learning reward             : -162.844
episode length              : 324.9
abstract changes / episode  : 16.1
same abstract-state steps   : 95.0%
same-state shaping / episode: 0.000
changed-state shaping / ep. : -162.844
terminal shaping / episode  : -3.493
DFA transitions / episode   : 0.09
DFA transitions in window   : 1->2: 9
epsilon (next episode)       : 0.32624
replay buffer                : 300000 samples [1: 98.4%, 2: 1.5%, 3: 0.0%, 4: 0.0%, 5: 0.0%]
DFA state visits in window   : 1: 32346, 2: 243, 3: 0, 4: 0, 5: 0
DFA state visits cumulative  : 1: 941835, 2: 9615, 3: 100, 4: 0, 5: 0
DFA state entries in window  : 1: 100, 2: 9, 3: 0, 4: 0, 5: 0
DFA state entries cumulative : 1: 5600, 2: 185, 3: 3, 4: 0, 5: 0
transitions cumulative       : 1->2: 185, 2->3: 3
accepted directly from s0    : 0
Gym endings cumulative       : terminated=5552, truncated=48

[Episode 5700/12000 | last 100]
success rate                : 0.0% (cumulative 0.0%)
failure rate                : 0.0% (cumulative 0.0%)
completed cycles / episode  : 0.000
synthetic task reward       : 0.000
shaping reward              : -17.352
learning reward             : -17.352
episode length              : 218.7
abstract changes / episode  : 11.6
same abstract-state steps   : 94.7%
same-state shaping / episode: 0.000
changed-state shaping / ep. : -17.352
terminal shaping / episode  : -0.914
DFA transitions / episode   : 0.08
DFA transitions in window   : 1->2: 8
epsilon (next episode)       : 0.31978
replay buffer                : 300000 samples [1: 98.2%, 2: 1.8%, 3: 0.0%, 4: 0.0%, 5: 0.0%]
DFA state visits in window   : 1: 20995, 2: 970, 3: 0, 4: 0, 5: 0
DFA state visits cumulative  : 1: 962830, 2: 10585, 3: 100, 4: 0, 5: 0
DFA state entries in window  : 1: 100, 2: 8, 3: 0, 4: 0, 5: 0
DFA state entries cumulative : 1: 5700, 2: 193, 3: 3, 4: 0, 5: 0
transitions cumulative       : 1->2: 193, 2->3: 3
accepted directly from s0    : 0
Gym endings cumulative       : terminated=5652, truncated=48

[Episode 5800/12000 | last 100]
success rate                : 0.0% (cumulative 0.0%)
failure rate                : 0.0% (cumulative 0.0%)
completed cycles / episode  : 0.000
synthetic task reward       : 0.000
shaping reward              : 27.886
learning reward             : 27.886
episode length              : 145.5
abstract changes / episode  : 8.8
same abstract-state steps   : 93.9%
same-state shaping / episode: 0.000
changed-state shaping / ep. : 27.886
terminal shaping / episode  : -0.895
DFA transitions / episode   : 0.04
DFA transitions in window   : 1->2: 4
epsilon (next episode)       : 0.31345
replay buffer                : 300000 samples [1: 98.2%, 2: 1.8%, 3: 0.0%, 4: 0.0%, 5: 0.0%]
DFA state visits in window   : 1: 14584, 2: 64, 3: 0, 4: 0, 5: 0
DFA state visits cumulative  : 1: 977414, 2: 10649, 3: 100, 4: 0, 5: 0
DFA state entries in window  : 1: 100, 2: 4, 3: 0, 4: 0, 5: 0
DFA state entries cumulative : 1: 5800, 2: 197, 3: 3, 4: 0, 5: 0
transitions cumulative       : 1->2: 197, 2->3: 3
accepted directly from s0    : 0
Gym endings cumulative       : terminated=5752, truncated=48

[Episode 5900/12000 | last 100]
success rate                : 0.0% (cumulative 0.0%)
failure rate                : 0.0% (cumulative 0.0%)
completed cycles / episode  : 0.000
synthetic task reward       : 0.000
shaping reward              : -122.814
learning reward             : -122.814
episode length              : 592.5
abstract changes / episode  : 14.4
same abstract-state steps   : 97.6%
same-state shaping / episode: 0.000
changed-state shaping / ep. : -122.814
terminal shaping / episode  : -0.878
DFA transitions / episode   : 0.05
DFA transitions in window   : 1->2: 4, 2->3: 1
epsilon (next episode)       : 0.30724
replay buffer                : 300000 samples [1: 98.4%, 2: 1.5%, 3: 0.0%, 4: 0.0%, 5: 0.0%]
DFA state visits in window   : 1: 58580, 2: 750, 3: 21, 4: 0, 5: 0
DFA state visits cumulative  : 1: 1035994, 2: 11399, 3: 121, 4: 0, 5: 0
DFA state entries in window  : 1: 100, 2: 4, 3: 1, 4: 0, 5: 0
DFA state entries cumulative : 1: 5900, 2: 201, 3: 4, 4: 0, 5: 0
transitions cumulative       : 1->2: 201, 2->3: 4
accepted directly from s0    : 0
Gym endings cumulative       : terminated=5822, truncated=78

[Episode 6000/12000 | last 100]
success rate                : 0.0% (cumulative 0.0%)
failure rate                : 0.0% (cumulative 0.0%)
completed cycles / episode  : 0.000
synthetic task reward       : 0.000
shaping reward              : -185.486
learning reward             : -185.486
episode length              : 723.5
abstract changes / episode  : 27.5
same abstract-state steps   : 96.2%
same-state shaping / episode: 0.000
changed-state shaping / ep. : -185.486
terminal shaping / episode  : 0.000
DFA transitions / episode   : 0.06
DFA transitions in window   : 1->2: 5, 2->3: 1
epsilon (next episode)       : 0.30116
replay buffer                : 300000 samples [1: 98.5%, 2: 1.4%, 3: 0.0%, 4: 0.0%, 5: 0.0%]
DFA state visits in window   : 1: 72090, 2: 331, 3: 24, 4: 0, 5: 0
DFA state visits cumulative  : 1: 1108084, 2: 11730, 3: 145, 4: 0, 5: 0
DFA state entries in window  : 1: 100, 2: 5, 3: 1, 4: 0, 5: 0
DFA state entries cumulative : 1: 6000, 2: 206, 3: 5, 4: 0, 5: 0
transitions cumulative       : 1->2: 206, 2->3: 5
accepted directly from s0    : 0
Gym endings cumulative       : terminated=5879, truncated=121

Starting autonomous greedy evaluation at episode 6000 (1000 fixed-seed episodes)...
[Greedy evaluation at episode 6000 | 1000 fixed-seed episodes]
success=0.0%, failure=0.0%, task reward=0.000, length=330.7
DFA transitions: 1->2: 20

[Episode 6100/12000 | last 100]
success rate                : 0.0% (cumulative 0.0%)
failure rate                : 0.0% (cumulative 0.0%)
completed cycles / episode  : 0.000
synthetic task reward       : 0.000
shaping reward              : -183.694
learning reward             : -183.694
episode length              : 381.8
abstract changes / episode  : 25.1
same abstract-state steps   : 93.4%
same-state shaping / episode: 0.000
changed-state shaping / ep. : -183.694
terminal shaping / episode  : -1.737
DFA transitions / episode   : 0.18
DFA transitions in window   : 1->2: 17, 2->3: 1
epsilon (next episode)       : 0.29519
replay buffer                : 300000 samples [1: 98.2%, 2: 1.7%, 3: 0.0%, 4: 0.0%, 5: 0.0%]
DFA state visits in window   : 1: 36449, 2: 1785, 3: 41, 4: 0, 5: 0
DFA state visits cumulative  : 1: 1144533, 2: 13515, 3: 186, 4: 0, 5: 0
DFA state entries in window  : 1: 100, 2: 17, 3: 1, 4: 0, 5: 0
DFA state entries cumulative : 1: 6100, 2: 223, 3: 6, 4: 0, 5: 0
transitions cumulative       : 1->2: 223, 2->3: 6
accepted directly from s0    : 0
Gym endings cumulative       : terminated=5976, truncated=124

[Episode 6200/12000 | last 100]
success rate                : 0.0% (cumulative 0.0%)
failure rate                : 0.0% (cumulative 0.0%)
completed cycles / episode  : 0.000
synthetic task reward       : 0.000
shaping reward              : -141.190
learning reward             : -141.190
episode length              : 269.8
abstract changes / episode  : 17.0
same abstract-state steps   : 93.7%
same-state shaping / episode: 0.000
changed-state shaping / ep. : -141.190
terminal shaping / episode  : -1.764
DFA transitions / episode   : 0.14
DFA transitions in window   : 1->2: 13, 2->3: 1
epsilon (next episode)       : 0.28935
replay buffer                : 300000 samples [1: 97.8%, 2: 2.2%, 3: 0.0%, 4: 0.0%, 5: 0.0%]
DFA state visits in window   : 1: 25142, 2: 1925, 3: 17, 4: 0, 5: 0
DFA state visits cumulative  : 1: 1169675, 2: 15440, 3: 203, 4: 0, 5: 0
DFA state entries in window  : 1: 100, 2: 13, 3: 1, 4: 0, 5: 0
DFA state entries cumulative : 1: 6200, 2: 236, 3: 7, 4: 0, 5: 0
transitions cumulative       : 1->2: 236, 2->3: 7
accepted directly from s0    : 0
Gym endings cumulative       : terminated=6075, truncated=125

[Episode 6300/12000 | last 100]
success rate                : 0.0% (cumulative 0.0%)
failure rate                : 0.0% (cumulative 0.0%)
completed cycles / episode  : 0.000
synthetic task reward       : 0.000
shaping reward              : -128.072
learning reward             : -128.072
episode length              : 230.4
abstract changes / episode  : 15.1
same abstract-state steps   : 93.5%
same-state shaping / episode: 0.000
changed-state shaping / ep. : -128.072
terminal shaping / episode  : -2.678
DFA transitions / episode   : 0.12
DFA transitions in window   : 1->2: 11, 2->3: 1
epsilon (next episode)       : 0.28362
replay buffer                : 300000 samples [1: 97.5%, 2: 2.5%, 3: 0.0%, 4: 0.0%, 5: 0.0%]
DFA state visits in window   : 1: 21833, 2: 1264, 3: 44, 4: 0, 5: 0
DFA state visits cumulative  : 1: 1191508, 2: 16704, 3: 247, 4: 0, 5: 0
DFA state entries in window  : 1: 100, 2: 11, 3: 1, 4: 0, 5: 0
DFA state entries cumulative : 1: 6300, 2: 247, 3: 8, 4: 0, 5: 0
transitions cumulative       : 1->2: 247, 2->3: 8
accepted directly from s0    : 0
Gym endings cumulative       : terminated=6175, truncated=125

[Episode 6400/12000 | last 100]
success rate                : 0.0% (cumulative 0.0%)
failure rate                : 0.0% (cumulative 0.0%)
completed cycles / episode  : 0.000
synthetic task reward       : 0.000
shaping reward              : -149.449
learning reward             : -149.449
episode length              : 270.0
abstract changes / episode  : 16.3
same abstract-state steps   : 94.0%
same-state shaping / episode: 0.000
changed-state shaping / ep. : -149.449
terminal shaping / episode  : -1.755
DFA transitions / episode   : 0.14
DFA transitions in window   : 1->2: 13, 2->3: 1
epsilon (next episode)       : 0.27800
replay buffer                : 300000 samples [1: 97.2%, 2: 2.8%, 3: 0.1%, 4: 0.0%, 5: 0.0%]
DFA state visits in window   : 1: 25856, 2: 1199, 3: 44, 4: 0, 5: 0
DFA state visits cumulative  : 1: 1217364, 2: 17903, 3: 291, 4: 0, 5: 0
DFA state entries in window  : 1: 100, 2: 13, 3: 1, 4: 0, 5: 0
DFA state entries cumulative : 1: 6400, 2: 260, 3: 9, 4: 0, 5: 0
transitions cumulative       : 1->2: 260, 2->3: 9
accepted directly from s0    : 0
Gym endings cumulative       : terminated=6275, truncated=125

[Episode 6500/12000 | last 100]
success rate                : 0.0% (cumulative 0.0%)
failure rate                : 0.0% (cumulative 0.0%)
completed cycles / episode  : 0.000
synthetic task reward       : 0.000
shaping reward              : -106.699
learning reward             : -106.699
episode length              : 286.2
abstract changes / episode  : 17.3
same abstract-state steps   : 94.0%
same-state shaping / episode: 0.000
changed-state shaping / ep. : -106.699
terminal shaping / episode  : -2.650
DFA transitions / episode   : 0.14
DFA transitions in window   : 1->2: 14
epsilon (next episode)       : 0.27250
replay buffer                : 300000 samples [1: 97.1%, 2: 2.9%, 3: 0.1%, 4: 0.0%, 5: 0.0%]
DFA state visits in window   : 1: 27730, 2: 995, 3: 0, 4: 0, 5: 0
DFA state visits cumulative  : 1: 1245094, 2: 18898, 3: 291, 4: 0, 5: 0
DFA state entries in window  : 1: 100, 2: 14, 3: 0, 4: 0, 5: 0
DFA state entries cumulative : 1: 6500, 2: 274, 3: 9, 4: 0, 5: 0
transitions cumulative       : 1->2: 274, 2->3: 9
accepted directly from s0    : 0
Gym endings cumulative       : terminated=6374, truncated=126

Starting autonomous greedy evaluation at episode 6500 (1000 fixed-seed episodes)...
[Greedy evaluation at episode 6500 | 1000 fixed-seed episodes]
success=0.0%, failure=0.0%, task reward=0.000, length=217.2
DFA transitions: 1->2: 63, 2->3: 3

[Episode 6600/12000 | last 100]
success rate                : 0.0% (cumulative 0.0%)
failure rate                : 0.0% (cumulative 0.0%)
completed cycles / episode  : 0.000
synthetic task reward       : 0.000
shaping reward              : -120.058
learning reward             : -120.058
episode length              : 258.3
abstract changes / episode  : 16.1
same abstract-state steps   : 93.8%
same-state shaping / episode: 0.000
changed-state shaping / ep. : -120.058
terminal shaping / episode  : -4.459
DFA transitions / episode   : 0.12
DFA transitions in window   : 1->2: 12
epsilon (next episode)       : 0.26710
replay buffer                : 300000 samples [1: 97.0%, 2: 3.0%, 3: 0.1%, 4: 0.0%, 5: 0.0%]
DFA state visits in window   : 1: 25159, 2: 768, 3: 0, 4: 0, 5: 0
DFA state visits cumulative  : 1: 1270253, 2: 19666, 3: 291, 4: 0, 5: 0
DFA state entries in window  : 1: 100, 2: 12, 3: 0, 4: 0, 5: 0
DFA state entries cumulative : 1: 6600, 2: 286, 3: 9, 4: 0, 5: 0
transitions cumulative       : 1->2: 286, 2->3: 9
accepted directly from s0    : 0
Gym endings cumulative       : terminated=6474, truncated=126

[Episode 6700/12000 | last 100]
success rate                : 0.0% (cumulative 0.0%)
failure rate                : 0.0% (cumulative 0.0%)
completed cycles / episode  : 0.000
synthetic task reward       : 0.000
shaping reward              : -63.267
learning reward             : -63.267
episode length              : 358.5
abstract changes / episode  : 19.4
same abstract-state steps   : 94.6%
same-state shaping / episode: 0.000
changed-state shaping / ep. : -63.267
terminal shaping / episode  : -4.460
DFA transitions / episode   : 0.25
DFA transitions in window   : 1->2: 22, 2->3: 3
epsilon (next episode)       : 0.26181
replay buffer                : 300000 samples [1: 96.4%, 2: 3.5%, 3: 0.1%, 4: 0.0%, 5: 0.0%]
DFA state visits in window   : 1: 33903, 2: 1932, 3: 112, 4: 0, 5: 0
DFA state visits cumulative  : 1: 1304156, 2: 21598, 3: 403, 4: 0, 5: 0
DFA state entries in window  : 1: 100, 2: 22, 3: 3, 4: 0, 5: 0
DFA state entries cumulative : 1: 6700, 2: 308, 3: 12, 4: 0, 5: 0
transitions cumulative       : 1->2: 308, 2->3: 12
accepted directly from s0    : 0
Gym endings cumulative       : terminated=6569, truncated=131

[Episode 6800/12000 | last 100]
success rate                : 0.0% (cumulative 0.0%)
failure rate                : 0.0% (cumulative 0.0%)
completed cycles / episode  : 0.000
synthetic task reward       : 0.000
shaping reward              : -60.417
learning reward             : -60.417
episode length              : 317.9
abstract changes / episode  : 19.2
same abstract-state steps   : 94.0%
same-state shaping / episode: 0.000
changed-state shaping / ep. : -60.417
terminal shaping / episode  : -1.800
DFA transitions / episode   : 0.35
DFA transitions in window   : 1->2: 33, 2->3: 2
epsilon (next episode)       : 0.25663
replay buffer                : 300000 samples [1: 95.7%, 2: 4.2%, 3: 0.1%, 4: 0.0%, 5: 0.0%]
DFA state visits in window   : 1: 29210, 2: 2582, 3: 99, 4: 0, 5: 0
DFA state visits cumulative  : 1: 1333366, 2: 24180, 3: 502, 4: 0, 5: 0
DFA state entries in window  : 1: 100, 2: 33, 3: 2, 4: 0, 5: 0
DFA state entries cumulative : 1: 6800, 2: 341, 3: 14, 4: 0, 5: 0
transitions cumulative       : 1->2: 341, 2->3: 14
accepted directly from s0    : 0
Gym endings cumulative       : terminated=6668, truncated=132

[Episode 6900/12000 | last 100]
success rate                : 0.0% (cumulative 0.0%)
failure rate                : 0.0% (cumulative 0.0%)
completed cycles / episode  : 0.000
synthetic task reward       : 0.000
shaping reward              : -16.890
learning reward             : -16.890
episode length              : 301.6
abstract changes / episode  : 19.5
same abstract-state steps   : 93.5%
same-state shaping / episode: 0.000
changed-state shaping / ep. : -16.890
terminal shaping / episode  : -2.687
DFA transitions / episode   : 0.40
DFA transitions in window   : 1->2: 38, 2->3: 2
epsilon (next episode)       : 0.25154
replay buffer                : 300000 samples [1: 94.7%, 2: 5.2%, 3: 0.1%, 4: 0.0%, 5: 0.0%]
DFA state visits in window   : 1: 27199, 2: 2984, 3: 81, 4: 0, 5: 0
DFA state visits cumulative  : 1: 1360565, 2: 27164, 3: 583, 4: 0, 5: 0
DFA state entries in window  : 1: 100, 2: 38, 3: 2, 4: 0, 5: 0
DFA state entries cumulative : 1: 6900, 2: 379, 3: 16, 4: 0, 5: 0
transitions cumulative       : 1->2: 379, 2->3: 16
accepted directly from s0    : 0
Gym endings cumulative       : terminated=6766, truncated=134

[Episode 7000/12000 | last 100]
success rate                : 0.0% (cumulative 0.0%)
failure rate                : 0.0% (cumulative 0.0%)
completed cycles / episode  : 0.000
synthetic task reward       : 0.000
shaping reward              : -80.381
learning reward             : -80.381
episode length              : 349.2
abstract changes / episode  : 22.9
same abstract-state steps   : 93.4%
same-state shaping / episode: 0.000
changed-state shaping / ep. : -80.381
terminal shaping / episode  : -4.514
DFA transitions / episode   : 0.44
DFA transitions in window   : 1->2: 42, 2->3: 2
epsilon (next episode)       : 0.24656
replay buffer                : 300000 samples [1: 93.3%, 2: 6.5%, 3: 0.2%, 4: 0.0%, 5: 0.0%]
DFA state visits in window   : 1: 30410, 2: 4546, 3: 66, 4: 0, 5: 0
DFA state visits cumulative  : 1: 1390975, 2: 31710, 3: 649, 4: 0, 5: 0
DFA state entries in window  : 1: 100, 2: 42, 3: 2, 4: 0, 5: 0
DFA state entries cumulative : 1: 7000, 2: 421, 3: 18, 4: 0, 5: 0
transitions cumulative       : 1->2: 421, 2->3: 18
accepted directly from s0    : 0
Gym endings cumulative       : terminated=6866, truncated=134

Starting autonomous greedy evaluation at episode 7000 (1000 fixed-seed episodes)...
[Greedy evaluation at episode 7000 | 1000 fixed-seed episodes]
success=0.0%, failure=0.0%, task reward=0.000, length=752.2
DFA transitions: 1->2: 136

[Episode 7100/12000 | last 100]
success rate                : 0.0% (cumulative 0.0%)
failure rate                : 0.0% (cumulative 0.0%)
completed cycles / episode  : 0.000
synthetic task reward       : 0.000
shaping reward              : 19.232
learning reward             : 19.232
episode length              : 346.4
abstract changes / episode  : 22.1
same abstract-state steps   : 93.6%
same-state shaping / episode: 0.000
changed-state shaping / ep. : 19.232
terminal shaping / episode  : -3.600
DFA transitions / episode   : 0.65
DFA transitions in window   : 1->2: 61, 2->3: 4
epsilon (next episode)       : 0.24168
replay buffer                : 300000 samples [1: 91.3%, 2: 8.4%, 3: 0.2%, 4: 0.0%, 5: 0.0%]
DFA state visits in window   : 1: 27173, 2: 7368, 3: 204, 4: 0, 5: 0
DFA state visits cumulative  : 1: 1418148, 2: 39078, 3: 853, 4: 0, 5: 0
DFA state entries in window  : 1: 100, 2: 61, 3: 4, 4: 0, 5: 0
DFA state entries cumulative : 1: 7100, 2: 482, 3: 22, 4: 0, 5: 0
transitions cumulative       : 1->2: 482, 2->3: 22
accepted directly from s0    : 0
Gym endings cumulative       : terminated=6964, truncated=136

[Episode 7200/12000 | last 100]
success rate                : 0.0% (cumulative 0.0%)
failure rate                : 0.0% (cumulative 0.0%)
completed cycles / episode  : 0.000
synthetic task reward       : 0.000
shaping reward              : 18.005
learning reward             : 18.005
episode length              : 273.4
abstract changes / episode  : 19.2
same abstract-state steps   : 93.0%
same-state shaping / episode: 0.000
changed-state shaping / ep. : 18.005
terminal shaping / episode  : 0.000
DFA transitions / episode   : 0.61
DFA transitions in window   : 1->2: 58, 2->3: 3
epsilon (next episode)       : 0.23689
replay buffer                : 300000 samples [1: 90.1%, 2: 9.6%, 3: 0.3%, 4: 0.0%, 5: 0.0%]
DFA state visits in window   : 1: 21817, 2: 5420, 3: 204, 4: 0, 5: 0
DFA state visits cumulative  : 1: 1439965, 2: 44498, 3: 1057, 4: 0, 5: 0
DFA state entries in window  : 1: 100, 2: 58, 3: 3, 4: 0, 5: 0
DFA state entries cumulative : 1: 7200, 2: 540, 3: 25, 4: 0, 5: 0
transitions cumulative       : 1->2: 540, 2->3: 25
accepted directly from s0    : 0
Gym endings cumulative       : terminated=7063, truncated=137

[Episode 7300/12000 | last 100]
success rate                : 0.0% (cumulative 0.0%)
failure rate                : 0.0% (cumulative 0.0%)
completed cycles / episode  : 0.000
synthetic task reward       : 0.000
shaping reward              : 18.294
learning reward             : 18.294
episode length              : 266.4
abstract changes / episode  : 19.0
same abstract-state steps   : 92.9%
same-state shaping / episode: 0.000
changed-state shaping / ep. : 18.294
terminal shaping / episode  : -1.836
DFA transitions / episode   : 0.55
DFA transitions in window   : 1->2: 49, 2->3: 6
epsilon (next episode)       : 0.23220
replay buffer                : 300000 samples [1: 88.9%, 2: 10.8%, 3: 0.4%, 4: 0.0%, 5: 0.0%]
DFA state visits in window   : 1: 21409, 2: 4986, 3: 347, 4: 0, 5: 0
DFA state visits cumulative  : 1: 1461374, 2: 49484, 3: 1404, 4: 0, 5: 0
DFA state entries in window  : 1: 100, 2: 49, 3: 6, 4: 0, 5: 0
DFA state entries cumulative : 1: 7300, 2: 589, 3: 31, 4: 0, 5: 0
transitions cumulative       : 1->2: 589, 2->3: 31
accepted directly from s0    : 0
Gym endings cumulative       : terminated=7163, truncated=137

[Episode 7400/12000 | last 100]
success rate                : 0.0% (cumulative 0.0%)
failure rate                : 0.0% (cumulative 0.0%)
completed cycles / episode  : 0.000
synthetic task reward       : 0.000
shaping reward              : 63.488
learning reward             : 63.488
episode length              : 311.6
abstract changes / episode  : 19.1
same abstract-state steps   : 93.9%
same-state shaping / episode: 0.000
changed-state shaping / ep. : 63.488
terminal shaping / episode  : 0.914
DFA transitions / episode   : 0.55
DFA transitions in window   : 1->2: 50, 2->3: 5
epsilon (next episode)       : 0.22760
replay buffer                : 300000 samples [1: 87.2%, 2: 12.4%, 3: 0.5%, 4: 0.0%, 5: 0.0%]
DFA state visits in window   : 1: 24968, 2: 5957, 3: 334, 4: 0, 5: 0
DFA state visits cumulative  : 1: 1486342, 2: 55441, 3: 1738, 4: 0, 5: 0
DFA state entries in window  : 1: 100, 2: 50, 3: 5, 4: 0, 5: 0
DFA state entries cumulative : 1: 7400, 2: 639, 3: 36, 4: 0, 5: 0
transitions cumulative       : 1->2: 639, 2->3: 36
accepted directly from s0    : 0
Gym endings cumulative       : terminated=7262, truncated=138

[Episode 7500/12000 | last 100]
success rate                : 0.0% (cumulative 0.0%)
failure rate                : 0.0% (cumulative 0.0%)
completed cycles / episode  : 0.000
synthetic task reward       : 0.000
shaping reward              : 62.851
learning reward             : 62.851
episode length              : 316.5
abstract changes / episode  : 20.9
same abstract-state steps   : 93.4%
same-state shaping / episode: 0.000
changed-state shaping / ep. : 62.851
terminal shaping / episode  : -0.914
DFA transitions / episode   : 0.75
DFA transitions in window   : 1->2: 69, 2->3: 6
epsilon (next episode)       : 0.22310
replay buffer                : 300000 samples [1: 84.6%, 2: 14.8%, 3: 0.6%, 4: 0.0%, 5: 0.0%]
DFA state visits in window   : 1: 22712, 2: 8681, 3: 360, 4: 0, 5: 0
DFA state visits cumulative  : 1: 1509054, 2: 64122, 3: 2098, 4: 0, 5: 0
DFA state entries in window  : 1: 100, 2: 69, 3: 6, 4: 0, 5: 0
DFA state entries cumulative : 1: 7500, 2: 708, 3: 42, 4: 0, 5: 0
transitions cumulative       : 1->2: 708, 2->3: 42
accepted directly from s0    : 0
Gym endings cumulative       : terminated=7361, truncated=139

Starting autonomous greedy evaluation at episode 7500 (1000 fixed-seed episodes)...
[Greedy evaluation at episode 7500 | 1000 fixed-seed episodes]
success=0.0%, failure=0.0%, task reward=0.000, length=354.3
DFA transitions: 1->2: 157

[Episode 7600/12000 | last 100]
success rate                : 0.0% (cumulative 0.0%)
failure rate                : 0.0% (cumulative 0.0%)
completed cycles / episode  : 0.000
synthetic task reward       : 0.000
shaping reward              : 27.992
learning reward             : 27.992
episode length              : 252.1
abstract changes / episode  : 18.8
same abstract-state steps   : 92.6%
same-state shaping / episode: 0.000
changed-state shaping / ep. : 27.992
terminal shaping / episode  : -1.764
DFA transitions / episode   : 0.56
DFA transitions in window   : 1->2: 51, 2->3: 5
epsilon (next episode)       : 0.21868
replay buffer                : 300000 samples [1: 83.4%, 2: 15.9%, 3: 0.7%, 4: 0.0%, 5: 0.0%]
DFA state visits in window   : 1: 20576, 2: 4358, 3: 378, 4: 0, 5: 0
DFA state visits cumulative  : 1: 1529630, 2: 68480, 3: 2476, 4: 0, 5: 0
DFA state entries in window  : 1: 100, 2: 51, 3: 5, 4: 0, 5: 0
DFA state entries cumulative : 1: 7600, 2: 759, 3: 47, 4: 0, 5: 0
transitions cumulative       : 1->2: 759, 2->3: 47
accepted directly from s0    : 0
Gym endings cumulative       : terminated=7461, truncated=139

[Episode 7700/12000 | last 100]
success rate                : 0.0% (cumulative 0.0%)
failure rate                : 0.0% (cumulative 0.0%)
completed cycles / episode  : 0.000
synthetic task reward       : 0.000
shaping reward              : -79.543
learning reward             : -79.543
episode length              : 243.1
abstract changes / episode  : 18.1
same abstract-state steps   : 92.6%
same-state shaping / episode: 0.000
changed-state shaping / ep. : -79.543
terminal shaping / episode  : -4.468
DFA transitions / episode   : 0.44
DFA transitions in window   : 1->2: 43, 2->3: 1
epsilon (next episode)       : 0.21435
replay buffer                : 300000 samples [1: 82.9%, 2: 16.4%, 3: 0.7%, 4: 0.0%, 5: 0.0%]
DFA state visits in window   : 1: 21661, 2: 2719, 3: 34, 4: 0, 5: 0
DFA state visits cumulative  : 1: 1551291, 2: 71199, 3: 2510, 4: 0, 5: 0
DFA state entries in window  : 1: 100, 2: 43, 3: 1, 4: 0, 5: 0
DFA state entries cumulative : 1: 7700, 2: 802, 3: 48, 4: 0, 5: 0
transitions cumulative       : 1->2: 802, 2->3: 48
accepted directly from s0    : 0
Gym endings cumulative       : terminated=7561, truncated=139

[Episode 7800/12000 | last 100]
success rate                : 0.0% (cumulative 0.0%)
failure rate                : 0.0% (cumulative 0.0%)
completed cycles / episode  : 0.000
synthetic task reward       : 0.000
shaping reward              : -1.306
learning reward             : -1.306
episode length              : 285.2
abstract changes / episode  : 19.2
same abstract-state steps   : 93.3%
same-state shaping / episode: 0.000
changed-state shaping / ep. : -1.306
terminal shaping / episode  : -1.809
DFA transitions / episode   : 0.60
DFA transitions in window   : 1->2: 57, 2->3: 3
epsilon (next episode)       : 0.21010
replay buffer                : 300000 samples [1: 81.2%, 2: 18.1%, 3: 0.7%, 4: 0.0%, 5: 0.0%]
DFA state visits in window   : 1: 21376, 2: 7161, 3: 81, 4: 0, 5: 0
DFA state visits cumulative  : 1: 1572667, 2: 78360, 3: 2591, 4: 0, 5: 0
DFA state entries in window  : 1: 100, 2: 57, 3: 3, 4: 0, 5: 0
DFA state entries cumulative : 1: 7800, 2: 859, 3: 51, 4: 0, 5: 0
transitions cumulative       : 1->2: 859, 2->3: 51
accepted directly from s0    : 0
Gym endings cumulative       : terminated=7661, truncated=139

[Episode 7900/12000 | last 100]
success rate                : 0.0% (cumulative 0.0%)
failure rate                : 0.0% (cumulative 0.0%)
completed cycles / episode  : 0.000
synthetic task reward       : 0.000
shaping reward              : 21.215
learning reward             : 21.215
episode length              : 238.6
abstract changes / episode  : 16.9
same abstract-state steps   : 92.9%
same-state shaping / episode: 0.000
changed-state shaping / ep. : 21.215
terminal shaping / episode  : -1.746
DFA transitions / episode   : 0.53
DFA transitions in window   : 1->2: 52, 2->3: 1
epsilon (next episode)       : 0.20594
replay buffer                : 300000 samples [1: 80.9%, 2: 18.4%, 3: 0.7%, 4: 0.0%, 5: 0.0%]
DFA state visits in window   : 1: 20499, 2: 3428, 3: 31, 4: 0, 5: 0
DFA state visits cumulative  : 1: 1593166, 2: 81788, 3: 2622, 4: 0, 5: 0
DFA state entries in window  : 1: 100, 2: 52, 3: 1, 4: 0, 5: 0
DFA state entries cumulative : 1: 7900, 2: 911, 3: 52, 4: 0, 5: 0
transitions cumulative       : 1->2: 911, 2->3: 52
accepted directly from s0    : 0
Gym endings cumulative       : terminated=7761, truncated=139

[Episode 8000/12000 | last 100]
success rate                : 0.0% (cumulative 0.0%)
failure rate                : 0.0% (cumulative 0.0%)
completed cycles / episode  : 0.000
synthetic task reward       : 0.000
shaping reward              : 36.036
learning reward             : 36.036
episode length              : 225.5
abstract changes / episode  : 17.0
same abstract-state steps   : 92.5%
same-state shaping / episode: 0.000
changed-state shaping / ep. : 36.036
terminal shaping / episode  : -2.650
DFA transitions / episode   : 0.70
DFA transitions in window   : 1->2: 64, 2->3: 6
epsilon (next episode)       : 0.20186
replay buffer                : 300000 samples [1: 79.8%, 2: 19.4%, 3: 0.8%, 4: 0.0%, 5: 0.0%]
DFA state visits in window   : 1: 17648, 2: 4642, 3: 358, 4: 0, 5: 0
DFA state visits cumulative  : 1: 1610814, 2: 86430, 3: 2980, 4: 0, 5: 0
DFA state entries in window  : 1: 100, 2: 64, 3: 6, 4: 0, 5: 0
DFA state entries cumulative : 1: 8000, 2: 975, 3: 58, 4: 0, 5: 0
transitions cumulative       : 1->2: 975, 2->3: 58
accepted directly from s0    : 0
Gym endings cumulative       : terminated=7861, truncated=139

Starting autonomous greedy evaluation at episode 8000 (1000 fixed-seed episodes)...
[Greedy evaluation at episode 8000 | 1000 fixed-seed episodes]
success=0.0%, failure=0.0%, task reward=0.000, length=479.6
DFA transitions: 1->2: 380, 2->3: 14

[Episode 8100/12000 | last 100]
success rate                : 0.0% (cumulative 0.0%)
failure rate                : 0.0% (cumulative 0.0%)
completed cycles / episode  : 0.000
synthetic task reward       : 0.000
shaping reward              : 76.634
learning reward             : 76.634
episode length              : 198.1
abstract changes / episode  : 15.8
same abstract-state steps   : 92.0%
same-state shaping / episode: 0.000
changed-state shaping / ep. : 76.634
terminal shaping / episode  : -0.869
DFA transitions / episode   : 0.66
DFA transitions in window   : 1->2: 64, 2->3: 2
epsilon (next episode)       : 0.19787
replay buffer                : 300000 samples [1: 79.4%, 2: 19.8%, 3: 0.8%, 4: 0.0%, 5: 0.0%]
DFA state visits in window   : 1: 15573, 2: 4269, 3: 66, 4: 0, 5: 0
DFA state visits cumulative  : 1: 1626387, 2: 90699, 3: 3046, 4: 0, 5: 0
DFA state entries in window  : 1: 100, 2: 64, 3: 2, 4: 0, 5: 0
DFA state entries cumulative : 1: 8100, 2: 1039, 3: 60, 4: 0, 5: 0
transitions cumulative       : 1->2: 1039, 2->3: 60
accepted directly from s0    : 0
Gym endings cumulative       : terminated=7961, truncated=139

[Episode 8200/12000 | last 100]
success rate                : 0.0% (cumulative 0.0%)
failure rate                : 0.0% (cumulative 0.0%)
completed cycles / episode  : 0.000
synthetic task reward       : 0.000
shaping reward              : -2.285
learning reward             : -2.285
episode length              : 276.5
abstract changes / episode  : 20.6
same abstract-state steps   : 92.6%
same-state shaping / episode: 0.000
changed-state shaping / ep. : -2.285
terminal shaping / episode  : -4.468
DFA transitions / episode   : 0.54
DFA transitions in window   : 1->2: 50, 2->3: 4
epsilon (next episode)       : 0.19395
replay buffer                : 300000 samples [1: 80.3%, 2: 18.9%, 3: 0.8%, 4: 0.0%, 5: 0.0%]
DFA state visits in window   : 1: 23571, 2: 4033, 3: 142, 4: 0, 5: 0
DFA state visits cumulative  : 1: 1649958, 2: 94732, 3: 3188, 4: 0, 5: 0
DFA state entries in window  : 1: 100, 2: 50, 3: 4, 4: 0, 5: 0
DFA state entries cumulative : 1: 8200, 2: 1089, 3: 64, 4: 0, 5: 0
transitions cumulative       : 1->2: 1089, 2->3: 64
accepted directly from s0    : 0
Gym endings cumulative       : terminated=8061, truncated=139

[Episode 8300/12000 | last 100]
success rate                : 0.0% (cumulative 0.0%)
failure rate                : 0.0% (cumulative 0.0%)
completed cycles / episode  : 0.000
synthetic task reward       : 0.000
shaping reward              : 24.624
learning reward             : 24.624
episode length              : 277.2
abstract changes / episode  : 20.5
same abstract-state steps   : 92.6%
same-state shaping / episode: 0.000
changed-state shaping / ep. : 24.624
terminal shaping / episode  : -4.442
DFA transitions / episode   : 0.68
DFA transitions in window   : 1->2: 61, 2->3: 7
epsilon (next episode)       : 0.19011
replay buffer                : 300000 samples [1: 79.8%, 2: 19.4%, 3: 0.8%, 4: 0.0%, 5: 0.0%]
DFA state visits in window   : 1: 21941, 2: 5659, 3: 224, 4: 0, 5: 0
DFA state visits cumulative  : 1: 1671899, 2: 100391, 3: 3412, 4: 0, 5: 0
DFA state entries in window  : 1: 100, 2: 61, 3: 7, 4: 0, 5: 0
DFA state entries cumulative : 1: 8300, 2: 1150, 3: 71, 4: 0, 5: 0
transitions cumulative       : 1->2: 1150, 2->3: 71
accepted directly from s0    : 0
Gym endings cumulative       : terminated=8161, truncated=139

[Episode 8400/12000 | last 100]
success rate                : 0.0% (cumulative 0.0%)
failure rate                : 0.0% (cumulative 0.0%)
completed cycles / episode  : 0.000
synthetic task reward       : 0.000
shaping reward              : 41.364
learning reward             : 41.364
episode length              : 325.8
abstract changes / episode  : 22.9
same abstract-state steps   : 93.0%
same-state shaping / episode: 0.000
changed-state shaping / ep. : 41.364
terminal shaping / episode  : -1.746
DFA transitions / episode   : 0.75
DFA transitions in window   : 1->2: 65, 2->3: 9, 3->4: 1
epsilon (next episode)       : 0.18634
replay buffer                : 300000 samples [1: 79.8%, 2: 19.4%, 3: 0.8%, 4: 0.0%, 5: 0.0%]
DFA state visits in window   : 1: 25415, 2: 6748, 3: 443, 4: 75, 5: 0
DFA state visits cumulative  : 1: 1697314, 2: 107139, 3: 3855, 4: 75, 5: 0
DFA state entries in window  : 1: 100, 2: 65, 3: 9, 4: 1, 5: 0
DFA state entries cumulative : 1: 8400, 2: 1215, 3: 80, 4: 1, 5: 0
transitions cumulative       : 1->2: 1215, 2->3: 80, 3->4: 1
accepted directly from s0    : 0
Gym endings cumulative       : terminated=8260, truncated=140

[Episode 8500/12000 | last 100]
success rate                : 0.0% (cumulative 0.0%)
failure rate                : 0.0% (cumulative 0.0%)
completed cycles / episode  : 0.000
synthetic task reward       : 0.000
shaping reward              : 77.870
learning reward             : 77.870
episode length              : 449.7
abstract changes / episode  : 27.0
same abstract-state steps   : 94.0%
same-state shaping / episode: 0.000
changed-state shaping / ep. : 77.870
terminal shaping / episode  : -1.818
DFA transitions / episode   : 0.73
DFA transitions in window   : 1->2: 66, 2->3: 6, 3->4: 1
epsilon (next episode)       : 0.18265
replay buffer                : 300000 samples [1: 80.6%, 2: 18.6%, 3: 0.7%, 4: 0.0%, 5: 0.0%]
DFA state visits in window   : 1: 37396, 2: 7361, 3: 272, 4: 40, 5: 0
DFA state visits cumulative  : 1: 1734710, 2: 114500, 3: 4127, 4: 115, 5: 0
DFA state entries in window  : 1: 100, 2: 66, 3: 6, 4: 1, 5: 0
DFA state entries cumulative : 1: 8500, 2: 1281, 3: 86, 4: 2, 5: 0
transitions cumulative       : 1->2: 1281, 2->3: 86, 3->4: 2
accepted directly from s0    : 0
Gym endings cumulative       : terminated=8350, truncated=150

Starting autonomous greedy evaluation at episode 8500 (1000 fixed-seed episodes)...
[Greedy evaluation at episode 8500 | 1000 fixed-seed episodes]
success=0.0%, failure=0.0%, task reward=0.000, length=858.1
DFA transitions: 1->2: 31, 2->3: 3

[Episode 8600/12000 | last 100]
success rate                : 0.0% (cumulative 0.0%)
failure rate                : 0.0% (cumulative 0.0%)
completed cycles / episode  : 0.000
synthetic task reward       : 0.000
shaping reward              : 26.121
learning reward             : 26.121
episode length              : 334.8
abstract changes / episode  : 23.1
same abstract-state steps   : 93.1%
same-state shaping / episode: 0.000
changed-state shaping / ep. : 26.121
terminal shaping / episode  : -4.540
DFA transitions / episode   : 0.67
DFA transitions in window   : 1->2: 63, 2->3: 4
epsilon (next episode)       : 0.17904
replay buffer                : 300000 samples [1: 81.1%, 2: 18.3%, 3: 0.6%, 4: 0.0%, 5: 0.0%]
DFA state visits in window   : 1: 26237, 2: 7149, 3: 191, 4: 0, 5: 0
DFA state visits cumulative  : 1: 1760947, 2: 121649, 3: 4318, 4: 115, 5: 0
DFA state entries in window  : 1: 100, 2: 63, 3: 4, 4: 0, 5: 0
DFA state entries cumulative : 1: 8600, 2: 1344, 3: 90, 4: 2, 5: 0
transitions cumulative       : 1->2: 1344, 2->3: 90, 3->4: 2
accepted directly from s0    : 0
Gym endings cumulative       : terminated=8449, truncated=151

[Episode 8700/12000 | last 100]
success rate                : 0.0% (cumulative 0.0%)
failure rate                : 0.0% (cumulative 0.0%)
completed cycles / episode  : 0.000
synthetic task reward       : 0.000
shaping reward              : 57.971
learning reward             : 57.971
episode length              : 336.7
abstract changes / episode  : 24.8
same abstract-state steps   : 92.6%
same-state shaping / episode: 0.000
changed-state shaping / ep. : 57.971
terminal shaping / episode  : -3.654
DFA transitions / episode   : 0.81
DFA transitions in window   : 1->2: 72, 2->3: 9
epsilon (next episode)       : 0.17549
replay buffer                : 300000 samples [1: 78.7%, 2: 20.5%, 3: 0.7%, 4: 0.0%, 5: 0.0%]
DFA state visits in window   : 1: 22612, 2: 10765, 3: 392, 4: 0, 5: 0
DFA state visits cumulative  : 1: 1783559, 2: 132414, 3: 4710, 4: 115, 5: 0
DFA state entries in window  : 1: 100, 2: 72, 3: 9, 4: 0, 5: 0
DFA state entries cumulative : 1: 8700, 2: 1416, 3: 99, 4: 2, 5: 0
transitions cumulative       : 1->2: 1416, 2->3: 99, 3->4: 2
accepted directly from s0    : 0
Gym endings cumulative       : terminated=8549, truncated=151

[Episode 8800/12000 | last 100]
success rate                : 0.0% (cumulative 0.0%)
failure rate                : 0.0% (cumulative 0.0%)
completed cycles / episode  : 0.000
synthetic task reward       : 0.000
shaping reward              : 5.324
learning reward             : 5.324
episode length              : 313.2
abstract changes / episode  : 23.4
same abstract-state steps   : 92.5%
same-state shaping / episode: 0.000
changed-state shaping / ep. : 5.324
terminal shaping / episode  : -2.732
DFA transitions / episode   : 0.69
DFA transitions in window   : 1->2: 59, 2->3: 9, 3->4: 1
epsilon (next episode)       : 0.17201
replay buffer                : 300000 samples [1: 78.4%, 2: 20.7%, 3: 0.9%, 4: 0.1%, 5: 0.0%]
DFA state visits in window   : 1: 22471, 2: 8361, 3: 521, 4: 67, 5: 0
DFA state visits cumulative  : 1: 1806030, 2: 140775, 3: 5231, 4: 182, 5: 0
DFA state entries in window  : 1: 100, 2: 59, 3: 9, 4: 1, 5: 0
DFA state entries cumulative : 1: 8800, 2: 1475, 3: 108, 4: 3, 5: 0
transitions cumulative       : 1->2: 1475, 2->3: 108, 3->4: 3
accepted directly from s0    : 0
Gym endings cumulative       : terminated=8649, truncated=151

[Episode 8900/12000 | last 100]
success rate                : 0.0% (cumulative 0.0%)
failure rate                : 0.0% (cumulative 0.0%)
completed cycles / episode  : 0.000
synthetic task reward       : 0.000
shaping reward              : 68.832
learning reward             : 68.832
episode length              : 387.7
abstract changes / episode  : 26.4
same abstract-state steps   : 93.2%
same-state shaping / episode: 0.000
changed-state shaping / ep. : 68.832
terminal shaping / episode  : -0.923
DFA transitions / episode   : 0.88
DFA transitions in window   : 1->2: 72, 2->3: 16
epsilon (next episode)       : 0.16861
replay buffer                : 300000 samples [1: 77.1%, 2: 21.8%, 3: 1.1%, 4: 0.1%, 5: 0.0%]
DFA state visits in window   : 1: 28480, 2: 9545, 3: 844, 4: 0, 5: 0
DFA state visits cumulative  : 1: 1834510, 2: 150320, 3: 6075, 4: 182, 5: 0
DFA state entries in window  : 1: 100, 2: 72, 3: 16, 4: 0, 5: 0
DFA state entries cumulative : 1: 8900, 2: 1547, 3: 124, 4: 3, 5: 0
transitions cumulative       : 1->2: 1547, 2->3: 124, 3->4: 3
accepted directly from s0    : 0
Gym endings cumulative       : terminated=8745, truncated=155

[Episode 9000/12000 | last 100]
success rate                : 0.0% (cumulative 0.0%)
failure rate                : 0.0% (cumulative 0.0%)
completed cycles / episode  : 0.000
synthetic task reward       : 0.000
shaping reward              : 93.476
learning reward             : 93.476
episode length              : 491.4
abstract changes / episode  : 27.2
same abstract-state steps   : 94.5%
same-state shaping / episode: 0.000
changed-state shaping / ep. : 93.476
terminal shaping / episode  : -0.914
DFA transitions / episode   : 0.81
DFA transitions in window   : 1->2: 72, 2->3: 9
epsilon (next episode)       : 0.16527
replay buffer                : 300000 samples [1: 76.6%, 2: 22.2%, 3: 1.1%, 4: 0.1%, 5: 0.0%]
DFA state visits in window   : 1: 38138, 2: 10695, 3: 405, 4: 0, 5: 0
DFA state visits cumulative  : 1: 1872648, 2: 161015, 3: 6480, 4: 182, 5: 0
DFA state entries in window  : 1: 100, 2: 72, 3: 9, 4: 0, 5: 0
DFA state entries cumulative : 1: 9000, 2: 1619, 3: 133, 4: 3, 5: 0
transitions cumulative       : 1->2: 1619, 2->3: 133, 3->4: 3
accepted directly from s0    : 0
Gym endings cumulative       : terminated=8833, truncated=168

Starting autonomous greedy evaluation at episode 9000 (1000 fixed-seed episodes)...
[Greedy evaluation at episode 9000 | 1000 fixed-seed episodes]
success=0.0%, failure=0.0%, task reward=0.000, length=862.6
DFA transitions: 1->2: 188, 2->3: 16

[Episode 9100/12000 | last 100]
success rate                : 0.0% (cumulative 0.0%)
failure rate                : 0.0% (cumulative 0.0%)
completed cycles / episode  : 0.000
synthetic task reward       : 0.000
shaping reward              : 82.691
learning reward             : 82.691
episode length              : 388.7
abstract changes / episode  : 25.5
same abstract-state steps   : 93.4%
same-state shaping / episode: 0.000
changed-state shaping / ep. : 82.691
terminal shaping / episode  : -1.827
DFA transitions / episode   : 0.98
DFA transitions in window   : 1->2: 78, 2->3: 20
epsilon (next episode)       : 0.16200
replay buffer                : 300000 samples [1: 75.6%, 2: 22.9%, 3: 1.4%, 4: 0.1%, 5: 0.0%]
DFA state visits in window   : 1: 28280, 2: 9617, 3: 1077, 4: 0, 5: 0
DFA state visits cumulative  : 1: 1900928, 2: 170632, 3: 7557, 4: 182, 5: 0
DFA state entries in window  : 1: 100, 2: 78, 3: 20, 4: 0, 5: 0
DFA state entries cumulative : 1: 9100, 2: 1697, 3: 153, 4: 3, 5: 0
transitions cumulative       : 1->2: 1697, 2->3: 153, 3->4: 3
accepted directly from s0    : 0
Gym endings cumulative       : terminated=8927, truncated=174

[Episode 9200/12000 | last 100]
success rate                : 0.0% (cumulative 0.0%)
failure rate                : 0.0% (cumulative 0.0%)
completed cycles / episode  : 0.000
synthetic task reward       : 0.000
shaping reward              : 26.060
learning reward             : 26.060
episode length              : 383.3
abstract changes / episode  : 25.3
same abstract-state steps   : 93.4%
same-state shaping / episode: 0.000
changed-state shaping / ep. : 26.060
terminal shaping / episode  : -2.686
DFA transitions / episode   : 0.81
DFA transitions in window   : 1->2: 68, 2->3: 13
epsilon (next episode)       : 0.15879
replay buffer                : 300000 samples [1: 74.9%, 2: 23.5%, 3: 1.6%, 4: 0.0%, 5: 0.0%]
DFA state visits in window   : 1: 27455, 2: 9826, 3: 1150, 4: 0, 5: 0
DFA state visits cumulative  : 1: 1928383, 2: 180458, 3: 8707, 4: 182, 5: 0
DFA state entries in window  : 1: 100, 2: 68, 3: 13, 4: 0, 5: 0
DFA state entries cumulative : 1: 9200, 2: 1765, 3: 166, 4: 3, 5: 0
transitions cumulative       : 1->2: 1765, 2->3: 166, 3->4: 3
accepted directly from s0    : 0
Gym endings cumulative       : terminated=9023, truncated=178

[Episode 9300/12000 | last 100]
success rate                : 0.0% (cumulative 0.0%)
failure rate                : 0.0% (cumulative 0.0%)
completed cycles / episode  : 0.000
synthetic task reward       : 0.000
shaping reward              : 52.934
learning reward             : 52.934
episode length              : 335.8
abstract changes / episode  : 23.5
same abstract-state steps   : 93.0%
same-state shaping / episode: 0.000
changed-state shaping / ep. : 52.934
terminal shaping / episode  : -4.541
DFA transitions / episode   : 0.86
DFA transitions in window   : 1->2: 62, 2->3: 23, 3->4: 1
epsilon (next episode)       : 0.15564
replay buffer                : 300000 samples [1: 73.6%, 2: 24.2%, 3: 2.2%, 4: 0.0%, 5: 0.0%]
DFA state visits in window   : 1: 24738, 2: 6780, 3: 2121, 4: 45, 5: 0
DFA state visits cumulative  : 1: 1953121, 2: 187238, 3: 10828, 4: 227, 5: 0
DFA state entries in window  : 1: 100, 2: 62, 3: 23, 4: 1, 5: 0
DFA state entries cumulative : 1: 9300, 2: 1827, 3: 189, 4: 4, 5: 0
transitions cumulative       : 1->2: 1827, 2->3: 189, 3->4: 4
accepted directly from s0    : 0
Gym endings cumulative       : terminated=9121, truncated=180

[Episode 9400/12000 | last 100]
success rate                : 0.0% (cumulative 0.0%)
failure rate                : 0.0% (cumulative 0.0%)
completed cycles / episode  : 0.000
synthetic task reward       : 0.000
shaping reward              : 58.930
learning reward             : 58.930
episode length              : 452.5
abstract changes / episode  : 26.4
same abstract-state steps   : 94.2%
same-state shaping / episode: 0.000
changed-state shaping / ep. : 58.930
terminal shaping / episode  : 0.000
DFA transitions / episode   : 0.75
DFA transitions in window   : 1->2: 60, 2->3: 15
epsilon (next episode)       : 0.15256
replay buffer                : 300000 samples [1: 72.5%, 2: 25.1%, 3: 2.4%, 4: 0.0%, 5: 0.0%]
DFA state visits in window   : 1: 32153, 2: 12388, 3: 810, 4: 0, 5: 0
DFA state visits cumulative  : 1: 1985274, 2: 199626, 3: 11638, 4: 227, 5: 0
DFA state entries in window  : 1: 100, 2: 60, 3: 15, 4: 0, 5: 0
DFA state entries cumulative : 1: 9400, 2: 1887, 3: 204, 4: 4, 5: 0
transitions cumulative       : 1->2: 1887, 2->3: 204, 3->4: 4
accepted directly from s0    : 0
Gym endings cumulative       : terminated=9208, truncated=193

[Episode 9500/12000 | last 100]
success rate                : 0.0% (cumulative 0.0%)
failure rate                : 0.0% (cumulative 0.0%)
completed cycles / episode  : 0.000
synthetic task reward       : 0.000
shaping reward              : -109.441
learning reward             : -109.441
episode length              : 328.3
abstract changes / episode  : 20.6
same abstract-state steps   : 93.7%
same-state shaping / episode: 0.000
changed-state shaping / ep. : -109.441
terminal shaping / episode  : -1.782
DFA transitions / episode   : 0.39
DFA transitions in window   : 1->2: 35, 2->3: 4
epsilon (next episode)       : 0.14954
replay buffer                : 300000 samples [1: 73.8%, 2: 23.8%, 3: 2.4%, 4: 0.0%, 5: 0.0%]
DFA state visits in window   : 1: 26407, 2: 6211, 3: 310, 4: 0, 5: 0
DFA state visits cumulative  : 1: 2011681, 2: 205837, 3: 11948, 4: 227, 5: 0
DFA state entries in window  : 1: 100, 2: 35, 3: 4, 4: 0, 5: 0
DFA state entries cumulative : 1: 9500, 2: 1922, 3: 208, 4: 4, 5: 0
transitions cumulative       : 1->2: 1922, 2->3: 208, 3->4: 4
accepted directly from s0    : 0
Gym endings cumulative       : terminated=9306, truncated=195

Starting autonomous greedy evaluation at episode 9500 (1000 fixed-seed episodes)...
[Greedy evaluation at episode 9500 | 1000 fixed-seed episodes]
success=0.0%, failure=0.0%, task reward=0.000, length=207.4
DFA transitions: 1->2: 65

[Episode 9600/12000 | last 100]
success rate                : 0.0% (cumulative 0.0%)
failure rate                : 0.0% (cumulative 0.0%)
completed cycles / episode  : 0.000
synthetic task reward       : 0.000
shaping reward              : -38.547
learning reward             : -38.547
episode length              : 381.7
abstract changes / episode  : 14.2
same abstract-state steps   : 96.3%
same-state shaping / episode: 0.000
changed-state shaping / ep. : -38.547
terminal shaping / episode  : -0.914
DFA transitions / episode   : 0.10
DFA transitions in window   : 1->2: 10
epsilon (next episode)       : 0.14658
replay buffer                : 300000 samples [1: 77.1%, 2: 20.8%, 3: 2.1%, 4: 0.0%, 5: 0.0%]
DFA state visits in window   : 1: 36917, 2: 1356, 3: 0, 4: 0, 5: 0
DFA state visits cumulative  : 1: 2048598, 2: 207193, 3: 11948, 4: 227, 5: 0
DFA state entries in window  : 1: 100, 2: 10, 3: 0, 4: 0, 5: 0
DFA state entries cumulative : 1: 9600, 2: 1932, 3: 208, 4: 4, 5: 0
transitions cumulative       : 1->2: 1932, 2->3: 208, 3->4: 4
accepted directly from s0    : 0
Gym endings cumulative       : terminated=9395, truncated=206

[Episode 9700/12000 | last 100]
success rate                : 0.0% (cumulative 0.0%)
failure rate                : 0.0% (cumulative 0.0%)
completed cycles / episode  : 0.000
synthetic task reward       : 0.000
shaping reward              : 15.486
learning reward             : 15.486
episode length              : 747.7
abstract changes / episode  : 33.7
same abstract-state steps   : 95.5%
same-state shaping / episode: 0.000
changed-state shaping / ep. : 15.486
terminal shaping / episode  : 0.914
DFA transitions / episode   : 0.23
DFA transitions in window   : 1->2: 18, 2->3: 4, 3->4: 1
epsilon (next episode)       : 0.14368
replay buffer                : 300000 samples [1: 81.2%, 2: 16.8%, 3: 2.0%, 4: 0.0%, 5: 0.0%]
DFA state visits in window   : 1: 69312, 2: 5019, 3: 515, 4: 24, 5: 0
DFA state visits cumulative  : 1: 2117910, 2: 212212, 3: 12463, 4: 251, 5: 0
DFA state entries in window  : 1: 100, 2: 18, 3: 4, 4: 1, 5: 0
DFA state entries cumulative : 1: 9700, 2: 1950, 3: 212, 4: 5, 5: 0
transitions cumulative       : 1->2: 1950, 2->3: 212, 3->4: 5
accepted directly from s0    : 0
Gym endings cumulative       : terminated=9446, truncated=255

[Episode 9800/12000 | last 100]
success rate                : 0.0% (cumulative 0.0%)
failure rate                : 0.0% (cumulative 0.0%)
completed cycles / episode  : 0.000
synthetic task reward       : 0.000
shaping reward              : 108.933
learning reward             : 108.933
episode length              : 477.7
abstract changes / episode  : 27.1
same abstract-state steps   : 94.3%
same-state shaping / episode: 0.000
changed-state shaping / ep. : 108.933
terminal shaping / episode  : -4.478
DFA transitions / episode   : 0.78
DFA transitions in window   : 1->2: 69, 2->3: 9
epsilon (next episode)       : 0.14083
replay buffer                : 300000 samples [1: 79.0%, 2: 19.3%, 3: 1.6%, 4: 0.0%, 5: 0.0%]
DFA state visits in window   : 1: 27916, 2: 19608, 3: 350, 4: 0, 5: 0
DFA state visits cumulative  : 1: 2145826, 2: 231820, 3: 12813, 4: 251, 5: 0
DFA state entries in window  : 1: 100, 2: 69, 3: 9, 4: 0, 5: 0
DFA state entries cumulative : 1: 9800, 2: 2019, 3: 221, 4: 5, 5: 0
transitions cumulative       : 1->2: 2019, 2->3: 221, 3->4: 5
accepted directly from s0    : 0
Gym endings cumulative       : terminated=9526, truncated=275

[Episode 9900/12000 | last 100]
success rate                : 0.0% (cumulative 0.0%)
failure rate                : 0.0% (cumulative 0.0%)
completed cycles / episode  : 0.000
synthetic task reward       : 0.000
shaping reward              : 169.752
learning reward             : 169.752
episode length              : 472.5
abstract changes / episode  : 25.1
same abstract-state steps   : 94.7%
same-state shaping / episode: 0.000
changed-state shaping / ep. : 169.752
terminal shaping / episode  : -1.827
DFA transitions / episode   : 0.72
DFA transitions in window   : 1->2: 68, 2->3: 4
epsilon (next episode)       : 0.13804
replay buffer                : 300000 samples [1: 74.5%, 2: 24.6%, 3: 0.9%, 4: 0.0%, 5: 0.0%]
DFA state visits in window   : 1: 19266, 2: 27953, 3: 129, 4: 0, 5: 0
DFA state visits cumulative  : 1: 2165092, 2: 259773, 3: 12942, 4: 251, 5: 0
DFA state entries in window  : 1: 100, 2: 68, 3: 4, 4: 0, 5: 0
DFA state entries cumulative : 1: 9900, 2: 2087, 3: 225, 4: 5, 5: 0
transitions cumulative       : 1->2: 2087, 2->3: 225, 3->4: 5
accepted directly from s0    : 0
Gym endings cumulative       : terminated=9600, truncated=301

[Episode 10000/12000 | last 100]
success rate                : 0.0% (cumulative 0.0%)
failure rate                : 0.0% (cumulative 0.0%)
completed cycles / episode  : 0.000
synthetic task reward       : 0.000
shaping reward              : 219.263
learning reward             : 219.263
episode length              : 580.4
abstract changes / episode  : 27.5
same abstract-state steps   : 95.3%
same-state shaping / episode: 0.000
changed-state shaping / ep. : 219.263
terminal shaping / episode  : 0.000
DFA transitions / episode   : 0.72
DFA transitions in window   : 1->2: 72
epsilon (next episode)       : 0.13531
replay buffer                : 300000 samples [1: 66.7%, 2: 32.8%, 3: 0.4%, 4: 0.0%, 5: 0.0%]
DFA state visits in window   : 1: 20430, 2: 37707, 3: 0, 4: 0, 5: 0
DFA state visits cumulative  : 1: 2185522, 2: 297480, 3: 12942, 4: 251, 5: 0
DFA state entries in window  : 1: 100, 2: 72, 3: 0, 4: 0, 5: 0
DFA state entries cumulative : 1: 10000, 2: 2159, 3: 225, 4: 5, 5: 0
transitions cumulative       : 1->2: 2159, 2->3: 225, 3->4: 5
accepted directly from s0    : 0
Gym endings cumulative       : terminated=9659, truncated=342

Starting autonomous greedy evaluation at episode 10000 (1000 fixed-seed episodes)...
[Greedy evaluation at episode 10000 | 1000 fixed-seed episodes]
success=0.0%, failure=0.0%, task reward=0.000, length=830.5
DFA transitions: 1->2: 795

[Episode 10100/12000 | last 100]
success rate                : 0.0% (cumulative 0.0%)
failure rate                : 0.0% (cumulative 0.0%)
completed cycles / episode  : 0.000
synthetic task reward       : 0.000
shaping reward              : 148.657
learning reward             : 148.657
episode length              : 553.4
abstract changes / episode  : 35.2
same abstract-state steps   : 93.6%
same-state shaping / episode: 0.000
changed-state shaping / ep. : 148.657
terminal shaping / episode  : -0.914
DFA transitions / episode   : 1.01
DFA transitions in window   : 1->2: 80, 2->3: 21
epsilon (next episode)       : 0.13263
replay buffer                : 300000 samples [1: 60.0%, 2: 39.1%, 3: 0.8%, 4: 0.0%, 5: 0.0%]
DFA state visits in window   : 1: 26566, 2: 27288, 3: 1584, 4: 0, 5: 0
DFA state visits cumulative  : 1: 2212088, 2: 324768, 3: 14526, 4: 251, 5: 0
DFA state entries in window  : 1: 100, 2: 80, 3: 21, 4: 0, 5: 0
DFA state entries cumulative : 1: 10100, 2: 2239, 3: 246, 4: 5, 5: 0
transitions cumulative       : 1->2: 2239, 2->3: 246, 3->4: 5
accepted directly from s0    : 0
Gym endings cumulative       : terminated=9737, truncated=364

[Episode 10200/12000 | last 100]
success rate                : 0.0% (cumulative 0.0%)
failure rate                : 0.0% (cumulative 0.0%)
completed cycles / episode  : 0.000
synthetic task reward       : 0.000
shaping reward              : 196.657
learning reward             : 196.657
episode length              : 567.7
abstract changes / episode  : 38.1
same abstract-state steps   : 93.3%
same-state shaping / episode: 0.000
changed-state shaping / ep. : 196.657
terminal shaping / episode  : -1.827
DFA transitions / episode   : 1.11
DFA transitions in window   : 1->2: 89, 2->3: 22
epsilon (next episode)       : 0.13000
replay buffer                : 300000 samples [1: 48.0%, 2: 50.4%, 3: 1.6%, 4: 0.0%, 5: 0.0%]
DFA state visits in window   : 1: 20740, 2: 33866, 3: 2267, 4: 0, 5: 0
DFA state visits cumulative  : 1: 2232828, 2: 358634, 3: 16793, 4: 251, 5: 0
DFA state entries in window  : 1: 100, 2: 89, 3: 22, 4: 0, 5: 0
DFA state entries cumulative : 1: 10200, 2: 2328, 3: 268, 4: 5, 5: 0
transitions cumulative       : 1->2: 2328, 2->3: 268, 3->4: 5
accepted directly from s0    : 0
Gym endings cumulative       : terminated=9811, truncated=390

[Episode 10300/12000 | last 100]
success rate                : 0.0% (cumulative 0.0%)
failure rate                : 0.0% (cumulative 0.0%)
completed cycles / episode  : 0.000
synthetic task reward       : 0.000
shaping reward              : -264.439
learning reward             : -264.439
episode length              : 169.2
abstract changes / episode  : 17.0
same abstract-state steps   : 90.0%
same-state shaping / episode: 0.000
changed-state shaping / ep. : -264.439
terminal shaping / episode  : -2.606
DFA transitions / episode   : 0.20
DFA transitions in window   : 1->2: 17, 2->3: 3
epsilon (next episode)       : 0.12743
replay buffer                : 300000 samples [1: 47.0%, 2: 51.4%, 3: 1.7%, 4: 0.0%, 5: 0.0%]
DFA state visits in window   : 1: 12818, 2: 4015, 3: 184, 4: 0, 5: 0
DFA state visits cumulative  : 1: 2245646, 2: 362649, 3: 16977, 4: 251, 5: 0
DFA state entries in window  : 1: 100, 2: 17, 3: 3, 4: 0, 5: 0
DFA state entries cumulative : 1: 10300, 2: 2345, 3: 271, 4: 5, 5: 0
transitions cumulative       : 1->2: 2345, 2->3: 271, 3->4: 5
accepted directly from s0    : 0
Gym endings cumulative       : terminated=9909, truncated=392

[Episode 10400/12000 | last 100]
success rate                : 0.0% (cumulative 0.0%)
failure rate                : 0.0% (cumulative 0.0%)
completed cycles / episode  : 0.000
synthetic task reward       : 0.000
shaping reward              : -376.070
learning reward             : -376.070
episode length              : 142.7
abstract changes / episode  : 10.3
same abstract-state steps   : 92.8%
same-state shaping / episode: 0.000
changed-state shaping / ep. : -376.070
terminal shaping / episode  : -3.484
DFA transitions / episode   : 0.01
DFA transitions in window   : 1->2: 1
epsilon (next episode)       : 0.12490
replay buffer                : 300000 samples [1: 48.3%, 2: 50.2%, 3: 1.5%, 4: 0.0%, 5: 0.0%]
DFA state visits in window   : 1: 14351, 2: 19, 3: 0, 4: 0, 5: 0
DFA state visits cumulative  : 1: 2259997, 2: 362668, 3: 16977, 4: 251, 5: 0
DFA state entries in window  : 1: 100, 2: 1, 3: 0, 4: 0, 5: 0
DFA state entries cumulative : 1: 10400, 2: 2346, 3: 271, 4: 5, 5: 0
transitions cumulative       : 1->2: 2346, 2->3: 271, 3->4: 5
accepted directly from s0    : 0
Gym endings cumulative       : terminated=10009, truncated=392

[Episode 10500/12000 | last 100]
success rate                : 0.0% (cumulative 0.0%)
failure rate                : 0.0% (cumulative 0.0%)
completed cycles / episode  : 0.000
synthetic task reward       : 0.000
shaping reward              : -272.626
learning reward             : -272.626
episode length              : 218.5
abstract changes / episode  : 9.6
same abstract-state steps   : 95.6%
same-state shaping / episode: 0.000
changed-state shaping / ep. : -272.626
terminal shaping / episode  : -0.869
DFA transitions / episode   : 0.01
DFA transitions in window   : 1->2: 1
epsilon (next episode)       : 0.12243
replay buffer                : 300000 samples [1: 50.8%, 2: 47.7%, 3: 1.4%, 4: 0.0%, 5: 0.0%]
DFA state visits in window   : 1: 21923, 2: 29, 3: 0, 4: 0, 5: 0
DFA state visits cumulative  : 1: 2281920, 2: 362697, 3: 16977, 4: 251, 5: 0
DFA state entries in window  : 1: 100, 2: 1, 3: 0, 4: 0, 5: 0
DFA state entries cumulative : 1: 10500, 2: 2347, 3: 271, 4: 5, 5: 0
transitions cumulative       : 1->2: 2347, 2->3: 271, 3->4: 5
accepted directly from s0    : 0
Gym endings cumulative       : terminated=10109, truncated=392

Starting autonomous greedy evaluation at episode 10500 (1000 fixed-seed episodes)...
[Greedy evaluation at episode 10500 | 1000 fixed-seed episodes]
success=0.0%, failure=0.0%, task reward=0.000, length=271.5
DFA transitions: none

[Episode 10600/12000 | last 100]
success rate                : 0.0% (cumulative 0.0%)
failure rate                : 0.0% (cumulative 0.0%)
completed cycles / episode  : 0.000
synthetic task reward       : 0.000
shaping reward              : -110.104
learning reward             : -110.104
episode length              : 712.9
abstract changes / episode  : 14.1
same abstract-state steps   : 98.0%
same-state shaping / episode: 0.000
changed-state shaping / ep. : -110.104
terminal shaping / episode  : 0.000
DFA transitions / episode   : 0.03
DFA transitions in window   : 1->2: 2, 2->3: 1
epsilon (next episode)       : 0.12001
replay buffer                : 300000 samples [1: 63.2%, 2: 35.4%, 3: 1.4%, 4: 0.0%, 5: 0.0%]
DFA state visits in window   : 1: 70903, 2: 409, 3: 82, 4: 0, 5: 0
DFA state visits cumulative  : 1: 2352823, 2: 363106, 3: 17059, 4: 251, 5: 0
DFA state entries in window  : 1: 100, 2: 2, 3: 1, 4: 0, 5: 0
DFA state entries cumulative : 1: 10600, 2: 2349, 3: 272, 4: 5, 5: 0
transitions cumulative       : 1->2: 2349, 2->3: 272, 3->4: 5
accepted directly from s0    : 0
Gym endings cumulative       : terminated=10158, truncated=443

[Episode 10700/12000 | last 100]
success rate                : 0.0% (cumulative 0.0%)
failure rate                : 0.0% (cumulative 0.0%)
completed cycles / episode  : 0.000
synthetic task reward       : 0.000
shaping reward              : -148.730
learning reward             : -148.730
episode length              : 582.3
abstract changes / episode  : 25.9
same abstract-state steps   : 95.6%
same-state shaping / episode: 0.000
changed-state shaping / ep. : -148.730
terminal shaping / episode  : -1.791
DFA transitions / episode   : 0.15
DFA transitions in window   : 1->2: 13, 2->3: 2
epsilon (next episode)       : 0.11763
replay buffer                : 300000 samples [1: 75.1%, 2: 23.5%, 3: 1.4%, 4: 0.0%, 5: 0.0%]
DFA state visits in window   : 1: 56683, 2: 1452, 3: 196, 4: 0, 5: 0
DFA state visits cumulative  : 1: 2409506, 2: 364558, 3: 17255, 4: 251, 5: 0
DFA state entries in window  : 1: 100, 2: 13, 3: 2, 4: 0, 5: 0
DFA state entries cumulative : 1: 10700, 2: 2362, 3: 274, 4: 5, 5: 0
transitions cumulative       : 1->2: 2362, 2->3: 274, 3->4: 5
accepted directly from s0    : 0
Gym endings cumulative       : terminated=10228, truncated=473

[Episode 10800/12000 | last 100]
success rate                : 0.0% (cumulative 0.0%)
failure rate                : 0.0% (cumulative 0.0%)
completed cycles / episode  : 0.000
synthetic task reward       : 0.000
shaping reward              : -239.707
learning reward             : -239.707
episode length              : 526.1
abstract changes / episode  : 17.7
same abstract-state steps   : 96.6%
same-state shaping / episode: 0.000
changed-state shaping / ep. : -239.707
terminal shaping / episode  : 0.000
DFA transitions / episode   : 0.02
DFA transitions in window   : 1->2: 2
epsilon (next episode)       : 0.11530
replay buffer                : 300000 samples [1: 84.2%, 2: 14.8%, 3: 1.0%, 4: 0.0%, 5: 0.0%]
DFA state visits in window   : 1: 52543, 2: 164, 3: 0, 4: 0, 5: 0
DFA state visits cumulative  : 1: 2462049, 2: 364722, 3: 17255, 4: 251, 5: 0
DFA state entries in window  : 1: 100, 2: 2, 3: 0, 4: 0, 5: 0
DFA state entries cumulative : 1: 10800, 2: 2364, 3: 274, 4: 5, 5: 0
transitions cumulative       : 1->2: 2364, 2->3: 274, 3->4: 5
accepted directly from s0    : 0
Gym endings cumulative       : terminated=10293, truncated=508

[Episode 10900/12000 | last 100]
success rate                : 0.0% (cumulative 0.0%)
failure rate                : 0.0% (cumulative 0.0%)
completed cycles / episode  : 0.000
synthetic task reward       : 0.000
shaping reward              : -110.644
learning reward             : -110.644
episode length              : 705.4
abstract changes / episode  : 23.9
same abstract-state steps   : 96.6%
same-state shaping / episode: 0.000
changed-state shaping / ep. : -110.644
terminal shaping / episode  : 0.000
DFA transitions / episode   : 0.03
DFA transitions in window   : 1->2: 3
epsilon (next episode)       : 0.11302
replay buffer                : 300000 samples [1: 98.6%, 2: 1.3%, 3: 0.1%, 4: 0.0%, 5: 0.0%]
DFA state visits in window   : 1: 70200, 2: 439, 3: 0, 4: 0, 5: 0
DFA state visits cumulative  : 1: 2532249, 2: 365161, 3: 17255, 4: 251, 5: 0
DFA state entries in window  : 1: 100, 2: 3, 3: 0, 4: 0, 5: 0
DFA state entries cumulative : 1: 10900, 2: 2367, 3: 274, 4: 5, 5: 0
transitions cumulative       : 1->2: 2367, 2->3: 274, 3->4: 5
accepted directly from s0    : 0
Gym endings cumulative       : terminated=10345, truncated=556

[Episode 11000/12000 | last 100]
success rate                : 0.0% (cumulative 0.0%)
failure rate                : 0.0% (cumulative 0.0%)
completed cycles / episode  : 0.000
synthetic task reward       : 0.000
shaping reward              : -94.140
learning reward             : -94.140
episode length              : 615.0
abstract changes / episode  : 16.4
same abstract-state steps   : 97.3%
same-state shaping / episode: 0.000
changed-state shaping / ep. : -94.140
terminal shaping / episode  : 0.000
DFA transitions / episode   : 0.07
DFA transitions in window   : 1->2: 7
epsilon (next episode)       : 0.11078
replay buffer                : 300000 samples [1: 99.0%, 2: 1.0%, 3: 0.1%, 4: 0.0%, 5: 0.0%]
DFA state visits in window   : 1: 61185, 2: 413, 3: 0, 4: 0, 5: 0
DFA state visits cumulative  : 1: 2593434, 2: 365574, 3: 17255, 4: 251, 5: 0
DFA state entries in window  : 1: 100, 2: 7, 3: 0, 4: 0, 5: 0
DFA state entries cumulative : 1: 11000, 2: 2374, 3: 274, 4: 5, 5: 0
transitions cumulative       : 1->2: 2374, 2->3: 274, 3->4: 5
accepted directly from s0    : 0
Gym endings cumulative       : terminated=10401, truncated=600

Starting autonomous greedy evaluation at episode 11000 (1000 fixed-seed episodes)...
[Greedy evaluation at episode 11000 | 1000 fixed-seed episodes]
success=0.0%, failure=0.0%, task reward=0.000, length=1000.0
DFA transitions: none

[Episode 11100/12000 | last 100]
success rate                : 0.0% (cumulative 0.0%)
failure rate                : 0.0% (cumulative 0.0%)
completed cycles / episode  : 0.000
synthetic task reward       : 0.000
shaping reward              : -106.057
learning reward             : -106.057
episode length              : 518.8
abstract changes / episode  : 26.9
same abstract-state steps   : 94.8%
same-state shaping / episode: 0.000
changed-state shaping / ep. : -106.057
terminal shaping / episode  : -0.869
DFA transitions / episode   : 0.36
DFA transitions in window   : 1->2: 33, 2->3: 3
epsilon (next episode)       : 0.10858
replay buffer                : 300000 samples [1: 96.7%, 2: 2.9%, 3: 0.4%, 4: 0.0%, 5: 0.0%]
DFA state visits in window   : 1: 44921, 2: 6183, 3: 871, 4: 0, 5: 0
DFA state visits cumulative  : 1: 2638355, 2: 371757, 3: 18126, 4: 251, 5: 0
DFA state entries in window  : 1: 100, 2: 33, 3: 3, 4: 0, 5: 0
DFA state entries cumulative : 1: 11100, 2: 2407, 3: 277, 4: 5, 5: 0
transitions cumulative       : 1->2: 2407, 2->3: 277, 3->4: 5
accepted directly from s0    : 0
Gym endings cumulative       : terminated=10476, truncated=625

[Episode 11200/12000 | last 100]
success rate                : 0.0% (cumulative 0.0%)
failure rate                : 0.0% (cumulative 0.0%)
completed cycles / episode  : 0.000
synthetic task reward       : 0.000
shaping reward              : -4.414
learning reward             : -4.414
episode length              : 378.6
abstract changes / episode  : 26.7
same abstract-state steps   : 92.9%
same-state shaping / episode: 0.000
changed-state shaping / ep. : -4.414
terminal shaping / episode  : 1.809
DFA transitions / episode   : 0.77
DFA transitions in window   : 1->2: 47, 2->3: 24, 3->4: 6
epsilon (next episode)       : 0.10643
replay buffer                : 300000 samples [1: 92.4%, 2: 5.5%, 3: 1.8%, 4: 0.3%, 5: 0.0%]
DFA state visits in window   : 1: 24783, 2: 8073, 3: 4258, 4: 844, 5: 0
DFA state visits cumulative  : 1: 2663138, 2: 379830, 3: 22384, 4: 1095, 5: 0
DFA state entries in window  : 1: 100, 2: 47, 3: 24, 4: 6, 5: 0
DFA state entries cumulative : 1: 11200, 2: 2454, 3: 301, 4: 11, 5: 0
transitions cumulative       : 1->2: 2454, 2->3: 301, 3->4: 11
accepted directly from s0    : 0
Gym endings cumulative       : terminated=10571, truncated=630

[Episode 11300/12000 | last 100]
success rate                : 0.0% (cumulative 0.0%)
failure rate                : 0.0% (cumulative 0.0%)
completed cycles / episode  : 0.000
synthetic task reward       : 0.000
shaping reward              : -77.333
learning reward             : -77.333
episode length              : 329.3
abstract changes / episode  : 21.3
same abstract-state steps   : 93.5%
same-state shaping / episode: 0.000
changed-state shaping / ep. : -77.333
terminal shaping / episode  : -0.869
DFA transitions / episode   : 0.28
DFA transitions in window   : 1->2: 24, 2->3: 4
epsilon (next episode)       : 0.10433
replay buffer                : 300000 samples [1: 90.1%, 2: 7.8%, 3: 1.8%, 4: 0.3%, 5: 0.0%]
DFA state visits in window   : 1: 24313, 2: 8338, 3: 381, 4: 0, 5: 0
DFA state visits cumulative  : 1: 2687451, 2: 388168, 3: 22765, 4: 1095, 5: 0
DFA state entries in window  : 1: 100, 2: 24, 3: 4, 4: 0, 5: 0
DFA state entries cumulative : 1: 11300, 2: 2478, 3: 305, 4: 11, 5: 0
transitions cumulative       : 1->2: 2478, 2->3: 305, 3->4: 11
accepted directly from s0    : 0
Gym endings cumulative       : terminated=10667, truncated=634

[Episode 11400/12000 | last 100]
success rate                : 0.0% (cumulative 0.0%)
failure rate                : 0.0% (cumulative 0.0%)
completed cycles / episode  : 0.000
synthetic task reward       : 0.000
shaping reward              : -211.208
learning reward             : -211.208
episode length              : 453.5
abstract changes / episode  : 14.6
same abstract-state steps   : 96.8%
same-state shaping / episode: 0.000
changed-state shaping / ep. : -211.208
terminal shaping / episode  : 0.000
DFA transitions / episode   : 0.16
DFA transitions in window   : 1->2: 13, 2->3: 3
epsilon (next episode)       : 0.10226
replay buffer                : 300000 samples [1: 88.6%, 2: 9.2%, 3: 1.9%, 4: 0.3%, 5: 0.0%]
DFA state visits in window   : 1: 41010, 2: 4220, 3: 217, 4: 0, 5: 0
DFA state visits cumulative  : 1: 2728461, 2: 392388, 3: 22982, 4: 1095, 5: 0
DFA state entries in window  : 1: 100, 2: 13, 3: 3, 4: 0, 5: 0
DFA state entries cumulative : 1: 11400, 2: 2491, 3: 308, 4: 11, 5: 0
transitions cumulative       : 1->2: 2491, 2->3: 308, 3->4: 11
accepted directly from s0    : 0
Gym endings cumulative       : terminated=10744, truncated=657

[Episode 11500/12000 | last 100]
success rate                : 0.0% (cumulative 0.0%)
failure rate                : 0.0% (cumulative 0.0%)
completed cycles / episode  : 0.000
synthetic task reward       : 0.000
shaping reward              : 3.229
learning reward             : 3.229
episode length              : 713.5
abstract changes / episode  : 21.8
same abstract-state steps   : 96.9%
same-state shaping / episode: 0.000
changed-state shaping / ep. : 3.229
terminal shaping / episode  : -0.923
DFA transitions / episode   : 0.23
DFA transitions in window   : 1->2: 21, 2->3: 2
epsilon (next episode)       : 0.10024
replay buffer                : 300000 samples [1: 87.8%, 2: 10.0%, 3: 1.9%, 4: 0.3%, 5: 0.0%]
DFA state visits in window   : 1: 68526, 2: 2823, 3: 99, 4: 0, 5: 0
DFA state visits cumulative  : 1: 2796987, 2: 395211, 3: 23081, 4: 1095, 5: 0
DFA state entries in window  : 1: 100, 2: 21, 3: 2, 4: 0, 5: 0
DFA state entries cumulative : 1: 11500, 2: 2512, 3: 310, 4: 11, 5: 0
transitions cumulative       : 1->2: 2512, 2->3: 310, 3->4: 11
accepted directly from s0    : 0
Gym endings cumulative       : terminated=10791, truncated=710

Starting autonomous greedy evaluation at episode 11500 (1000 fixed-seed episodes)...
[Greedy evaluation at episode 11500 | 1000 fixed-seed episodes]
success=0.0%, failure=0.0%, task reward=0.000, length=388.6
DFA transitions: 1->2: 547

[Episode 11600/12000 | last 100]
success rate                : 0.0% (cumulative 0.0%)
failure rate                : 0.0% (cumulative 0.0%)
completed cycles / episode  : 0.000
synthetic task reward       : 0.000
shaping reward              : -7.510
learning reward             : -7.510
episode length              : 687.3
abstract changes / episode  : 28.5
same abstract-state steps   : 95.9%
same-state shaping / episode: 0.000
changed-state shaping / ep. : -7.510
terminal shaping / episode  : -1.773
DFA transitions / episode   : 0.94
DFA transitions in window   : 1->2: 59, 2->3: 34, 3->4: 1
epsilon (next episode)       : 0.09825
replay buffer                : 300000 samples [1: 77.2%, 2: 16.6%, 3: 5.9%, 4: 0.3%, 5: 0.0%]
DFA state visits in window   : 1: 36588, 2: 20304, 3: 11896, 4: 42, 5: 0
DFA state visits cumulative  : 1: 2833575, 2: 415515, 3: 34977, 4: 1137, 5: 0
DFA state entries in window  : 1: 100, 2: 59, 3: 34, 4: 1, 5: 0
DFA state entries cumulative : 1: 11600, 2: 2571, 3: 344, 4: 12, 5: 0
transitions cumulative       : 1->2: 2571, 2->3: 344, 3->4: 12
accepted directly from s0    : 0
Gym endings cumulative       : terminated=10846, truncated=755

[Episode 11700/12000 | last 100]
success rate                : 0.0% (cumulative 0.0%)
failure rate                : 0.0% (cumulative 0.0%)
completed cycles / episode  : 0.000
synthetic task reward       : 0.000
shaping reward              : 1.923
learning reward             : 1.923
episode length              : 421.2
abstract changes / episode  : 24.5
same abstract-state steps   : 94.2%
same-state shaping / episode: 0.000
changed-state shaping / ep. : 1.923
terminal shaping / episode  : -0.914
DFA transitions / episode   : 0.80
DFA transitions in window   : 1->2: 60, 2->3: 17, 3->4: 3
epsilon (next episode)       : 0.09631
replay buffer                : 300000 samples [1: 73.0%, 2: 20.0%, 3: 6.5%, 4: 0.5%, 5: 0.0%]
DFA state visits in window   : 1: 22632, 2: 16354, 3: 2681, 4: 549, 5: 0
DFA state visits cumulative  : 1: 2856207, 2: 431869, 3: 37658, 4: 1686, 5: 0
DFA state entries in window  : 1: 100, 2: 60, 3: 17, 4: 3, 5: 0
DFA state entries cumulative : 1: 11700, 2: 2631, 3: 361, 4: 15, 5: 0
transitions cumulative       : 1->2: 2631, 2->3: 361, 3->4: 15
accepted directly from s0    : 0
Gym endings cumulative       : terminated=10934, truncated=767

[Episode 11800/12000 | last 100]
success rate                : 0.0% (cumulative 0.0%)
failure rate                : 0.0% (cumulative 0.0%)
completed cycles / episode  : 0.000
synthetic task reward       : 0.000
shaping reward              : -3.446
learning reward             : -3.446
episode length              : 171.1
abstract changes / episode  : 10.3
same abstract-state steps   : 93.9%
same-state shaping / episode: 0.000
changed-state shaping / ep. : -3.446
terminal shaping / episode  : -1.791
DFA transitions / episode   : 0.04
DFA transitions in window   : 1->2: 4
epsilon (next episode)       : 0.09440
replay buffer                : 300000 samples [1: 74.0%, 2: 19.4%, 3: 6.2%, 4: 0.4%, 5: 0.0%]
DFA state visits in window   : 1: 17013, 2: 192, 3: 0, 4: 0, 5: 0
DFA state visits cumulative  : 1: 2873220, 2: 432061, 3: 37658, 4: 1686, 5: 0
DFA state entries in window  : 1: 100, 2: 4, 3: 0, 4: 0, 5: 0
DFA state entries cumulative : 1: 11800, 2: 2635, 3: 361, 4: 15, 5: 0
transitions cumulative       : 1->2: 2635, 2->3: 361, 3->4: 15
accepted directly from s0    : 0
Gym endings cumulative       : terminated=11034, truncated=767

[Episode 11900/12000 | last 100]
success rate                : 0.0% (cumulative 0.0%)
failure rate                : 0.0% (cumulative 0.0%)
completed cycles / episode  : 0.000
synthetic task reward       : 0.000
shaping reward              : -26.350
learning reward             : -26.350
episode length              : 364.8
abstract changes / episode  : 12.8
same abstract-state steps   : 96.5%
same-state shaping / episode: 0.000
changed-state shaping / ep. : -26.350
terminal shaping / episode  : -1.728
DFA transitions / episode   : 0.12
DFA transitions in window   : 1->2: 11, 2->3: 1
epsilon (next episode)       : 0.09253
replay buffer                : 300000 samples [1: 76.6%, 2: 18.0%, 3: 5.2%, 4: 0.2%, 5: 0.0%]
DFA state visits in window   : 1: 33132, 2: 2972, 3: 475, 4: 0, 5: 0
DFA state visits cumulative  : 1: 2906352, 2: 435033, 3: 38133, 4: 1686, 5: 0
DFA state entries in window  : 1: 100, 2: 11, 3: 1, 4: 0, 5: 0
DFA state entries cumulative : 1: 11900, 2: 2646, 3: 362, 4: 15, 5: 0
transitions cumulative       : 1->2: 2646, 2->3: 362, 3->4: 15
accepted directly from s0    : 0
Gym endings cumulative       : terminated=11126, truncated=775

[Episode 12000/12000 | last 100]
success rate                : 0.0% (cumulative 0.0%)
failure rate                : 0.0% (cumulative 0.0%)
completed cycles / episode  : 0.000
synthetic task reward       : 0.000
shaping reward              : -323.977
learning reward             : -323.977
episode length              : 320.2
abstract changes / episode  : 16.1
same abstract-state steps   : 95.0%
same-state shaping / episode: 0.000
changed-state shaping / ep. : -323.977
terminal shaping / episode  : -1.729
DFA transitions / episode   : 0.07
DFA transitions in window   : 1->2: 7
epsilon (next episode)       : 0.09070
replay buffer                : 300000 samples [1: 79.4%, 2: 15.4%, 3: 5.1%, 4: 0.2%, 5: 0.0%]
DFA state visits in window   : 1: 30493, 2: 1627, 3: 0, 4: 0, 5: 0
DFA state visits cumulative  : 1: 2936845, 2: 436660, 3: 38133, 4: 1686, 5: 0
DFA state entries in window  : 1: 100, 2: 7, 3: 0, 4: 0, 5: 0
DFA state entries cumulative : 1: 12000, 2: 2653, 3: 362, 4: 15, 5: 0
transitions cumulative       : 1->2: 2653, 2->3: 362, 3->4: 15
accepted directly from s0    : 0
Gym endings cumulative       : terminated=11216, truncated=785

Starting autonomous greedy evaluation at episode 12000 (1000 fixed-seed episodes)...
[Greedy evaluation at episode 12000 | 1000 fixed-seed episodes]
success=0.0%, failure=0.0%, task reward=0.000, length=152.1
DFA transitions: 1->2: 1
Last policy saved after episode 12000. Best greedy evaluation: episode 500, mean task reward=0.000
