
=== NEW RUN ===
episodes=12000, shaping=True, goal_reward=10000.0, gamma=0.99
gamma_shaping=1.0, shaping_formula=gamma_shaping*Phi(next)-Phi(state)
ground_unbiased_learner=False
eval_interval=500, eval_episodes=1000, eval_seed=100000
inter_level_shaping=False, inter_level_formula=gamma*Phi(next)-Phi(state)
task_type=ltlf, task=F(wp1 & X(F(wp2 & X(F(wp3 & X(F(g1)))))))
regions={wp1: {'center': [-0.75, 1.0625], 'radius': 0.1}, wp2: {'center': [0, 0.6875], 'radius': 0.1}, wp3: {'center': [0, 1.0625], 'radius': 0.1}, g1: {'center': [0.75, 1.0625], 'radius': 0.1}}
dfa_states=[1, 2, 3, 4, 5], pre_trace=1, accepting=[5], failure=[]

[Episode 1/12000 | last 1]
success rate                : 0.0% (cumulative 0.0%)
failure rate                : 0.0% (cumulative 0.0%)
completed cycles / episode  : 0.000
synthetic task reward       : 0.000
shaping reward              : -443.237
learning reward             : -443.237
episode length              : 78.0
abstract changes / episode  : 13.0
same abstract-state steps   : 83.3%
same-state shaping / episode: 0.000
changed-state shaping / ep. : -443.237
terminal shaping / episode  : 0.000
DFA transitions / episode   : 0.00
DFA transitions in window   : none
epsilon (next episode)       : 0.99980
replay buffer                : 78 samples [1: 100.0%, 2: 0.0%, 3: 0.0%, 4: 0.0%, 5: 0.0%]
DFA state visits in window   : 1: 79, 2: 0, 3: 0, 4: 0, 5: 0
DFA state visits cumulative  : 1: 79, 2: 0, 3: 0, 4: 0, 5: 0
DFA state entries in window  : 1: 1, 2: 0, 3: 0, 4: 0, 5: 0
DFA state entries cumulative : 1: 1, 2: 0, 3: 0, 4: 0, 5: 0
transitions cumulative       : none
accepted directly from s0    : 0
Gym endings cumulative       : terminated=1, truncated=0

[Episode 100/12000 | last 100]
success rate                : 0.0% (cumulative 0.0%)
failure rate                : 0.0% (cumulative 0.0%)
completed cycles / episode  : 0.000
synthetic task reward       : 0.000
shaping reward              : -408.553
learning reward             : -408.553
episode length              : 102.2
abstract changes / episode  : 13.0
same abstract-state steps   : 87.3%
same-state shaping / episode: 0.000
changed-state shaping / ep. : -408.553
terminal shaping / episode  : -6.985
DFA transitions / episode   : 0.00
DFA transitions in window   : none
epsilon (next episode)       : 0.98020
replay buffer                : 10219 samples [1: 100.0%, 2: 0.0%, 3: 0.0%, 4: 0.0%, 5: 0.0%]
DFA state visits in window   : 1: 10319, 2: 0, 3: 0, 4: 0, 5: 0
DFA state visits cumulative  : 1: 10319, 2: 0, 3: 0, 4: 0, 5: 0
DFA state entries in window  : 1: 100, 2: 0, 3: 0, 4: 0, 5: 0
DFA state entries cumulative : 1: 100, 2: 0, 3: 0, 4: 0, 5: 0
transitions cumulative       : none
accepted directly from s0    : 0
Gym endings cumulative       : terminated=99, truncated=1

[Episode 200/12000 | last 100]
success rate                : 0.0% (cumulative 0.0%)
failure rate                : 0.0% (cumulative 0.0%)
completed cycles / episode  : 0.000
synthetic task reward       : 0.000
shaping reward              : -396.956
learning reward             : -396.956
episode length              : 94.9
abstract changes / episode  : 12.9
same abstract-state steps   : 86.3%
same-state shaping / episode: 0.000
changed-state shaping / ep. : -396.956
terminal shaping / episode  : -2.606
DFA transitions / episode   : 0.00
DFA transitions in window   : none
epsilon (next episode)       : 0.96079
replay buffer                : 19705 samples [1: 100.0%, 2: 0.0%, 3: 0.0%, 4: 0.0%, 5: 0.0%]
DFA state visits in window   : 1: 9586, 2: 0, 3: 0, 4: 0, 5: 0
DFA state visits cumulative  : 1: 19905, 2: 0, 3: 0, 4: 0, 5: 0
DFA state entries in window  : 1: 100, 2: 0, 3: 0, 4: 0, 5: 0
DFA state entries cumulative : 1: 200, 2: 0, 3: 0, 4: 0, 5: 0
transitions cumulative       : none
accepted directly from s0    : 0
Gym endings cumulative       : terminated=199, truncated=1

[Episode 300/12000 | last 100]
success rate                : 0.0% (cumulative 0.0%)
failure rate                : 0.0% (cumulative 0.0%)
completed cycles / episode  : 0.000
synthetic task reward       : 0.000
shaping reward              : -373.808
learning reward             : -373.808
episode length              : 96.0
abstract changes / episode  : 12.7
same abstract-state steps   : 86.7%
same-state shaping / episode: 0.000
changed-state shaping / ep. : -373.808
terminal shaping / episode  : -3.493
DFA transitions / episode   : 0.04
DFA transitions in window   : 1->2: 4
epsilon (next episode)       : 0.94176
replay buffer                : 29300 samples [1: 99.7%, 2: 0.3%, 3: 0.0%, 4: 0.0%, 5: 0.0%]
DFA state visits in window   : 1: 9594, 2: 101, 3: 0, 4: 0, 5: 0
DFA state visits cumulative  : 1: 29499, 2: 101, 3: 0, 4: 0, 5: 0
DFA state entries in window  : 1: 100, 2: 4, 3: 0, 4: 0, 5: 0
DFA state entries cumulative : 1: 300, 2: 4, 3: 0, 4: 0, 5: 0
transitions cumulative       : 1->2: 4
accepted directly from s0    : 0
Gym endings cumulative       : terminated=299, truncated=1

[Episode 400/12000 | last 100]
success rate                : 0.0% (cumulative 0.0%)
failure rate                : 0.0% (cumulative 0.0%)
completed cycles / episode  : 0.000
synthetic task reward       : 0.000
shaping reward              : -357.186
learning reward             : -357.186
episode length              : 102.4
abstract changes / episode  : 12.7
same abstract-state steps   : 87.6%
same-state shaping / episode: 0.000
changed-state shaping / ep. : -357.186
terminal shaping / episode  : -1.737
DFA transitions / episode   : 0.01
DFA transitions in window   : 1->2: 1
epsilon (next episode)       : 0.92311
replay buffer                : 39539 samples [1: 99.7%, 2: 0.3%, 3: 0.0%, 4: 0.0%, 5: 0.0%]
DFA state visits in window   : 1: 10321, 2: 18, 3: 0, 4: 0, 5: 0
DFA state visits cumulative  : 1: 39820, 2: 119, 3: 0, 4: 0, 5: 0
DFA state entries in window  : 1: 100, 2: 1, 3: 0, 4: 0, 5: 0
DFA state entries cumulative : 1: 400, 2: 5, 3: 0, 4: 0, 5: 0
transitions cumulative       : 1->2: 5
accepted directly from s0    : 0
Gym endings cumulative       : terminated=398, truncated=2

[Episode 500/12000 | last 100]
success rate                : 0.0% (cumulative 0.0%)
failure rate                : 0.0% (cumulative 0.0%)
completed cycles / episode  : 0.000
synthetic task reward       : 0.000
shaping reward              : -378.605
learning reward             : -378.605
episode length              : 99.5
abstract changes / episode  : 12.8
same abstract-state steps   : 87.1%
same-state shaping / episode: 0.000
changed-state shaping / ep. : -378.605
terminal shaping / episode  : -2.615
DFA transitions / episode   : 0.02
DFA transitions in window   : 1->2: 2
epsilon (next episode)       : 0.90483
replay buffer                : 49490 samples [1: 99.7%, 2: 0.3%, 3: 0.0%, 4: 0.0%, 5: 0.0%]
DFA state visits in window   : 1: 10013, 2: 38, 3: 0, 4: 0, 5: 0
DFA state visits cumulative  : 1: 49833, 2: 157, 3: 0, 4: 0, 5: 0
DFA state entries in window  : 1: 100, 2: 2, 3: 0, 4: 0, 5: 0
DFA state entries cumulative : 1: 500, 2: 7, 3: 0, 4: 0, 5: 0
transitions cumulative       : 1->2: 7
accepted directly from s0    : 0
Gym endings cumulative       : terminated=498, truncated=2

Starting autonomous greedy evaluation at episode 500 (1000 fixed-seed episodes)...
[Greedy evaluation at episode 500 | 1000 fixed-seed episodes]
success=0.0%, failure=0.0%, task reward=0.000, length=112.3
DFA transitions: 1->2: 7
Best policy updated from autonomous greedy evaluation at episode 500.

[Episode 600/12000 | last 100]
success rate                : 0.0% (cumulative 0.0%)
failure rate                : 0.0% (cumulative 0.0%)
completed cycles / episode  : 0.000
synthetic task reward       : 0.000
shaping reward              : -382.106
learning reward             : -382.106
episode length              : 93.8
abstract changes / episode  : 12.8
same abstract-state steps   : 86.3%
same-state shaping / episode: 0.000
changed-state shaping / ep. : -382.106
terminal shaping / episode  : -1.737
DFA transitions / episode   : 0.00
DFA transitions in window   : none
epsilon (next episode)       : 0.88691
replay buffer                : 58871 samples [1: 99.7%, 2: 0.3%, 3: 0.0%, 4: 0.0%, 5: 0.0%]
DFA state visits in window   : 1: 9481, 2: 0, 3: 0, 4: 0, 5: 0
DFA state visits cumulative  : 1: 59314, 2: 157, 3: 0, 4: 0, 5: 0
DFA state entries in window  : 1: 100, 2: 0, 3: 0, 4: 0, 5: 0
DFA state entries cumulative : 1: 600, 2: 7, 3: 0, 4: 0, 5: 0
transitions cumulative       : 1->2: 7
accepted directly from s0    : 0
Gym endings cumulative       : terminated=598, truncated=2

[Episode 700/12000 | last 100]
success rate                : 0.0% (cumulative 0.0%)
failure rate                : 0.0% (cumulative 0.0%)
completed cycles / episode  : 0.000
synthetic task reward       : 0.000
shaping reward              : -350.918
learning reward             : -350.918
episode length              : 98.1
abstract changes / episode  : 12.8
same abstract-state steps   : 86.9%
same-state shaping / episode: 0.000
changed-state shaping / ep. : -350.918
terminal shaping / episode  : -2.615
DFA transitions / episode   : 0.05
DFA transitions in window   : 1->2: 5
epsilon (next episode)       : 0.86935
replay buffer                : 68678 samples [1: 99.6%, 2: 0.4%, 3: 0.0%, 4: 0.0%, 5: 0.0%]
DFA state visits in window   : 1: 9802, 2: 105, 3: 0, 4: 0, 5: 0
DFA state visits cumulative  : 1: 69116, 2: 262, 3: 0, 4: 0, 5: 0
DFA state entries in window  : 1: 100, 2: 5, 3: 0, 4: 0, 5: 0
DFA state entries cumulative : 1: 700, 2: 12, 3: 0, 4: 0, 5: 0
transitions cumulative       : 1->2: 12
accepted directly from s0    : 0
Gym endings cumulative       : terminated=698, truncated=2

[Episode 800/12000 | last 100]
success rate                : 0.0% (cumulative 0.0%)
failure rate                : 0.0% (cumulative 0.0%)
completed cycles / episode  : 0.000
synthetic task reward       : 0.000
shaping reward              : -353.738
learning reward             : -353.738
episode length              : 99.5
abstract changes / episode  : 12.7
same abstract-state steps   : 87.2%
same-state shaping / episode: 0.000
changed-state shaping / ep. : -353.738
terminal shaping / episode  : -3.493
DFA transitions / episode   : 0.02
DFA transitions in window   : 1->2: 2
epsilon (next episode)       : 0.85213
replay buffer                : 78627 samples [1: 99.6%, 2: 0.4%, 3: 0.0%, 4: 0.0%, 5: 0.0%]
DFA state visits in window   : 1: 10002, 2: 47, 3: 0, 4: 0, 5: 0
DFA state visits cumulative  : 1: 79118, 2: 309, 3: 0, 4: 0, 5: 0
DFA state entries in window  : 1: 100, 2: 2, 3: 0, 4: 0, 5: 0
DFA state entries cumulative : 1: 800, 2: 14, 3: 0, 4: 0, 5: 0
transitions cumulative       : 1->2: 14
accepted directly from s0    : 0
Gym endings cumulative       : terminated=798, truncated=2

[Episode 900/12000 | last 100]
success rate                : 0.0% (cumulative 0.0%)
failure rate                : 0.0% (cumulative 0.0%)
completed cycles / episode  : 0.000
synthetic task reward       : 0.000
shaping reward              : -329.534
learning reward             : -329.534
episode length              : 103.2
abstract changes / episode  : 12.7
same abstract-state steps   : 87.7%
same-state shaping / episode: 0.000
changed-state shaping / ep. : -329.534
terminal shaping / episode  : -4.344
DFA transitions / episode   : 0.05
DFA transitions in window   : 1->2: 5
epsilon (next episode)       : 0.83526
replay buffer                : 88945 samples [1: 99.6%, 2: 0.4%, 3: 0.0%, 4: 0.0%, 5: 0.0%]
DFA state visits in window   : 1: 10311, 2: 107, 3: 0, 4: 0, 5: 0
DFA state visits cumulative  : 1: 89429, 2: 416, 3: 0, 4: 0, 5: 0
DFA state entries in window  : 1: 100, 2: 5, 3: 0, 4: 0, 5: 0
DFA state entries cumulative : 1: 900, 2: 19, 3: 0, 4: 0, 5: 0
transitions cumulative       : 1->2: 19
accepted directly from s0    : 0
Gym endings cumulative       : terminated=898, truncated=2

[Episode 1000/12000 | last 100]
success rate                : 0.0% (cumulative 0.0%)
failure rate                : 0.0% (cumulative 0.0%)
completed cycles / episode  : 0.000
synthetic task reward       : 0.000
shaping reward              : -335.757
learning reward             : -335.757
episode length              : 115.3
abstract changes / episode  : 12.5
same abstract-state steps   : 89.2%
same-state shaping / episode: 0.000
changed-state shaping / ep. : -335.757
terminal shaping / episode  : -1.738
DFA transitions / episode   : 0.04
DFA transitions in window   : 1->2: 4
epsilon (next episode)       : 0.81871
replay buffer                : 100473 samples [1: 99.5%, 2: 0.5%, 3: 0.0%, 4: 0.0%, 5: 0.0%]
DFA state visits in window   : 1: 11529, 2: 99, 3: 0, 4: 0, 5: 0
DFA state visits cumulative  : 1: 100958, 2: 515, 3: 0, 4: 0, 5: 0
DFA state entries in window  : 1: 100, 2: 4, 3: 0, 4: 0, 5: 0
DFA state entries cumulative : 1: 1000, 2: 23, 3: 0, 4: 0, 5: 0
transitions cumulative       : 1->2: 23
accepted directly from s0    : 0
Gym endings cumulative       : terminated=997, truncated=3

Starting autonomous greedy evaluation at episode 1000 (1000 fixed-seed episodes)...
[Greedy evaluation at episode 1000 | 1000 fixed-seed episodes]
success=0.0%, failure=0.0%, task reward=0.000, length=116.9
DFA transitions: none

[Episode 1100/12000 | last 100]
success rate                : 0.0% (cumulative 0.0%)
failure rate                : 0.0% (cumulative 0.0%)
completed cycles / episode  : 0.000
synthetic task reward       : 0.000
shaping reward              : -354.606
learning reward             : -354.606
episode length              : 105.9
abstract changes / episode  : 12.4
same abstract-state steps   : 88.3%
same-state shaping / episode: 0.000
changed-state shaping / ep. : -354.606
terminal shaping / episode  : -0.878
DFA transitions / episode   : 0.03
DFA transitions in window   : 1->2: 3
epsilon (next episode)       : 0.80250
replay buffer                : 111067 samples [1: 99.5%, 2: 0.5%, 3: 0.0%, 4: 0.0%, 5: 0.0%]
DFA state visits in window   : 1: 10621, 2: 73, 3: 0, 4: 0, 5: 0
DFA state visits cumulative  : 1: 111579, 2: 588, 3: 0, 4: 0, 5: 0
DFA state entries in window  : 1: 100, 2: 3, 3: 0, 4: 0, 5: 0
DFA state entries cumulative : 1: 1100, 2: 26, 3: 0, 4: 0, 5: 0
transitions cumulative       : 1->2: 26
accepted directly from s0    : 0
Gym endings cumulative       : terminated=1097, truncated=3

[Episode 1200/12000 | last 100]
success rate                : 0.0% (cumulative 0.0%)
failure rate                : 0.0% (cumulative 0.0%)
completed cycles / episode  : 0.000
synthetic task reward       : 0.000
shaping reward              : -391.114
learning reward             : -391.114
episode length              : 109.7
abstract changes / episode  : 12.9
same abstract-state steps   : 88.3%
same-state shaping / episode: 0.000
changed-state shaping / ep. : -391.114
terminal shaping / episode  : -2.650
DFA transitions / episode   : 0.00
DFA transitions in window   : none
epsilon (next episode)       : 0.78661
replay buffer                : 122035 samples [1: 99.5%, 2: 0.5%, 3: 0.0%, 4: 0.0%, 5: 0.0%]
DFA state visits in window   : 1: 11068, 2: 0, 3: 0, 4: 0, 5: 0
DFA state visits cumulative  : 1: 122647, 2: 588, 3: 0, 4: 0, 5: 0
DFA state entries in window  : 1: 100, 2: 0, 3: 0, 4: 0, 5: 0
DFA state entries cumulative : 1: 1200, 2: 26, 3: 0, 4: 0, 5: 0
transitions cumulative       : 1->2: 26
accepted directly from s0    : 0
Gym endings cumulative       : terminated=1197, truncated=3

[Episode 1300/12000 | last 100]
success rate                : 0.0% (cumulative 0.0%)
failure rate                : 0.0% (cumulative 0.0%)
completed cycles / episode  : 0.000
synthetic task reward       : 0.000
shaping reward              : -394.438
learning reward             : -394.438
episode length              : 106.8
abstract changes / episode  : 12.8
same abstract-state steps   : 88.0%
same-state shaping / episode: 0.000
changed-state shaping / ep. : -394.438
terminal shaping / episode  : 0.000
DFA transitions / episode   : 0.00
DFA transitions in window   : none
epsilon (next episode)       : 0.77103
replay buffer                : 132714 samples [1: 99.6%, 2: 0.4%, 3: 0.0%, 4: 0.0%, 5: 0.0%]
DFA state visits in window   : 1: 10779, 2: 0, 3: 0, 4: 0, 5: 0
DFA state visits cumulative  : 1: 133426, 2: 588, 3: 0, 4: 0, 5: 0
DFA state entries in window  : 1: 100, 2: 0, 3: 0, 4: 0, 5: 0
DFA state entries cumulative : 1: 1300, 2: 26, 3: 0, 4: 0, 5: 0
transitions cumulative       : 1->2: 26
accepted directly from s0    : 0
Gym endings cumulative       : terminated=1297, truncated=3

[Episode 1400/12000 | last 100]
success rate                : 0.0% (cumulative 0.0%)
failure rate                : 0.0% (cumulative 0.0%)
completed cycles / episode  : 0.000
synthetic task reward       : 0.000
shaping reward              : -382.033
learning reward             : -382.033
episode length              : 109.1
abstract changes / episode  : 12.4
same abstract-state steps   : 88.6%
same-state shaping / episode: 0.000
changed-state shaping / ep. : -382.033
terminal shaping / episode  : 0.000
DFA transitions / episode   : 0.01
DFA transitions in window   : 1->2: 1
epsilon (next episode)       : 0.75576
replay buffer                : 143628 samples [1: 99.6%, 2: 0.4%, 3: 0.0%, 4: 0.0%, 5: 0.0%]
DFA state visits in window   : 1: 10982, 2: 32, 3: 0, 4: 0, 5: 0
DFA state visits cumulative  : 1: 144408, 2: 620, 3: 0, 4: 0, 5: 0
DFA state entries in window  : 1: 100, 2: 1, 3: 0, 4: 0, 5: 0
DFA state entries cumulative : 1: 1400, 2: 27, 3: 0, 4: 0, 5: 0
transitions cumulative       : 1->2: 27
accepted directly from s0    : 0
Gym endings cumulative       : terminated=1396, truncated=4

[Episode 1500/12000 | last 100]
success rate                : 0.0% (cumulative 0.0%)
failure rate                : 0.0% (cumulative 0.0%)
completed cycles / episode  : 0.000
synthetic task reward       : 0.000
shaping reward              : -395.412
learning reward             : -395.412
episode length              : 95.5
abstract changes / episode  : 12.4
same abstract-state steps   : 87.0%
same-state shaping / episode: 0.000
changed-state shaping / ep. : -395.412
terminal shaping / episode  : -0.869
DFA transitions / episode   : 0.00
DFA transitions in window   : none
epsilon (next episode)       : 0.74080
replay buffer                : 153178 samples [1: 99.6%, 2: 0.4%, 3: 0.0%, 4: 0.0%, 5: 0.0%]
DFA state visits in window   : 1: 9650, 2: 0, 3: 0, 4: 0, 5: 0
DFA state visits cumulative  : 1: 154058, 2: 620, 3: 0, 4: 0, 5: 0
DFA state entries in window  : 1: 100, 2: 0, 3: 0, 4: 0, 5: 0
DFA state entries cumulative : 1: 1500, 2: 27, 3: 0, 4: 0, 5: 0
transitions cumulative       : 1->2: 27
accepted directly from s0    : 0
Gym endings cumulative       : terminated=1496, truncated=4

Starting autonomous greedy evaluation at episode 1500 (1000 fixed-seed episodes)...
[Greedy evaluation at episode 1500 | 1000 fixed-seed episodes]
success=0.0%, failure=0.0%, task reward=0.000, length=339.8
DFA transitions: 1->2: 142

[Episode 1600/12000 | last 100]
success rate                : 0.0% (cumulative 0.0%)
failure rate                : 0.0% (cumulative 0.0%)
completed cycles / episode  : 0.000
synthetic task reward       : 0.000
shaping reward              : -398.188
learning reward             : -398.188
episode length              : 96.6
abstract changes / episode  : 12.4
same abstract-state steps   : 87.2%
same-state shaping / episode: 0.000
changed-state shaping / ep. : -398.188
terminal shaping / episode  : -4.344
DFA transitions / episode   : 0.00
DFA transitions in window   : none
epsilon (next episode)       : 0.72613
replay buffer                : 162841 samples [1: 99.6%, 2: 0.4%, 3: 0.0%, 4: 0.0%, 5: 0.0%]
DFA state visits in window   : 1: 9763, 2: 0, 3: 0, 4: 0, 5: 0
DFA state visits cumulative  : 1: 163821, 2: 620, 3: 0, 4: 0, 5: 0
DFA state entries in window  : 1: 100, 2: 0, 3: 0, 4: 0, 5: 0
DFA state entries cumulative : 1: 1600, 2: 27, 3: 0, 4: 0, 5: 0
transitions cumulative       : 1->2: 27
accepted directly from s0    : 0
Gym endings cumulative       : terminated=1596, truncated=4

[Episode 1700/12000 | last 100]
success rate                : 0.0% (cumulative 0.0%)
failure rate                : 0.0% (cumulative 0.0%)
completed cycles / episode  : 0.000
synthetic task reward       : 0.000
shaping reward              : -392.619
learning reward             : -392.619
episode length              : 96.0
abstract changes / episode  : 12.3
same abstract-state steps   : 87.2%
same-state shaping / episode: 0.000
changed-state shaping / ep. : -392.619
terminal shaping / episode  : -0.869
DFA transitions / episode   : 0.00
DFA transitions in window   : none
epsilon (next episode)       : 0.71175
replay buffer                : 172442 samples [1: 99.7%, 2: 0.3%, 3: 0.0%, 4: 0.0%, 5: 0.0%]
DFA state visits in window   : 1: 9701, 2: 0, 3: 0, 4: 0, 5: 0
DFA state visits cumulative  : 1: 173522, 2: 620, 3: 0, 4: 0, 5: 0
DFA state entries in window  : 1: 100, 2: 0, 3: 0, 4: 0, 5: 0
DFA state entries cumulative : 1: 1700, 2: 27, 3: 0, 4: 0, 5: 0
transitions cumulative       : 1->2: 27
accepted directly from s0    : 0
Gym endings cumulative       : terminated=1696, truncated=4

[Episode 1800/12000 | last 100]
success rate                : 0.0% (cumulative 0.0%)
failure rate                : 0.0% (cumulative 0.0%)
completed cycles / episode  : 0.000
synthetic task reward       : 0.000
shaping reward              : -401.627
learning reward             : -401.627
episode length              : 97.0
abstract changes / episode  : 12.4
same abstract-state steps   : 87.2%
same-state shaping / episode: 0.000
changed-state shaping / ep. : -401.627
terminal shaping / episode  : -1.737
DFA transitions / episode   : 0.00
DFA transitions in window   : none
epsilon (next episode)       : 0.69765
replay buffer                : 182138 samples [1: 99.7%, 2: 0.3%, 3: 0.0%, 4: 0.0%, 5: 0.0%]
DFA state visits in window   : 1: 9796, 2: 0, 3: 0, 4: 0, 5: 0
DFA state visits cumulative  : 1: 183318, 2: 620, 3: 0, 4: 0, 5: 0
DFA state entries in window  : 1: 100, 2: 0, 3: 0, 4: 0, 5: 0
DFA state entries cumulative : 1: 1800, 2: 27, 3: 0, 4: 0, 5: 0
transitions cumulative       : 1->2: 27
accepted directly from s0    : 0
Gym endings cumulative       : terminated=1796, truncated=4

[Episode 1900/12000 | last 100]
success rate                : 0.0% (cumulative 0.0%)
failure rate                : 0.0% (cumulative 0.0%)
completed cycles / episode  : 0.000
synthetic task reward       : 0.000
shaping reward              : -394.330
learning reward             : -394.330
episode length              : 101.0
abstract changes / episode  : 12.6
same abstract-state steps   : 87.5%
same-state shaping / episode: 0.000
changed-state shaping / ep. : -394.330
terminal shaping / episode  : -0.869
DFA transitions / episode   : 0.00
DFA transitions in window   : none
epsilon (next episode)       : 0.68384
replay buffer                : 192240 samples [1: 99.7%, 2: 0.3%, 3: 0.0%, 4: 0.0%, 5: 0.0%]
DFA state visits in window   : 1: 10202, 2: 0, 3: 0, 4: 0, 5: 0
DFA state visits cumulative  : 1: 193520, 2: 620, 3: 0, 4: 0, 5: 0
DFA state entries in window  : 1: 100, 2: 0, 3: 0, 4: 0, 5: 0
DFA state entries cumulative : 1: 1900, 2: 27, 3: 0, 4: 0, 5: 0
transitions cumulative       : 1->2: 27
accepted directly from s0    : 0
Gym endings cumulative       : terminated=1896, truncated=4

[Episode 2000/12000 | last 100]
success rate                : 0.0% (cumulative 0.0%)
failure rate                : 0.0% (cumulative 0.0%)
completed cycles / episode  : 0.000
synthetic task reward       : 0.000
shaping reward              : -406.574
learning reward             : -406.574
episode length              : 99.0
abstract changes / episode  : 12.5
same abstract-state steps   : 87.3%
same-state shaping / episode: 0.000
changed-state shaping / ep. : -406.574
terminal shaping / episode  : -0.869
DFA transitions / episode   : 0.00
DFA transitions in window   : none
epsilon (next episode)       : 0.67029
replay buffer                : 202141 samples [1: 99.7%, 2: 0.3%, 3: 0.0%, 4: 0.0%, 5: 0.0%]
DFA state visits in window   : 1: 10001, 2: 0, 3: 0, 4: 0, 5: 0
DFA state visits cumulative  : 1: 203521, 2: 620, 3: 0, 4: 0, 5: 0
DFA state entries in window  : 1: 100, 2: 0, 3: 0, 4: 0, 5: 0
DFA state entries cumulative : 1: 2000, 2: 27, 3: 0, 4: 0, 5: 0
transitions cumulative       : 1->2: 27
accepted directly from s0    : 0
Gym endings cumulative       : terminated=1996, truncated=4

Starting autonomous greedy evaluation at episode 2000 (1000 fixed-seed episodes)...
[Greedy evaluation at episode 2000 | 1000 fixed-seed episodes]
success=0.0%, failure=0.0%, task reward=0.000, length=751.6
DFA transitions: none

[Episode 2100/12000 | last 100]
success rate                : 0.0% (cumulative 0.0%)
failure rate                : 0.0% (cumulative 0.0%)
completed cycles / episode  : 0.000
synthetic task reward       : 0.000
shaping reward              : -397.796
learning reward             : -397.796
episode length              : 92.4
abstract changes / episode  : 12.6
same abstract-state steps   : 86.3%
same-state shaping / episode: 0.000
changed-state shaping / ep. : -397.796
terminal shaping / episode  : -0.869
DFA transitions / episode   : 0.00
DFA transitions in window   : none
epsilon (next episode)       : 0.65702
replay buffer                : 211377 samples [1: 99.7%, 2: 0.3%, 3: 0.0%, 4: 0.0%, 5: 0.0%]
DFA state visits in window   : 1: 9336, 2: 0, 3: 0, 4: 0, 5: 0
DFA state visits cumulative  : 1: 212857, 2: 620, 3: 0, 4: 0, 5: 0
DFA state entries in window  : 1: 100, 2: 0, 3: 0, 4: 0, 5: 0
DFA state entries cumulative : 1: 2100, 2: 27, 3: 0, 4: 0, 5: 0
transitions cumulative       : 1->2: 27
accepted directly from s0    : 0
Gym endings cumulative       : terminated=2096, truncated=4

[Episode 2200/12000 | last 100]
success rate                : 0.0% (cumulative 0.0%)
failure rate                : 0.0% (cumulative 0.0%)
completed cycles / episode  : 0.000
synthetic task reward       : 0.000
shaping reward              : -404.181
learning reward             : -404.181
episode length              : 92.6
abstract changes / episode  : 12.5
same abstract-state steps   : 86.5%
same-state shaping / episode: 0.000
changed-state shaping / ep. : -404.181
terminal shaping / episode  : -3.475
DFA transitions / episode   : 0.00
DFA transitions in window   : none
epsilon (next episode)       : 0.64401
replay buffer                : 220637 samples [1: 99.7%, 2: 0.3%, 3: 0.0%, 4: 0.0%, 5: 0.0%]
DFA state visits in window   : 1: 9360, 2: 0, 3: 0, 4: 0, 5: 0
DFA state visits cumulative  : 1: 222217, 2: 620, 3: 0, 4: 0, 5: 0
DFA state entries in window  : 1: 100, 2: 0, 3: 0, 4: 0, 5: 0
DFA state entries cumulative : 1: 2200, 2: 27, 3: 0, 4: 0, 5: 0
transitions cumulative       : 1->2: 27
accepted directly from s0    : 0
Gym endings cumulative       : terminated=2196, truncated=4

[Episode 2300/12000 | last 100]
success rate                : 0.0% (cumulative 0.0%)
failure rate                : 0.0% (cumulative 0.0%)
completed cycles / episode  : 0.000
synthetic task reward       : 0.000
shaping reward              : -407.772
learning reward             : -407.772
episode length              : 111.5
abstract changes / episode  : 12.4
same abstract-state steps   : 88.9%
same-state shaping / episode: 0.000
changed-state shaping / ep. : -407.772
terminal shaping / episode  : 0.000
DFA transitions / episode   : 0.00
DFA transitions in window   : none
epsilon (next episode)       : 0.63125
replay buffer                : 231792 samples [1: 99.7%, 2: 0.3%, 3: 0.0%, 4: 0.0%, 5: 0.0%]
DFA state visits in window   : 1: 11255, 2: 0, 3: 0, 4: 0, 5: 0
DFA state visits cumulative  : 1: 233472, 2: 620, 3: 0, 4: 0, 5: 0
DFA state entries in window  : 1: 100, 2: 0, 3: 0, 4: 0, 5: 0
DFA state entries cumulative : 1: 2300, 2: 27, 3: 0, 4: 0, 5: 0
transitions cumulative       : 1->2: 27
accepted directly from s0    : 0
Gym endings cumulative       : terminated=2294, truncated=6

[Episode 2400/12000 | last 100]
success rate                : 0.0% (cumulative 0.0%)
failure rate                : 0.0% (cumulative 0.0%)
completed cycles / episode  : 0.000
synthetic task reward       : 0.000
shaping reward              : -398.843
learning reward             : -398.843
episode length              : 104.5
abstract changes / episode  : 12.4
same abstract-state steps   : 88.1%
same-state shaping / episode: 0.000
changed-state shaping / ep. : -398.843
terminal shaping / episode  : -0.869
DFA transitions / episode   : 0.00
DFA transitions in window   : none
epsilon (next episode)       : 0.61875
replay buffer                : 242242 samples [1: 99.8%, 2: 0.2%, 3: 0.0%, 4: 0.0%, 5: 0.0%]
DFA state visits in window   : 1: 10550, 2: 0, 3: 0, 4: 0, 5: 0
DFA state visits cumulative  : 1: 244022, 2: 620, 3: 0, 4: 0, 5: 0
DFA state entries in window  : 1: 100, 2: 0, 3: 0, 4: 0, 5: 0
DFA state entries cumulative : 1: 2400, 2: 27, 3: 0, 4: 0, 5: 0
transitions cumulative       : 1->2: 27
accepted directly from s0    : 0
Gym endings cumulative       : terminated=2393, truncated=7

[Episode 2500/12000 | last 100]
success rate                : 0.0% (cumulative 0.0%)
failure rate                : 0.0% (cumulative 0.0%)
completed cycles / episode  : 0.000
synthetic task reward       : 0.000
shaping reward              : -393.603
learning reward             : -393.603
episode length              : 110.9
abstract changes / episode  : 12.4
same abstract-state steps   : 88.8%
same-state shaping / episode: 0.000
changed-state shaping / ep. : -393.603
terminal shaping / episode  : 0.000
DFA transitions / episode   : 0.00
DFA transitions in window   : none
epsilon (next episode)       : 0.60650
replay buffer                : 253332 samples [1: 99.8%, 2: 0.2%, 3: 0.0%, 4: 0.0%, 5: 0.0%]
DFA state visits in window   : 1: 11190, 2: 0, 3: 0, 4: 0, 5: 0
DFA state visits cumulative  : 1: 255212, 2: 620, 3: 0, 4: 0, 5: 0
DFA state entries in window  : 1: 100, 2: 0, 3: 0, 4: 0, 5: 0
DFA state entries cumulative : 1: 2500, 2: 27, 3: 0, 4: 0, 5: 0
transitions cumulative       : 1->2: 27
accepted directly from s0    : 0
Gym endings cumulative       : terminated=2492, truncated=8

Starting autonomous greedy evaluation at episode 2500 (1000 fixed-seed episodes)...
[Greedy evaluation at episode 2500 | 1000 fixed-seed episodes]
success=0.0%, failure=0.0%, task reward=0.000, length=972.6
DFA transitions: none

[Episode 2600/12000 | last 100]
success rate                : 0.0% (cumulative 0.0%)
failure rate                : 0.0% (cumulative 0.0%)
completed cycles / episode  : 0.000
synthetic task reward       : 0.000
shaping reward              : -389.870
learning reward             : -389.870
episode length              : 101.0
abstract changes / episode  : 12.1
same abstract-state steps   : 88.0%
same-state shaping / episode: 0.000
changed-state shaping / ep. : -389.870
terminal shaping / episode  : -0.869
DFA transitions / episode   : 0.00
DFA transitions in window   : none
epsilon (next episode)       : 0.59449
replay buffer                : 263428 samples [1: 99.8%, 2: 0.2%, 3: 0.0%, 4: 0.0%, 5: 0.0%]
DFA state visits in window   : 1: 10196, 2: 0, 3: 0, 4: 0, 5: 0
DFA state visits cumulative  : 1: 265408, 2: 620, 3: 0, 4: 0, 5: 0
DFA state entries in window  : 1: 100, 2: 0, 3: 0, 4: 0, 5: 0
DFA state entries cumulative : 1: 2600, 2: 27, 3: 0, 4: 0, 5: 0
transitions cumulative       : 1->2: 27
accepted directly from s0    : 0
Gym endings cumulative       : terminated=2592, truncated=8

[Episode 2700/12000 | last 100]
success rate                : 0.0% (cumulative 0.0%)
failure rate                : 0.0% (cumulative 0.0%)
completed cycles / episode  : 0.000
synthetic task reward       : 0.000
shaping reward              : -399.863
learning reward             : -399.863
episode length              : 116.0
abstract changes / episode  : 12.1
same abstract-state steps   : 89.5%
same-state shaping / episode: 0.000
changed-state shaping / ep. : -399.863
terminal shaping / episode  : -0.869
DFA transitions / episode   : 0.00
DFA transitions in window   : none
epsilon (next episode)       : 0.58272
replay buffer                : 275023 samples [1: 99.8%, 2: 0.2%, 3: 0.0%, 4: 0.0%, 5: 0.0%]
DFA state visits in window   : 1: 11695, 2: 0, 3: 0, 4: 0, 5: 0
DFA state visits cumulative  : 1: 277103, 2: 620, 3: 0, 4: 0, 5: 0
DFA state entries in window  : 1: 100, 2: 0, 3: 0, 4: 0, 5: 0
DFA state entries cumulative : 1: 2700, 2: 27, 3: 0, 4: 0, 5: 0
transitions cumulative       : 1->2: 27
accepted directly from s0    : 0
Gym endings cumulative       : terminated=2690, truncated=10

[Episode 2800/12000 | last 100]
success rate                : 0.0% (cumulative 0.0%)
failure rate                : 0.0% (cumulative 0.0%)
completed cycles / episode  : 0.000
synthetic task reward       : 0.000
shaping reward              : -397.185
learning reward             : -397.185
episode length              : 113.8
abstract changes / episode  : 12.3
same abstract-state steps   : 89.2%
same-state shaping / episode: 0.000
changed-state shaping / ep. : -397.185
terminal shaping / episode  : -0.869
DFA transitions / episode   : 0.00
DFA transitions in window   : none
epsilon (next episode)       : 0.57118
replay buffer                : 286401 samples [1: 99.8%, 2: 0.2%, 3: 0.0%, 4: 0.0%, 5: 0.0%]
DFA state visits in window   : 1: 11478, 2: 0, 3: 0, 4: 0, 5: 0
DFA state visits cumulative  : 1: 288581, 2: 620, 3: 0, 4: 0, 5: 0
DFA state entries in window  : 1: 100, 2: 0, 3: 0, 4: 0, 5: 0
DFA state entries cumulative : 1: 2800, 2: 27, 3: 0, 4: 0, 5: 0
transitions cumulative       : 1->2: 27
accepted directly from s0    : 0
Gym endings cumulative       : terminated=2789, truncated=11

[Episode 2900/12000 | last 100]
success rate                : 0.0% (cumulative 0.0%)
failure rate                : 0.0% (cumulative 0.0%)
completed cycles / episode  : 0.000
synthetic task reward       : 0.000
shaping reward              : -391.723
learning reward             : -391.723
episode length              : 122.4
abstract changes / episode  : 12.3
same abstract-state steps   : 89.9%
same-state shaping / episode: 0.000
changed-state shaping / ep. : -391.723
terminal shaping / episode  : 0.000
DFA transitions / episode   : 0.00
DFA transitions in window   : none
epsilon (next episode)       : 0.55987
replay buffer                : 298637 samples [1: 99.8%, 2: 0.2%, 3: 0.0%, 4: 0.0%, 5: 0.0%]
DFA state visits in window   : 1: 12336, 2: 0, 3: 0, 4: 0, 5: 0
DFA state visits cumulative  : 1: 300917, 2: 620, 3: 0, 4: 0, 5: 0
DFA state entries in window  : 1: 100, 2: 0, 3: 0, 4: 0, 5: 0
DFA state entries cumulative : 1: 2900, 2: 27, 3: 0, 4: 0, 5: 0
transitions cumulative       : 1->2: 27
accepted directly from s0    : 0
Gym endings cumulative       : terminated=2887, truncated=13

[Episode 3000/12000 | last 100]
success rate                : 0.0% (cumulative 0.0%)
failure rate                : 0.0% (cumulative 0.0%)
completed cycles / episode  : 0.000
synthetic task reward       : 0.000
shaping reward              : -396.316
learning reward             : -396.316
episode length              : 119.3
abstract changes / episode  : 12.3
same abstract-state steps   : 89.7%
same-state shaping / episode: 0.000
changed-state shaping / ep. : -396.316
terminal shaping / episode  : 0.000
DFA transitions / episode   : 0.00
DFA transitions in window   : none
epsilon (next episode)       : 0.54878
replay buffer                : 300000 samples [1: 99.8%, 2: 0.2%, 3: 0.0%, 4: 0.0%, 5: 0.0%]
DFA state visits in window   : 1: 12028, 2: 0, 3: 0, 4: 0, 5: 0
DFA state visits cumulative  : 1: 312945, 2: 620, 3: 0, 4: 0, 5: 0
DFA state entries in window  : 1: 100, 2: 0, 3: 0, 4: 0, 5: 0
DFA state entries cumulative : 1: 3000, 2: 27, 3: 0, 4: 0, 5: 0
transitions cumulative       : 1->2: 27
accepted directly from s0    : 0
Gym endings cumulative       : terminated=2985, truncated=15

Starting autonomous greedy evaluation at episode 3000 (1000 fixed-seed episodes)...
[Greedy evaluation at episode 3000 | 1000 fixed-seed episodes]
success=0.0%, failure=0.0%, task reward=0.000, length=638.8
DFA transitions: 1->2: 2

[Episode 3100/12000 | last 100]
success rate                : 0.0% (cumulative 0.0%)
failure rate                : 0.0% (cumulative 0.0%)
completed cycles / episode  : 0.000
synthetic task reward       : 0.000
shaping reward              : -394.579
learning reward             : -394.579
episode length              : 125.0
abstract changes / episode  : 12.6
same abstract-state steps   : 89.9%
same-state shaping / episode: 0.000
changed-state shaping / ep. : -394.579
terminal shaping / episode  : -0.869
DFA transitions / episode   : 0.00
DFA transitions in window   : none
epsilon (next episode)       : 0.53791
replay buffer                : 300000 samples [1: 99.8%, 2: 0.2%, 3: 0.0%, 4: 0.0%, 5: 0.0%]
DFA state visits in window   : 1: 12601, 2: 0, 3: 0, 4: 0, 5: 0
DFA state visits cumulative  : 1: 325546, 2: 620, 3: 0, 4: 0, 5: 0
DFA state entries in window  : 1: 100, 2: 0, 3: 0, 4: 0, 5: 0
DFA state entries cumulative : 1: 3100, 2: 27, 3: 0, 4: 0, 5: 0
transitions cumulative       : 1->2: 27
accepted directly from s0    : 0
Gym endings cumulative       : terminated=3083, truncated=17

[Episode 3200/12000 | last 100]
success rate                : 0.0% (cumulative 0.0%)
failure rate                : 0.0% (cumulative 0.0%)
completed cycles / episode  : 0.000
synthetic task reward       : 0.000
shaping reward              : -385.447
learning reward             : -385.447
episode length              : 156.8
abstract changes / episode  : 13.2
same abstract-state steps   : 91.6%
same-state shaping / episode: 0.000
changed-state shaping / ep. : -385.447
terminal shaping / episode  : -0.869
DFA transitions / episode   : 0.00
DFA transitions in window   : none
epsilon (next episode)       : 0.52726
replay buffer                : 300000 samples [1: 99.8%, 2: 0.2%, 3: 0.0%, 4: 0.0%, 5: 0.0%]
DFA state visits in window   : 1: 15776, 2: 0, 3: 0, 4: 0, 5: 0
DFA state visits cumulative  : 1: 341322, 2: 620, 3: 0, 4: 0, 5: 0
DFA state entries in window  : 1: 100, 2: 0, 3: 0, 4: 0, 5: 0
DFA state entries cumulative : 1: 3200, 2: 27, 3: 0, 4: 0, 5: 0
transitions cumulative       : 1->2: 27
accepted directly from s0    : 0
Gym endings cumulative       : terminated=3178, truncated=22

[Episode 3300/12000 | last 100]
success rate                : 0.0% (cumulative 0.0%)
failure rate                : 0.0% (cumulative 0.0%)
completed cycles / episode  : 0.000
synthetic task reward       : 0.000
shaping reward              : -353.907
learning reward             : -353.907
episode length              : 121.8
abstract changes / episode  : 12.6
same abstract-state steps   : 89.6%
same-state shaping / episode: 0.000
changed-state shaping / ep. : -353.907
terminal shaping / episode  : -0.869
DFA transitions / episode   : 0.02
DFA transitions in window   : 1->2: 2
epsilon (next episode)       : 0.51682
replay buffer                : 300000 samples [1: 99.8%, 2: 0.2%, 3: 0.0%, 4: 0.0%, 5: 0.0%]
DFA state visits in window   : 1: 12228, 2: 55, 3: 0, 4: 0, 5: 0
DFA state visits cumulative  : 1: 353550, 2: 675, 3: 0, 4: 0, 5: 0
DFA state entries in window  : 1: 100, 2: 2, 3: 0, 4: 0, 5: 0
DFA state entries cumulative : 1: 3300, 2: 29, 3: 0, 4: 0, 5: 0
transitions cumulative       : 1->2: 29
accepted directly from s0    : 0
Gym endings cumulative       : terminated=3277, truncated=23

[Episode 3400/12000 | last 100]
success rate                : 0.0% (cumulative 0.0%)
failure rate                : 0.0% (cumulative 0.0%)
completed cycles / episode  : 0.000
synthetic task reward       : 0.000
shaping reward              : -347.215
learning reward             : -347.215
episode length              : 155.7
abstract changes / episode  : 12.8
same abstract-state steps   : 91.8%
same-state shaping / episode: 0.000
changed-state shaping / ep. : -347.215
terminal shaping / episode  : -3.466
DFA transitions / episode   : 0.01
DFA transitions in window   : 1->2: 1
epsilon (next episode)       : 0.50658
replay buffer                : 300000 samples [1: 99.9%, 2: 0.1%, 3: 0.0%, 4: 0.0%, 5: 0.0%]
DFA state visits in window   : 1: 15645, 2: 26, 3: 0, 4: 0, 5: 0
DFA state visits cumulative  : 1: 369195, 2: 701, 3: 0, 4: 0, 5: 0
DFA state entries in window  : 1: 100, 2: 1, 3: 0, 4: 0, 5: 0
DFA state entries cumulative : 1: 3400, 2: 30, 3: 0, 4: 0, 5: 0
transitions cumulative       : 1->2: 30
accepted directly from s0    : 0
Gym endings cumulative       : terminated=3373, truncated=27

[Episode 3500/12000 | last 100]
success rate                : 0.0% (cumulative 0.0%)
failure rate                : 0.0% (cumulative 0.0%)
completed cycles / episode  : 0.000
synthetic task reward       : 0.000
shaping reward              : -248.016
learning reward             : -248.016
episode length              : 152.8
abstract changes / episode  : 11.7
same abstract-state steps   : 92.3%
same-state shaping / episode: 0.000
changed-state shaping / ep. : -248.016
terminal shaping / episode  : -2.606
DFA transitions / episode   : 0.02
DFA transitions in window   : 1->2: 2
epsilon (next episode)       : 0.49655
replay buffer                : 300000 samples [1: 99.9%, 2: 0.1%, 3: 0.0%, 4: 0.0%, 5: 0.0%]
DFA state visits in window   : 1: 15331, 2: 48, 3: 0, 4: 0, 5: 0
DFA state visits cumulative  : 1: 384526, 2: 749, 3: 0, 4: 0, 5: 0
DFA state entries in window  : 1: 100, 2: 2, 3: 0, 4: 0, 5: 0
DFA state entries cumulative : 1: 3500, 2: 32, 3: 0, 4: 0, 5: 0
transitions cumulative       : 1->2: 32
accepted directly from s0    : 0
Gym endings cumulative       : terminated=3473, truncated=27

Starting autonomous greedy evaluation at episode 3500 (1000 fixed-seed episodes)...
[Greedy evaluation at episode 3500 | 1000 fixed-seed episodes]
success=0.0%, failure=0.0%, task reward=0.000, length=218.8
DFA transitions: 1->2: 8

[Episode 3600/12000 | last 100]
success rate                : 0.0% (cumulative 0.0%)
failure rate                : 0.0% (cumulative 0.0%)
completed cycles / episode  : 0.000
synthetic task reward       : 0.000
shaping reward              : -230.305
learning reward             : -230.305
episode length              : 222.1
abstract changes / episode  : 14.0
same abstract-state steps   : 93.7%
same-state shaping / episode: 0.000
changed-state shaping / ep. : -230.305
terminal shaping / episode  : -0.878
DFA transitions / episode   : 0.06
DFA transitions in window   : 1->2: 6
epsilon (next episode)       : 0.48672
replay buffer                : 300000 samples [1: 99.8%, 2: 0.2%, 3: 0.0%, 4: 0.0%, 5: 0.0%]
DFA state visits in window   : 1: 22051, 2: 259, 3: 0, 4: 0, 5: 0
DFA state visits cumulative  : 1: 406577, 2: 1008, 3: 0, 4: 0, 5: 0
DFA state entries in window  : 1: 100, 2: 6, 3: 0, 4: 0, 5: 0
DFA state entries cumulative : 1: 3600, 2: 38, 3: 0, 4: 0, 5: 0
transitions cumulative       : 1->2: 38
accepted directly from s0    : 0
Gym endings cumulative       : terminated=3572, truncated=28

[Episode 3700/12000 | last 100]
success rate                : 0.0% (cumulative 0.0%)
failure rate                : 0.0% (cumulative 0.0%)
completed cycles / episode  : 0.000
synthetic task reward       : 0.000
shaping reward              : -407.710
learning reward             : -407.710
episode length              : 282.4
abstract changes / episode  : 17.1
same abstract-state steps   : 93.9%
same-state shaping / episode: 0.000
changed-state shaping / ep. : -407.710
terminal shaping / episode  : -0.869
DFA transitions / episode   : 0.00
DFA transitions in window   : none
epsilon (next episode)       : 0.47708
replay buffer                : 300000 samples [1: 99.9%, 2: 0.1%, 3: 0.0%, 4: 0.0%, 5: 0.0%]
DFA state visits in window   : 1: 28344, 2: 0, 3: 0, 4: 0, 5: 0
DFA state visits cumulative  : 1: 434921, 2: 1008, 3: 0, 4: 0, 5: 0
DFA state entries in window  : 1: 100, 2: 0, 3: 0, 4: 0, 5: 0
DFA state entries cumulative : 1: 3700, 2: 38, 3: 0, 4: 0, 5: 0
transitions cumulative       : 1->2: 38
accepted directly from s0    : 0
Gym endings cumulative       : terminated=3668, truncated=32

[Episode 3800/12000 | last 100]
success rate                : 0.0% (cumulative 0.0%)
failure rate                : 0.0% (cumulative 0.0%)
completed cycles / episode  : 0.000
synthetic task reward       : 0.000
shaping reward              : -403.179
learning reward             : -403.179
episode length              : 244.9
abstract changes / episode  : 15.2
same abstract-state steps   : 93.8%
same-state shaping / episode: 0.000
changed-state shaping / ep. : -403.179
terminal shaping / episode  : -0.869
DFA transitions / episode   : 0.00
DFA transitions in window   : none
epsilon (next episode)       : 0.46763
replay buffer                : 300000 samples [1: 99.9%, 2: 0.1%, 3: 0.0%, 4: 0.0%, 5: 0.0%]
DFA state visits in window   : 1: 24594, 2: 0, 3: 0, 4: 0, 5: 0
DFA state visits cumulative  : 1: 459515, 2: 1008, 3: 0, 4: 0, 5: 0
DFA state entries in window  : 1: 100, 2: 0, 3: 0, 4: 0, 5: 0
DFA state entries cumulative : 1: 3800, 2: 38, 3: 0, 4: 0, 5: 0
transitions cumulative       : 1->2: 38
accepted directly from s0    : 0
Gym endings cumulative       : terminated=3759, truncated=41

[Episode 3900/12000 | last 100]
success rate                : 0.0% (cumulative 0.0%)
failure rate                : 0.0% (cumulative 0.0%)
completed cycles / episode  : 0.000
synthetic task reward       : 0.000
shaping reward              : -319.787
learning reward             : -319.787
episode length              : 220.3
abstract changes / episode  : 16.0
same abstract-state steps   : 92.7%
same-state shaping / episode: 0.000
changed-state shaping / ep. : -319.787
terminal shaping / episode  : -1.791
DFA transitions / episode   : 0.05
DFA transitions in window   : 1->2: 5
epsilon (next episode)       : 0.45837
replay buffer                : 300000 samples [1: 99.8%, 2: 0.2%, 3: 0.0%, 4: 0.0%, 5: 0.0%]
DFA state visits in window   : 1: 21947, 2: 180, 3: 0, 4: 0, 5: 0
DFA state visits cumulative  : 1: 481462, 2: 1188, 3: 0, 4: 0, 5: 0
DFA state entries in window  : 1: 100, 2: 5, 3: 0, 4: 0, 5: 0
DFA state entries cumulative : 1: 3900, 2: 43, 3: 0, 4: 0, 5: 0
transitions cumulative       : 1->2: 43
accepted directly from s0    : 0
Gym endings cumulative       : terminated=3858, truncated=42

[Episode 4000/12000 | last 100]
success rate                : 0.0% (cumulative 0.0%)
failure rate                : 0.0% (cumulative 0.0%)
completed cycles / episode  : 0.000
synthetic task reward       : 0.000
shaping reward              : -284.796
learning reward             : -284.796
episode length              : 268.3
abstract changes / episode  : 17.3
same abstract-state steps   : 93.5%
same-state shaping / episode: 0.000
changed-state shaping / ep. : -284.796
terminal shaping / episode  : 0.000
DFA transitions / episode   : 0.06
DFA transitions in window   : 1->2: 6
epsilon (next episode)       : 0.44929
replay buffer                : 300000 samples [1: 99.7%, 2: 0.3%, 3: 0.0%, 4: 0.0%, 5: 0.0%]
DFA state visits in window   : 1: 26610, 2: 316, 3: 0, 4: 0, 5: 0
DFA state visits cumulative  : 1: 508072, 2: 1504, 3: 0, 4: 0, 5: 0
DFA state entries in window  : 1: 100, 2: 6, 3: 0, 4: 0, 5: 0
DFA state entries cumulative : 1: 4000, 2: 49, 3: 0, 4: 0, 5: 0
transitions cumulative       : 1->2: 49
accepted directly from s0    : 0
Gym endings cumulative       : terminated=3953, truncated=47

Starting autonomous greedy evaluation at episode 4000 (1000 fixed-seed episodes)...
[Greedy evaluation at episode 4000 | 1000 fixed-seed episodes]
success=0.0%, failure=0.0%, task reward=0.000, length=1000.0
DFA transitions: none

[Episode 4100/12000 | last 100]
success rate                : 0.0% (cumulative 0.0%)
failure rate                : 0.0% (cumulative 0.0%)
completed cycles / episode  : 0.000
synthetic task reward       : 0.000
shaping reward              : -390.058
learning reward             : -390.058
episode length              : 319.1
abstract changes / episode  : 17.4
same abstract-state steps   : 94.5%
same-state shaping / episode: 0.000
changed-state shaping / ep. : -390.058
terminal shaping / episode  : 0.000
DFA transitions / episode   : 0.00
DFA transitions in window   : none
epsilon (next episode)       : 0.44040
replay buffer                : 300000 samples [1: 99.7%, 2: 0.3%, 3: 0.0%, 4: 0.0%, 5: 0.0%]
DFA state visits in window   : 1: 32012, 2: 0, 3: 0, 4: 0, 5: 0
DFA state visits cumulative  : 1: 540084, 2: 1504, 3: 0, 4: 0, 5: 0
DFA state entries in window  : 1: 100, 2: 0, 3: 0, 4: 0, 5: 0
DFA state entries cumulative : 1: 4100, 2: 49, 3: 0, 4: 0, 5: 0
transitions cumulative       : 1->2: 49
accepted directly from s0    : 0
Gym endings cumulative       : terminated=4036, truncated=64

[Episode 4200/12000 | last 100]
success rate                : 0.0% (cumulative 0.0%)
failure rate                : 0.0% (cumulative 0.0%)
completed cycles / episode  : 0.000
synthetic task reward       : 0.000
shaping reward              : -351.876
learning reward             : -351.876
episode length              : 231.8
abstract changes / episode  : 18.7
same abstract-state steps   : 91.9%
same-state shaping / episode: 0.000
changed-state shaping / ep. : -351.876
terminal shaping / episode  : -0.895
DFA transitions / episode   : 0.07
DFA transitions in window   : 1->2: 6, 2->3: 1
epsilon (next episode)       : 0.43167
replay buffer                : 300000 samples [1: 99.6%, 2: 0.4%, 3: 0.0%, 4: 0.0%, 5: 0.0%]
DFA state visits in window   : 1: 23038, 2: 216, 3: 26, 4: 0, 5: 0
DFA state visits cumulative  : 1: 563122, 2: 1720, 3: 26, 4: 0, 5: 0
DFA state entries in window  : 1: 100, 2: 6, 3: 1, 4: 0, 5: 0
DFA state entries cumulative : 1: 4200, 2: 55, 3: 1, 4: 0, 5: 0
transitions cumulative       : 1->2: 55, 2->3: 1
accepted directly from s0    : 0
Gym endings cumulative       : terminated=4135, truncated=65

[Episode 4300/12000 | last 100]
success rate                : 0.0% (cumulative 0.0%)
failure rate                : 0.0% (cumulative 0.0%)
completed cycles / episode  : 0.000
synthetic task reward       : 0.000
shaping reward              : -411.851
learning reward             : -411.851
episode length              : 320.5
abstract changes / episode  : 20.2
same abstract-state steps   : 93.7%
same-state shaping / episode: 0.000
changed-state shaping / ep. : -411.851
terminal shaping / episode  : 0.000
DFA transitions / episode   : 0.01
DFA transitions in window   : 1->2: 1
epsilon (next episode)       : 0.42313
replay buffer                : 300000 samples [1: 99.6%, 2: 0.4%, 3: 0.0%, 4: 0.0%, 5: 0.0%]
DFA state visits in window   : 1: 32134, 2: 17, 3: 0, 4: 0, 5: 0
DFA state visits cumulative  : 1: 595256, 2: 1737, 3: 26, 4: 0, 5: 0
DFA state entries in window  : 1: 100, 2: 1, 3: 0, 4: 0, 5: 0
DFA state entries cumulative : 1: 4300, 2: 56, 3: 1, 4: 0, 5: 0
transitions cumulative       : 1->2: 56, 2->3: 1
accepted directly from s0    : 0
Gym endings cumulative       : terminated=4226, truncated=74

[Episode 4400/12000 | last 100]
success rate                : 0.0% (cumulative 0.0%)
failure rate                : 0.0% (cumulative 0.0%)
completed cycles / episode  : 0.000
synthetic task reward       : 0.000
shaping reward              : -426.492
learning reward             : -426.492
episode length              : 237.0
abstract changes / episode  : 16.1
same abstract-state steps   : 93.2%
same-state shaping / episode: 0.000
changed-state shaping / ep. : -426.492
terminal shaping / episode  : 0.000
DFA transitions / episode   : 0.03
DFA transitions in window   : 1->2: 2, 2->3: 1
epsilon (next episode)       : 0.41475
replay buffer                : 300000 samples [1: 99.6%, 2: 0.4%, 3: 0.0%, 4: 0.0%, 5: 0.0%]
DFA state visits in window   : 1: 23649, 2: 129, 3: 23, 4: 0, 5: 0
DFA state visits cumulative  : 1: 618905, 2: 1866, 3: 49, 4: 0, 5: 0
DFA state entries in window  : 1: 100, 2: 2, 3: 1, 4: 0, 5: 0
DFA state entries cumulative : 1: 4400, 2: 58, 3: 2, 4: 0, 5: 0
transitions cumulative       : 1->2: 58, 2->3: 2
accepted directly from s0    : 0
Gym endings cumulative       : terminated=4326, truncated=74

[Episode 4500/12000 | last 100]
success rate                : 0.0% (cumulative 0.0%)
failure rate                : 0.0% (cumulative 0.0%)
completed cycles / episode  : 0.000
synthetic task reward       : 0.000
shaping reward              : -238.000
learning reward             : -238.000
episode length              : 416.4
abstract changes / episode  : 23.3
same abstract-state steps   : 94.4%
same-state shaping / episode: 0.000
changed-state shaping / ep. : -238.000
terminal shaping / episode  : 0.053
DFA transitions / episode   : 0.13
DFA transitions in window   : 1->2: 12, 2->3: 1
epsilon (next episode)       : 0.40653
replay buffer                : 300000 samples [1: 99.1%, 2: 0.9%, 3: 0.0%, 4: 0.0%, 5: 0.0%]
DFA state visits in window   : 1: 40217, 2: 1505, 3: 22, 4: 0, 5: 0
DFA state visits cumulative  : 1: 659122, 2: 3371, 3: 71, 4: 0, 5: 0
DFA state entries in window  : 1: 100, 2: 12, 3: 1, 4: 0, 5: 0
DFA state entries cumulative : 1: 4500, 2: 70, 3: 3, 4: 0, 5: 0
transitions cumulative       : 1->2: 70, 2->3: 3
accepted directly from s0    : 0
Gym endings cumulative       : terminated=4416, truncated=84

Starting autonomous greedy evaluation at episode 4500 (1000 fixed-seed episodes)...
[Greedy evaluation at episode 4500 | 1000 fixed-seed episodes]
success=0.0%, failure=0.0%, task reward=0.000, length=965.3
DFA transitions: none

[Episode 4600/12000 | last 100]
success rate                : 0.0% (cumulative 0.0%)
failure rate                : 0.0% (cumulative 0.0%)
completed cycles / episode  : 0.000
synthetic task reward       : 0.000
shaping reward              : -296.646
learning reward             : -296.646
episode length              : 366.9
abstract changes / episode  : 24.6
same abstract-state steps   : 93.3%
same-state shaping / episode: 0.000
changed-state shaping / ep. : -296.646
terminal shaping / episode  : 0.000
DFA transitions / episode   : 0.11
DFA transitions in window   : 1->2: 10, 2->3: 1
epsilon (next episode)       : 0.39848
replay buffer                : 300000 samples [1: 98.9%, 2: 1.1%, 3: 0.0%, 4: 0.0%, 5: 0.0%]
DFA state visits in window   : 1: 35918, 2: 849, 3: 19, 4: 0, 5: 0
DFA state visits cumulative  : 1: 695040, 2: 4220, 3: 90, 4: 0, 5: 0
DFA state entries in window  : 1: 100, 2: 10, 3: 1, 4: 0, 5: 0
DFA state entries cumulative : 1: 4600, 2: 80, 3: 4, 4: 0, 5: 0
transitions cumulative       : 1->2: 80, 2->3: 4
accepted directly from s0    : 0
Gym endings cumulative       : terminated=4505, truncated=95

[Episode 4700/12000 | last 100]
success rate                : 0.0% (cumulative 0.0%)
failure rate                : 0.0% (cumulative 0.0%)
completed cycles / episode  : 0.000
synthetic task reward       : 0.000
shaping reward              : -190.349
learning reward             : -190.349
episode length              : 318.0
abstract changes / episode  : 21.9
same abstract-state steps   : 93.1%
same-state shaping / episode: 0.000
changed-state shaping / ep. : -190.349
terminal shaping / episode  : 0.914
DFA transitions / episode   : 0.14
DFA transitions in window   : 1->2: 13, 2->3: 1
epsilon (next episode)       : 0.39059
replay buffer                : 300000 samples [1: 98.7%, 2: 1.2%, 3: 0.0%, 4: 0.0%, 5: 0.0%]
DFA state visits in window   : 1: 31389, 2: 487, 3: 25, 4: 0, 5: 0
DFA state visits cumulative  : 1: 726429, 2: 4707, 3: 115, 4: 0, 5: 0
DFA state entries in window  : 1: 100, 2: 13, 3: 1, 4: 0, 5: 0
DFA state entries cumulative : 1: 4700, 2: 93, 3: 5, 4: 0, 5: 0
transitions cumulative       : 1->2: 93, 2->3: 5
accepted directly from s0    : 0
Gym endings cumulative       : terminated=4602, truncated=98

[Episode 4800/12000 | last 100]
success rate                : 0.0% (cumulative 0.0%)
failure rate                : 0.0% (cumulative 0.0%)
completed cycles / episode  : 0.000
synthetic task reward       : 0.000
shaping reward              : -219.622
learning reward             : -219.622
episode length              : 465.2
abstract changes / episode  : 25.4
same abstract-state steps   : 94.5%
same-state shaping / episode: 0.000
changed-state shaping / ep. : -219.622
terminal shaping / episode  : -0.842
DFA transitions / episode   : 0.11
DFA transitions in window   : 1->2: 11
epsilon (next episode)       : 0.38286
replay buffer                : 300000 samples [1: 98.4%, 2: 1.6%, 3: 0.0%, 4: 0.0%, 5: 0.0%]
DFA state visits in window   : 1: 45540, 2: 1084, 3: 0, 4: 0, 5: 0
DFA state visits cumulative  : 1: 771969, 2: 5791, 3: 115, 4: 0, 5: 0
DFA state entries in window  : 1: 100, 2: 11, 3: 0, 4: 0, 5: 0
DFA state entries cumulative : 1: 4800, 2: 104, 3: 5, 4: 0, 5: 0
transitions cumulative       : 1->2: 104, 2->3: 5
accepted directly from s0    : 0
Gym endings cumulative       : terminated=4692, truncated=109

[Episode 4900/12000 | last 100]
success rate                : 0.0% (cumulative 0.0%)
failure rate                : 0.0% (cumulative 0.0%)
completed cycles / episode  : 0.000
synthetic task reward       : 0.000
shaping reward              : -219.546
learning reward             : -219.546
episode length              : 352.8
abstract changes / episode  : 24.8
same abstract-state steps   : 93.0%
same-state shaping / episode: 0.000
changed-state shaping / ep. : -219.546
terminal shaping / episode  : -3.573
DFA transitions / episode   : 0.13
DFA transitions in window   : 1->2: 13
epsilon (next episode)       : 0.37527
replay buffer                : 300000 samples [1: 98.1%, 2: 1.9%, 3: 0.0%, 4: 0.0%, 5: 0.0%]
DFA state visits in window   : 1: 34000, 2: 1380, 3: 0, 4: 0, 5: 0
DFA state visits cumulative  : 1: 805969, 2: 7171, 3: 115, 4: 0, 5: 0
DFA state entries in window  : 1: 100, 2: 13, 3: 0, 4: 0, 5: 0
DFA state entries cumulative : 1: 4900, 2: 117, 3: 5, 4: 0, 5: 0
transitions cumulative       : 1->2: 117, 2->3: 5
accepted directly from s0    : 0
Gym endings cumulative       : terminated=4789, truncated=112

[Episode 5000/12000 | last 100]
success rate                : 0.0% (cumulative 0.0%)
failure rate                : 0.0% (cumulative 0.0%)
completed cycles / episode  : 0.000
synthetic task reward       : 0.000
shaping reward              : -204.647
learning reward             : -204.647
episode length              : 405.6
abstract changes / episode  : 29.8
same abstract-state steps   : 92.7%
same-state shaping / episode: 0.000
changed-state shaping / ep. : -204.647
terminal shaping / episode  : -1.800
DFA transitions / episode   : 0.24
DFA transitions in window   : 1->2: 21, 2->3: 3
epsilon (next episode)       : 0.36784
replay buffer                : 300000 samples [1: 97.1%, 2: 2.7%, 3: 0.2%, 4: 0.0%, 5: 0.0%]
DFA state visits in window   : 1: 37630, 2: 2540, 3: 487, 4: 0, 5: 0
DFA state visits cumulative  : 1: 843599, 2: 9711, 3: 602, 4: 0, 5: 0
DFA state entries in window  : 1: 100, 2: 21, 3: 3, 4: 0, 5: 0
DFA state entries cumulative : 1: 5000, 2: 138, 3: 8, 4: 0, 5: 0
transitions cumulative       : 1->2: 138, 2->3: 8
accepted directly from s0    : 0
Gym endings cumulative       : terminated=4886, truncated=115

Starting autonomous greedy evaluation at episode 5000 (1000 fixed-seed episodes)...
[Greedy evaluation at episode 5000 | 1000 fixed-seed episodes]
success=0.0%, failure=0.0%, task reward=0.000, length=678.8
DFA transitions: 1->2: 229, 2->3: 5

[Episode 5100/12000 | last 100]
success rate                : 0.0% (cumulative 0.0%)
failure rate                : 0.0% (cumulative 0.0%)
completed cycles / episode  : 0.000
synthetic task reward       : 0.000
shaping reward              : -152.297
learning reward             : -152.297
episode length              : 452.6
abstract changes / episode  : 31.4
same abstract-state steps   : 93.1%
same-state shaping / episode: 0.000
changed-state shaping / ep. : -152.297
terminal shaping / episode  : -0.914
DFA transitions / episode   : 0.25
DFA transitions in window   : 1->2: 23, 2->3: 2
epsilon (next episode)       : 0.36056
replay buffer                : 300000 samples [1: 96.4%, 2: 3.4%, 3: 0.2%, 4: 0.0%, 5: 0.0%]
DFA state visits in window   : 1: 43120, 2: 2203, 3: 39, 4: 0, 5: 0
DFA state visits cumulative  : 1: 886719, 2: 11914, 3: 641, 4: 0, 5: 0
DFA state entries in window  : 1: 100, 2: 23, 3: 2, 4: 0, 5: 0
DFA state entries cumulative : 1: 5100, 2: 161, 3: 10, 4: 0, 5: 0
transitions cumulative       : 1->2: 161, 2->3: 10
accepted directly from s0    : 0
Gym endings cumulative       : terminated=4979, truncated=122

[Episode 5200/12000 | last 100]
success rate                : 0.0% (cumulative 0.0%)
failure rate                : 0.0% (cumulative 0.0%)
completed cycles / episode  : 0.000
synthetic task reward       : 0.000
shaping reward              : -87.887
learning reward             : -87.887
episode length              : 452.5
abstract changes / episode  : 31.1
same abstract-state steps   : 93.1%
same-state shaping / episode: 0.000
changed-state shaping / ep. : -87.887
terminal shaping / episode  : -2.750
DFA transitions / episode   : 0.40
DFA transitions in window   : 1->2: 38, 2->3: 2
epsilon (next episode)       : 0.35342
replay buffer                : 300000 samples [1: 94.9%, 2: 4.9%, 3: 0.2%, 4: 0.0%, 5: 0.0%]
DFA state visits in window   : 1: 40083, 2: 5171, 3: 97, 4: 0, 5: 0
DFA state visits cumulative  : 1: 926802, 2: 17085, 3: 738, 4: 0, 5: 0
DFA state entries in window  : 1: 100, 2: 38, 3: 2, 4: 0, 5: 0
DFA state entries cumulative : 1: 5200, 2: 199, 3: 12, 4: 0, 5: 0
transitions cumulative       : 1->2: 199, 2->3: 12
accepted directly from s0    : 0
Gym endings cumulative       : terminated=5073, truncated=128

[Episode 5300/12000 | last 100]
success rate                : 0.0% (cumulative 0.0%)
failure rate                : 0.0% (cumulative 0.0%)
completed cycles / episode  : 0.000
synthetic task reward       : 0.000
shaping reward              : -78.179
learning reward             : -78.179
episode length              : 395.0
abstract changes / episode  : 27.9
same abstract-state steps   : 92.9%
same-state shaping / episode: 0.000
changed-state shaping / ep. : -78.179
terminal shaping / episode  : -1.809
DFA transitions / episode   : 0.44
DFA transitions in window   : 1->2: 38, 2->3: 6
epsilon (next episode)       : 0.34642
replay buffer                : 300000 samples [1: 93.3%, 2: 6.3%, 3: 0.4%, 4: 0.0%, 5: 0.0%]
DFA state visits in window   : 1: 33184, 2: 5755, 3: 659, 4: 0, 5: 0
DFA state visits cumulative  : 1: 959986, 2: 22840, 3: 1397, 4: 0, 5: 0
DFA state entries in window  : 1: 100, 2: 38, 3: 6, 4: 0, 5: 0
DFA state entries cumulative : 1: 5300, 2: 237, 3: 18, 4: 0, 5: 0
transitions cumulative       : 1->2: 237, 2->3: 18
accepted directly from s0    : 0
Gym endings cumulative       : terminated=5169, truncated=132

[Episode 5400/12000 | last 100]
success rate                : 0.0% (cumulative 0.0%)
failure rate                : 0.0% (cumulative 0.0%)
completed cycles / episode  : 0.000
synthetic task reward       : 0.000
shaping reward              : -95.248
learning reward             : -95.248
episode length              : 398.3
abstract changes / episode  : 28.4
same abstract-state steps   : 92.9%
same-state shaping / episode: 0.000
changed-state shaping / ep. : -95.248
terminal shaping / episode  : 1.818
DFA transitions / episode   : 0.39
DFA transitions in window   : 1->2: 35, 2->3: 4
epsilon (next episode)       : 0.33956
replay buffer                : 300000 samples [1: 91.5%, 2: 8.0%, 3: 0.5%, 4: 0.0%, 5: 0.0%]
DFA state visits in window   : 1: 33861, 2: 5900, 3: 167, 4: 0, 5: 0
DFA state visits cumulative  : 1: 993847, 2: 28740, 3: 1564, 4: 0, 5: 0
DFA state entries in window  : 1: 100, 2: 35, 3: 4, 4: 0, 5: 0
DFA state entries cumulative : 1: 5400, 2: 272, 3: 22, 4: 0, 5: 0
transitions cumulative       : 1->2: 272, 2->3: 22
accepted directly from s0    : 0
Gym endings cumulative       : terminated=5267, truncated=134

[Episode 5500/12000 | last 100]
success rate                : 0.0% (cumulative 0.0%)
failure rate                : 0.0% (cumulative 0.0%)
completed cycles / episode  : 0.000
synthetic task reward       : 0.000
shaping reward              : 4.603
learning reward             : 4.603
episode length              : 513.2
abstract changes / episode  : 34.2
same abstract-state steps   : 93.3%
same-state shaping / episode: 0.000
changed-state shaping / ep. : 4.603
terminal shaping / episode  : 0.000
DFA transitions / episode   : 0.78
DFA transitions in window   : 1->2: 56, 2->3: 18, 3->4: 4
epsilon (next episode)       : 0.33283
replay buffer                : 300000 samples [1: 85.5%, 2: 12.5%, 3: 1.6%, 4: 0.3%, 5: 0.0%]
DFA state visits in window   : 1: 32380, 2: 14661, 3: 3489, 4: 888, 5: 0
DFA state visits cumulative  : 1: 1026227, 2: 43401, 3: 5053, 4: 888, 5: 0
DFA state entries in window  : 1: 100, 2: 56, 3: 18, 4: 4, 5: 0
DFA state entries cumulative : 1: 5500, 2: 328, 3: 40, 4: 4, 5: 0
transitions cumulative       : 1->2: 328, 2->3: 40, 3->4: 4
accepted directly from s0    : 0
Gym endings cumulative       : terminated=5353, truncated=148

Starting autonomous greedy evaluation at episode 5500 (1000 fixed-seed episodes)...
[Greedy evaluation at episode 5500 | 1000 fixed-seed episodes]
success=0.0%, failure=0.0%, task reward=0.000, length=1000.0
DFA transitions: 1->2: 979

[Episode 5600/12000 | last 100]
success rate                : 0.0% (cumulative 0.0%)
failure rate                : 0.0% (cumulative 0.0%)
completed cycles / episode  : 0.000
synthetic task reward       : 0.000
shaping reward              : 62.414
learning reward             : 62.414
episode length              : 552.3
abstract changes / episode  : 33.8
same abstract-state steps   : 93.9%
same-state shaping / episode: 0.000
changed-state shaping / ep. : 62.414
terminal shaping / episode  : -0.923
DFA transitions / episode   : 0.92
DFA transitions in window   : 1->2: 63, 2->3: 29
epsilon (next episode)       : 0.32624
replay buffer                : 300000 samples [1: 76.5%, 2: 18.1%, 3: 5.1%, 4: 0.3%, 5: 0.0%]
DFA state visits in window   : 1: 25717, 2: 19258, 3: 10359, 4: 0, 5: 0
DFA state visits cumulative  : 1: 1051944, 2: 62659, 3: 15412, 4: 888, 5: 0
DFA state entries in window  : 1: 100, 2: 63, 3: 29, 4: 0, 5: 0
DFA state entries cumulative : 1: 5600, 2: 391, 3: 69, 4: 4, 5: 0
transitions cumulative       : 1->2: 391, 2->3: 69, 3->4: 4
accepted directly from s0    : 0
Gym endings cumulative       : terminated=5427, truncated=174

[Episode 5700/12000 | last 100]
success rate                : 1.0% (cumulative 0.0%)
failure rate                : 0.0% (cumulative 0.0%)
completed cycles / episode  : 0.000
synthetic task reward       : 100.000
shaping reward              : 49.003
learning reward             : 149.003
episode length              : 541.0
abstract changes / episode  : 33.8
same abstract-state steps   : 93.8%
same-state shaping / episode: 0.000
changed-state shaping / ep. : 49.003
terminal shaping / episode  : 1.895
DFA transitions / episode   : 0.97
DFA transitions in window   : 1->2: 56, 2->3: 35, 3->4: 5, 4->5: 1
epsilon (next episode)       : 0.31978
replay buffer                : 300000 samples [1: 68.3%, 2: 21.6%, 3: 9.6%, 4: 0.5%, 5: 0.0%]
DFA state visits in window   : 1: 25960, 2: 13446, 3: 14184, 4: 608, 5: 1
DFA state visits cumulative  : 1: 1077904, 2: 76105, 3: 29596, 4: 1496, 5: 1
DFA state entries in window  : 1: 100, 2: 56, 3: 35, 4: 5, 5: 1
DFA state entries cumulative : 1: 5700, 2: 447, 3: 104, 4: 9, 5: 1
transitions cumulative       : 1->2: 447, 2->3: 104, 3->4: 9, 4->5: 1
accepted directly from s0    : 0
Gym endings cumulative       : terminated=5502, truncated=198

[Episode 5800/12000 | last 100]
success rate                : 0.0% (cumulative 0.0%)
failure rate                : 0.0% (cumulative 0.0%)
completed cycles / episode  : 0.000
synthetic task reward       : 0.000
shaping reward              : 15.019
learning reward             : 15.019
episode length              : 477.7
abstract changes / episode  : 31.8
same abstract-state steps   : 93.3%
same-state shaping / episode: 0.000
changed-state shaping / ep. : 15.019
terminal shaping / episode  : 0.886
DFA transitions / episode   : 0.81
DFA transitions in window   : 1->2: 52, 2->3: 26, 3->4: 3
epsilon (next episode)       : 0.31345
replay buffer                : 300000 samples [1: 63.0%, 2: 23.6%, 3: 12.7%, 4: 0.6%, 5: 0.0%]
DFA state visits in window   : 1: 28147, 2: 10009, 3: 9254, 4: 457, 5: 0
DFA state visits cumulative  : 1: 1106051, 2: 86114, 3: 38850, 4: 1953, 5: 1
DFA state entries in window  : 1: 100, 2: 52, 3: 26, 4: 3, 5: 0
DFA state entries cumulative : 1: 5800, 2: 499, 3: 130, 4: 12, 5: 1
transitions cumulative       : 1->2: 499, 2->3: 130, 3->4: 12, 4->5: 1
accepted directly from s0    : 0
Gym endings cumulative       : terminated=5582, truncated=218

[Episode 5900/12000 | last 100]
success rate                : 3.0% (cumulative 0.1%)
failure rate                : 0.0% (cumulative 0.0%)
completed cycles / episode  : 0.000
synthetic task reward       : 300.000
shaping reward              : 29.115
learning reward             : 329.115
episode length              : 525.0
abstract changes / episode  : 37.8
same abstract-state steps   : 92.8%
same-state shaping / episode: 0.000
changed-state shaping / ep. : 29.115
terminal shaping / episode  : 2.963
DFA transitions / episode   : 1.15
DFA transitions in window   : 1->2: 60, 2->3: 39, 3->4: 13, 4->5: 3
epsilon (next episode)       : 0.30724
replay buffer                : 300000 samples [1: 57.6%, 2: 25.2%, 3: 16.1%, 4: 1.0%, 5: 0.0%]
DFA state visits in window   : 1: 27501, 2: 12892, 3: 11084, 4: 1117, 5: 3
DFA state visits cumulative  : 1: 1133552, 2: 99006, 3: 49934, 4: 3070, 5: 4
DFA state entries in window  : 1: 100, 2: 60, 3: 39, 4: 13, 5: 3
DFA state entries cumulative : 1: 5900, 2: 559, 3: 169, 4: 25, 5: 4
transitions cumulative       : 1->2: 559, 2->3: 169, 3->4: 25, 4->5: 4
accepted directly from s0    : 0
Gym endings cumulative       : terminated=5669, truncated=228

[Episode 6000/12000 | last 100]
success rate                : 0.0% (cumulative 0.1%)
failure rate                : 0.0% (cumulative 0.0%)
completed cycles / episode  : 0.000
synthetic task reward       : 0.000
shaping reward              : -155.819
learning reward             : -155.819
episode length              : 314.4
abstract changes / episode  : 26.5
same abstract-state steps   : 91.6%
same-state shaping / episode: 0.000
changed-state shaping / ep. : -155.819
terminal shaping / episode  : -1.747
DFA transitions / episode   : 0.61
DFA transitions in window   : 1->2: 44, 2->3: 14, 3->4: 3
epsilon (next episode)       : 0.30116
replay buffer                : 300000 samples [1: 56.7%, 2: 25.6%, 3: 16.5%, 4: 1.2%, 5: 0.0%]
DFA state visits in window   : 1: 24109, 2: 5741, 3: 1110, 4: 577, 5: 0
DFA state visits cumulative  : 1: 1157661, 2: 104747, 3: 51044, 4: 3647, 5: 4
DFA state entries in window  : 1: 100, 2: 44, 3: 14, 4: 3, 5: 0
DFA state entries cumulative : 1: 6000, 2: 603, 3: 183, 4: 28, 5: 4
transitions cumulative       : 1->2: 603, 2->3: 183, 3->4: 28, 4->5: 4
accepted directly from s0    : 0
Gym endings cumulative       : terminated=5768, truncated=229

Starting autonomous greedy evaluation at episode 6000 (1000 fixed-seed episodes)...
[Greedy evaluation at episode 6000 | 1000 fixed-seed episodes]
success=0.0%, failure=0.0%, task reward=0.000, length=473.3
DFA transitions: 1->2: 969, 2->3: 410, 3->4: 394

[Episode 6100/12000 | last 100]
success rate                : 1.0% (cumulative 0.1%)
failure rate                : 0.0% (cumulative 0.0%)
completed cycles / episode  : 0.000
synthetic task reward       : 100.000
shaping reward              : -61.670
learning reward             : 38.330
episode length              : 391.6
abstract changes / episode  : 28.2
same abstract-state steps   : 92.8%
same-state shaping / episode: 0.000
changed-state shaping / ep. : -61.670
terminal shaping / episode  : 1.000
DFA transitions / episode   : 0.73
DFA transitions in window   : 1->2: 48, 2->3: 19, 3->4: 5, 4->5: 1
epsilon (next episode)       : 0.29519
replay buffer                : 300000 samples [1: 55.4%, 2: 26.0%, 3: 17.4%, 4: 1.2%, 5: 0.0%]
DFA state visits in window   : 1: 24234, 2: 10420, 3: 4192, 4: 413, 5: 1
DFA state visits cumulative  : 1: 1181895, 2: 115167, 3: 55236, 4: 4060, 5: 5
DFA state entries in window  : 1: 100, 2: 48, 3: 19, 4: 5, 5: 1
DFA state entries cumulative : 1: 6100, 2: 651, 3: 202, 4: 33, 5: 5
transitions cumulative       : 1->2: 651, 2->3: 202, 3->4: 33, 4->5: 5
accepted directly from s0    : 0
Gym endings cumulative       : terminated=5860, truncated=236

[Episode 6200/12000 | last 100]
success rate                : 0.0% (cumulative 0.1%)
failure rate                : 0.0% (cumulative 0.0%)
completed cycles / episode  : 0.000
synthetic task reward       : 0.000
shaping reward              : -36.304
learning reward             : -36.304
episode length              : 420.6
abstract changes / episode  : 30.2
same abstract-state steps   : 92.8%
same-state shaping / episode: 0.000
changed-state shaping / ep. : -36.304
terminal shaping / episode  : -0.869
DFA transitions / episode   : 0.87
DFA transitions in window   : 1->2: 50, 2->3: 31, 3->4: 6
epsilon (next episode)       : 0.28935
replay buffer                : 300000 samples [1: 57.1%, 2: 24.3%, 3: 17.3%, 4: 1.3%, 5: 0.0%]
DFA state visits in window   : 1: 27785, 2: 9356, 3: 4377, 4: 637, 5: 0
DFA state visits cumulative  : 1: 1209680, 2: 124523, 3: 59613, 4: 4697, 5: 5
DFA state entries in window  : 1: 100, 2: 50, 3: 31, 4: 6, 5: 0
DFA state entries cumulative : 1: 6200, 2: 701, 3: 233, 4: 39, 5: 5
transitions cumulative       : 1->2: 701, 2->3: 233, 3->4: 39, 4->5: 5
accepted directly from s0    : 0
Gym endings cumulative       : terminated=5952, truncated=244

[Episode 6300/12000 | last 100]
success rate                : 2.0% (cumulative 0.1%)
failure rate                : 0.0% (cumulative 0.0%)
completed cycles / episode  : 0.000
synthetic task reward       : 200.000
shaping reward              : -12.948
learning reward             : 187.052
episode length              : 399.0
abstract changes / episode  : 31.2
same abstract-state steps   : 92.2%
same-state shaping / episode: 0.000
changed-state shaping / ep. : -12.948
terminal shaping / episode  : 1.131
DFA transitions / episode   : 0.93
DFA transitions in window   : 1->2: 52, 2->3: 32, 3->4: 7, 4->5: 2
epsilon (next episode)       : 0.28362
replay buffer                : 300000 samples [1: 59.4%, 2: 22.4%, 3: 16.7%, 4: 1.5%, 5: 0.0%]
DFA state visits in window   : 1: 23644, 2: 7581, 3: 8020, 4: 752, 5: 2
DFA state visits cumulative  : 1: 1233324, 2: 132104, 3: 67633, 4: 5449, 5: 7
DFA state entries in window  : 1: 100, 2: 52, 3: 32, 4: 7, 5: 2
DFA state entries cumulative : 1: 6300, 2: 753, 3: 265, 4: 46, 5: 7
transitions cumulative       : 1->2: 753, 2->3: 265, 3->4: 46, 4->5: 7
accepted directly from s0    : 0
Gym endings cumulative       : terminated=6046, truncated=248

[Episode 6400/12000 | last 100]
success rate                : 3.0% (cumulative 0.2%)
failure rate                : 0.0% (cumulative 0.0%)
completed cycles / episode  : 0.000
synthetic task reward       : 300.000
shaping reward              : 65.868
learning reward             : 365.868
episode length              : 443.1
abstract changes / episode  : 31.3
same abstract-state steps   : 92.9%
same-state shaping / episode: 0.000
changed-state shaping / ep. : 65.868
terminal shaping / episode  : 2.086
DFA transitions / episode   : 0.93
DFA transitions in window   : 1->2: 52, 2->3: 29, 3->4: 9, 4->5: 3
epsilon (next episode)       : 0.27800
replay buffer                : 300000 samples [1: 60.0%, 2: 22.8%, 3: 15.6%, 4: 1.6%, 5: 0.0%]
DFA state visits in window   : 1: 23248, 2: 11827, 3: 8349, 4: 978, 5: 3
DFA state visits cumulative  : 1: 1256572, 2: 143931, 3: 75982, 4: 6427, 5: 10
DFA state entries in window  : 1: 100, 2: 52, 3: 29, 4: 9, 5: 3
DFA state entries cumulative : 1: 6400, 2: 805, 3: 294, 4: 55, 5: 10
transitions cumulative       : 1->2: 805, 2->3: 294, 3->4: 55, 4->5: 10
accepted directly from s0    : 0
Gym endings cumulative       : terminated=6135, truncated=256

[Episode 6500/12000 | last 100]
success rate                : 3.0% (cumulative 0.2%)
failure rate                : 0.0% (cumulative 0.0%)
completed cycles / episode  : 0.000
synthetic task reward       : 300.000
shaping reward              : 135.788
learning reward             : 435.788
episode length              : 545.1
abstract changes / episode  : 38.8
same abstract-state steps   : 92.9%
same-state shaping / episode: 0.000
changed-state shaping / ep. : 135.788
terminal shaping / episode  : 0.304
DFA transitions / episode   : 1.29
DFA transitions in window   : 1->2: 60, 2->3: 46, 3->4: 20, 4->5: 3
epsilon (next episode)       : 0.27250
replay buffer                : 300000 samples [1: 57.6%, 2: 23.4%, 3: 16.8%, 4: 2.1%, 5: 0.0%]
DFA state visits in window   : 1: 25059, 2: 13598, 3: 13893, 4: 2055, 5: 3
DFA state visits cumulative  : 1: 1281631, 2: 157529, 3: 89875, 4: 8482, 5: 13
DFA state entries in window  : 1: 100, 2: 60, 3: 46, 4: 20, 5: 3
DFA state entries cumulative : 1: 6500, 2: 865, 3: 340, 4: 75, 5: 13
transitions cumulative       : 1->2: 865, 2->3: 340, 3->4: 75, 4->5: 13
accepted directly from s0    : 0
Gym endings cumulative       : terminated=6213, truncated=275

Starting autonomous greedy evaluation at episode 6500 (1000 fixed-seed episodes)...
[Greedy evaluation at episode 6500 | 1000 fixed-seed episodes]
success=0.0%, failure=0.0%, task reward=0.000, length=915.9
DFA transitions: 1->2: 966, 2->3: 602, 3->4: 572

[Episode 6600/12000 | last 100]
success rate                : 5.0% (cumulative 0.3%)
failure rate                : 0.0% (cumulative 0.0%)
completed cycles / episode  : 0.000
synthetic task reward       : 500.000
shaping reward              : 91.861
learning reward             : 591.861
episode length              : 478.0
abstract changes / episode  : 32.8
same abstract-state steps   : 93.1%
same-state shaping / episode: 0.000
changed-state shaping / ep. : 91.861
terminal shaping / episode  : 4.077
DFA transitions / episode   : 1.07
DFA transitions in window   : 1->2: 52, 2->3: 35, 3->4: 15, 4->5: 5
epsilon (next episode)       : 0.26710
replay buffer                : 300000 samples [1: 57.6%, 2: 23.6%, 3: 16.2%, 4: 2.5%, 5: 0.0%]
DFA state visits in window   : 1: 24801, 2: 12078, 3: 8752, 4: 2268, 5: 5
DFA state visits cumulative  : 1: 1306432, 2: 169607, 3: 98627, 4: 10750, 5: 18
DFA state entries in window  : 1: 100, 2: 52, 3: 35, 4: 15, 5: 5
DFA state entries cumulative : 1: 6600, 2: 917, 3: 375, 4: 90, 5: 18
transitions cumulative       : 1->2: 917, 2->3: 375, 3->4: 90, 4->5: 18
accepted directly from s0    : 0
Gym endings cumulative       : terminated=6298, truncated=285

[Episode 6700/12000 | last 100]
success rate                : 2.0% (cumulative 0.3%)
failure rate                : 0.0% (cumulative 0.0%)
completed cycles / episode  : 0.000
synthetic task reward       : 200.000
shaping reward              : 78.330
learning reward             : 278.330
episode length              : 463.8
abstract changes / episode  : 30.7
same abstract-state steps   : 93.4%
same-state shaping / episode: 0.000
changed-state shaping / ep. : 78.330
terminal shaping / episode  : 0.254
DFA transitions / episode   : 0.81
DFA transitions in window   : 1->2: 41, 2->3: 26, 3->4: 12, 4->5: 2
epsilon (next episode)       : 0.26181
replay buffer                : 300000 samples [1: 55.6%, 2: 23.7%, 3: 17.8%, 4: 2.9%, 5: 0.0%]
DFA state visits in window   : 1: 28810, 2: 9483, 3: 6538, 4: 1649, 5: 2
DFA state visits cumulative  : 1: 1335242, 2: 179090, 3: 105165, 4: 12399, 5: 20
DFA state entries in window  : 1: 100, 2: 41, 3: 26, 4: 12, 5: 2
DFA state entries cumulative : 1: 6700, 2: 958, 3: 401, 4: 102, 5: 20
transitions cumulative       : 1->2: 958, 2->3: 401, 3->4: 102, 4->5: 20
accepted directly from s0    : 0
Gym endings cumulative       : terminated=6386, truncated=295

[Episode 6800/12000 | last 100]
success rate                : 6.0% (cumulative 0.4%)
failure rate                : 0.0% (cumulative 0.0%)
completed cycles / episode  : 0.000
synthetic task reward       : 600.000
shaping reward              : 194.159
learning reward             : 794.159
episode length              : 508.2
abstract changes / episode  : 33.0
same abstract-state steps   : 93.5%
same-state shaping / episode: 0.000
changed-state shaping / ep. : 194.159
terminal shaping / episode  : 5.943
DFA transitions / episode   : 1.23
DFA transitions in window   : 1->2: 60, 2->3: 37, 3->4: 20, 4->5: 6
epsilon (next episode)       : 0.25663
replay buffer                : 300000 samples [1: 54.1%, 2: 24.5%, 3: 18.1%, 4: 3.3%, 5: 0.0%]
DFA state visits in window   : 1: 25408, 2: 15380, 3: 7975, 4: 2147, 5: 6
DFA state visits cumulative  : 1: 1360650, 2: 194470, 3: 113140, 4: 14546, 5: 26
DFA state entries in window  : 1: 100, 2: 60, 3: 37, 4: 20, 5: 6
DFA state entries cumulative : 1: 6800, 2: 1018, 3: 438, 4: 122, 5: 26
transitions cumulative       : 1->2: 1018, 2->3: 438, 3->4: 122, 4->5: 26
accepted directly from s0    : 0
Gym endings cumulative       : terminated=6464, truncated=311

[Episode 6900/12000 | last 100]
success rate                : 10.0% (cumulative 0.5%)
failure rate                : 0.0% (cumulative 0.0%)
completed cycles / episode  : 0.000
synthetic task reward       : 1000.000
shaping reward              : 361.281
learning reward             : 1361.281
episode length              : 575.9
abstract changes / episode  : 37.0
same abstract-state steps   : 93.6%
same-state shaping / episode: 0.000
changed-state shaping / ep. : 361.281
terminal shaping / episode  : 7.340
DFA transitions / episode   : 1.73
DFA transitions in window   : 1->2: 72, 2->3: 53, 3->4: 38, 4->5: 10
epsilon (next episode)       : 0.25154
replay buffer                : 300000 samples [1: 49.7%, 2: 27.2%, 3: 18.8%, 4: 4.3%, 5: 0.0%]
DFA state visits in window   : 1: 23081, 2: 19585, 3: 11021, 4: 3988, 5: 10
DFA state visits cumulative  : 1: 1383731, 2: 214055, 3: 124161, 4: 18534, 5: 36
DFA state entries in window  : 1: 100, 2: 72, 3: 53, 4: 38, 5: 10
DFA state entries cumulative : 1: 6900, 2: 1090, 3: 491, 4: 160, 5: 36
transitions cumulative       : 1->2: 1090, 2->3: 491, 3->4: 160, 4->5: 36
accepted directly from s0    : 0
Gym endings cumulative       : terminated=6537, truncated=328

[Episode 7000/12000 | last 100]
success rate                : 9.0% (cumulative 0.6%)
failure rate                : 0.0% (cumulative 0.0%)
completed cycles / episode  : 0.000
synthetic task reward       : 900.000
shaping reward              : 290.821
learning reward             : 1190.821
episode length              : 528.4
abstract changes / episode  : 35.1
same abstract-state steps   : 93.3%
same-state shaping / episode: 0.000
changed-state shaping / ep. : 290.821
terminal shaping / episode  : 7.040
DFA transitions / episode   : 1.64
DFA transitions in window   : 1->2: 69, 2->3: 55, 3->4: 31, 4->5: 9
epsilon (next episode)       : 0.24656
replay buffer                : 300000 samples [1: 48.4%, 2: 27.3%, 3: 19.0%, 4: 5.3%, 5: 0.0%]
DFA state visits in window   : 1: 22263, 2: 14890, 3: 11682, 4: 4094, 5: 9
DFA state visits cumulative  : 1: 1405994, 2: 228945, 3: 135843, 4: 22628, 5: 45
DFA state entries in window  : 1: 100, 2: 69, 3: 55, 4: 31, 5: 9
DFA state entries cumulative : 1: 7000, 2: 1159, 3: 546, 4: 191, 5: 45
transitions cumulative       : 1->2: 1159, 2->3: 546, 3->4: 191, 4->5: 45
accepted directly from s0    : 0
Gym endings cumulative       : terminated=6622, truncated=334

Starting autonomous greedy evaluation at episode 7000 (1000 fixed-seed episodes)...
[Greedy evaluation at episode 7000 | 1000 fixed-seed episodes]
success=0.3%, failure=0.0%, task reward=30.000, length=491.8
DFA transitions: 1->2: 674, 2->3: 673, 3->4: 672, 4->5: 3
Best policy updated from autonomous greedy evaluation at episode 7000.

[Episode 7100/12000 | last 100]
success rate                : 11.0% (cumulative 0.8%)
failure rate                : 0.0% (cumulative 0.0%)
completed cycles / episode  : 0.000
synthetic task reward       : 1100.000
shaping reward              : 314.389
learning reward             : 1414.389
episode length              : 516.9
abstract changes / episode  : 34.9
same abstract-state steps   : 93.3%
same-state shaping / episode: 0.000
changed-state shaping / ep. : 314.389
terminal shaping / episode  : 7.363
DFA transitions / episode   : 1.89
DFA transitions in window   : 1->2: 81, 2->3: 60, 3->4: 37, 4->5: 11
epsilon (next episode)       : 0.24168
replay buffer                : 300000 samples [1: 47.2%, 2: 28.0%, 3: 18.8%, 4: 6.0%, 5: 0.0%]
DFA state visits in window   : 1: 21640, 2: 14073, 3: 11893, 4: 4175, 5: 11
DFA state visits cumulative  : 1: 1427634, 2: 243018, 3: 147736, 4: 26803, 5: 56
DFA state entries in window  : 1: 100, 2: 81, 3: 60, 4: 37, 5: 11
DFA state entries cumulative : 1: 7100, 2: 1240, 3: 606, 4: 228, 5: 56
transitions cumulative       : 1->2: 1240, 2->3: 606, 3->4: 228, 4->5: 56
accepted directly from s0    : 0
Gym endings cumulative       : terminated=6704, truncated=341

[Episode 7200/12000 | last 100]
success rate                : 11.0% (cumulative 0.9%)
failure rate                : 0.0% (cumulative 0.0%)
completed cycles / episode  : 0.000
synthetic task reward       : 1100.000
shaping reward              : 188.652
learning reward             : 1288.652
episode length              : 473.6
abstract changes / episode  : 32.9
same abstract-state steps   : 93.0%
same-state shaping / episode: 0.000
changed-state shaping / ep. : 188.652
terminal shaping / episode  : 9.254
DFA transitions / episode   : 1.34
DFA transitions in window   : 1->2: 54, 2->3: 42, 3->4: 27, 4->5: 11
epsilon (next episode)       : 0.23689
replay buffer                : 300000 samples [1: 47.9%, 2: 27.6%, 3: 18.3%, 4: 6.2%, 5: 0.0%]
DFA state visits in window   : 1: 26758, 2: 10969, 3: 6918, 4: 2802, 5: 11
DFA state visits cumulative  : 1: 1454392, 2: 253987, 3: 154654, 4: 29605, 5: 67
DFA state entries in window  : 1: 100, 2: 54, 3: 42, 4: 27, 5: 11
DFA state entries cumulative : 1: 7200, 2: 1294, 3: 648, 4: 255, 5: 67
transitions cumulative       : 1->2: 1294, 2->3: 648, 3->4: 255, 4->5: 67
accepted directly from s0    : 0
Gym endings cumulative       : terminated=6782, truncated=352

[Episode 7300/12000 | last 100]
success rate                : 11.0% (cumulative 1.1%)
failure rate                : 0.0% (cumulative 0.0%)
completed cycles / episode  : 0.000
synthetic task reward       : 1100.000
shaping reward              : 11.293
learning reward             : 1111.293
episode length              : 344.1
abstract changes / episode  : 25.1
same abstract-state steps   : 92.7%
same-state shaping / episode: 0.000
changed-state shaping / ep. : 11.293
terminal shaping / episode  : 8.358
DFA transitions / episode   : 0.92
DFA transitions in window   : 1->2: 40, 2->3: 24, 3->4: 17, 4->5: 11
epsilon (next episode)       : 0.23220
replay buffer                : 300000 samples [1: 48.4%, 2: 27.6%, 3: 17.6%, 4: 6.3%, 5: 0.0%]
DFA state visits in window   : 1: 21799, 2: 7915, 3: 2936, 4: 1847, 5: 11
DFA state visits cumulative  : 1: 1476191, 2: 261902, 3: 157590, 4: 31452, 5: 78
DFA state entries in window  : 1: 100, 2: 40, 3: 24, 4: 17, 5: 11
DFA state entries cumulative : 1: 7300, 2: 1334, 3: 672, 4: 272, 5: 78
transitions cumulative       : 1->2: 1334, 2->3: 672, 3->4: 272, 4->5: 78
accepted directly from s0    : 0
Gym endings cumulative       : terminated=6870, truncated=353

[Episode 7400/12000 | last 100]
success rate                : 11.0% (cumulative 1.2%)
failure rate                : 0.0% (cumulative 0.0%)
completed cycles / episode  : 0.000
synthetic task reward       : 1100.000
shaping reward              : 94.517
learning reward             : 1194.517
episode length              : 394.3
abstract changes / episode  : 25.7
same abstract-state steps   : 93.5%
same-state shaping / episode: 0.000
changed-state shaping / ep. : 94.517
terminal shaping / episode  : 10.131
DFA transitions / episode   : 0.99
DFA transitions in window   : 1->2: 35, 2->3: 30, 3->4: 23, 4->5: 11
epsilon (next episode)       : 0.22760
replay buffer                : 300000 samples [1: 49.3%, 2: 26.7%, 3: 17.2%, 4: 6.7%, 5: 0.0%]
DFA state visits in window   : 1: 25659, 2: 7369, 3: 3870, 4: 2617, 5: 11
DFA state visits cumulative  : 1: 1501850, 2: 269271, 3: 161460, 4: 34069, 5: 89
DFA state entries in window  : 1: 100, 2: 35, 3: 30, 4: 23, 5: 11
DFA state entries cumulative : 1: 7400, 2: 1369, 3: 702, 4: 295, 5: 89
transitions cumulative       : 1->2: 1369, 2->3: 702, 3->4: 295, 4->5: 89
accepted directly from s0    : 0
Gym endings cumulative       : terminated=6953, truncated=359

[Episode 7500/12000 | last 100]
success rate                : 12.0% (cumulative 1.3%)
failure rate                : 0.0% (cumulative 0.0%)
completed cycles / episode  : 0.000
synthetic task reward       : 1200.000
shaping reward              : 128.565
learning reward             : 1328.565
episode length              : 500.4
abstract changes / episode  : 26.9
same abstract-state steps   : 94.6%
same-state shaping / episode: 0.000
changed-state shaping / ep. : 128.565
terminal shaping / episode  : 11.049
DFA transitions / episode   : 0.95
DFA transitions in window   : 1->2: 36, 2->3: 26, 3->4: 21, 4->5: 12
epsilon (next episode)       : 0.22310
replay buffer                : 300000 samples [1: 55.1%, 2: 23.1%, 3: 15.1%, 4: 6.7%, 5: 0.0%]
DFA state visits in window   : 1: 39059, 2: 6845, 3: 1897, 4: 2328, 5: 12
DFA state visits cumulative  : 1: 1540909, 2: 276116, 3: 163357, 4: 36397, 5: 101
DFA state entries in window  : 1: 100, 2: 36, 3: 26, 4: 21, 5: 12
DFA state entries cumulative : 1: 7500, 2: 1405, 3: 728, 4: 316, 5: 101
transitions cumulative       : 1->2: 1405, 2->3: 728, 3->4: 316, 4->5: 101
accepted directly from s0    : 0
Gym endings cumulative       : terminated=7026, truncated=374

Starting autonomous greedy evaluation at episode 7500 (1000 fixed-seed episodes)...
[Greedy evaluation at episode 7500 | 1000 fixed-seed episodes]
success=28.0%, failure=0.0%, task reward=2800.000, length=681.5
DFA transitions: 1->2: 372, 2->3: 326, 3->4: 324, 4->5: 280
Best policy updated from autonomous greedy evaluation at episode 7500.

[Episode 7600/12000 | last 100]
success rate                : 17.0% (cumulative 1.6%)
failure rate                : 0.0% (cumulative 0.0%)
completed cycles / episode  : 0.000
synthetic task reward       : 1700.000
shaping reward              : 138.269
learning reward             : 1838.269
episode length              : 432.6
abstract changes / episode  : 25.8
same abstract-state steps   : 94.0%
same-state shaping / episode: 0.000
changed-state shaping / ep. : 138.269
terminal shaping / episode  : 15.164
DFA transitions / episode   : 1.13
DFA transitions in window   : 1->2: 44, 2->3: 27, 3->4: 25, 4->5: 17
epsilon (next episode)       : 0.21868
replay buffer                : 300000 samples [1: 59.6%, 2: 21.1%, 3: 13.0%, 4: 6.3%, 5: 0.0%]
DFA state visits in window   : 1: 30802, 2: 6099, 3: 3767, 4: 2677, 5: 17
DFA state visits cumulative  : 1: 1571711, 2: 282215, 3: 167124, 4: 39074, 5: 118
DFA state entries in window  : 1: 100, 2: 44, 3: 27, 4: 25, 5: 17
DFA state entries cumulative : 1: 7600, 2: 1449, 3: 755, 4: 341, 5: 118
transitions cumulative       : 1->2: 1449, 2->3: 755, 3->4: 341, 4->5: 118
accepted directly from s0    : 0
Gym endings cumulative       : terminated=7099, truncated=384

[Episode 7700/12000 | last 100]
success rate                : 14.0% (cumulative 1.7%)
failure rate                : 0.0% (cumulative 0.0%)
completed cycles / episode  : 0.000
synthetic task reward       : 1400.000
shaping reward              : 125.568
learning reward             : 1525.568
episode length              : 328.3
abstract changes / episode  : 22.5
same abstract-state steps   : 93.1%
same-state shaping / episode: 0.000
changed-state shaping / ep. : 125.568
terminal shaping / episode  : 13.991
DFA transitions / episode   : 1.10
DFA transitions in window   : 1->2: 52, 2->3: 25, 3->4: 19, 4->5: 14
epsilon (next episode)       : 0.21435
replay buffer                : 300000 samples [1: 61.9%, 2: 20.4%, 3: 11.7%, 4: 6.0%, 5: 0.0%]
DFA state visits in window   : 1: 20017, 2: 8006, 3: 3274, 4: 1618, 5: 14
DFA state visits cumulative  : 1: 1591728, 2: 290221, 3: 170398, 4: 40692, 5: 132
DFA state entries in window  : 1: 100, 2: 52, 3: 25, 4: 19, 5: 14
DFA state entries cumulative : 1: 7700, 2: 1501, 3: 780, 4: 360, 5: 132
transitions cumulative       : 1->2: 1501, 2->3: 780, 3->4: 360, 4->5: 132
accepted directly from s0    : 0
Gym endings cumulative       : terminated=7181, truncated=388

[Episode 7800/12000 | last 100]
success rate                : 19.0% (cumulative 1.9%)
failure rate                : 0.0% (cumulative 0.0%)
completed cycles / episode  : 0.000
synthetic task reward       : 1900.000
shaping reward              : 182.392
learning reward             : 2082.392
episode length              : 324.5
abstract changes / episode  : 22.8
same abstract-state steps   : 93.0%
same-state shaping / episode: 0.000
changed-state shaping / ep. : 182.392
terminal shaping / episode  : 15.406
DFA transitions / episode   : 1.18
DFA transitions in window   : 1->2: 49, 2->3: 28, 3->4: 22, 4->5: 19
epsilon (next episode)       : 0.21010
replay buffer                : 300000 samples [1: 63.6%, 2: 20.1%, 3: 10.6%, 4: 5.8%, 5: 0.0%]
DFA state visits in window   : 1: 18814, 2: 7804, 3: 4023, 4: 1893, 5: 19
DFA state visits cumulative  : 1: 1610542, 2: 298025, 3: 174421, 4: 42585, 5: 151
DFA state entries in window  : 1: 100, 2: 49, 3: 28, 4: 22, 5: 19
DFA state entries cumulative : 1: 7800, 2: 1550, 3: 808, 4: 382, 5: 151
transitions cumulative       : 1->2: 1550, 2->3: 808, 3->4: 382, 4->5: 151
accepted directly from s0    : 0
Gym endings cumulative       : terminated=7259, truncated=391

[Episode 7900/12000 | last 100]
success rate                : 29.0% (cumulative 2.3%)
failure rate                : 0.0% (cumulative 0.0%)
completed cycles / episode  : 0.000
synthetic task reward       : 2900.000
shaping reward              : 283.292
learning reward             : 3183.292
episode length              : 401.9
abstract changes / episode  : 25.1
same abstract-state steps   : 93.8%
same-state shaping / episode: 0.000
changed-state shaping / ep. : 283.292
terminal shaping / episode  : 28.122
DFA transitions / episode   : 1.61
DFA transitions in window   : 1->2: 52, 2->3: 44, 3->4: 36, 4->5: 29
epsilon (next episode)       : 0.20594
replay buffer                : 300000 samples [1: 65.9%, 2: 19.2%, 3: 9.1%, 4: 5.8%, 5: 0.0%]
DFA state visits in window   : 1: 23552, 2: 9317, 3: 3943, 4: 3454, 5: 29
DFA state visits cumulative  : 1: 1634094, 2: 307342, 3: 178364, 4: 46039, 5: 180
DFA state entries in window  : 1: 100, 2: 52, 3: 44, 4: 36, 5: 29
DFA state entries cumulative : 1: 7900, 2: 1602, 3: 852, 4: 418, 5: 180
transitions cumulative       : 1->2: 1602, 2->3: 852, 3->4: 418, 4->5: 180
accepted directly from s0    : 0
Gym endings cumulative       : terminated=7328, truncated=393

[Episode 8000/12000 | last 100]
success rate                : 28.0% (cumulative 2.6%)
failure rate                : 0.0% (cumulative 0.0%)
completed cycles / episode  : 0.000
synthetic task reward       : 2800.000
shaping reward              : 205.383
learning reward             : 3005.383
episode length              : 403.5
abstract changes / episode  : 25.2
same abstract-state steps   : 93.8%
same-state shaping / episode: 0.000
changed-state shaping / ep. : 205.383
terminal shaping / episode  : 26.151
DFA transitions / episode   : 1.45
DFA transitions in window   : 1->2: 46, 2->3: 39, 3->4: 32, 4->5: 28
epsilon (next episode)       : 0.20186
replay buffer                : 300000 samples [1: 65.3%, 2: 19.3%, 3: 9.2%, 4: 6.2%, 5: 0.0%]
DFA state visits in window   : 1: 24246, 2: 8404, 3: 5087, 4: 2683, 5: 28
DFA state visits cumulative  : 1: 1658340, 2: 315746, 3: 183451, 4: 48722, 5: 208
DFA state entries in window  : 1: 100, 2: 46, 3: 39, 4: 32, 5: 28
DFA state entries cumulative : 1: 8000, 2: 1648, 3: 891, 4: 450, 5: 208
transitions cumulative       : 1->2: 1648, 2->3: 891, 3->4: 450, 4->5: 208
accepted directly from s0    : 0
Gym endings cumulative       : terminated=7399, truncated=394

Starting autonomous greedy evaluation at episode 8000 (1000 fixed-seed episodes)...
[Greedy evaluation at episode 8000 | 1000 fixed-seed episodes]
success=36.6%, failure=0.0%, task reward=3660.000, length=319.2
DFA transitions: 1->2: 417, 2->3: 385, 3->4: 366, 4->5: 366
Best policy updated from autonomous greedy evaluation at episode 8000.

[Episode 8100/12000 | last 100]
success rate                : 18.0% (cumulative 2.8%)
failure rate                : 0.0% (cumulative 0.0%)
completed cycles / episode  : 0.000
synthetic task reward       : 1800.000
shaping reward              : 50.531
learning reward             : 1850.531
episode length              : 338.1
abstract changes / episode  : 22.0
same abstract-state steps   : 93.5%
same-state shaping / episode: 0.000
changed-state shaping / ep. : 50.531
terminal shaping / episode  : 16.263
DFA transitions / episode   : 0.96
DFA transitions in window   : 1->2: 35, 2->3: 24, 3->4: 19, 4->5: 18
epsilon (next episode)       : 0.19787
replay buffer                : 300000 samples [1: 65.7%, 2: 19.1%, 3: 9.0%, 4: 6.2%, 5: 0.0%]
DFA state visits in window   : 1: 25242, 2: 4861, 3: 2106, 4: 1685, 5: 18
DFA state visits cumulative  : 1: 1683582, 2: 320607, 3: 185557, 4: 50407, 5: 226
DFA state entries in window  : 1: 100, 2: 35, 3: 24, 4: 19, 5: 18
DFA state entries cumulative : 1: 8100, 2: 1683, 3: 915, 4: 469, 5: 226
transitions cumulative       : 1->2: 1683, 2->3: 915, 3->4: 469, 4->5: 226
accepted directly from s0    : 0
Gym endings cumulative       : terminated=7480, truncated=395

[Episode 8200/12000 | last 100]
success rate                : 23.0% (cumulative 3.0%)
failure rate                : 0.0% (cumulative 0.0%)
completed cycles / episode  : 0.000
synthetic task reward       : 2300.000
shaping reward              : 103.004
learning reward             : 2403.004
episode length              : 323.3
abstract changes / episode  : 24.4
same abstract-state steps   : 92.5%
same-state shaping / episode: 0.000
changed-state shaping / ep. : 103.004
terminal shaping / episode  : 21.254
DFA transitions / episode   : 1.05
DFA transitions in window   : 1->2: 34, 2->3: 25, 3->4: 23, 4->5: 23
epsilon (next episode)       : 0.19395
replay buffer                : 300000 samples [1: 67.4%, 2: 18.2%, 3: 8.4%, 4: 6.0%, 5: 0.0%]
DFA state visits in window   : 1: 24427, 2: 4466, 3: 1554, 4: 1959, 5: 23
DFA state visits cumulative  : 1: 1708009, 2: 325073, 3: 187111, 4: 52366, 5: 249
DFA state entries in window  : 1: 100, 2: 34, 3: 25, 4: 23, 5: 23
DFA state entries cumulative : 1: 8200, 2: 1717, 3: 940, 4: 492, 5: 249
transitions cumulative       : 1->2: 1717, 2->3: 940, 3->4: 492, 4->5: 249
accepted directly from s0    : 0
Gym endings cumulative       : terminated=7557, truncated=395

[Episode 8300/12000 | last 100]
success rate                : 30.0% (cumulative 3.4%)
failure rate                : 0.0% (cumulative 0.0%)
completed cycles / episode  : 0.000
synthetic task reward       : 3000.000
shaping reward              : 148.415
learning reward             : 3148.415
episode length              : 334.2
abstract changes / episode  : 25.8
same abstract-state steps   : 92.3%
same-state shaping / episode: 0.000
changed-state shaping / ep. : 148.415
terminal shaping / episode  : 28.263
DFA transitions / episode   : 1.43
DFA transitions in window   : 1->2: 46, 2->3: 36, 3->4: 31, 4->5: 30
epsilon (next episode)       : 0.19011
replay buffer                : 300000 samples [1: 65.5%, 2: 19.0%, 3: 9.2%, 4: 6.3%, 5: 0.0%]
DFA state visits in window   : 1: 21186, 2: 6618, 3: 3252, 4: 2431, 5: 30
DFA state visits cumulative  : 1: 1729195, 2: 331691, 3: 190363, 4: 54797, 5: 279
DFA state entries in window  : 1: 100, 2: 46, 3: 36, 4: 31, 5: 30
DFA state entries cumulative : 1: 8300, 2: 1763, 3: 976, 4: 523, 5: 279
transitions cumulative       : 1->2: 1763, 2->3: 976, 3->4: 523, 4->5: 279
accepted directly from s0    : 0
Gym endings cumulative       : terminated=7627, truncated=395

[Episode 8400/12000 | last 100]
success rate                : 30.0% (cumulative 3.7%)
failure rate                : 0.0% (cumulative 0.0%)
completed cycles / episode  : 0.000
synthetic task reward       : 3000.000
shaping reward              : 183.381
learning reward             : 3183.381
episode length              : 340.2
abstract changes / episode  : 24.7
same abstract-state steps   : 92.7%
same-state shaping / episode: 0.000
changed-state shaping / ep. : 183.381
terminal shaping / episode  : 28.271
DFA transitions / episode   : 1.49
DFA transitions in window   : 1->2: 50, 2->3: 38, 3->4: 31, 4->5: 30
epsilon (next episode)       : 0.18634
replay buffer                : 300000 samples [1: 63.0%, 2: 20.6%, 3: 9.8%, 4: 6.6%, 5: 0.0%]
DFA state visits in window   : 1: 19583, 2: 8448, 3: 3581, 4: 2481, 5: 30
DFA state visits cumulative  : 1: 1748778, 2: 340139, 3: 193944, 4: 57278, 5: 309
DFA state entries in window  : 1: 100, 2: 50, 3: 38, 4: 31, 5: 30
DFA state entries cumulative : 1: 8400, 2: 1813, 3: 1014, 4: 554, 5: 309
transitions cumulative       : 1->2: 1813, 2->3: 1014, 3->4: 554, 4->5: 309
accepted directly from s0    : 0
Gym endings cumulative       : terminated=7697, truncated=395

[Episode 8500/12000 | last 100]
success rate                : 37.0% (cumulative 4.1%)
failure rate                : 0.0% (cumulative 0.0%)
completed cycles / episode  : 0.000
synthetic task reward       : 3700.000
shaping reward              : 320.030
learning reward             : 4020.030
episode length              : 352.9
abstract changes / episode  : 23.6
same abstract-state steps   : 93.3%
same-state shaping / episode: 0.000
changed-state shaping / ep. : 320.030
terminal shaping / episode  : 36.131
DFA transitions / episode   : 1.70
DFA transitions in window   : 1->2: 58, 2->3: 38, 3->4: 37, 4->5: 37
epsilon (next episode)       : 0.18265
replay buffer                : 300000 samples [1: 63.0%, 2: 20.8%, 3: 9.4%, 4: 6.8%, 5: 0.0%]
DFA state visits in window   : 1: 21378, 2: 8647, 3: 2377, 4: 2947, 5: 37
DFA state visits cumulative  : 1: 1770156, 2: 348786, 3: 196321, 4: 60225, 5: 346
DFA state entries in window  : 1: 100, 2: 58, 3: 38, 4: 37, 5: 37
DFA state entries cumulative : 1: 8500, 2: 1871, 3: 1052, 4: 591, 5: 346
transitions cumulative       : 1->2: 1871, 2->3: 1052, 3->4: 591, 4->5: 346
accepted directly from s0    : 0
Gym endings cumulative       : terminated=7759, truncated=396

Starting autonomous greedy evaluation at episode 8500 (1000 fixed-seed episodes)...
[Greedy evaluation at episode 8500 | 1000 fixed-seed episodes]
success=1.5%, failure=0.0%, task reward=150.000, length=654.1
DFA transitions: 1->2: 29, 2->3: 15, 3->4: 15, 4->5: 15

[Episode 8600/12000 | last 100]
success rate                : 19.0% (cumulative 4.2%)
failure rate                : 0.0% (cumulative 0.0%)
completed cycles / episode  : 0.000
synthetic task reward       : 1900.000
shaping reward              : 239.352
learning reward             : 2139.352
episode length              : 484.2
abstract changes / episode  : 25.6
same abstract-state steps   : 94.7%
same-state shaping / episode: 0.000
changed-state shaping / ep. : 239.352
terminal shaping / episode  : 15.148
DFA transitions / episode   : 1.26
DFA transitions in window   : 1->2: 43, 2->3: 32, 3->4: 32, 4->5: 19
epsilon (next episode)       : 0.17904
replay buffer                : 300000 samples [1: 66.1%, 2: 19.1%, 3: 7.9%, 4: 6.9%, 5: 0.0%]
DFA state visits in window   : 1: 37959, 2: 6076, 3: 1715, 4: 2752, 5: 19
DFA state visits cumulative  : 1: 1808115, 2: 354862, 3: 198036, 4: 62977, 5: 365
DFA state entries in window  : 1: 100, 2: 43, 3: 32, 4: 32, 5: 19
DFA state entries cumulative : 1: 8600, 2: 1914, 3: 1084, 4: 623, 5: 365
transitions cumulative       : 1->2: 1914, 2->3: 1084, 3->4: 623, 4->5: 365
accepted directly from s0    : 0
Gym endings cumulative       : terminated=7827, truncated=409

[Episode 8700/12000 | last 100]
success rate                : 40.0% (cumulative 4.7%)
failure rate                : 0.0% (cumulative 0.0%)
completed cycles / episode  : 0.000
synthetic task reward       : 4000.000
shaping reward              : 366.059
learning reward             : 4366.059
episode length              : 428.1
abstract changes / episode  : 25.6
same abstract-state steps   : 94.0%
same-state shaping / episode: 0.000
changed-state shaping / ep. : 366.059
terminal shaping / episode  : 39.010
DFA transitions / episode   : 1.88
DFA transitions in window   : 1->2: 55, 2->3: 47, 3->4: 46, 4->5: 40
epsilon (next episode)       : 0.17549
replay buffer                : 300000 samples [1: 67.0%, 2: 18.6%, 3: 7.6%, 4: 6.8%, 5: 0.0%]
DFA state visits in window   : 1: 27835, 2: 8321, 3: 3096, 4: 3621, 5: 40
DFA state visits cumulative  : 1: 1835950, 2: 363183, 3: 201132, 4: 66598, 5: 405
DFA state entries in window  : 1: 100, 2: 55, 3: 47, 4: 46, 5: 40
DFA state entries cumulative : 1: 8700, 2: 1969, 3: 1131, 4: 669, 5: 405
transitions cumulative       : 1->2: 1969, 2->3: 1131, 3->4: 669, 4->5: 405
accepted directly from s0    : 0
Gym endings cumulative       : terminated=7885, truncated=411

[Episode 8800/12000 | last 100]
success rate                : 34.0% (cumulative 5.0%)
failure rate                : 0.0% (cumulative 0.0%)
completed cycles / episode  : 0.000
synthetic task reward       : 3400.000
shaping reward              : 240.714
learning reward             : 3640.714
episode length              : 335.6
abstract changes / episode  : 22.8
same abstract-state steps   : 93.2%
same-state shaping / episode: 0.000
changed-state shaping / ep. : 240.714
terminal shaping / episode  : 33.131
DFA transitions / episode   : 1.58
DFA transitions in window   : 1->2: 51, 2->3: 38, 3->4: 35, 4->5: 34
epsilon (next episode)       : 0.17201
replay buffer                : 300000 samples [1: 67.7%, 2: 18.4%, 3: 6.8%, 4: 7.0%, 5: 0.0%]
DFA state visits in window   : 1: 21847, 2: 6436, 3: 2481, 4: 2864, 5: 34
DFA state visits cumulative  : 1: 1857797, 2: 369619, 3: 203613, 4: 69462, 5: 439
DFA state entries in window  : 1: 100, 2: 51, 3: 38, 4: 35, 5: 34
DFA state entries cumulative : 1: 8800, 2: 2020, 3: 1169, 4: 704, 5: 439
transitions cumulative       : 1->2: 2020, 2->3: 1169, 3->4: 704, 4->5: 439
accepted directly from s0    : 0
Gym endings cumulative       : terminated=7951, truncated=411

[Episode 8900/12000 | last 100]
success rate                : 35.0% (cumulative 5.3%)
failure rate                : 0.0% (cumulative 0.0%)
completed cycles / episode  : 0.000
synthetic task reward       : 3500.000
shaping reward              : 298.891
learning reward             : 3798.891
episode length              : 369.9
abstract changes / episode  : 25.1
same abstract-state steps   : 93.2%
same-state shaping / episode: 0.000
changed-state shaping / ep. : 298.891
terminal shaping / episode  : 33.254
DFA transitions / episode   : 1.71
DFA transitions in window   : 1->2: 58, 2->3: 41, 3->4: 37, 4->5: 35
epsilon (next episode)       : 0.16861
replay buffer                : 300000 samples [1: 66.2%, 2: 19.3%, 3: 7.1%, 4: 7.3%, 5: 0.0%]
DFA state visits in window   : 1: 22038, 2: 8898, 3: 3324, 4: 2792, 5: 35
DFA state visits cumulative  : 1: 1879835, 2: 378517, 3: 206937, 4: 72254, 5: 474
DFA state entries in window  : 1: 100, 2: 58, 3: 41, 4: 37, 5: 35
DFA state entries cumulative : 1: 8900, 2: 2078, 3: 1210, 4: 741, 5: 474
transitions cumulative       : 1->2: 2078, 2->3: 1210, 3->4: 741, 4->5: 474
accepted directly from s0    : 0
Gym endings cumulative       : terminated=8012, truncated=415

[Episode 9000/12000 | last 100]
success rate                : 46.0% (cumulative 5.8%)
failure rate                : 0.0% (cumulative 0.0%)
completed cycles / episode  : 0.000
synthetic task reward       : 4600.000
shaping reward              : 355.478
learning reward             : 4955.478
episode length              : 378.8
abstract changes / episode  : 26.9
same abstract-state steps   : 92.9%
same-state shaping / episode: 0.000
changed-state shaping / ep. : 355.478
terminal shaping / episode  : 44.218
DFA transitions / episode   : 2.07
DFA transitions in window   : 1->2: 62, 2->3: 52, 3->4: 47, 4->5: 46
epsilon (next episode)       : 0.16527
replay buffer                : 300000 samples [1: 63.8%, 2: 20.8%, 3: 7.7%, 4: 7.8%, 5: 0.0%]
DFA state visits in window   : 1: 21227, 2: 9544, 3: 3548, 4: 3610, 5: 46
DFA state visits cumulative  : 1: 1901062, 2: 388061, 3: 210485, 4: 75864, 5: 520
DFA state entries in window  : 1: 100, 2: 62, 3: 52, 4: 47, 5: 46
DFA state entries cumulative : 1: 9000, 2: 2140, 3: 1262, 4: 788, 5: 520
transitions cumulative       : 1->2: 2140, 2->3: 1262, 3->4: 788, 4->5: 520
accepted directly from s0    : 0
Gym endings cumulative       : terminated=8065, truncated=416

Starting autonomous greedy evaluation at episode 9000 (1000 fixed-seed episodes)...
[Greedy evaluation at episode 9000 | 1000 fixed-seed episodes]
success=11.7%, failure=0.0%, task reward=1170.000, length=327.0
DFA transitions: 1->2: 141, 2->3: 124, 3->4: 117, 4->5: 117

[Episode 9100/12000 | last 100]
success rate                : 43.0% (cumulative 6.2%)
failure rate                : 0.0% (cumulative 0.0%)
completed cycles / episode  : 0.000
synthetic task reward       : 4300.000
shaping reward              : 296.407
learning reward             : 4596.407
episode length              : 343.1
abstract changes / episode  : 22.9
same abstract-state steps   : 93.3%
same-state shaping / episode: 0.000
changed-state shaping / ep. : 296.407
terminal shaping / episode  : 41.236
DFA transitions / episode   : 1.85
DFA transitions in window   : 1->2: 52, 2->3: 46, 3->4: 44, 4->5: 43
epsilon (next episode)       : 0.16200
replay buffer                : 300000 samples [1: 63.4%, 2: 21.0%, 3: 7.5%, 4: 8.1%, 5: 0.0%]
DFA state visits in window   : 1: 20559, 2: 7481, 3: 2745, 4: 3585, 5: 43
DFA state visits cumulative  : 1: 1921621, 2: 395542, 3: 213230, 4: 79449, 5: 563
DFA state entries in window  : 1: 100, 2: 52, 3: 46, 4: 44, 5: 43
DFA state entries cumulative : 1: 9100, 2: 2192, 3: 1308, 4: 832, 5: 563
transitions cumulative       : 1->2: 2192, 2->3: 1308, 3->4: 832, 4->5: 563
accepted directly from s0    : 0
Gym endings cumulative       : terminated=8122, truncated=416

[Episode 9200/12000 | last 100]
success rate                : 23.0% (cumulative 6.4%)
failure rate                : 0.0% (cumulative 0.0%)
completed cycles / episode  : 0.000
synthetic task reward       : 2300.000
shaping reward              : 76.499
learning reward             : 2376.499
episode length              : 292.5
abstract changes / episode  : 16.0
same abstract-state steps   : 94.5%
same-state shaping / episode: 0.000
changed-state shaping / ep. : 76.499
terminal shaping / episode  : 22.991
DFA transitions / episode   : 1.07
DFA transitions in window   : 1->2: 34, 2->3: 25, 3->4: 25, 4->5: 23
epsilon (next episode)       : 0.15879
replay buffer                : 300000 samples [1: 64.3%, 2: 20.5%, 3: 7.2%, 4: 8.1%, 5: 0.0%]
DFA state visits in window   : 1: 19860, 2: 5606, 3: 2001, 4: 1859, 5: 23
DFA state visits cumulative  : 1: 1941481, 2: 401148, 3: 215231, 4: 81308, 5: 586
DFA state entries in window  : 1: 100, 2: 34, 3: 25, 4: 25, 5: 23
DFA state entries cumulative : 1: 9200, 2: 2226, 3: 1333, 4: 857, 5: 586
transitions cumulative       : 1->2: 2226, 2->3: 1333, 3->4: 857, 4->5: 586
accepted directly from s0    : 0
Gym endings cumulative       : terminated=8198, truncated=417

[Episode 9300/12000 | last 100]
success rate                : 45.0% (cumulative 6.8%)
failure rate                : 0.0% (cumulative 0.0%)
completed cycles / episode  : 0.000
synthetic task reward       : 4500.000
shaping reward              : 353.496
learning reward             : 4853.496
episode length              : 368.2
abstract changes / episode  : 23.3
same abstract-state steps   : 93.7%
same-state shaping / episode: 0.000
changed-state shaping / ep. : 353.496
terminal shaping / episode  : 45.000
DFA transitions / episode   : 1.90
DFA transitions in window   : 1->2: 52, 2->3: 48, 3->4: 45, 4->5: 45
epsilon (next episode)       : 0.15564
replay buffer                : 300000 samples [1: 64.5%, 2: 20.0%, 3: 7.4%, 4: 8.1%, 5: 0.0%]
DFA state visits in window   : 1: 22503, 2: 7575, 3: 3432, 4: 3363, 5: 45
DFA state visits cumulative  : 1: 1963984, 2: 408723, 3: 218663, 4: 84671, 5: 631
DFA state entries in window  : 1: 100, 2: 52, 3: 48, 4: 45, 5: 45
DFA state entries cumulative : 1: 9300, 2: 2278, 3: 1381, 4: 902, 5: 631
transitions cumulative       : 1->2: 2278, 2->3: 1381, 3->4: 902, 4->5: 631
accepted directly from s0    : 0
Gym endings cumulative       : terminated=8253, truncated=417

[Episode 9400/12000 | last 100]
success rate                : 53.0% (cumulative 7.3%)
failure rate                : 0.0% (cumulative 0.0%)
completed cycles / episode  : 0.000
synthetic task reward       : 5300.000
shaping reward              : 482.611
learning reward             : 5782.611
episode length              : 402.1
abstract changes / episode  : 25.1
same abstract-state steps   : 93.8%
same-state shaping / episode: 0.000
changed-state shaping / ep. : 482.611
terminal shaping / episode  : 53.000
DFA transitions / episode   : 2.28
DFA transitions in window   : 1->2: 63, 2->3: 57, 3->4: 55, 4->5: 53
epsilon (next episode)       : 0.15256
replay buffer                : 300000 samples [1: 60.9%, 2: 22.0%, 3: 8.2%, 4: 8.9%, 5: 0.0%]
DFA state visits in window   : 1: 22705, 2: 10062, 3: 3371, 4: 4117, 5: 53
DFA state visits cumulative  : 1: 1986689, 2: 418785, 3: 222034, 4: 88788, 5: 684
DFA state entries in window  : 1: 100, 2: 63, 3: 57, 4: 55, 5: 53
DFA state entries cumulative : 1: 9400, 2: 2341, 3: 1438, 4: 957, 5: 684
transitions cumulative       : 1->2: 2341, 2->3: 1438, 3->4: 957, 4->5: 684
accepted directly from s0    : 0
Gym endings cumulative       : terminated=8300, truncated=417

[Episode 9500/12000 | last 100]
success rate                : 45.0% (cumulative 7.7%)
failure rate                : 0.0% (cumulative 0.0%)
completed cycles / episode  : 0.000
synthetic task reward       : 4500.000
shaping reward              : 462.935
learning reward             : 4962.935
episode length              : 385.8
abstract changes / episode  : 24.8
same abstract-state steps   : 93.6%
same-state shaping / episode: 0.000
changed-state shaping / ep. : 462.935
terminal shaping / episode  : 44.131
DFA transitions / episode   : 2.18
DFA transitions in window   : 1->2: 61, 2->3: 56, 3->4: 56, 4->5: 45
epsilon (next episode)       : 0.14954
replay buffer                : 300000 samples [1: 59.0%, 2: 22.7%, 3: 8.8%, 4: 9.4%, 5: 0.0%]
DFA state visits in window   : 1: 20062, 2: 9640, 3: 4532, 4: 4405, 5: 45
DFA state visits cumulative  : 1: 2006751, 2: 428425, 3: 226566, 4: 93193, 5: 729
DFA state entries in window  : 1: 100, 2: 61, 3: 56, 4: 56, 5: 45
DFA state entries cumulative : 1: 9500, 2: 2402, 3: 1494, 4: 1013, 5: 729
transitions cumulative       : 1->2: 2402, 2->3: 1494, 3->4: 1013, 4->5: 729
accepted directly from s0    : 0
Gym endings cumulative       : terminated=8355, truncated=417

Starting autonomous greedy evaluation at episode 9500 (1000 fixed-seed episodes)...
[Greedy evaluation at episode 9500 | 1000 fixed-seed episodes]
success=38.1%, failure=0.0%, task reward=3810.000, length=520.0
DFA transitions: 1->2: 761, 2->3: 742, 3->4: 738, 4->5: 381
Best policy updated from autonomous greedy evaluation at episode 9500.

[Episode 9600/12000 | last 100]
success rate                : 59.0% (cumulative 8.2%)
failure rate                : 0.0% (cumulative 0.0%)
completed cycles / episode  : 0.000
synthetic task reward       : 5900.000
shaping reward              : 579.567
learning reward             : 6479.567
episode length              : 446.0
abstract changes / episode  : 27.8
same abstract-state steps   : 93.8%
same-state shaping / episode: 0.000
changed-state shaping / ep. : 579.567
terminal shaping / episode  : 54.473
DFA transitions / episode   : 2.64
DFA transitions in window   : 1->2: 72, 2->3: 67, 3->4: 66, 4->5: 59
epsilon (next episode)       : 0.14658
replay buffer                : 300000 samples [1: 58.1%, 2: 23.3%, 3: 9.1%, 4: 9.5%, 5: 0.0%]
DFA state visits in window   : 1: 24415, 2: 11079, 3: 4235, 4: 4911, 5: 59
DFA state visits cumulative  : 1: 2031166, 2: 439504, 3: 230801, 4: 98104, 5: 788
DFA state entries in window  : 1: 100, 2: 72, 3: 67, 4: 66, 5: 59
DFA state entries cumulative : 1: 9600, 2: 2474, 3: 1561, 4: 1079, 5: 788
transitions cumulative       : 1->2: 2474, 2->3: 1561, 3->4: 1079, 4->5: 788
accepted directly from s0    : 0
Gym endings cumulative       : terminated=8395, truncated=418

[Episode 9700/12000 | last 100]
success rate                : 67.0% (cumulative 8.8%)
failure rate                : 0.0% (cumulative 0.0%)
completed cycles / episode  : 0.000
synthetic task reward       : 6700.000
shaping reward              : 636.142
learning reward             : 7336.142
episode length              : 414.9
abstract changes / episode  : 25.7
same abstract-state steps   : 93.8%
same-state shaping / episode: 0.000
changed-state shaping / ep. : 636.142
terminal shaping / episode  : 63.296
DFA transitions / episode   : 2.89
DFA transitions in window   : 1->2: 76, 2->3: 73, 3->4: 73, 4->5: 67
epsilon (next episode)       : 0.14368
replay buffer                : 300000 samples [1: 56.0%, 2: 24.1%, 3: 9.5%, 4: 10.4%, 5: 0.0%]
DFA state visits in window   : 1: 19125, 2: 12057, 3: 4858, 4: 5488, 5: 67
DFA state visits cumulative  : 1: 2050291, 2: 451561, 3: 235659, 4: 103592, 5: 855
DFA state entries in window  : 1: 100, 2: 76, 3: 73, 4: 73, 5: 67
DFA state entries cumulative : 1: 9700, 2: 2550, 3: 1634, 4: 1152, 5: 855
transitions cumulative       : 1->2: 2550, 2->3: 1634, 3->4: 1152, 4->5: 855
accepted directly from s0    : 0
Gym endings cumulative       : terminated=8428, truncated=418

[Episode 9800/12000 | last 100]
success rate                : 66.0% (cumulative 9.4%)
failure rate                : 0.0% (cumulative 0.0%)
completed cycles / episode  : 0.000
synthetic task reward       : 6600.000
shaping reward              : 570.196
learning reward             : 7170.196
episode length              : 387.2
abstract changes / episode  : 25.8
same abstract-state steps   : 93.3%
same-state shaping / episode: 0.000
changed-state shaping / ep. : 570.196
terminal shaping / episode  : 66.000
DFA transitions / episode   : 2.77
DFA transitions in window   : 1->2: 75, 2->3: 69, 3->4: 67, 4->5: 66
epsilon (next episode)       : 0.14083
replay buffer                : 300000 samples [1: 55.2%, 2: 24.4%, 3: 9.6%, 4: 10.8%, 5: 0.0%]
DFA state visits in window   : 1: 19060, 2: 10687, 3: 3938, 4: 5073, 5: 66
DFA state visits cumulative  : 1: 2069351, 2: 462248, 3: 239597, 4: 108665, 5: 921
DFA state entries in window  : 1: 100, 2: 75, 3: 69, 4: 67, 5: 66
DFA state entries cumulative : 1: 9800, 2: 2625, 3: 1703, 4: 1219, 5: 921
transitions cumulative       : 1->2: 2625, 2->3: 1703, 3->4: 1219, 4->5: 921
accepted directly from s0    : 0
Gym endings cumulative       : terminated=8462, truncated=418

[Episode 9900/12000 | last 100]
success rate                : 51.0% (cumulative 9.8%)
failure rate                : 0.0% (cumulative 0.0%)
completed cycles / episode  : 0.000
synthetic task reward       : 5100.000
shaping reward              : 444.962
learning reward             : 5544.962
episode length              : 369.9
abstract changes / episode  : 25.6
same abstract-state steps   : 93.1%
same-state shaping / episode: 0.000
changed-state shaping / ep. : 444.962
terminal shaping / episode  : 49.263
DFA transitions / episode   : 2.26
DFA transitions in window   : 1->2: 67, 2->3: 55, 3->4: 53, 4->5: 51
epsilon (next episode)       : 0.13804
replay buffer                : 300000 samples [1: 55.0%, 2: 24.6%, 3: 9.6%, 4: 10.8%, 5: 0.0%]
DFA state visits in window   : 1: 21039, 2: 8572, 3: 3496, 4: 3934, 5: 51
DFA state visits cumulative  : 1: 2090390, 2: 470820, 3: 243093, 4: 112599, 5: 972
DFA state entries in window  : 1: 100, 2: 67, 3: 55, 4: 53, 5: 51
DFA state entries cumulative : 1: 9900, 2: 2692, 3: 1758, 4: 1272, 5: 972
transitions cumulative       : 1->2: 2692, 2->3: 1758, 3->4: 1272, 4->5: 972
accepted directly from s0    : 0
Gym endings cumulative       : terminated=8511, truncated=418

[Episode 10000/12000 | last 100]
success rate                : 57.0% (cumulative 10.3%)
failure rate                : 0.0% (cumulative 0.0%)
completed cycles / episode  : 0.000
synthetic task reward       : 5700.000
shaping reward              : 529.897
learning reward             : 6229.897
episode length              : 411.0
abstract changes / episode  : 27.4
same abstract-state steps   : 93.3%
same-state shaping / episode: 0.000
changed-state shaping / ep. : 529.897
terminal shaping / episode  : 55.180
DFA transitions / episode   : 2.52
DFA transitions in window   : 1->2: 70, 2->3: 64, 3->4: 61, 4->5: 57
epsilon (next episode)       : 0.13531
replay buffer                : 300000 samples [1: 53.3%, 2: 25.0%, 3: 10.3%, 4: 11.4%, 5: 0.0%]
DFA state visits in window   : 1: 22492, 2: 8970, 3: 5281, 4: 4404, 5: 57
DFA state visits cumulative  : 1: 2112882, 2: 479790, 3: 248374, 4: 117003, 5: 1029
DFA state entries in window  : 1: 100, 2: 70, 3: 64, 4: 61, 5: 57
DFA state entries cumulative : 1: 10000, 2: 2762, 3: 1822, 4: 1333, 5: 1029
transitions cumulative       : 1->2: 2762, 2->3: 1822, 3->4: 1333, 4->5: 1029
accepted directly from s0    : 0
Gym endings cumulative       : terminated=8553, truncated=419

Starting autonomous greedy evaluation at episode 10000 (1000 fixed-seed episodes)...
[Greedy evaluation at episode 10000 | 1000 fixed-seed episodes]
success=19.4%, failure=0.0%, task reward=1940.000, length=310.7
DFA transitions: 1->2: 595, 2->3: 249, 3->4: 238, 4->5: 194

[Episode 10100/12000 | last 100]
success rate                : 56.0% (cumulative 10.7%)
failure rate                : 0.0% (cumulative 0.0%)
completed cycles / episode  : 0.000
synthetic task reward       : 5600.000
shaping reward              : 519.582
learning reward             : 6119.582
episode length              : 351.8
abstract changes / episode  : 26.2
same abstract-state steps   : 92.6%
same-state shaping / episode: 0.000
changed-state shaping / ep. : 519.582
terminal shaping / episode  : 56.000
DFA transitions / episode   : 2.43
DFA transitions in window   : 1->2: 69, 2->3: 61, 3->4: 57, 4->5: 56
epsilon (next episode)       : 0.13263
replay buffer                : 300000 samples [1: 52.0%, 2: 25.4%, 3: 10.9%, 4: 11.7%, 5: 0.0%]
DFA state visits in window   : 1: 17688, 2: 8960, 3: 4405, 4: 4174, 5: 56
DFA state visits cumulative  : 1: 2130570, 2: 488750, 3: 252779, 4: 121177, 5: 1085
DFA state entries in window  : 1: 100, 2: 69, 3: 61, 4: 57, 5: 56
DFA state entries cumulative : 1: 10100, 2: 2831, 3: 1883, 4: 1390, 5: 1085
transitions cumulative       : 1->2: 2831, 2->3: 1883, 3->4: 1390, 4->5: 1085
accepted directly from s0    : 0
Gym endings cumulative       : terminated=8596, truncated=420

[Episode 10200/12000 | last 100]
success rate                : 46.0% (cumulative 11.1%)
failure rate                : 0.0% (cumulative 0.0%)
completed cycles / episode  : 0.000
synthetic task reward       : 4600.000
shaping reward              : 321.998
learning reward             : 4921.998
episode length              : 346.4
abstract changes / episode  : 24.1
same abstract-state steps   : 93.0%
same-state shaping / episode: 0.000
changed-state shaping / ep. : 321.998
terminal shaping / episode  : 46.000
DFA transitions / episode   : 1.93
DFA transitions in window   : 1->2: 55, 2->3: 46, 3->4: 46, 4->5: 46
epsilon (next episode)       : 0.13000
replay buffer                : 300000 samples [1: 52.9%, 2: 24.9%, 3: 10.8%, 4: 11.4%, 5: 0.0%]
DFA state visits in window   : 1: 21781, 2: 7170, 3: 2490, 4: 3255, 5: 46
DFA state visits cumulative  : 1: 2152351, 2: 495920, 3: 255269, 4: 124432, 5: 1131
DFA state entries in window  : 1: 100, 2: 55, 3: 46, 4: 46, 5: 46
DFA state entries cumulative : 1: 10200, 2: 2886, 3: 1929, 4: 1436, 5: 1131
transitions cumulative       : 1->2: 2886, 2->3: 1929, 3->4: 1436, 4->5: 1131
accepted directly from s0    : 0
Gym endings cumulative       : terminated=8648, truncated=422

[Episode 10300/12000 | last 100]
success rate                : 63.0% (cumulative 11.6%)
failure rate                : 0.0% (cumulative 0.0%)
completed cycles / episode  : 0.000
synthetic task reward       : 6300.000
shaping reward              : 568.405
learning reward             : 6868.405
episode length              : 391.2
abstract changes / episode  : 25.5
same abstract-state steps   : 93.5%
same-state shaping / episode: 0.000
changed-state shaping / ep. : 568.405
terminal shaping / episode  : 63.000
DFA transitions / episode   : 2.59
DFA transitions in window   : 1->2: 68, 2->3: 65, 3->4: 63, 4->5: 63
epsilon (next episode)       : 0.12743
replay buffer                : 300000 samples [1: 53.0%, 2: 24.8%, 3: 10.6%, 4: 11.6%, 5: 0.0%]
DFA state visits in window   : 1: 21094, 2: 9614, 3: 3710, 4: 4739, 5: 63
DFA state visits cumulative  : 1: 2173445, 2: 505534, 3: 258979, 4: 129171, 5: 1194
DFA state entries in window  : 1: 100, 2: 68, 3: 65, 4: 63, 5: 63
DFA state entries cumulative : 1: 10300, 2: 2954, 3: 1994, 4: 1499, 5: 1194
transitions cumulative       : 1->2: 2954, 2->3: 1994, 3->4: 1499, 4->5: 1194
accepted directly from s0    : 0
Gym endings cumulative       : terminated=8684, truncated=423

[Episode 10400/12000 | last 100]
success rate                : 80.0% (cumulative 12.2%)
failure rate                : 0.0% (cumulative 0.0%)
completed cycles / episode  : 0.000
synthetic task reward       : 8000.000
shaping reward              : 769.853
learning reward             : 8769.853
episode length              : 392.1
abstract changes / episode  : 27.2
same abstract-state steps   : 93.1%
same-state shaping / episode: 0.000
changed-state shaping / ep. : 769.853
terminal shaping / episode  : 80.000
DFA transitions / episode   : 3.25
DFA transitions in window   : 1->2: 84, 2->3: 81, 3->4: 80, 4->5: 80
epsilon (next episode)       : 0.12490
replay buffer                : 300000 samples [1: 51.9%, 2: 25.2%, 3: 10.8%, 4: 12.1%, 5: 0.0%]
DFA state visits in window   : 1: 16987, 2: 11319, 3: 4994, 4: 5931, 5: 80
DFA state visits cumulative  : 1: 2190432, 2: 516853, 3: 263973, 4: 135102, 5: 1274
DFA state entries in window  : 1: 100, 2: 84, 3: 81, 4: 80, 5: 80
DFA state entries cumulative : 1: 10400, 2: 3038, 3: 2075, 4: 1579, 5: 1274
transitions cumulative       : 1->2: 3038, 2->3: 2075, 3->4: 1579, 4->5: 1274
accepted directly from s0    : 0
Gym endings cumulative       : terminated=8703, truncated=424

[Episode 10500/12000 | last 100]
success rate                : 72.0% (cumulative 12.8%)
failure rate                : 0.0% (cumulative 0.0%)
completed cycles / episode  : 0.000
synthetic task reward       : 7200.000
shaping reward              : 646.882
learning reward             : 7846.882
episode length              : 384.8
abstract changes / episode  : 26.3
same abstract-state steps   : 93.2%
same-state shaping / episode: 0.000
changed-state shaping / ep. : 646.882
terminal shaping / episode  : 72.000
DFA transitions / episode   : 2.94
DFA transitions in window   : 1->2: 76, 2->3: 73, 3->4: 73, 4->5: 72
epsilon (next episode)       : 0.12243
replay buffer                : 300000 samples [1: 52.1%, 2: 25.0%, 3: 10.8%, 4: 12.1%, 5: 0.0%]
DFA state visits in window   : 1: 17907, 2: 10873, 3: 4430, 4: 5299, 5: 72
DFA state visits cumulative  : 1: 2208339, 2: 527726, 3: 268403, 4: 140401, 5: 1346
DFA state entries in window  : 1: 100, 2: 76, 3: 73, 4: 73, 5: 72
DFA state entries cumulative : 1: 10500, 2: 3114, 3: 2148, 4: 1652, 5: 1346
transitions cumulative       : 1->2: 3114, 2->3: 2148, 3->4: 1652, 4->5: 1346
accepted directly from s0    : 0
Gym endings cumulative       : terminated=8731, truncated=424

Starting autonomous greedy evaluation at episode 10500 (1000 fixed-seed episodes)...
[Greedy evaluation at episode 10500 | 1000 fixed-seed episodes]
success=76.6%, failure=0.0%, task reward=7660.000, length=363.8
DFA transitions: 1->2: 777, 2->3: 772, 3->4: 767, 4->5: 766
Best policy updated from autonomous greedy evaluation at episode 10500.

[Episode 10600/12000 | last 100]
success rate                : 41.0% (cumulative 13.1%)
failure rate                : 0.0% (cumulative 0.0%)
completed cycles / episode  : 0.000
synthetic task reward       : 4100.000
shaping reward              : 390.244
learning reward             : 4490.244
episode length              : 386.5
abstract changes / episode  : 26.8
same abstract-state steps   : 93.1%
same-state shaping / episode: 0.000
changed-state shaping / ep. : 390.244
terminal shaping / episode  : 38.181
DFA transitions / episode   : 2.30
DFA transitions in window   : 1->2: 67, 2->3: 62, 3->4: 60, 4->5: 41
epsilon (next episode)       : 0.12001
replay buffer                : 300000 samples [1: 52.3%, 2: 24.6%, 3: 11.0%, 4: 12.1%, 5: 0.0%]
DFA state visits in window   : 1: 19842, 2: 9187, 3: 4590, 4: 5089, 5: 41
DFA state visits cumulative  : 1: 2228181, 2: 536913, 3: 272993, 4: 145490, 5: 1387
DFA state entries in window  : 1: 100, 2: 67, 3: 62, 4: 60, 5: 41
DFA state entries cumulative : 1: 10600, 2: 3181, 3: 2210, 4: 1712, 5: 1387
transitions cumulative       : 1->2: 3181, 2->3: 2210, 3->4: 1712, 4->5: 1387
accepted directly from s0    : 0
Gym endings cumulative       : terminated=8788, truncated=426

[Episode 10700/12000 | last 100]
success rate                : 33.0% (cumulative 13.3%)
failure rate                : 0.0% (cumulative 0.0%)
completed cycles / episode  : 0.000
synthetic task reward       : 3300.000
shaping reward              : 366.525
learning reward             : 3666.525
episode length              : 350.3
abstract changes / episode  : 26.1
same abstract-state steps   : 92.5%
same-state shaping / episode: 0.000
changed-state shaping / ep. : 366.525
terminal shaping / episode  : 32.049
DFA transitions / episode   : 2.05
DFA transitions in window   : 1->2: 64, 2->3: 57, 3->4: 51, 4->5: 33
epsilon (next episode)       : 0.11763
replay buffer                : 300000 samples [1: 51.5%, 2: 24.9%, 3: 11.4%, 4: 12.2%, 5: 0.0%]
DFA state visits in window   : 1: 17595, 2: 8955, 3: 4523, 4: 4023, 5: 33
DFA state visits cumulative  : 1: 2245776, 2: 545868, 3: 277516, 4: 149513, 5: 1420
DFA state entries in window  : 1: 100, 2: 64, 3: 57, 4: 51, 5: 33
DFA state entries cumulative : 1: 10700, 2: 3245, 3: 2267, 4: 1763, 5: 1420
transitions cumulative       : 1->2: 3245, 2->3: 2267, 3->4: 1763, 4->5: 1420
accepted directly from s0    : 0
Gym endings cumulative       : terminated=8853, truncated=428

[Episode 10800/12000 | last 100]
success rate                : 64.0% (cumulative 13.7%)
failure rate                : 0.0% (cumulative 0.0%)
completed cycles / episode  : 0.000
synthetic task reward       : 6400.000
shaping reward              : 608.706
learning reward             : 7008.706
episode length              : 376.9
abstract changes / episode  : 29.4
same abstract-state steps   : 92.2%
same-state shaping / episode: 0.000
changed-state shaping / ep. : 608.706
terminal shaping / episode  : 61.284
DFA transitions / episode   : 2.89
DFA transitions in window   : 1->2: 81, 2->3: 76, 3->4: 68, 4->5: 64
epsilon (next episode)       : 0.11530
replay buffer                : 300000 samples [1: 50.0%, 2: 25.4%, 3: 11.9%, 4: 12.7%, 5: 0.0%]
DFA state visits in window   : 1: 16301, 2: 9986, 3: 6112, 4: 5327, 5: 64
DFA state visits cumulative  : 1: 2262077, 2: 555854, 3: 283628, 4: 154840, 5: 1484
DFA state entries in window  : 1: 100, 2: 81, 3: 76, 4: 68, 5: 64
DFA state entries cumulative : 1: 10800, 2: 3326, 3: 2343, 4: 1831, 5: 1484
transitions cumulative       : 1->2: 3326, 2->3: 2343, 3->4: 1831, 4->5: 1484
accepted directly from s0    : 0
Gym endings cumulative       : terminated=8889, truncated=428

[Episode 10900/12000 | last 100]
success rate                : 31.0% (cumulative 13.9%)
failure rate                : 0.0% (cumulative 0.0%)
completed cycles / episode  : 0.000
synthetic task reward       : 3100.000
shaping reward              : 149.240
learning reward             : 3249.240
episode length              : 324.5
abstract changes / episode  : 22.8
same abstract-state steps   : 93.0%
same-state shaping / episode: 0.000
changed-state shaping / ep. : 149.240
terminal shaping / episode  : 31.000
DFA transitions / episode   : 1.48
DFA transitions in window   : 1->2: 46, 2->3: 39, 3->4: 32, 4->5: 31
epsilon (next episode)       : 0.11302
replay buffer                : 300000 samples [1: 50.4%, 2: 25.1%, 3: 12.2%, 4: 12.3%, 5: 0.0%]
DFA state visits in window   : 1: 17601, 2: 6942, 3: 5391, 4: 2586, 5: 31
DFA state visits cumulative  : 1: 2279678, 2: 562796, 3: 289019, 4: 157426, 5: 1515
DFA state entries in window  : 1: 100, 2: 46, 3: 39, 4: 32, 5: 31
DFA state entries cumulative : 1: 10900, 2: 3372, 3: 2382, 4: 1863, 5: 1515
transitions cumulative       : 1->2: 3372, 2->3: 2382, 3->4: 1863, 4->5: 1515
accepted directly from s0    : 0
Gym endings cumulative       : terminated=8956, truncated=430

[Episode 11000/12000 | last 100]
success rate                : 25.0% (cumulative 14.0%)
failure rate                : 0.0% (cumulative 0.0%)
completed cycles / episode  : 0.000
synthetic task reward       : 2500.000
shaping reward              : 118.060
learning reward             : 2618.060
episode length              : 294.8
abstract changes / episode  : 22.6
same abstract-state steps   : 92.3%
same-state shaping / episode: 0.000
changed-state shaping / ep. : 118.060
terminal shaping / episode  : 25.000
DFA transitions / episode   : 1.33
DFA transitions in window   : 1->2: 48, 2->3: 33, 3->4: 27, 4->5: 25
epsilon (next episode)       : 0.11078
replay buffer                : 300000 samples [1: 50.7%, 2: 25.1%, 3: 12.2%, 4: 11.9%, 5: 0.0%]
DFA state visits in window   : 1: 17521, 2: 7353, 3: 2614, 4: 2063, 5: 25
DFA state visits cumulative  : 1: 2297199, 2: 570149, 3: 291633, 4: 159489, 5: 1540
DFA state entries in window  : 1: 100, 2: 48, 3: 33, 4: 27, 5: 25
DFA state entries cumulative : 1: 11000, 2: 3420, 3: 2415, 4: 1890, 5: 1540
transitions cumulative       : 1->2: 3420, 2->3: 2415, 3->4: 1890, 4->5: 1540
accepted directly from s0    : 0
Gym endings cumulative       : terminated=9030, truncated=431

Starting autonomous greedy evaluation at episode 11000 (1000 fixed-seed episodes)...
[Greedy evaluation at episode 11000 | 1000 fixed-seed episodes]
success=27.3%, failure=0.0%, task reward=2730.000, length=368.0
DFA transitions: 1->2: 396, 2->3: 305, 3->4: 285, 4->5: 273

[Episode 11100/12000 | last 100]
success rate                : 39.0% (cumulative 14.2%)
failure rate                : 0.0% (cumulative 0.0%)
completed cycles / episode  : 0.000
synthetic task reward       : 3900.000
shaping reward              : 250.391
learning reward             : 4150.391
episode length              : 314.3
abstract changes / episode  : 22.4
same abstract-state steps   : 92.9%
same-state shaping / episode: 0.000
changed-state shaping / ep. : 250.391
terminal shaping / episode  : 37.236
DFA transitions / episode   : 1.75
DFA transitions in window   : 1->2: 53, 2->3: 43, 3->4: 40, 4->5: 39
epsilon (next episode)       : 0.10858
replay buffer                : 300000 samples [1: 50.1%, 2: 25.7%, 3: 12.3%, 4: 11.9%, 5: 0.0%]
DFA state visits in window   : 1: 18149, 2: 7964, 3: 2297, 4: 3083, 5: 39
DFA state visits cumulative  : 1: 2315348, 2: 578113, 3: 293930, 4: 162572, 5: 1579
DFA state entries in window  : 1: 100, 2: 53, 3: 43, 4: 40, 5: 39
DFA state entries cumulative : 1: 11100, 2: 3473, 3: 2458, 4: 1930, 5: 1579
transitions cumulative       : 1->2: 3473, 2->3: 2458, 3->4: 1930, 4->5: 1579
accepted directly from s0    : 0
Gym endings cumulative       : terminated=9088, truncated=434

[Episode 11200/12000 | last 100]
success rate                : 54.0% (cumulative 14.6%)
failure rate                : 0.0% (cumulative 0.0%)
completed cycles / episode  : 0.000
synthetic task reward       : 5400.000
shaping reward              : 452.170
learning reward             : 5852.170
episode length              : 369.4
abstract changes / episode  : 23.4
same abstract-state steps   : 93.7%
same-state shaping / episode: 0.000
changed-state shaping / ep. : 452.170
terminal shaping / episode  : 53.086
DFA transitions / episode   : 2.29
DFA transitions in window   : 1->2: 64, 2->3: 56, 3->4: 55, 4->5: 54
epsilon (next episode)       : 0.10643
replay buffer                : 300000 samples [1: 51.3%, 2: 25.1%, 3: 12.1%, 4: 11.5%, 5: 0.0%]
DFA state visits in window   : 1: 19899, 2: 8368, 3: 4502, 4: 4212, 5: 54
DFA state visits cumulative  : 1: 2335247, 2: 586481, 3: 298432, 4: 166784, 5: 1633
DFA state entries in window  : 1: 100, 2: 64, 3: 56, 4: 55, 5: 54
DFA state entries cumulative : 1: 11200, 2: 3537, 3: 2514, 4: 1985, 5: 1633
transitions cumulative       : 1->2: 3537, 2->3: 2514, 3->4: 1985, 4->5: 1633
accepted directly from s0    : 0
Gym endings cumulative       : terminated=9127, truncated=441

[Episode 11300/12000 | last 100]
success rate                : 57.0% (cumulative 15.0%)
failure rate                : 0.0% (cumulative 0.0%)
completed cycles / episode  : 0.000
synthetic task reward       : 5700.000
shaping reward              : 534.850
learning reward             : 6234.850
episode length              : 330.6
abstract changes / episode  : 24.7
same abstract-state steps   : 92.5%
same-state shaping / episode: 0.000
changed-state shaping / ep. : 534.850
terminal shaping / episode  : 57.000
DFA transitions / episode   : 2.44
DFA transitions in window   : 1->2: 66, 2->3: 61, 3->4: 60, 4->5: 57
epsilon (next episode)       : 0.10433
replay buffer                : 300000 samples [1: 51.7%, 2: 24.5%, 3: 12.3%, 4: 11.5%, 5: 0.0%]
DFA state visits in window   : 1: 16986, 2: 7710, 3: 3805, 4: 4602, 5: 57
DFA state visits cumulative  : 1: 2352233, 2: 594191, 3: 302237, 4: 171386, 5: 1690
DFA state entries in window  : 1: 100, 2: 66, 3: 61, 4: 60, 5: 57
DFA state entries cumulative : 1: 11300, 2: 3603, 3: 2575, 4: 2045, 5: 1690
transitions cumulative       : 1->2: 3603, 2->3: 2575, 3->4: 2045, 4->5: 1690
accepted directly from s0    : 0
Gym endings cumulative       : terminated=9169, truncated=442

[Episode 11400/12000 | last 100]
success rate                : 63.0% (cumulative 15.4%)
failure rate                : 0.0% (cumulative 0.0%)
completed cycles / episode  : 0.000
synthetic task reward       : 6300.000
shaping reward              : 707.404
learning reward             : 7007.404
episode length              : 373.4
abstract changes / episode  : 27.5
same abstract-state steps   : 92.6%
same-state shaping / episode: 0.000
changed-state shaping / ep. : 707.404
terminal shaping / episode  : 61.030
DFA transitions / episode   : 2.89
DFA transitions in window   : 1->2: 80, 2->3: 75, 3->4: 71, 4->5: 63
epsilon (next episode)       : 0.10226
replay buffer                : 300000 samples [1: 51.2%, 2: 24.5%, 3: 12.6%, 4: 11.7%, 5: 0.0%]
DFA state visits in window   : 1: 16789, 2: 9472, 3: 5696, 4: 5424, 5: 63
DFA state visits cumulative  : 1: 2369022, 2: 603663, 3: 307933, 4: 176810, 5: 1753
DFA state entries in window  : 1: 100, 2: 80, 3: 75, 4: 71, 5: 63
DFA state entries cumulative : 1: 11400, 2: 3683, 3: 2650, 4: 2116, 5: 1753
transitions cumulative       : 1->2: 3683, 2->3: 2650, 3->4: 2116, 4->5: 1753
accepted directly from s0    : 0
Gym endings cumulative       : terminated=9206, truncated=442

[Episode 11500/12000 | last 100]
success rate                : 60.0% (cumulative 15.8%)
failure rate                : 0.0% (cumulative 0.0%)
completed cycles / episode  : 0.000
synthetic task reward       : 6000.000
shaping reward              : 629.967
learning reward             : 6629.967
episode length              : 357.0
abstract changes / episode  : 26.3
same abstract-state steps   : 92.6%
same-state shaping / episode: 0.000
changed-state shaping / ep. : 629.967
terminal shaping / episode  : 58.141
DFA transitions / episode   : 2.73
DFA transitions in window   : 1->2: 74, 2->3: 70, 3->4: 69, 4->5: 60
epsilon (next episode)       : 0.10024
replay buffer                : 300000 samples [1: 51.0%, 2: 24.5%, 3: 12.6%, 4: 11.9%, 5: 0.0%]
DFA state visits in window   : 1: 17013, 2: 9422, 3: 3784, 4: 5521, 5: 60
DFA state visits cumulative  : 1: 2386035, 2: 613085, 3: 311717, 4: 182331, 5: 1813
DFA state entries in window  : 1: 100, 2: 74, 3: 70, 4: 69, 5: 60
DFA state entries cumulative : 1: 11500, 2: 3757, 3: 2720, 4: 2185, 5: 1813
transitions cumulative       : 1->2: 3757, 2->3: 2720, 3->4: 2185, 4->5: 1813
accepted directly from s0    : 0
Gym endings cumulative       : terminated=9246, truncated=442

Starting autonomous greedy evaluation at episode 11500 (1000 fixed-seed episodes)...
[Greedy evaluation at episode 11500 | 1000 fixed-seed episodes]
success=49.7%, failure=0.0%, task reward=4970.000, length=451.8
DFA transitions: 1->2: 508, 2->3: 501, 3->4: 499, 4->5: 497

[Episode 11600/12000 | last 100]
success rate                : 49.0% (cumulative 16.1%)
failure rate                : 0.0% (cumulative 0.0%)
completed cycles / episode  : 0.000
synthetic task reward       : 4900.000
shaping reward              : 542.219
learning reward             : 5442.219
episode length              : 354.3
abstract changes / episode  : 24.8
same abstract-state steps   : 93.0%
same-state shaping / episode: 0.000
changed-state shaping / ep. : 542.219
terminal shaping / episode  : 49.000
DFA transitions / episode   : 2.38
DFA transitions in window   : 1->2: 67, 2->3: 64, 3->4: 58, 4->5: 49
epsilon (next episode)       : 0.09825
replay buffer                : 300000 samples [1: 51.0%, 2: 24.5%, 3: 12.6%, 4: 11.9%, 5: 0.0%]
DFA state visits in window   : 1: 17231, 2: 9279, 3: 4518, 4: 4449, 5: 49
DFA state visits cumulative  : 1: 2403266, 2: 622364, 3: 316235, 4: 186780, 5: 1862
DFA state entries in window  : 1: 100, 2: 67, 3: 64, 4: 58, 5: 49
DFA state entries cumulative : 1: 11600, 2: 3824, 3: 2784, 4: 2243, 5: 1862
transitions cumulative       : 1->2: 3824, 2->3: 2784, 3->4: 2243, 4->5: 1862
accepted directly from s0    : 0
Gym endings cumulative       : terminated=9295, truncated=444

[Episode 11700/12000 | last 100]
success rate                : 16.0% (cumulative 16.1%)
failure rate                : 0.0% (cumulative 0.0%)
completed cycles / episode  : 0.000
synthetic task reward       : 1600.000
shaping reward              : 120.858
learning reward             : 1720.858
episode length              : 247.9
abstract changes / episode  : 16.8
same abstract-state steps   : 93.2%
same-state shaping / episode: 0.000
changed-state shaping / ep. : 120.858
terminal shaping / episode  : 13.331
DFA transitions / episode   : 0.89
DFA transitions in window   : 1->2: 31, 2->3: 22, 3->4: 20, 4->5: 16
epsilon (next episode)       : 0.09631
replay buffer                : 300000 samples [1: 53.5%, 2: 23.3%, 3: 11.7%, 4: 11.4%, 5: 0.0%]
DFA state visits in window   : 1: 18628, 2: 2908, 3: 1717, 4: 1623, 5: 16
DFA state visits cumulative  : 1: 2421894, 2: 625272, 3: 317952, 4: 188403, 5: 1878
DFA state entries in window  : 1: 100, 2: 31, 3: 22, 4: 20, 5: 16
DFA state entries cumulative : 1: 11700, 2: 3855, 3: 2806, 4: 2263, 5: 1878
transitions cumulative       : 1->2: 3855, 2->3: 2806, 3->4: 2263, 4->5: 1878
accepted directly from s0    : 0
Gym endings cumulative       : terminated=9379, truncated=444

[Episode 11800/12000 | last 100]
success rate                : 32.0% (cumulative 16.2%)
failure rate                : 0.0% (cumulative 0.0%)
completed cycles / episode  : 0.000
synthetic task reward       : 3200.000
shaping reward              : 189.557
learning reward             : 3389.557
episode length              : 280.6
abstract changes / episode  : 20.9
same abstract-state steps   : 92.6%
same-state shaping / episode: 0.000
changed-state shaping / ep. : 189.557
terminal shaping / episode  : 29.394
DFA transitions / episode   : 1.42
DFA transitions in window   : 1->2: 41, 2->3: 35, 3->4: 34, 4->5: 32
epsilon (next episode)       : 0.09440
replay buffer                : 300000 samples [1: 54.4%, 2: 23.4%, 3: 10.9%, 4: 11.3%, 5: 0.0%]
DFA state visits in window   : 1: 17601, 2: 5563, 3: 2405, 4: 2561, 5: 32
DFA state visits cumulative  : 1: 2439495, 2: 630835, 3: 320357, 4: 190964, 5: 1910
DFA state entries in window  : 1: 100, 2: 41, 3: 35, 4: 34, 5: 32
DFA state entries cumulative : 1: 11800, 2: 3896, 3: 2841, 4: 2297, 5: 1910
transitions cumulative       : 1->2: 3896, 2->3: 2841, 3->4: 2297, 4->5: 1910
accepted directly from s0    : 0
Gym endings cumulative       : terminated=9447, truncated=444

[Episode 11900/12000 | last 100]
success rate                : 47.0% (cumulative 16.4%)
failure rate                : 0.0% (cumulative 0.0%)
completed cycles / episode  : 0.000
synthetic task reward       : 4700.000
shaping reward              : 433.458
learning reward             : 5133.458
episode length              : 381.4
abstract changes / episode  : 29.3
same abstract-state steps   : 92.3%
same-state shaping / episode: 0.000
changed-state shaping / ep. : 433.458
terminal shaping / episode  : 44.267
DFA transitions / episode   : 2.36
DFA transitions in window   : 1->2: 72, 2->3: 62, 3->4: 55, 4->5: 47
epsilon (next episode)       : 0.09253
replay buffer                : 300000 samples [1: 52.3%, 2: 24.1%, 3: 11.7%, 4: 11.9%, 5: 0.0%]
DFA state visits in window   : 1: 15387, 2: 11908, 3: 6646, 4: 4255, 5: 47
DFA state visits cumulative  : 1: 2454882, 2: 642743, 3: 327003, 4: 195219, 5: 1957
DFA state entries in window  : 1: 100, 2: 72, 3: 62, 4: 55, 5: 47
DFA state entries cumulative : 1: 11900, 2: 3968, 3: 2903, 4: 2352, 5: 1957
transitions cumulative       : 1->2: 3968, 2->3: 2903, 3->4: 2352, 4->5: 1957
accepted directly from s0    : 0
Gym endings cumulative       : terminated=9498, truncated=446

[Episode 12000/12000 | last 100]
success rate                : 42.0% (cumulative 16.7%)
failure rate                : 0.0% (cumulative 0.0%)
completed cycles / episode  : 0.000
synthetic task reward       : 4200.000
shaping reward              : 322.770
learning reward             : 4522.770
episode length              : 301.7
abstract changes / episode  : 22.1
same abstract-state steps   : 92.7%
same-state shaping / episode: 0.000
changed-state shaping / ep. : 322.770
terminal shaping / episode  : 37.547
DFA transitions / episode   : 1.97
DFA transitions in window   : 1->2: 56, 2->3: 50, 3->4: 49, 4->5: 42
epsilon (next episode)       : 0.09070
replay buffer                : 300000 samples [1: 51.2%, 2: 24.6%, 3: 12.0%, 4: 12.2%, 5: 0.0%]
DFA state visits in window   : 1: 14139, 2: 9360, 3: 2929, 4: 3804, 5: 42
DFA state visits cumulative  : 1: 2469021, 2: 652103, 3: 329932, 4: 199023, 5: 1999
DFA state entries in window  : 1: 100, 2: 56, 3: 50, 4: 49, 5: 42
DFA state entries cumulative : 1: 12000, 2: 4024, 3: 2953, 4: 2401, 5: 1999
transitions cumulative       : 1->2: 4024, 2->3: 2953, 3->4: 2401, 4->5: 1999
accepted directly from s0    : 0
Gym endings cumulative       : terminated=9556, truncated=446

Starting autonomous greedy evaluation at episode 12000 (1000 fixed-seed episodes)...
[Greedy evaluation at episode 12000 | 1000 fixed-seed episodes]
success=39.3%, failure=0.0%, task reward=3930.000, length=287.2
DFA transitions: 1->2: 432, 2->3: 394, 3->4: 393, 4->5: 393
Last policy saved after episode 12000. Best greedy evaluation: episode 10500, mean task reward=7660.000
