
=== NEW RUN ===
episodes=12000, shaping=True, goal_reward=10000.0, gamma=0.99
gamma_shaping=1.0, shaping_formula=gamma_shaping*Phi(next)-Phi(state)
ground_unbiased_learner=False
eval_interval=500, eval_episodes=1000, eval_seed=100000
inter_level_shaping=False, inter_level_formula=gamma*Phi(next)-Phi(state)
task_type=ltlf, task=F(wp1 & X(F(wp2 & X(F(wp3 & X(F(g1)))))))
regions={wp1: {'center': [-0.75, 1.0625], 'radius': 0.1}, wp2: {'center': [0, 0.6875], 'radius': 0.1}, wp3: {'center': [0, 1.0625], 'radius': 0.1}, g1: {'center': [0.75, 1.0625], 'radius': 0.1}}
dfa_states=[1, 2, 3, 4, 5], pre_trace=1, accepting=[5], failure=[]

[Episode 1/12000 | last 1]
success rate                : 0.0% (cumulative 0.0%)
failure rate                : 0.0% (cumulative 0.0%)
completed cycles / episode  : 0.000
synthetic task reward       : 0.000
shaping reward              : -352.799
learning reward             : -352.799
episode length              : 66.0
abstract changes / episode  : 13.0
same abstract-state steps   : 80.3%
same-state shaping / episode: 0.000
changed-state shaping / ep. : -352.799
terminal shaping / episode  : 0.000
DFA transitions / episode   : 0.00
DFA transitions in window   : none
epsilon (next episode)       : 0.99980
replay buffer                : 66 samples [1: 100.0%, 2: 0.0%, 3: 0.0%, 4: 0.0%, 5: 0.0%]
DFA state visits in window   : 1: 67, 2: 0, 3: 0, 4: 0, 5: 0
DFA state visits cumulative  : 1: 67, 2: 0, 3: 0, 4: 0, 5: 0
DFA state entries in window  : 1: 1, 2: 0, 3: 0, 4: 0, 5: 0
DFA state entries cumulative : 1: 1, 2: 0, 3: 0, 4: 0, 5: 0
transitions cumulative       : none
accepted directly from s0    : 0
Gym endings cumulative       : terminated=1, truncated=0

[Episode 100/12000 | last 100]
success rate                : 0.0% (cumulative 0.0%)
failure rate                : 0.0% (cumulative 0.0%)
completed cycles / episode  : 0.000
synthetic task reward       : 0.000
shaping reward              : -400.546
learning reward             : -400.546
episode length              : 94.3
abstract changes / episode  : 12.8
same abstract-state steps   : 86.4%
same-state shaping / episode: 0.000
changed-state shaping / ep. : -400.546
terminal shaping / episode  : -1.737
DFA transitions / episode   : 0.00
DFA transitions in window   : none
epsilon (next episode)       : 0.98020
replay buffer                : 9430 samples [1: 100.0%, 2: 0.0%, 3: 0.0%, 4: 0.0%, 5: 0.0%]
DFA state visits in window   : 1: 9530, 2: 0, 3: 0, 4: 0, 5: 0
DFA state visits cumulative  : 1: 9530, 2: 0, 3: 0, 4: 0, 5: 0
DFA state entries in window  : 1: 100, 2: 0, 3: 0, 4: 0, 5: 0
DFA state entries cumulative : 1: 100, 2: 0, 3: 0, 4: 0, 5: 0
transitions cumulative       : none
accepted directly from s0    : 0
Gym endings cumulative       : terminated=100, truncated=0

[Episode 200/12000 | last 100]
success rate                : 0.0% (cumulative 0.0%)
failure rate                : 0.0% (cumulative 0.0%)
completed cycles / episode  : 0.000
synthetic task reward       : 0.000
shaping reward              : -383.773
learning reward             : -383.773
episode length              : 103.3
abstract changes / episode  : 12.9
same abstract-state steps   : 87.5%
same-state shaping / episode: 0.000
changed-state shaping / ep. : -383.773
terminal shaping / episode  : -2.606
DFA transitions / episode   : 0.00
DFA transitions in window   : none
epsilon (next episode)       : 0.96079
replay buffer                : 19765 samples [1: 100.0%, 2: 0.0%, 3: 0.0%, 4: 0.0%, 5: 0.0%]
DFA state visits in window   : 1: 10435, 2: 0, 3: 0, 4: 0, 5: 0
DFA state visits cumulative  : 1: 19965, 2: 0, 3: 0, 4: 0, 5: 0
DFA state entries in window  : 1: 100, 2: 0, 3: 0, 4: 0, 5: 0
DFA state entries cumulative : 1: 200, 2: 0, 3: 0, 4: 0, 5: 0
transitions cumulative       : none
accepted directly from s0    : 0
Gym endings cumulative       : terminated=199, truncated=1

[Episode 300/12000 | last 100]
success rate                : 0.0% (cumulative 0.0%)
failure rate                : 0.0% (cumulative 0.0%)
completed cycles / episode  : 0.000
synthetic task reward       : 0.000
shaping reward              : -376.743
learning reward             : -376.743
episode length              : 102.7
abstract changes / episode  : 12.8
same abstract-state steps   : 87.5%
same-state shaping / episode: 0.000
changed-state shaping / ep. : -376.743
terminal shaping / episode  : -0.869
DFA transitions / episode   : 0.01
DFA transitions in window   : 1->2: 1
epsilon (next episode)       : 0.94176
replay buffer                : 30033 samples [1: 99.8%, 2: 0.2%, 3: 0.0%, 4: 0.0%, 5: 0.0%]
DFA state visits in window   : 1: 10316, 2: 52, 3: 0, 4: 0, 5: 0
DFA state visits cumulative  : 1: 30281, 2: 52, 3: 0, 4: 0, 5: 0
DFA state entries in window  : 1: 100, 2: 1, 3: 0, 4: 0, 5: 0
DFA state entries cumulative : 1: 300, 2: 1, 3: 0, 4: 0, 5: 0
transitions cumulative       : 1->2: 1
accepted directly from s0    : 0
Gym endings cumulative       : terminated=298, truncated=2

[Episode 400/12000 | last 100]
success rate                : 0.0% (cumulative 0.0%)
failure rate                : 0.0% (cumulative 0.0%)
completed cycles / episode  : 0.000
synthetic task reward       : 0.000
shaping reward              : -390.866
learning reward             : -390.866
episode length              : 113.2
abstract changes / episode  : 13.0
same abstract-state steps   : 88.5%
same-state shaping / episode: 0.000
changed-state shaping / ep. : -390.866
terminal shaping / episode  : -3.502
DFA transitions / episode   : 0.01
DFA transitions in window   : 1->2: 1
epsilon (next episode)       : 0.92311
replay buffer                : 41356 samples [1: 99.8%, 2: 0.2%, 3: 0.0%, 4: 0.0%, 5: 0.0%]
DFA state visits in window   : 1: 11396, 2: 27, 3: 0, 4: 0, 5: 0
DFA state visits cumulative  : 1: 41677, 2: 79, 3: 0, 4: 0, 5: 0
DFA state entries in window  : 1: 100, 2: 1, 3: 0, 4: 0, 5: 0
DFA state entries cumulative : 1: 400, 2: 2, 3: 0, 4: 0, 5: 0
transitions cumulative       : 1->2: 2
accepted directly from s0    : 0
Gym endings cumulative       : terminated=396, truncated=4

[Episode 500/12000 | last 100]
success rate                : 0.0% (cumulative 0.0%)
failure rate                : 0.0% (cumulative 0.0%)
completed cycles / episode  : 0.000
synthetic task reward       : 0.000
shaping reward              : -366.973
learning reward             : -366.973
episode length              : 95.4
abstract changes / episode  : 12.7
same abstract-state steps   : 86.7%
same-state shaping / episode: 0.000
changed-state shaping / ep. : -366.973
terminal shaping / episode  : -3.493
DFA transitions / episode   : 0.03
DFA transitions in window   : 1->2: 3
epsilon (next episode)       : 0.90483
replay buffer                : 50892 samples [1: 99.7%, 2: 0.3%, 3: 0.0%, 4: 0.0%, 5: 0.0%]
DFA state visits in window   : 1: 9568, 2: 68, 3: 0, 4: 0, 5: 0
DFA state visits cumulative  : 1: 51245, 2: 147, 3: 0, 4: 0, 5: 0
DFA state entries in window  : 1: 100, 2: 3, 3: 0, 4: 0, 5: 0
DFA state entries cumulative : 1: 500, 2: 5, 3: 0, 4: 0, 5: 0
transitions cumulative       : 1->2: 5
accepted directly from s0    : 0
Gym endings cumulative       : terminated=496, truncated=4

Starting autonomous greedy evaluation at episode 500 (1000 fixed-seed episodes)...
[Greedy evaluation at episode 500 | 1000 fixed-seed episodes]
success=0.0%, failure=0.0%, task reward=0.000, length=219.8
DFA transitions: 1->2: 8
Best policy updated from autonomous greedy evaluation at episode 500.

[Episode 600/12000 | last 100]
success rate                : 0.0% (cumulative 0.0%)
failure rate                : 0.0% (cumulative 0.0%)
completed cycles / episode  : 0.000
synthetic task reward       : 0.000
shaping reward              : -390.183
learning reward             : -390.183
episode length              : 101.9
abstract changes / episode  : 13.1
same abstract-state steps   : 87.1%
same-state shaping / episode: 0.000
changed-state shaping / ep. : -390.183
terminal shaping / episode  : -0.869
DFA transitions / episode   : 0.02
DFA transitions in window   : 1->2: 2
epsilon (next episode)       : 0.88691
replay buffer                : 61085 samples [1: 99.7%, 2: 0.3%, 3: 0.0%, 4: 0.0%, 5: 0.0%]
DFA state visits in window   : 1: 10227, 2: 66, 3: 0, 4: 0, 5: 0
DFA state visits cumulative  : 1: 61472, 2: 213, 3: 0, 4: 0, 5: 0
DFA state entries in window  : 1: 100, 2: 2, 3: 0, 4: 0, 5: 0
DFA state entries cumulative : 1: 600, 2: 7, 3: 0, 4: 0, 5: 0
transitions cumulative       : 1->2: 7
accepted directly from s0    : 0
Gym endings cumulative       : terminated=596, truncated=4

[Episode 700/12000 | last 100]
success rate                : 0.0% (cumulative 0.0%)
failure rate                : 0.0% (cumulative 0.0%)
completed cycles / episode  : 0.000
synthetic task reward       : 0.000
shaping reward              : -386.290
learning reward             : -386.290
episode length              : 101.9
abstract changes / episode  : 13.0
same abstract-state steps   : 87.2%
same-state shaping / episode: 0.000
changed-state shaping / ep. : -386.290
terminal shaping / episode  : -0.869
DFA transitions / episode   : 0.01
DFA transitions in window   : 1->2: 1
epsilon (next episode)       : 0.86935
replay buffer                : 71276 samples [1: 99.7%, 2: 0.3%, 3: 0.0%, 4: 0.0%, 5: 0.0%]
DFA state visits in window   : 1: 10265, 2: 26, 3: 0, 4: 0, 5: 0
DFA state visits cumulative  : 1: 71737, 2: 239, 3: 0, 4: 0, 5: 0
DFA state entries in window  : 1: 100, 2: 1, 3: 0, 4: 0, 5: 0
DFA state entries cumulative : 1: 700, 2: 8, 3: 0, 4: 0, 5: 0
transitions cumulative       : 1->2: 8
accepted directly from s0    : 0
Gym endings cumulative       : terminated=696, truncated=4

[Episode 800/12000 | last 100]
success rate                : 0.0% (cumulative 0.0%)
failure rate                : 0.0% (cumulative 0.0%)
completed cycles / episode  : 0.000
synthetic task reward       : 0.000
shaping reward              : -386.467
learning reward             : -386.467
episode length              : 102.0
abstract changes / episode  : 12.9
same abstract-state steps   : 87.3%
same-state shaping / episode: 0.000
changed-state shaping / ep. : -386.467
terminal shaping / episode  : -0.869
DFA transitions / episode   : 0.01
DFA transitions in window   : 1->2: 1
epsilon (next episode)       : 0.85213
replay buffer                : 81473 samples [1: 99.7%, 2: 0.3%, 3: 0.0%, 4: 0.0%, 5: 0.0%]
DFA state visits in window   : 1: 10272, 2: 25, 3: 0, 4: 0, 5: 0
DFA state visits cumulative  : 1: 82009, 2: 264, 3: 0, 4: 0, 5: 0
DFA state entries in window  : 1: 100, 2: 1, 3: 0, 4: 0, 5: 0
DFA state entries cumulative : 1: 800, 2: 9, 3: 0, 4: 0, 5: 0
transitions cumulative       : 1->2: 9
accepted directly from s0    : 0
Gym endings cumulative       : terminated=796, truncated=4

[Episode 900/12000 | last 100]
success rate                : 0.0% (cumulative 0.0%)
failure rate                : 0.0% (cumulative 0.0%)
completed cycles / episode  : 0.000
synthetic task reward       : 0.000
shaping reward              : -375.218
learning reward             : -375.218
episode length              : 101.7
abstract changes / episode  : 12.7
same abstract-state steps   : 87.5%
same-state shaping / episode: 0.000
changed-state shaping / ep. : -375.218
terminal shaping / episode  : -1.773
DFA transitions / episode   : 0.01
DFA transitions in window   : 1->2: 1
epsilon (next episode)       : 0.83526
replay buffer                : 91645 samples [1: 99.7%, 2: 0.3%, 3: 0.0%, 4: 0.0%, 5: 0.0%]
DFA state visits in window   : 1: 10257, 2: 15, 3: 0, 4: 0, 5: 0
DFA state visits cumulative  : 1: 92266, 2: 279, 3: 0, 4: 0, 5: 0
DFA state entries in window  : 1: 100, 2: 1, 3: 0, 4: 0, 5: 0
DFA state entries cumulative : 1: 900, 2: 10, 3: 0, 4: 0, 5: 0
transitions cumulative       : 1->2: 10
accepted directly from s0    : 0
Gym endings cumulative       : terminated=896, truncated=4

[Episode 1000/12000 | last 100]
success rate                : 0.0% (cumulative 0.0%)
failure rate                : 0.0% (cumulative 0.0%)
completed cycles / episode  : 0.000
synthetic task reward       : 0.000
shaping reward              : -372.541
learning reward             : -372.541
episode length              : 106.9
abstract changes / episode  : 12.9
same abstract-state steps   : 87.9%
same-state shaping / episode: 0.000
changed-state shaping / ep. : -372.541
terminal shaping / episode  : -0.869
DFA transitions / episode   : 0.01
DFA transitions in window   : 1->2: 1
epsilon (next episode)       : 0.81871
replay buffer                : 102332 samples [1: 99.7%, 2: 0.3%, 3: 0.0%, 4: 0.0%, 5: 0.0%]
DFA state visits in window   : 1: 10756, 2: 31, 3: 0, 4: 0, 5: 0
DFA state visits cumulative  : 1: 103022, 2: 310, 3: 0, 4: 0, 5: 0
DFA state entries in window  : 1: 100, 2: 1, 3: 0, 4: 0, 5: 0
DFA state entries cumulative : 1: 1000, 2: 11, 3: 0, 4: 0, 5: 0
transitions cumulative       : 1->2: 11
accepted directly from s0    : 0
Gym endings cumulative       : terminated=996, truncated=4

Starting autonomous greedy evaluation at episode 1000 (1000 fixed-seed episodes)...
[Greedy evaluation at episode 1000 | 1000 fixed-seed episodes]
success=0.0%, failure=0.0%, task reward=0.000, length=257.8
DFA transitions: 1->2: 19

[Episode 1100/12000 | last 100]
success rate                : 0.0% (cumulative 0.0%)
failure rate                : 0.0% (cumulative 0.0%)
completed cycles / episode  : 0.000
synthetic task reward       : 0.000
shaping reward              : -352.743
learning reward             : -352.743
episode length              : 107.8
abstract changes / episode  : 12.7
same abstract-state steps   : 88.2%
same-state shaping / episode: 0.000
changed-state shaping / ep. : -352.743
terminal shaping / episode  : -2.615
DFA transitions / episode   : 0.06
DFA transitions in window   : 1->2: 6
epsilon (next episode)       : 0.80250
replay buffer                : 113109 samples [1: 99.6%, 2: 0.4%, 3: 0.0%, 4: 0.0%, 5: 0.0%]
DFA state visits in window   : 1: 10729, 2: 148, 3: 0, 4: 0, 5: 0
DFA state visits cumulative  : 1: 113751, 2: 458, 3: 0, 4: 0, 5: 0
DFA state entries in window  : 1: 100, 2: 6, 3: 0, 4: 0, 5: 0
DFA state entries cumulative : 1: 1100, 2: 17, 3: 0, 4: 0, 5: 0
transitions cumulative       : 1->2: 17
accepted directly from s0    : 0
Gym endings cumulative       : terminated=1095, truncated=5

[Episode 1200/12000 | last 100]
success rate                : 0.0% (cumulative 0.0%)
failure rate                : 0.0% (cumulative 0.0%)
completed cycles / episode  : 0.000
synthetic task reward       : 0.000
shaping reward              : -362.469
learning reward             : -362.469
episode length              : 114.2
abstract changes / episode  : 13.1
same abstract-state steps   : 88.6%
same-state shaping / episode: 0.000
changed-state shaping / ep. : -362.469
terminal shaping / episode  : 0.000
DFA transitions / episode   : 0.03
DFA transitions in window   : 1->2: 3
epsilon (next episode)       : 0.78661
replay buffer                : 124534 samples [1: 99.6%, 2: 0.4%, 3: 0.0%, 4: 0.0%, 5: 0.0%]
DFA state visits in window   : 1: 11414, 2: 111, 3: 0, 4: 0, 5: 0
DFA state visits cumulative  : 1: 125165, 2: 569, 3: 0, 4: 0, 5: 0
DFA state entries in window  : 1: 100, 2: 3, 3: 0, 4: 0, 5: 0
DFA state entries cumulative : 1: 1200, 2: 20, 3: 0, 4: 0, 5: 0
transitions cumulative       : 1->2: 20
accepted directly from s0    : 0
Gym endings cumulative       : terminated=1194, truncated=6

[Episode 1300/12000 | last 100]
success rate                : 0.0% (cumulative 0.0%)
failure rate                : 0.0% (cumulative 0.0%)
completed cycles / episode  : 0.000
synthetic task reward       : 0.000
shaping reward              : -385.051
learning reward             : -385.051
episode length              : 102.0
abstract changes / episode  : 12.9
same abstract-state steps   : 87.3%
same-state shaping / episode: 0.000
changed-state shaping / ep. : -385.051
terminal shaping / episode  : -0.878
DFA transitions / episode   : 0.00
DFA transitions in window   : none
epsilon (next episode)       : 0.77103
replay buffer                : 134733 samples [1: 99.6%, 2: 0.4%, 3: 0.0%, 4: 0.0%, 5: 0.0%]
DFA state visits in window   : 1: 10299, 2: 0, 3: 0, 4: 0, 5: 0
DFA state visits cumulative  : 1: 135464, 2: 569, 3: 0, 4: 0, 5: 0
DFA state entries in window  : 1: 100, 2: 0, 3: 0, 4: 0, 5: 0
DFA state entries cumulative : 1: 1300, 2: 20, 3: 0, 4: 0, 5: 0
transitions cumulative       : 1->2: 20
accepted directly from s0    : 0
Gym endings cumulative       : terminated=1294, truncated=6

[Episode 1400/12000 | last 100]
success rate                : 0.0% (cumulative 0.0%)
failure rate                : 0.0% (cumulative 0.0%)
completed cycles / episode  : 0.000
synthetic task reward       : 0.000
shaping reward              : -381.157
learning reward             : -381.157
episode length              : 101.0
abstract changes / episode  : 12.7
same abstract-state steps   : 87.4%
same-state shaping / episode: 0.000
changed-state shaping / ep. : -381.157
terminal shaping / episode  : 0.000
DFA transitions / episode   : 0.02
DFA transitions in window   : 1->2: 2
epsilon (next episode)       : 0.75576
replay buffer                : 144830 samples [1: 99.6%, 2: 0.4%, 3: 0.0%, 4: 0.0%, 5: 0.0%]
DFA state visits in window   : 1: 10105, 2: 92, 3: 0, 4: 0, 5: 0
DFA state visits cumulative  : 1: 145569, 2: 661, 3: 0, 4: 0, 5: 0
DFA state entries in window  : 1: 100, 2: 2, 3: 0, 4: 0, 5: 0
DFA state entries cumulative : 1: 1400, 2: 22, 3: 0, 4: 0, 5: 0
transitions cumulative       : 1->2: 22
accepted directly from s0    : 0
Gym endings cumulative       : terminated=1394, truncated=6

[Episode 1500/12000 | last 100]
success rate                : 0.0% (cumulative 0.0%)
failure rate                : 0.0% (cumulative 0.0%)
completed cycles / episode  : 0.000
synthetic task reward       : 0.000
shaping reward              : -398.188
learning reward             : -398.188
episode length              : 97.7
abstract changes / episode  : 12.7
same abstract-state steps   : 87.0%
same-state shaping / episode: 0.000
changed-state shaping / ep. : -398.188
terminal shaping / episode  : -0.869
DFA transitions / episode   : 0.00
DFA transitions in window   : none
epsilon (next episode)       : 0.74080
replay buffer                : 154600 samples [1: 99.6%, 2: 0.4%, 3: 0.0%, 4: 0.0%, 5: 0.0%]
DFA state visits in window   : 1: 9870, 2: 0, 3: 0, 4: 0, 5: 0
DFA state visits cumulative  : 1: 155439, 2: 661, 3: 0, 4: 0, 5: 0
DFA state entries in window  : 1: 100, 2: 0, 3: 0, 4: 0, 5: 0
DFA state entries cumulative : 1: 1500, 2: 22, 3: 0, 4: 0, 5: 0
transitions cumulative       : 1->2: 22
accepted directly from s0    : 0
Gym endings cumulative       : terminated=1494, truncated=6

Starting autonomous greedy evaluation at episode 1500 (1000 fixed-seed episodes)...
[Greedy evaluation at episode 1500 | 1000 fixed-seed episodes]
success=0.0%, failure=0.0%, task reward=0.000, length=219.4
DFA transitions: 1->2: 453
Best policy updated from autonomous greedy evaluation at episode 1500.

[Episode 1600/12000 | last 100]
success rate                : 0.0% (cumulative 0.0%)
failure rate                : 0.0% (cumulative 0.0%)
completed cycles / episode  : 0.000
synthetic task reward       : 0.000
shaping reward              : -377.601
learning reward             : -377.601
episode length              : 100.8
abstract changes / episode  : 12.5
same abstract-state steps   : 87.6%
same-state shaping / episode: 0.000
changed-state shaping / ep. : -377.601
terminal shaping / episode  : -0.878
DFA transitions / episode   : 0.01
DFA transitions in window   : 1->2: 1
epsilon (next episode)       : 0.72613
replay buffer                : 164680 samples [1: 99.6%, 2: 0.4%, 3: 0.0%, 4: 0.0%, 5: 0.0%]
DFA state visits in window   : 1: 10147, 2: 33, 3: 0, 4: 0, 5: 0
DFA state visits cumulative  : 1: 165586, 2: 694, 3: 0, 4: 0, 5: 0
DFA state entries in window  : 1: 100, 2: 1, 3: 0, 4: 0, 5: 0
DFA state entries cumulative : 1: 1600, 2: 23, 3: 0, 4: 0, 5: 0
transitions cumulative       : 1->2: 23
accepted directly from s0    : 0
Gym endings cumulative       : terminated=1594, truncated=6

[Episode 1700/12000 | last 100]
success rate                : 0.0% (cumulative 0.0%)
failure rate                : 0.0% (cumulative 0.0%)
completed cycles / episode  : 0.000
synthetic task reward       : 0.000
shaping reward              : -383.797
learning reward             : -383.797
episode length              : 102.0
abstract changes / episode  : 12.5
same abstract-state steps   : 87.7%
same-state shaping / episode: 0.000
changed-state shaping / ep. : -383.797
terminal shaping / episode  : -2.615
DFA transitions / episode   : 0.00
DFA transitions in window   : none
epsilon (next episode)       : 0.71175
replay buffer                : 174882 samples [1: 99.6%, 2: 0.4%, 3: 0.0%, 4: 0.0%, 5: 0.0%]
DFA state visits in window   : 1: 10302, 2: 0, 3: 0, 4: 0, 5: 0
DFA state visits cumulative  : 1: 175888, 2: 694, 3: 0, 4: 0, 5: 0
DFA state entries in window  : 1: 100, 2: 0, 3: 0, 4: 0, 5: 0
DFA state entries cumulative : 1: 1700, 2: 23, 3: 0, 4: 0, 5: 0
transitions cumulative       : 1->2: 23
accepted directly from s0    : 0
Gym endings cumulative       : terminated=1694, truncated=6

[Episode 1800/12000 | last 100]
success rate                : 0.0% (cumulative 0.0%)
failure rate                : 0.0% (cumulative 0.0%)
completed cycles / episode  : 0.000
synthetic task reward       : 0.000
shaping reward              : -395.447
learning reward             : -395.447
episode length              : 99.6
abstract changes / episode  : 12.5
same abstract-state steps   : 87.5%
same-state shaping / episode: 0.000
changed-state shaping / ep. : -395.447
terminal shaping / episode  : -2.606
DFA transitions / episode   : 0.00
DFA transitions in window   : none
epsilon (next episode)       : 0.69765
replay buffer                : 184843 samples [1: 99.6%, 2: 0.4%, 3: 0.0%, 4: 0.0%, 5: 0.0%]
DFA state visits in window   : 1: 10061, 2: 0, 3: 0, 4: 0, 5: 0
DFA state visits cumulative  : 1: 185949, 2: 694, 3: 0, 4: 0, 5: 0
DFA state entries in window  : 1: 100, 2: 0, 3: 0, 4: 0, 5: 0
DFA state entries cumulative : 1: 1800, 2: 23, 3: 0, 4: 0, 5: 0
transitions cumulative       : 1->2: 23
accepted directly from s0    : 0
Gym endings cumulative       : terminated=1794, truncated=6

[Episode 1900/12000 | last 100]
success rate                : 0.0% (cumulative 0.0%)
failure rate                : 0.0% (cumulative 0.0%)
completed cycles / episode  : 0.000
synthetic task reward       : 0.000
shaping reward              : -391.759
learning reward             : -391.759
episode length              : 103.4
abstract changes / episode  : 12.6
same abstract-state steps   : 87.8%
same-state shaping / episode: 0.000
changed-state shaping / ep. : -391.759
terminal shaping / episode  : -1.737
DFA transitions / episode   : 0.00
DFA transitions in window   : none
epsilon (next episode)       : 0.68384
replay buffer                : 195181 samples [1: 99.7%, 2: 0.3%, 3: 0.0%, 4: 0.0%, 5: 0.0%]
DFA state visits in window   : 1: 10438, 2: 0, 3: 0, 4: 0, 5: 0
DFA state visits cumulative  : 1: 196387, 2: 694, 3: 0, 4: 0, 5: 0
DFA state entries in window  : 1: 100, 2: 0, 3: 0, 4: 0, 5: 0
DFA state entries cumulative : 1: 1900, 2: 23, 3: 0, 4: 0, 5: 0
transitions cumulative       : 1->2: 23
accepted directly from s0    : 0
Gym endings cumulative       : terminated=1894, truncated=6

[Episode 2000/12000 | last 100]
success rate                : 0.0% (cumulative 0.0%)
failure rate                : 0.0% (cumulative 0.0%)
completed cycles / episode  : 0.000
synthetic task reward       : 0.000
shaping reward              : -396.316
learning reward             : -396.316
episode length              : 104.0
abstract changes / episode  : 12.5
same abstract-state steps   : 88.0%
same-state shaping / episode: 0.000
changed-state shaping / ep. : -396.316
terminal shaping / episode  : -0.869
DFA transitions / episode   : 0.00
DFA transitions in window   : none
epsilon (next episode)       : 0.67029
replay buffer                : 205577 samples [1: 99.7%, 2: 0.3%, 3: 0.0%, 4: 0.0%, 5: 0.0%]
DFA state visits in window   : 1: 10496, 2: 0, 3: 0, 4: 0, 5: 0
DFA state visits cumulative  : 1: 206883, 2: 694, 3: 0, 4: 0, 5: 0
DFA state entries in window  : 1: 100, 2: 0, 3: 0, 4: 0, 5: 0
DFA state entries cumulative : 1: 2000, 2: 23, 3: 0, 4: 0, 5: 0
transitions cumulative       : 1->2: 23
accepted directly from s0    : 0
Gym endings cumulative       : terminated=1994, truncated=6

Starting autonomous greedy evaluation at episode 2000 (1000 fixed-seed episodes)...
[Greedy evaluation at episode 2000 | 1000 fixed-seed episodes]
success=0.0%, failure=0.0%, task reward=0.000, length=544.4
DFA transitions: none

[Episode 2100/12000 | last 100]
success rate                : 0.0% (cumulative 0.0%)
failure rate                : 0.0% (cumulative 0.0%)
completed cycles / episode  : 0.000
synthetic task reward       : 0.000
shaping reward              : -399.029
learning reward             : -399.029
episode length              : 103.8
abstract changes / episode  : 12.3
same abstract-state steps   : 88.2%
same-state shaping / episode: 0.000
changed-state shaping / ep. : -399.029
terminal shaping / episode  : 0.000
DFA transitions / episode   : 0.00
DFA transitions in window   : none
epsilon (next episode)       : 0.65702
replay buffer                : 215959 samples [1: 99.7%, 2: 0.3%, 3: 0.0%, 4: 0.0%, 5: 0.0%]
DFA state visits in window   : 1: 10482, 2: 0, 3: 0, 4: 0, 5: 0
DFA state visits cumulative  : 1: 217365, 2: 694, 3: 0, 4: 0, 5: 0
DFA state entries in window  : 1: 100, 2: 0, 3: 0, 4: 0, 5: 0
DFA state entries cumulative : 1: 2100, 2: 23, 3: 0, 4: 0, 5: 0
transitions cumulative       : 1->2: 23
accepted directly from s0    : 0
Gym endings cumulative       : terminated=2094, truncated=6

[Episode 2200/12000 | last 100]
success rate                : 0.0% (cumulative 0.0%)
failure rate                : 0.0% (cumulative 0.0%)
completed cycles / episode  : 0.000
synthetic task reward       : 0.000
shaping reward              : -394.481
learning reward             : -394.481
episode length              : 119.4
abstract changes / episode  : 12.3
same abstract-state steps   : 89.7%
same-state shaping / episode: 0.000
changed-state shaping / ep. : -394.481
terminal shaping / episode  : -1.737
DFA transitions / episode   : 0.00
DFA transitions in window   : none
epsilon (next episode)       : 0.64401
replay buffer                : 227900 samples [1: 99.7%, 2: 0.3%, 3: 0.0%, 4: 0.0%, 5: 0.0%]
DFA state visits in window   : 1: 12041, 2: 0, 3: 0, 4: 0, 5: 0
DFA state visits cumulative  : 1: 229406, 2: 694, 3: 0, 4: 0, 5: 0
DFA state entries in window  : 1: 100, 2: 0, 3: 0, 4: 0, 5: 0
DFA state entries cumulative : 1: 2200, 2: 23, 3: 0, 4: 0, 5: 0
transitions cumulative       : 1->2: 23
accepted directly from s0    : 0
Gym endings cumulative       : terminated=2193, truncated=7

[Episode 2300/12000 | last 100]
success rate                : 0.0% (cumulative 0.0%)
failure rate                : 0.0% (cumulative 0.0%)
completed cycles / episode  : 0.000
synthetic task reward       : 0.000
shaping reward              : -388.106
learning reward             : -388.106
episode length              : 110.6
abstract changes / episode  : 12.3
same abstract-state steps   : 88.8%
same-state shaping / episode: 0.000
changed-state shaping / ep. : -388.106
terminal shaping / episode  : 0.000
DFA transitions / episode   : 0.00
DFA transitions in window   : none
epsilon (next episode)       : 0.63125
replay buffer                : 238956 samples [1: 99.7%, 2: 0.3%, 3: 0.0%, 4: 0.0%, 5: 0.0%]
DFA state visits in window   : 1: 11156, 2: 0, 3: 0, 4: 0, 5: 0
DFA state visits cumulative  : 1: 240562, 2: 694, 3: 0, 4: 0, 5: 0
DFA state entries in window  : 1: 100, 2: 0, 3: 0, 4: 0, 5: 0
DFA state entries cumulative : 1: 2300, 2: 23, 3: 0, 4: 0, 5: 0
transitions cumulative       : 1->2: 23
accepted directly from s0    : 0
Gym endings cumulative       : terminated=2292, truncated=8

[Episode 2400/12000 | last 100]
success rate                : 0.0% (cumulative 0.0%)
failure rate                : 0.0% (cumulative 0.0%)
completed cycles / episode  : 0.000
synthetic task reward       : 0.000
shaping reward              : -393.603
learning reward             : -393.603
episode length              : 102.8
abstract changes / episode  : 12.2
same abstract-state steps   : 88.2%
same-state shaping / episode: 0.000
changed-state shaping / ep. : -393.603
terminal shaping / episode  : 0.000
DFA transitions / episode   : 0.00
DFA transitions in window   : none
epsilon (next episode)       : 0.61875
replay buffer                : 249232 samples [1: 99.7%, 2: 0.3%, 3: 0.0%, 4: 0.0%, 5: 0.0%]
DFA state visits in window   : 1: 10376, 2: 0, 3: 0, 4: 0, 5: 0
DFA state visits cumulative  : 1: 250938, 2: 694, 3: 0, 4: 0, 5: 0
DFA state entries in window  : 1: 100, 2: 0, 3: 0, 4: 0, 5: 0
DFA state entries cumulative : 1: 2400, 2: 23, 3: 0, 4: 0, 5: 0
transitions cumulative       : 1->2: 23
accepted directly from s0    : 0
Gym endings cumulative       : terminated=2392, truncated=8

[Episode 2500/12000 | last 100]
success rate                : 0.0% (cumulative 0.0%)
failure rate                : 0.0% (cumulative 0.0%)
completed cycles / episode  : 0.000
synthetic task reward       : 0.000
shaping reward              : -400.731
learning reward             : -400.731
episode length              : 128.4
abstract changes / episode  : 12.2
same abstract-state steps   : 90.5%
same-state shaping / episode: 0.000
changed-state shaping / ep. : -400.731
terminal shaping / episode  : -0.869
DFA transitions / episode   : 0.00
DFA transitions in window   : none
epsilon (next episode)       : 0.60650
replay buffer                : 262076 samples [1: 99.7%, 2: 0.3%, 3: 0.0%, 4: 0.0%, 5: 0.0%]
DFA state visits in window   : 1: 12944, 2: 0, 3: 0, 4: 0, 5: 0
DFA state visits cumulative  : 1: 263882, 2: 694, 3: 0, 4: 0, 5: 0
DFA state entries in window  : 1: 100, 2: 0, 3: 0, 4: 0, 5: 0
DFA state entries cumulative : 1: 2500, 2: 23, 3: 0, 4: 0, 5: 0
transitions cumulative       : 1->2: 23
accepted directly from s0    : 0
Gym endings cumulative       : terminated=2491, truncated=9

Starting autonomous greedy evaluation at episode 2500 (1000 fixed-seed episodes)...
[Greedy evaluation at episode 2500 | 1000 fixed-seed episodes]
success=0.0%, failure=0.0%, task reward=0.000, length=1000.0
DFA transitions: none

[Episode 2600/12000 | last 100]
success rate                : 0.0% (cumulative 0.0%)
failure rate                : 0.0% (cumulative 0.0%)
completed cycles / episode  : 0.000
synthetic task reward       : 0.000
shaping reward              : -401.627
learning reward             : -401.627
episode length              : 130.6
abstract changes / episode  : 12.5
same abstract-state steps   : 90.4%
same-state shaping / episode: 0.000
changed-state shaping / ep. : -401.627
terminal shaping / episode  : -0.869
DFA transitions / episode   : 0.00
DFA transitions in window   : none
epsilon (next episode)       : 0.59449
replay buffer                : 275140 samples [1: 99.8%, 2: 0.2%, 3: 0.0%, 4: 0.0%, 5: 0.0%]
DFA state visits in window   : 1: 13164, 2: 0, 3: 0, 4: 0, 5: 0
DFA state visits cumulative  : 1: 277046, 2: 694, 3: 0, 4: 0, 5: 0
DFA state entries in window  : 1: 100, 2: 0, 3: 0, 4: 0, 5: 0
DFA state entries cumulative : 1: 2600, 2: 23, 3: 0, 4: 0, 5: 0
transitions cumulative       : 1->2: 23
accepted directly from s0    : 0
Gym endings cumulative       : terminated=2588, truncated=12

[Episode 2700/12000 | last 100]
success rate                : 0.0% (cumulative 0.0%)
failure rate                : 0.0% (cumulative 0.0%)
completed cycles / episode  : 0.000
synthetic task reward       : 0.000
shaping reward              : -401.707
learning reward             : -401.707
episode length              : 102.5
abstract changes / episode  : 12.5
same abstract-state steps   : 87.8%
same-state shaping / episode: 0.000
changed-state shaping / ep. : -401.707
terminal shaping / episode  : -0.869
DFA transitions / episode   : 0.00
DFA transitions in window   : none
epsilon (next episode)       : 0.58272
replay buffer                : 285387 samples [1: 99.8%, 2: 0.2%, 3: 0.0%, 4: 0.0%, 5: 0.0%]
DFA state visits in window   : 1: 10347, 2: 0, 3: 0, 4: 0, 5: 0
DFA state visits cumulative  : 1: 287393, 2: 694, 3: 0, 4: 0, 5: 0
DFA state entries in window  : 1: 100, 2: 0, 3: 0, 4: 0, 5: 0
DFA state entries cumulative : 1: 2700, 2: 23, 3: 0, 4: 0, 5: 0
transitions cumulative       : 1->2: 23
accepted directly from s0    : 0
Gym endings cumulative       : terminated=2688, truncated=12

[Episode 2800/12000 | last 100]
success rate                : 0.0% (cumulative 0.0%)
failure rate                : 0.0% (cumulative 0.0%)
completed cycles / episode  : 0.000
synthetic task reward       : 0.000
shaping reward              : -405.324
learning reward             : -405.324
episode length              : 141.8
abstract changes / episode  : 12.7
same abstract-state steps   : 91.1%
same-state shaping / episode: 0.000
changed-state shaping / ep. : -405.324
terminal shaping / episode  : -0.869
DFA transitions / episode   : 0.00
DFA transitions in window   : none
epsilon (next episode)       : 0.57118
replay buffer                : 299564 samples [1: 99.8%, 2: 0.2%, 3: 0.0%, 4: 0.0%, 5: 0.0%]
DFA state visits in window   : 1: 14277, 2: 0, 3: 0, 4: 0, 5: 0
DFA state visits cumulative  : 1: 301670, 2: 694, 3: 0, 4: 0, 5: 0
DFA state entries in window  : 1: 100, 2: 0, 3: 0, 4: 0, 5: 0
DFA state entries cumulative : 1: 2800, 2: 23, 3: 0, 4: 0, 5: 0
transitions cumulative       : 1->2: 23
accepted directly from s0    : 0
Gym endings cumulative       : terminated=2786, truncated=14

[Episode 2900/12000 | last 100]
success rate                : 0.0% (cumulative 0.0%)
failure rate                : 0.0% (cumulative 0.0%)
completed cycles / episode  : 0.000
synthetic task reward       : 0.000
shaping reward              : -402.505
learning reward             : -402.505
episode length              : 157.6
abstract changes / episode  : 13.0
same abstract-state steps   : 91.8%
same-state shaping / episode: 0.000
changed-state shaping / ep. : -402.505
terminal shaping / episode  : -0.869
DFA transitions / episode   : 0.00
DFA transitions in window   : none
epsilon (next episode)       : 0.55987
replay buffer                : 300000 samples [1: 99.8%, 2: 0.2%, 3: 0.0%, 4: 0.0%, 5: 0.0%]
DFA state visits in window   : 1: 15858, 2: 0, 3: 0, 4: 0, 5: 0
DFA state visits cumulative  : 1: 317528, 2: 694, 3: 0, 4: 0, 5: 0
DFA state entries in window  : 1: 100, 2: 0, 3: 0, 4: 0, 5: 0
DFA state entries cumulative : 1: 2900, 2: 23, 3: 0, 4: 0, 5: 0
transitions cumulative       : 1->2: 23
accepted directly from s0    : 0
Gym endings cumulative       : terminated=2882, truncated=18

[Episode 3000/12000 | last 100]
success rate                : 0.0% (cumulative 0.0%)
failure rate                : 0.0% (cumulative 0.0%)
completed cycles / episode  : 0.000
synthetic task reward       : 0.000
shaping reward              : -402.345
learning reward             : -402.345
episode length              : 162.9
abstract changes / episode  : 13.4
same abstract-state steps   : 91.8%
same-state shaping / episode: 0.000
changed-state shaping / ep. : -402.345
terminal shaping / episode  : -0.869
DFA transitions / episode   : 0.00
DFA transitions in window   : none
epsilon (next episode)       : 0.54878
replay buffer                : 300000 samples [1: 99.8%, 2: 0.2%, 3: 0.0%, 4: 0.0%, 5: 0.0%]
DFA state visits in window   : 1: 16394, 2: 0, 3: 0, 4: 0, 5: 0
DFA state visits cumulative  : 1: 333922, 2: 694, 3: 0, 4: 0, 5: 0
DFA state entries in window  : 1: 100, 2: 0, 3: 0, 4: 0, 5: 0
DFA state entries cumulative : 1: 3000, 2: 23, 3: 0, 4: 0, 5: 0
transitions cumulative       : 1->2: 23
accepted directly from s0    : 0
Gym endings cumulative       : terminated=2978, truncated=22

Starting autonomous greedy evaluation at episode 3000 (1000 fixed-seed episodes)...
[Greedy evaluation at episode 3000 | 1000 fixed-seed episodes]
success=0.0%, failure=0.0%, task reward=0.000, length=532.7
DFA transitions: 1->2: 10

[Episode 3100/12000 | last 100]
success rate                : 0.0% (cumulative 0.0%)
failure rate                : 0.0% (cumulative 0.0%)
completed cycles / episode  : 0.000
synthetic task reward       : 0.000
shaping reward              : -388.320
learning reward             : -388.320
episode length              : 148.8
abstract changes / episode  : 13.4
same abstract-state steps   : 91.0%
same-state shaping / episode: 0.000
changed-state shaping / ep. : -388.320
terminal shaping / episode  : -0.869
DFA transitions / episode   : 0.00
DFA transitions in window   : none
epsilon (next episode)       : 0.53791
replay buffer                : 300000 samples [1: 99.8%, 2: 0.2%, 3: 0.0%, 4: 0.0%, 5: 0.0%]
DFA state visits in window   : 1: 14978, 2: 0, 3: 0, 4: 0, 5: 0
DFA state visits cumulative  : 1: 348900, 2: 694, 3: 0, 4: 0, 5: 0
DFA state entries in window  : 1: 100, 2: 0, 3: 0, 4: 0, 5: 0
DFA state entries cumulative : 1: 3100, 2: 23, 3: 0, 4: 0, 5: 0
transitions cumulative       : 1->2: 23
accepted directly from s0    : 0
Gym endings cumulative       : terminated=3077, truncated=23

[Episode 3200/12000 | last 100]
success rate                : 0.0% (cumulative 0.0%)
failure rate                : 0.0% (cumulative 0.0%)
completed cycles / episode  : 0.000
synthetic task reward       : 0.000
shaping reward              : -381.363
learning reward             : -381.363
episode length              : 188.2
abstract changes / episode  : 14.4
same abstract-state steps   : 92.3%
same-state shaping / episode: 0.000
changed-state shaping / ep. : -381.363
terminal shaping / episode  : 0.000
DFA transitions / episode   : 0.01
DFA transitions in window   : 1->2: 1
epsilon (next episode)       : 0.52726
replay buffer                : 300000 samples [1: 99.8%, 2: 0.2%, 3: 0.0%, 4: 0.0%, 5: 0.0%]
DFA state visits in window   : 1: 18888, 2: 34, 3: 0, 4: 0, 5: 0
DFA state visits cumulative  : 1: 367788, 2: 728, 3: 0, 4: 0, 5: 0
DFA state entries in window  : 1: 100, 2: 1, 3: 0, 4: 0, 5: 0
DFA state entries cumulative : 1: 3200, 2: 24, 3: 0, 4: 0, 5: 0
transitions cumulative       : 1->2: 24
accepted directly from s0    : 0
Gym endings cumulative       : terminated=3174, truncated=26

[Episode 3300/12000 | last 100]
success rate                : 0.0% (cumulative 0.0%)
failure rate                : 0.0% (cumulative 0.0%)
completed cycles / episode  : 0.000
synthetic task reward       : 0.000
shaping reward              : -330.338
learning reward             : -330.338
episode length              : 131.5
abstract changes / episode  : 13.4
same abstract-state steps   : 89.8%
same-state shaping / episode: 0.000
changed-state shaping / ep. : -330.338
terminal shaping / episode  : -1.764
DFA transitions / episode   : 0.01
DFA transitions in window   : 1->2: 1
epsilon (next episode)       : 0.51682
replay buffer                : 300000 samples [1: 99.8%, 2: 0.2%, 3: 0.0%, 4: 0.0%, 5: 0.0%]
DFA state visits in window   : 1: 13206, 2: 44, 3: 0, 4: 0, 5: 0
DFA state visits cumulative  : 1: 380994, 2: 772, 3: 0, 4: 0, 5: 0
DFA state entries in window  : 1: 100, 2: 1, 3: 0, 4: 0, 5: 0
DFA state entries cumulative : 1: 3300, 2: 25, 3: 0, 4: 0, 5: 0
transitions cumulative       : 1->2: 25
accepted directly from s0    : 0
Gym endings cumulative       : terminated=3273, truncated=27

[Episode 3400/12000 | last 100]
success rate                : 0.0% (cumulative 0.0%)
failure rate                : 0.0% (cumulative 0.0%)
completed cycles / episode  : 0.000
synthetic task reward       : 0.000
shaping reward              : -305.518
learning reward             : -305.518
episode length              : 150.6
abstract changes / episode  : 13.8
same abstract-state steps   : 90.8%
same-state shaping / episode: 0.000
changed-state shaping / ep. : -305.518
terminal shaping / episode  : -0.904
DFA transitions / episode   : 0.00
DFA transitions in window   : none
epsilon (next episode)       : 0.50658
replay buffer                : 300000 samples [1: 99.8%, 2: 0.2%, 3: 0.0%, 4: 0.0%, 5: 0.0%]
DFA state visits in window   : 1: 15163, 2: 0, 3: 0, 4: 0, 5: 0
DFA state visits cumulative  : 1: 396157, 2: 772, 3: 0, 4: 0, 5: 0
DFA state entries in window  : 1: 100, 2: 0, 3: 0, 4: 0, 5: 0
DFA state entries cumulative : 1: 3400, 2: 25, 3: 0, 4: 0, 5: 0
transitions cumulative       : 1->2: 25
accepted directly from s0    : 0
Gym endings cumulative       : terminated=3373, truncated=27

[Episode 3500/12000 | last 100]
success rate                : 0.0% (cumulative 0.0%)
failure rate                : 0.0% (cumulative 0.0%)
completed cycles / episode  : 0.000
synthetic task reward       : 0.000
shaping reward              : -442.565
learning reward             : -442.565
episode length              : 190.0
abstract changes / episode  : 12.7
same abstract-state steps   : 93.3%
same-state shaping / episode: 0.000
changed-state shaping / ep. : -442.565
terminal shaping / episode  : -1.729
DFA transitions / episode   : 0.00
DFA transitions in window   : none
epsilon (next episode)       : 0.49655
replay buffer                : 300000 samples [1: 99.9%, 2: 0.1%, 3: 0.0%, 4: 0.0%, 5: 0.0%]
DFA state visits in window   : 1: 19096, 2: 0, 3: 0, 4: 0, 5: 0
DFA state visits cumulative  : 1: 415253, 2: 772, 3: 0, 4: 0, 5: 0
DFA state entries in window  : 1: 100, 2: 0, 3: 0, 4: 0, 5: 0
DFA state entries cumulative : 1: 3500, 2: 25, 3: 0, 4: 0, 5: 0
transitions cumulative       : 1->2: 25
accepted directly from s0    : 0
Gym endings cumulative       : terminated=3472, truncated=28

Starting autonomous greedy evaluation at episode 3500 (1000 fixed-seed episodes)...
[Greedy evaluation at episode 3500 | 1000 fixed-seed episodes]
success=0.0%, failure=0.0%, task reward=0.000, length=185.5
DFA transitions: none
Best policy updated from autonomous greedy evaluation at episode 3500.

[Episode 3600/12000 | last 100]
success rate                : 0.0% (cumulative 0.0%)
failure rate                : 0.0% (cumulative 0.0%)
completed cycles / episode  : 0.000
synthetic task reward       : 0.000
shaping reward              : -405.450
learning reward             : -405.450
episode length              : 338.5
abstract changes / episode  : 18.2
same abstract-state steps   : 94.6%
same-state shaping / episode: 0.000
changed-state shaping / ep. : -405.450
terminal shaping / episode  : -0.869
DFA transitions / episode   : 0.00
DFA transitions in window   : none
epsilon (next episode)       : 0.48672
replay buffer                : 300000 samples [1: 100.0%, 2: 0.0%, 3: 0.0%, 4: 0.0%, 5: 0.0%]
DFA state visits in window   : 1: 33950, 2: 0, 3: 0, 4: 0, 5: 0
DFA state visits cumulative  : 1: 449203, 2: 772, 3: 0, 4: 0, 5: 0
DFA state entries in window  : 1: 100, 2: 0, 3: 0, 4: 0, 5: 0
DFA state entries cumulative : 1: 3600, 2: 25, 3: 0, 4: 0, 5: 0
transitions cumulative       : 1->2: 25
accepted directly from s0    : 0
Gym endings cumulative       : terminated=3563, truncated=37

[Episode 3700/12000 | last 100]
success rate                : 0.0% (cumulative 0.0%)
failure rate                : 0.0% (cumulative 0.0%)
completed cycles / episode  : 0.000
synthetic task reward       : 0.000
shaping reward              : -390.130
learning reward             : -390.130
episode length              : 230.2
abstract changes / episode  : 16.7
same abstract-state steps   : 92.8%
same-state shaping / episode: 0.000
changed-state shaping / ep. : -390.130
terminal shaping / episode  : -0.869
DFA transitions / episode   : 0.00
DFA transitions in window   : none
epsilon (next episode)       : 0.47708
replay buffer                : 300000 samples [1: 100.0%, 2: 0.0%, 3: 0.0%, 4: 0.0%, 5: 0.0%]
DFA state visits in window   : 1: 23115, 2: 0, 3: 0, 4: 0, 5: 0
DFA state visits cumulative  : 1: 472318, 2: 772, 3: 0, 4: 0, 5: 0
DFA state entries in window  : 1: 100, 2: 0, 3: 0, 4: 0, 5: 0
DFA state entries cumulative : 1: 3700, 2: 25, 3: 0, 4: 0, 5: 0
transitions cumulative       : 1->2: 25
accepted directly from s0    : 0
Gym endings cumulative       : terminated=3659, truncated=41

[Episode 3800/12000 | last 100]
success rate                : 0.0% (cumulative 0.0%)
failure rate                : 0.0% (cumulative 0.0%)
completed cycles / episode  : 0.000
synthetic task reward       : 0.000
shaping reward              : -390.811
learning reward             : -390.811
episode length              : 302.8
abstract changes / episode  : 19.1
same abstract-state steps   : 93.7%
same-state shaping / episode: 0.000
changed-state shaping / ep. : -390.811
terminal shaping / episode  : -1.729
DFA transitions / episode   : 0.00
DFA transitions in window   : none
epsilon (next episode)       : 0.46763
replay buffer                : 300000 samples [1: 100.0%, 2: 0.0%, 3: 0.0%, 4: 0.0%, 5: 0.0%]
DFA state visits in window   : 1: 30381, 2: 0, 3: 0, 4: 0, 5: 0
DFA state visits cumulative  : 1: 502699, 2: 772, 3: 0, 4: 0, 5: 0
DFA state entries in window  : 1: 100, 2: 0, 3: 0, 4: 0, 5: 0
DFA state entries cumulative : 1: 3800, 2: 25, 3: 0, 4: 0, 5: 0
transitions cumulative       : 1->2: 25
accepted directly from s0    : 0
Gym endings cumulative       : terminated=3749, truncated=51

[Episode 3900/12000 | last 100]
success rate                : 0.0% (cumulative 0.0%)
failure rate                : 0.0% (cumulative 0.0%)
completed cycles / episode  : 0.000
synthetic task reward       : 0.000
shaping reward              : -318.277
learning reward             : -318.277
episode length              : 260.3
abstract changes / episode  : 17.4
same abstract-state steps   : 93.3%
same-state shaping / episode: 0.000
changed-state shaping / ep. : -318.277
terminal shaping / episode  : -0.878
DFA transitions / episode   : 0.00
DFA transitions in window   : none
epsilon (next episode)       : 0.45837
replay buffer                : 300000 samples [1: 100.0%, 2: 0.0%, 3: 0.0%, 4: 0.0%, 5: 0.0%]
DFA state visits in window   : 1: 26127, 2: 0, 3: 0, 4: 0, 5: 0
DFA state visits cumulative  : 1: 528826, 2: 772, 3: 0, 4: 0, 5: 0
DFA state entries in window  : 1: 100, 2: 0, 3: 0, 4: 0, 5: 0
DFA state entries cumulative : 1: 3900, 2: 25, 3: 0, 4: 0, 5: 0
transitions cumulative       : 1->2: 25
accepted directly from s0    : 0
Gym endings cumulative       : terminated=3846, truncated=54

[Episode 4000/12000 | last 100]
success rate                : 0.0% (cumulative 0.0%)
failure rate                : 0.0% (cumulative 0.0%)
completed cycles / episode  : 0.000
synthetic task reward       : 0.000
shaping reward              : -185.688
learning reward             : -185.688
episode length              : 250.1
abstract changes / episode  : 17.5
same abstract-state steps   : 93.0%
same-state shaping / episode: 0.000
changed-state shaping / ep. : -185.688
terminal shaping / episode  : 0.000
DFA transitions / episode   : 0.22
DFA transitions in window   : 1->2: 22
epsilon (next episode)       : 0.44929
replay buffer                : 300000 samples [1: 99.6%, 2: 0.4%, 3: 0.0%, 4: 0.0%, 5: 0.0%]
DFA state visits in window   : 1: 23931, 2: 1178, 3: 0, 4: 0, 5: 0
DFA state visits cumulative  : 1: 552757, 2: 1950, 3: 0, 4: 0, 5: 0
DFA state entries in window  : 1: 100, 2: 22, 3: 0, 4: 0, 5: 0
DFA state entries cumulative : 1: 4000, 2: 47, 3: 0, 4: 0, 5: 0
transitions cumulative       : 1->2: 47
accepted directly from s0    : 0
Gym endings cumulative       : terminated=3941, truncated=59

Starting autonomous greedy evaluation at episode 4000 (1000 fixed-seed episodes)...
[Greedy evaluation at episode 4000 | 1000 fixed-seed episodes]
success=0.0%, failure=0.0%, task reward=0.000, length=960.0
DFA transitions: 1->2: 23, 2->3: 3

[Episode 4100/12000 | last 100]
success rate                : 0.0% (cumulative 0.0%)
failure rate                : 0.0% (cumulative 0.0%)
completed cycles / episode  : 0.000
synthetic task reward       : 0.000
shaping reward              : -297.755
learning reward             : -297.755
episode length              : 217.0
abstract changes / episode  : 16.4
same abstract-state steps   : 92.4%
same-state shaping / episode: 0.000
changed-state shaping / ep. : -297.755
terminal shaping / episode  : -0.895
DFA transitions / episode   : 0.07
DFA transitions in window   : 1->2: 7
epsilon (next episode)       : 0.44040
replay buffer                : 300000 samples [1: 99.5%, 2: 0.5%, 3: 0.0%, 4: 0.0%, 5: 0.0%]
DFA state visits in window   : 1: 21604, 2: 192, 3: 0, 4: 0, 5: 0
DFA state visits cumulative  : 1: 574361, 2: 2142, 3: 0, 4: 0, 5: 0
DFA state entries in window  : 1: 100, 2: 7, 3: 0, 4: 0, 5: 0
DFA state entries cumulative : 1: 4100, 2: 54, 3: 0, 4: 0, 5: 0
transitions cumulative       : 1->2: 54
accepted directly from s0    : 0
Gym endings cumulative       : terminated=4038, truncated=62

[Episode 4200/12000 | last 100]
success rate                : 0.0% (cumulative 0.0%)
failure rate                : 0.0% (cumulative 0.0%)
completed cycles / episode  : 0.000
synthetic task reward       : 0.000
shaping reward              : -211.766
learning reward             : -211.766
episode length              : 193.3
abstract changes / episode  : 15.4
same abstract-state steps   : 92.1%
same-state shaping / episode: 0.000
changed-state shaping / ep. : -211.766
terminal shaping / episode  : -2.651
DFA transitions / episode   : 0.07
DFA transitions in window   : 1->2: 7
epsilon (next episode)       : 0.43167
replay buffer                : 300000 samples [1: 99.3%, 2: 0.7%, 3: 0.0%, 4: 0.0%, 5: 0.0%]
DFA state visits in window   : 1: 18803, 2: 631, 3: 0, 4: 0, 5: 0
DFA state visits cumulative  : 1: 593164, 2: 2773, 3: 0, 4: 0, 5: 0
DFA state entries in window  : 1: 100, 2: 7, 3: 0, 4: 0, 5: 0
DFA state entries cumulative : 1: 4200, 2: 61, 3: 0, 4: 0, 5: 0
transitions cumulative       : 1->2: 61
accepted directly from s0    : 0
Gym endings cumulative       : terminated=4134, truncated=66

[Episode 4300/12000 | last 100]
success rate                : 0.0% (cumulative 0.0%)
failure rate                : 0.0% (cumulative 0.0%)
completed cycles / episode  : 0.000
synthetic task reward       : 0.000
shaping reward              : -140.431
learning reward             : -140.431
episode length              : 168.4
abstract changes / episode  : 14.3
same abstract-state steps   : 91.5%
same-state shaping / episode: 0.000
changed-state shaping / ep. : -140.431
terminal shaping / episode  : -2.615
DFA transitions / episode   : 0.12
DFA transitions in window   : 1->2: 12
epsilon (next episode)       : 0.42313
replay buffer                : 300000 samples [1: 99.0%, 2: 1.0%, 3: 0.0%, 4: 0.0%, 5: 0.0%]
DFA state visits in window   : 1: 16018, 2: 920, 3: 0, 4: 0, 5: 0
DFA state visits cumulative  : 1: 609182, 2: 3693, 3: 0, 4: 0, 5: 0
DFA state entries in window  : 1: 100, 2: 12, 3: 0, 4: 0, 5: 0
DFA state entries cumulative : 1: 4300, 2: 73, 3: 0, 4: 0, 5: 0
transitions cumulative       : 1->2: 73
accepted directly from s0    : 0
Gym endings cumulative       : terminated=4234, truncated=66

[Episode 4400/12000 | last 100]
success rate                : 0.0% (cumulative 0.0%)
failure rate                : 0.0% (cumulative 0.0%)
completed cycles / episode  : 0.000
synthetic task reward       : 0.000
shaping reward              : -153.486
learning reward             : -153.486
episode length              : 200.2
abstract changes / episode  : 16.2
same abstract-state steps   : 91.9%
same-state shaping / episode: 0.000
changed-state shaping / ep. : -153.486
terminal shaping / episode  : -0.869
DFA transitions / episode   : 0.17
DFA transitions in window   : 1->2: 17
epsilon (next episode)       : 0.41475
replay buffer                : 300000 samples [1: 98.3%, 2: 1.7%, 3: 0.0%, 4: 0.0%, 5: 0.0%]
DFA state visits in window   : 1: 17859, 2: 2260, 3: 0, 4: 0, 5: 0
DFA state visits cumulative  : 1: 627041, 2: 5953, 3: 0, 4: 0, 5: 0
DFA state entries in window  : 1: 100, 2: 17, 3: 0, 4: 0, 5: 0
DFA state entries cumulative : 1: 4400, 2: 90, 3: 0, 4: 0, 5: 0
transitions cumulative       : 1->2: 90
accepted directly from s0    : 0
Gym endings cumulative       : terminated=4334, truncated=66

[Episode 4500/12000 | last 100]
success rate                : 0.0% (cumulative 0.0%)
failure rate                : 0.0% (cumulative 0.0%)
completed cycles / episode  : 0.000
synthetic task reward       : 0.000
shaping reward              : -269.108
learning reward             : -269.108
episode length              : 284.3
abstract changes / episode  : 20.8
same abstract-state steps   : 92.7%
same-state shaping / episode: 0.000
changed-state shaping / ep. : -269.108
terminal shaping / episode  : -3.609
DFA transitions / episode   : 0.08
DFA transitions in window   : 1->2: 7, 2->3: 1
epsilon (next episode)       : 0.40653
replay buffer                : 300000 samples [1: 97.6%, 2: 2.4%, 3: 0.0%, 4: 0.0%, 5: 0.0%]
DFA state visits in window   : 1: 26425, 2: 2005, 3: 98, 4: 0, 5: 0
DFA state visits cumulative  : 1: 653466, 2: 7958, 3: 98, 4: 0, 5: 0
DFA state entries in window  : 1: 100, 2: 7, 3: 1, 4: 0, 5: 0
DFA state entries cumulative : 1: 4500, 2: 97, 3: 1, 4: 0, 5: 0
transitions cumulative       : 1->2: 97, 2->3: 1
accepted directly from s0    : 0
Gym endings cumulative       : terminated=4431, truncated=69

Starting autonomous greedy evaluation at episode 4500 (1000 fixed-seed episodes)...
[Greedy evaluation at episode 4500 | 1000 fixed-seed episodes]
success=0.0%, failure=0.0%, task reward=0.000, length=330.4
DFA transitions: 1->2: 75, 2->3: 4

[Episode 4600/12000 | last 100]
success rate                : 0.0% (cumulative 0.0%)
failure rate                : 0.0% (cumulative 0.0%)
completed cycles / episode  : 0.000
synthetic task reward       : 0.000
shaping reward              : -297.508
learning reward             : -297.508
episode length              : 270.2
abstract changes / episode  : 19.9
same abstract-state steps   : 92.6%
same-state shaping / episode: 0.000
changed-state shaping / ep. : -297.508
terminal shaping / episode  : -1.791
DFA transitions / episode   : 0.06
DFA transitions in window   : 1->2: 5, 2->3: 1
epsilon (next episode)       : 0.39848
replay buffer                : 300000 samples [1: 97.3%, 2: 2.7%, 3: 0.0%, 4: 0.0%, 5: 0.0%]
DFA state visits in window   : 1: 26185, 2: 896, 3: 41, 4: 0, 5: 0
DFA state visits cumulative  : 1: 679651, 2: 8854, 3: 139, 4: 0, 5: 0
DFA state entries in window  : 1: 100, 2: 5, 3: 1, 4: 0, 5: 0
DFA state entries cumulative : 1: 4600, 2: 102, 3: 2, 4: 0, 5: 0
transitions cumulative       : 1->2: 102, 2->3: 2
accepted directly from s0    : 0
Gym endings cumulative       : terminated=4526, truncated=74

[Episode 4700/12000 | last 100]
success rate                : 0.0% (cumulative 0.0%)
failure rate                : 0.0% (cumulative 0.0%)
completed cycles / episode  : 0.000
synthetic task reward       : 0.000
shaping reward              : -214.343
learning reward             : -214.343
episode length              : 298.5
abstract changes / episode  : 22.1
same abstract-state steps   : 92.6%
same-state shaping / episode: 0.000
changed-state shaping / ep. : -214.343
terminal shaping / episode  : -0.009
DFA transitions / episode   : 0.21
DFA transitions in window   : 1->2: 18, 2->3: 3
epsilon (next episode)       : 0.39059
replay buffer                : 300000 samples [1: 96.2%, 2: 3.6%, 3: 0.2%, 4: 0.0%, 5: 0.0%]
DFA state visits in window   : 1: 26749, 2: 2708, 3: 493, 4: 0, 5: 0
DFA state visits cumulative  : 1: 706400, 2: 11562, 3: 632, 4: 0, 5: 0
DFA state entries in window  : 1: 100, 2: 18, 3: 3, 4: 0, 5: 0
DFA state entries cumulative : 1: 4700, 2: 120, 3: 5, 4: 0, 5: 0
transitions cumulative       : 1->2: 120, 2->3: 5
accepted directly from s0    : 0
Gym endings cumulative       : terminated=4620, truncated=80

[Episode 4800/12000 | last 100]
success rate                : 0.0% (cumulative 0.0%)
failure rate                : 0.0% (cumulative 0.0%)
completed cycles / episode  : 0.000
synthetic task reward       : 0.000
shaping reward              : -241.383
learning reward             : -241.383
episode length              : 261.6
abstract changes / episode  : 21.2
same abstract-state steps   : 91.9%
same-state shaping / episode: 0.000
changed-state shaping / ep. : -241.383
terminal shaping / episode  : -0.878
DFA transitions / episode   : 0.08
DFA transitions in window   : 1->2: 7, 2->3: 1
epsilon (next episode)       : 0.38286
replay buffer                : 300000 samples [1: 95.6%, 2: 4.2%, 3: 0.3%, 4: 0.0%, 5: 0.0%]
DFA state visits in window   : 1: 24272, 2: 1822, 3: 166, 4: 0, 5: 0
DFA state visits cumulative  : 1: 730672, 2: 13384, 3: 798, 4: 0, 5: 0
DFA state entries in window  : 1: 100, 2: 7, 3: 1, 4: 0, 5: 0
DFA state entries cumulative : 1: 4800, 2: 127, 3: 6, 4: 0, 5: 0
transitions cumulative       : 1->2: 127, 2->3: 6
accepted directly from s0    : 0
Gym endings cumulative       : terminated=4717, truncated=83

[Episode 4900/12000 | last 100]
success rate                : 0.0% (cumulative 0.0%)
failure rate                : 0.0% (cumulative 0.0%)
completed cycles / episode  : 0.000
synthetic task reward       : 0.000
shaping reward              : -192.115
learning reward             : -192.115
episode length              : 414.4
abstract changes / episode  : 28.7
same abstract-state steps   : 93.1%
same-state shaping / episode: 0.000
changed-state shaping / ep. : -192.115
terminal shaping / episode  : 0.000
DFA transitions / episode   : 0.31
DFA transitions in window   : 1->2: 26, 2->3: 5
epsilon (next episode)       : 0.37527
replay buffer                : 300000 samples [1: 92.1%, 2: 7.2%, 3: 0.7%, 4: 0.0%, 5: 0.0%]
DFA state visits in window   : 1: 30981, 2: 9108, 3: 1451, 4: 0, 5: 0
DFA state visits cumulative  : 1: 761653, 2: 22492, 3: 2249, 4: 0, 5: 0
DFA state entries in window  : 1: 100, 2: 26, 3: 5, 4: 0, 5: 0
DFA state entries cumulative : 1: 4900, 2: 153, 3: 11, 4: 0, 5: 0
transitions cumulative       : 1->2: 153, 2->3: 11
accepted directly from s0    : 0
Gym endings cumulative       : terminated=4806, truncated=94

[Episode 5000/12000 | last 100]
success rate                : 0.0% (cumulative 0.0%)
failure rate                : 0.0% (cumulative 0.0%)
completed cycles / episode  : 0.000
synthetic task reward       : 0.000
shaping reward              : -209.103
learning reward             : -209.103
episode length              : 438.2
abstract changes / episode  : 29.0
same abstract-state steps   : 93.4%
same-state shaping / episode: 0.000
changed-state shaping / ep. : -209.103
terminal shaping / episode  : -0.895
DFA transitions / episode   : 0.25
DFA transitions in window   : 1->2: 22, 2->3: 3
epsilon (next episode)       : 0.36784
replay buffer                : 300000 samples [1: 89.2%, 2: 9.9%, 3: 0.9%, 4: 0.0%, 5: 0.0%]
DFA state visits in window   : 1: 35305, 2: 8076, 3: 536, 4: 0, 5: 0
DFA state visits cumulative  : 1: 796958, 2: 30568, 3: 2785, 4: 0, 5: 0
DFA state entries in window  : 1: 100, 2: 22, 3: 3, 4: 0, 5: 0
DFA state entries cumulative : 1: 5000, 2: 175, 3: 14, 4: 0, 5: 0
transitions cumulative       : 1->2: 175, 2->3: 14
accepted directly from s0    : 0
Gym endings cumulative       : terminated=4896, truncated=104

Starting autonomous greedy evaluation at episode 5000 (1000 fixed-seed episodes)...
[Greedy evaluation at episode 5000 | 1000 fixed-seed episodes]
success=0.0%, failure=0.0%, task reward=0.000, length=934.2
DFA transitions: 1->2: 923, 2->3: 3

[Episode 5100/12000 | last 100]
success rate                : 0.0% (cumulative 0.0%)
failure rate                : 0.0% (cumulative 0.0%)
completed cycles / episode  : 0.000
synthetic task reward       : 0.000
shaping reward              : -117.640
learning reward             : -117.640
episode length              : 416.6
abstract changes / episode  : 28.8
same abstract-state steps   : 93.1%
same-state shaping / episode: 0.000
changed-state shaping / ep. : -117.640
terminal shaping / episode  : -0.914
DFA transitions / episode   : 0.35
DFA transitions in window   : 1->2: 27, 2->3: 7, 3->4: 1
epsilon (next episode)       : 0.36056
replay buffer                : 300000 samples [1: 86.6%, 2: 11.8%, 3: 1.6%, 4: 0.0%, 5: 0.0%]
DFA state visits in window   : 1: 32617, 2: 6902, 3: 2165, 4: 71, 5: 0
DFA state visits cumulative  : 1: 829575, 2: 37470, 3: 4950, 4: 71, 5: 0
DFA state entries in window  : 1: 100, 2: 27, 3: 7, 4: 1, 5: 0
DFA state entries cumulative : 1: 5100, 2: 202, 3: 21, 4: 1, 5: 0
transitions cumulative       : 1->2: 202, 2->3: 21, 3->4: 1
accepted directly from s0    : 0
Gym endings cumulative       : terminated=4984, truncated=116

[Episode 5200/12000 | last 100]
success rate                : 0.0% (cumulative 0.0%)
failure rate                : 0.0% (cumulative 0.0%)
completed cycles / episode  : 0.000
synthetic task reward       : 0.000
shaping reward              : -125.958
learning reward             : -125.958
episode length              : 378.8
abstract changes / episode  : 26.6
same abstract-state steps   : 93.0%
same-state shaping / episode: 0.000
changed-state shaping / ep. : -125.958
terminal shaping / episode  : -0.878
DFA transitions / episode   : 0.38
DFA transitions in window   : 1->2: 28, 2->3: 10
epsilon (next episode)       : 0.35342
replay buffer                : 300000 samples [1: 83.5%, 2: 13.7%, 3: 2.8%, 4: 0.0%, 5: 0.0%]
DFA state visits in window   : 1: 27496, 2: 7024, 3: 3464, 4: 0, 5: 0
DFA state visits cumulative  : 1: 857071, 2: 44494, 3: 8414, 4: 71, 5: 0
DFA state entries in window  : 1: 100, 2: 28, 3: 10, 4: 0, 5: 0
DFA state entries cumulative : 1: 5200, 2: 230, 3: 31, 4: 1, 5: 0
transitions cumulative       : 1->2: 230, 2->3: 31, 3->4: 1
accepted directly from s0    : 0
Gym endings cumulative       : terminated=5074, truncated=126

[Episode 5300/12000 | last 100]
success rate                : 0.0% (cumulative 0.0%)
failure rate                : 0.0% (cumulative 0.0%)
completed cycles / episode  : 0.000
synthetic task reward       : 0.000
shaping reward              : -125.650
learning reward             : -125.650
episode length              : 379.8
abstract changes / episode  : 26.9
same abstract-state steps   : 92.9%
same-state shaping / episode: 0.000
changed-state shaping / ep. : -125.650
terminal shaping / episode  : 0.036
DFA transitions / episode   : 0.39
DFA transitions in window   : 1->2: 27, 2->3: 9, 3->4: 3
epsilon (next episode)       : 0.34642
replay buffer                : 300000 samples [1: 81.2%, 2: 15.2%, 3: 3.5%, 4: 0.1%, 5: 0.0%]
DFA state visits in window   : 1: 27545, 2: 8275, 3: 1975, 4: 288, 5: 0
DFA state visits cumulative  : 1: 884616, 2: 52769, 3: 10389, 4: 359, 5: 0
DFA state entries in window  : 1: 100, 2: 27, 3: 9, 4: 3, 5: 0
DFA state entries cumulative : 1: 5300, 2: 257, 3: 40, 4: 4, 5: 0
transitions cumulative       : 1->2: 257, 2->3: 40, 3->4: 4
accepted directly from s0    : 0
Gym endings cumulative       : terminated=5162, truncated=138

[Episode 5400/12000 | last 100]
success rate                : 1.0% (cumulative 0.0%)
failure rate                : 0.0% (cumulative 0.0%)
completed cycles / episode  : 0.000
synthetic task reward       : 100.000
shaping reward              : -72.288
learning reward             : 27.712
episode length              : 484.2
abstract changes / episode  : 35.2
same abstract-state steps   : 92.7%
same-state shaping / episode: 0.000
changed-state shaping / ep. : -72.288
terminal shaping / episode  : 1.000
DFA transitions / episode   : 0.71
DFA transitions in window   : 1->2: 45, 2->3: 19, 3->4: 6, 4->5: 1
epsilon (next episode)       : 0.33956
replay buffer                : 300000 samples [1: 76.5%, 2: 18.0%, 3: 5.2%, 4: 0.3%, 5: 0.0%]
DFA state visits in window   : 1: 32054, 2: 10416, 3: 5543, 4: 508, 5: 1
DFA state visits cumulative  : 1: 916670, 2: 63185, 3: 15932, 4: 867, 5: 1
DFA state entries in window  : 1: 100, 2: 45, 3: 19, 4: 6, 5: 1
DFA state entries cumulative : 1: 5400, 2: 302, 3: 59, 4: 10, 5: 1
transitions cumulative       : 1->2: 302, 2->3: 59, 3->4: 10, 4->5: 1
accepted directly from s0    : 0
Gym endings cumulative       : terminated=5249, truncated=151

[Episode 5500/12000 | last 100]
success rate                : 0.0% (cumulative 0.0%)
failure rate                : 0.0% (cumulative 0.0%)
completed cycles / episode  : 0.000
synthetic task reward       : 0.000
shaping reward              : -110.125
learning reward             : -110.125
episode length              : 431.0
abstract changes / episode  : 33.2
same abstract-state steps   : 92.3%
same-state shaping / episode: 0.000
changed-state shaping / ep. : -110.125
terminal shaping / episode  : 0.000
DFA transitions / episode   : 0.63
DFA transitions in window   : 1->2: 39, 2->3: 19, 3->4: 5
epsilon (next episode)       : 0.33283
replay buffer                : 300000 samples [1: 72.7%, 2: 19.6%, 3: 7.1%, 4: 0.5%, 5: 0.0%]
DFA state visits in window   : 1: 27681, 2: 8531, 3: 6285, 4: 704, 5: 0
DFA state visits cumulative  : 1: 944351, 2: 71716, 3: 22217, 4: 1571, 5: 1
DFA state entries in window  : 1: 100, 2: 39, 3: 19, 4: 5, 5: 0
DFA state entries cumulative : 1: 5500, 2: 341, 3: 78, 4: 15, 5: 1
transitions cumulative       : 1->2: 341, 2->3: 78, 3->4: 15, 4->5: 1
accepted directly from s0    : 0
Gym endings cumulative       : terminated=5342, truncated=158

Starting autonomous greedy evaluation at episode 5500 (1000 fixed-seed episodes)...
[Greedy evaluation at episode 5500 | 1000 fixed-seed episodes]
success=0.2%, failure=0.0%, task reward=20.000, length=796.5
DFA transitions: 1->2: 980, 2->3: 854, 3->4: 626, 4->5: 2
Best policy updated from autonomous greedy evaluation at episode 5500.

[Episode 5600/12000 | last 100]
success rate                : 0.0% (cumulative 0.0%)
failure rate                : 0.0% (cumulative 0.0%)
completed cycles / episode  : 0.000
synthetic task reward       : 0.000
shaping reward              : -52.160
learning reward             : -52.160
episode length              : 422.9
abstract changes / episode  : 32.3
same abstract-state steps   : 92.4%
same-state shaping / episode: 0.000
changed-state shaping / ep. : -52.160
terminal shaping / episode  : -0.886
DFA transitions / episode   : 0.64
DFA transitions in window   : 1->2: 39, 2->3: 19, 3->4: 6
epsilon (next episode)       : 0.32624
replay buffer                : 300000 samples [1: 70.4%, 2: 19.6%, 3: 9.1%, 4: 0.8%, 5: 0.0%]
DFA state visits in window   : 1: 25603, 2: 8335, 3: 7541, 4: 909, 5: 0
DFA state visits cumulative  : 1: 969954, 2: 80051, 3: 29758, 4: 2480, 5: 1
DFA state entries in window  : 1: 100, 2: 39, 3: 19, 4: 6, 5: 0
DFA state entries cumulative : 1: 5600, 2: 380, 3: 97, 4: 21, 5: 1
transitions cumulative       : 1->2: 380, 2->3: 97, 3->4: 21, 4->5: 1
accepted directly from s0    : 0
Gym endings cumulative       : terminated=5428, truncated=172

[Episode 5700/12000 | last 100]
success rate                : 1.0% (cumulative 0.0%)
failure rate                : 0.0% (cumulative 0.0%)
completed cycles / episode  : 0.000
synthetic task reward       : 100.000
shaping reward              : -67.558
learning reward             : 32.442
episode length              : 392.1
abstract changes / episode  : 31.0
same abstract-state steps   : 92.1%
same-state shaping / episode: 0.000
changed-state shaping / ep. : -67.558
terminal shaping / episode  : 1.000
DFA transitions / episode   : 0.50
DFA transitions in window   : 1->2: 35, 2->3: 12, 3->4: 2, 4->5: 1
epsilon (next episode)       : 0.31978
replay buffer                : 300000 samples [1: 68.8%, 2: 20.0%, 3: 10.3%, 4: 0.9%, 5: 0.0%]
DFA state visits in window   : 1: 25516, 2: 9610, 3: 3955, 4: 224, 5: 1
DFA state visits cumulative  : 1: 995470, 2: 89661, 3: 33713, 4: 2704, 5: 2
DFA state entries in window  : 1: 100, 2: 35, 3: 12, 4: 2, 5: 1
DFA state entries cumulative : 1: 5700, 2: 415, 3: 109, 4: 23, 5: 2
transitions cumulative       : 1->2: 415, 2->3: 109, 3->4: 23, 4->5: 2
accepted directly from s0    : 0
Gym endings cumulative       : terminated=5519, truncated=180

[Episode 5800/12000 | last 100]
success rate                : 0.0% (cumulative 0.0%)
failure rate                : 0.0% (cumulative 0.0%)
completed cycles / episode  : 0.000
synthetic task reward       : 0.000
shaping reward              : -28.833
learning reward             : -28.833
episode length              : 406.0
abstract changes / episode  : 32.0
same abstract-state steps   : 92.1%
same-state shaping / episode: 0.000
changed-state shaping / ep. : -28.833
terminal shaping / episode  : 1.791
DFA transitions / episode   : 0.66
DFA transitions in window   : 1->2: 42, 2->3: 16, 3->4: 8
epsilon (next episode)       : 0.31345
replay buffer                : 300000 samples [1: 65.4%, 2: 21.5%, 3: 12.0%, 4: 1.1%, 5: 0.0%]
DFA state visits in window   : 1: 23601, 2: 10927, 3: 5494, 4: 676, 5: 0
DFA state visits cumulative  : 1: 1019071, 2: 100588, 3: 39207, 4: 3380, 5: 2
DFA state entries in window  : 1: 100, 2: 42, 3: 16, 4: 8, 5: 0
DFA state entries cumulative : 1: 5800, 2: 457, 3: 125, 4: 31, 5: 2
transitions cumulative       : 1->2: 457, 2->3: 125, 3->4: 31, 4->5: 2
accepted directly from s0    : 0
Gym endings cumulative       : terminated=5611, truncated=188

[Episode 5900/12000 | last 100]
success rate                : 1.0% (cumulative 0.1%)
failure rate                : 0.0% (cumulative 0.0%)
completed cycles / episode  : 0.000
synthetic task reward       : 100.000
shaping reward              : -23.596
learning reward             : 76.404
episode length              : 456.1
abstract changes / episode  : 34.6
same abstract-state steps   : 92.4%
same-state shaping / episode: 0.000
changed-state shaping / ep. : -23.596
terminal shaping / episode  : 0.105
DFA transitions / episode   : 0.83
DFA transitions in window   : 1->2: 43, 2->3: 28, 3->4: 11, 4->5: 1
epsilon (next episode)       : 0.30724
replay buffer                : 300000 samples [1: 62.7%, 2: 22.9%, 3: 12.8%, 4: 1.7%, 5: 0.0%]
DFA state visits in window   : 1: 24033, 2: 12468, 3: 7504, 4: 1707, 5: 1
DFA state visits cumulative  : 1: 1043104, 2: 113056, 3: 46711, 4: 5087, 5: 3
DFA state entries in window  : 1: 100, 2: 43, 3: 28, 4: 11, 5: 1
DFA state entries cumulative : 1: 5900, 2: 500, 3: 153, 4: 42, 5: 3
transitions cumulative       : 1->2: 500, 2->3: 153, 3->4: 42, 4->5: 3
accepted directly from s0    : 0
Gym endings cumulative       : terminated=5695, truncated=203

[Episode 6000/12000 | last 100]
success rate                : 0.0% (cumulative 0.1%)
failure rate                : 0.0% (cumulative 0.0%)
completed cycles / episode  : 0.000
synthetic task reward       : 0.000
shaping reward              : -83.973
learning reward             : -83.973
episode length              : 459.1
abstract changes / episode  : 34.5
same abstract-state steps   : 92.5%
same-state shaping / episode: 0.000
changed-state shaping / ep. : -83.973
terminal shaping / episode  : 0.000
DFA transitions / episode   : 0.51
DFA transitions in window   : 1->2: 35, 2->3: 13, 3->4: 3
epsilon (next episode)       : 0.30116
replay buffer                : 300000 samples [1: 63.2%, 2: 22.5%, 3: 12.6%, 4: 1.7%, 5: 0.0%]
DFA state visits in window   : 1: 34352, 2: 9145, 3: 2090, 4: 422, 5: 0
DFA state visits cumulative  : 1: 1077456, 2: 122201, 3: 48801, 4: 5509, 5: 3
DFA state entries in window  : 1: 100, 2: 35, 3: 13, 4: 3, 5: 0
DFA state entries cumulative : 1: 6000, 2: 535, 3: 166, 4: 45, 5: 3
transitions cumulative       : 1->2: 535, 2->3: 166, 3->4: 45, 4->5: 3
accepted directly from s0    : 0
Gym endings cumulative       : terminated=5787, truncated=211

Starting autonomous greedy evaluation at episode 6000 (1000 fixed-seed episodes)...
[Greedy evaluation at episode 6000 | 1000 fixed-seed episodes]
success=0.1%, failure=0.0%, task reward=10.000, length=834.5
DFA transitions: 1->2: 484, 2->3: 46, 3->4: 2, 4->5: 1

[Episode 6100/12000 | last 100]
success rate                : 0.0% (cumulative 0.0%)
failure rate                : 0.0% (cumulative 0.0%)
completed cycles / episode  : 0.000
synthetic task reward       : 0.000
shaping reward              : 88.186
learning reward             : 88.186
episode length              : 540.7
abstract changes / episode  : 39.7
same abstract-state steps   : 92.7%
same-state shaping / episode: 0.000
changed-state shaping / ep. : 88.186
terminal shaping / episode  : -0.895
DFA transitions / episode   : 1.00
DFA transitions in window   : 1->2: 54, 2->3: 34, 3->4: 12
epsilon (next episode)       : 0.29519
replay buffer                : 300000 samples [1: 60.1%, 2: 23.9%, 3: 14.0%, 4: 2.0%, 5: 0.0%]
DFA state visits in window   : 1: 27442, 2: 14198, 3: 10822, 4: 1708, 5: 0
DFA state visits cumulative  : 1: 1104898, 2: 136399, 3: 59623, 4: 7217, 5: 3
DFA state entries in window  : 1: 100, 2: 54, 3: 34, 4: 12, 5: 0
DFA state entries cumulative : 1: 6100, 2: 589, 3: 200, 4: 57, 5: 3
transitions cumulative       : 1->2: 589, 2->3: 200, 3->4: 57, 4->5: 3
accepted directly from s0    : 0
Gym endings cumulative       : terminated=5865, truncated=233

[Episode 6200/12000 | last 100]
success rate                : 1.0% (cumulative 0.1%)
failure rate                : 0.0% (cumulative 0.0%)
completed cycles / episode  : 0.000
synthetic task reward       : 100.000
shaping reward              : 113.007
learning reward             : 213.007
episode length              : 477.2
abstract changes / episode  : 33.2
same abstract-state steps   : 93.0%
same-state shaping / episode: 0.000
changed-state shaping / ep. : 113.007
terminal shaping / episode  : 1.914
DFA transitions / episode   : 0.97
DFA transitions in window   : 1->2: 46, 2->3: 30, 3->4: 20, 4->5: 1
epsilon (next episode)       : 0.28935
replay buffer                : 300000 samples [1: 58.7%, 2: 23.5%, 3: 14.7%, 4: 3.1%, 5: 0.0%]
DFA state visits in window   : 1: 24643, 2: 8875, 3: 10114, 4: 4187, 5: 1
DFA state visits cumulative  : 1: 1129541, 2: 145274, 3: 69737, 4: 11404, 5: 4
DFA state entries in window  : 1: 100, 2: 46, 3: 30, 4: 20, 5: 1
DFA state entries cumulative : 1: 6200, 2: 635, 3: 230, 4: 77, 5: 4
transitions cumulative       : 1->2: 635, 2->3: 230, 3->4: 77, 4->5: 4
accepted directly from s0    : 0
Gym endings cumulative       : terminated=5947, truncated=250

[Episode 6300/12000 | last 100]
success rate                : 7.0% (cumulative 0.2%)
failure rate                : 0.0% (cumulative 0.0%)
completed cycles / episode  : 0.000
synthetic task reward       : 700.000
shaping reward              : 194.747
learning reward             : 894.747
episode length              : 558.6
abstract changes / episode  : 36.3
same abstract-state steps   : 93.5%
same-state shaping / episode: 0.000
changed-state shaping / ep. : 194.747
terminal shaping / episode  : 7.895
DFA transitions / episode   : 1.22
DFA transitions in window   : 1->2: 58, 2->3: 35, 3->4: 22, 4->5: 7
epsilon (next episode)       : 0.28362
replay buffer                : 300000 samples [1: 56.3%, 2: 23.8%, 3: 15.6%, 4: 4.3%, 5: 0.0%]
DFA state visits in window   : 1: 28756, 2: 13270, 3: 9761, 4: 4165, 5: 7
DFA state visits cumulative  : 1: 1158297, 2: 158544, 3: 79498, 4: 15569, 5: 11
DFA state entries in window  : 1: 100, 2: 58, 3: 35, 4: 22, 5: 7
DFA state entries cumulative : 1: 6300, 2: 693, 3: 265, 4: 99, 5: 11
transitions cumulative       : 1->2: 693, 2->3: 265, 3->4: 99, 4->5: 11
accepted directly from s0    : 0
Gym endings cumulative       : terminated=6014, truncated=276

[Episode 6400/12000 | last 100]
success rate                : 6.0% (cumulative 0.3%)
failure rate                : 0.0% (cumulative 0.0%)
completed cycles / episode  : 0.000
synthetic task reward       : 600.000
shaping reward              : 155.791
learning reward             : 755.791
episode length              : 551.6
abstract changes / episode  : 38.3
same abstract-state steps   : 93.1%
same-state shaping / episode: 0.000
changed-state shaping / ep. : 155.791
terminal shaping / episode  : 4.218
DFA transitions / episode   : 1.13
DFA transitions in window   : 1->2: 60, 2->3: 33, 3->4: 14, 4->5: 6
epsilon (next episode)       : 0.27800
replay buffer                : 300000 samples [1: 55.9%, 2: 23.7%, 3: 15.5%, 4: 4.9%, 5: 0.0%]
DFA state visits in window   : 1: 31581, 2: 13928, 3: 7035, 4: 2712, 5: 6
DFA state visits cumulative  : 1: 1189878, 2: 172472, 3: 86533, 4: 18281, 5: 17
DFA state entries in window  : 1: 100, 2: 60, 3: 33, 4: 14, 5: 6
DFA state entries cumulative : 1: 6400, 2: 753, 3: 298, 4: 113, 5: 17
transitions cumulative       : 1->2: 753, 2->3: 298, 3->4: 113, 4->5: 17
accepted directly from s0    : 0
Gym endings cumulative       : terminated=6085, truncated=299

[Episode 6500/12000 | last 100]
success rate                : 6.0% (cumulative 0.4%)
failure rate                : 0.0% (cumulative 0.0%)
completed cycles / episode  : 0.000
synthetic task reward       : 600.000
shaping reward              : 123.963
learning reward             : 723.963
episode length              : 509.8
abstract changes / episode  : 38.7
same abstract-state steps   : 92.4%
same-state shaping / episode: 0.000
changed-state shaping / ep. : 123.963
terminal shaping / episode  : 5.086
DFA transitions / episode   : 1.20
DFA transitions in window   : 1->2: 60, 2->3: 38, 3->4: 16, 4->5: 6
epsilon (next episode)       : 0.27250
replay buffer                : 300000 samples [1: 54.9%, 2: 24.1%, 3: 16.0%, 4: 5.1%, 5: 0.0%]
DFA state visits in window   : 1: 24268, 2: 15344, 3: 9404, 4: 2053, 5: 6
DFA state visits cumulative  : 1: 1214146, 2: 187816, 3: 95937, 4: 20334, 5: 23
DFA state entries in window  : 1: 100, 2: 60, 3: 38, 4: 16, 5: 6
DFA state entries cumulative : 1: 6500, 2: 813, 3: 336, 4: 129, 5: 23
transitions cumulative       : 1->2: 813, 2->3: 336, 3->4: 129, 4->5: 23
accepted directly from s0    : 0
Gym endings cumulative       : terminated=6169, truncated=309

Starting autonomous greedy evaluation at episode 6500 (1000 fixed-seed episodes)...
[Greedy evaluation at episode 6500 | 1000 fixed-seed episodes]
success=25.5%, failure=0.0%, task reward=2550.000, length=769.5
DFA transitions: 1->2: 952, 2->3: 889, 3->4: 599, 4->5: 255
Best policy updated from autonomous greedy evaluation at episode 6500.

[Episode 6600/12000 | last 100]
success rate                : 9.0% (cumulative 0.5%)
failure rate                : 0.0% (cumulative 0.0%)
completed cycles / episode  : 0.000
synthetic task reward       : 900.000
shaping reward              : 242.699
learning reward             : 1142.699
episode length              : 588.5
abstract changes / episode  : 43.8
same abstract-state steps   : 92.6%
same-state shaping / episode: 0.000
changed-state shaping / ep. : 242.699
terminal shaping / episode  : 9.961
DFA transitions / episode   : 1.55
DFA transitions in window   : 1->2: 69, 2->3: 54, 3->4: 23, 4->5: 9
epsilon (next episode)       : 0.26710
replay buffer                : 300000 samples [1: 48.6%, 2: 25.8%, 3: 19.6%, 4: 6.0%, 5: 0.0%]
DFA state visits in window   : 1: 22432, 2: 18177, 3: 14621, 4: 3706, 5: 9
DFA state visits cumulative  : 1: 1236578, 2: 205993, 3: 110558, 4: 24040, 5: 32
DFA state entries in window  : 1: 100, 2: 69, 3: 54, 4: 23, 5: 9
DFA state entries cumulative : 1: 6600, 2: 882, 3: 390, 4: 152, 5: 32
transitions cumulative       : 1->2: 882, 2->3: 390, 3->4: 152, 4->5: 32
accepted directly from s0    : 0
Gym endings cumulative       : terminated=6241, truncated=328

[Episode 6700/12000 | last 100]
success rate                : 15.0% (cumulative 0.7%)
failure rate                : 0.0% (cumulative 0.0%)
completed cycles / episode  : 0.000
synthetic task reward       : 1500.000
shaping reward              : 274.733
learning reward             : 1774.733
episode length              : 594.0
abstract changes / episode  : 45.7
same abstract-state steps   : 92.3%
same-state shaping / episode: 0.000
changed-state shaping / ep. : 274.733
terminal shaping / episode  : 12.232
DFA transitions / episode   : 1.83
DFA transitions in window   : 1->2: 80, 2->3: 54, 3->4: 34, 4->5: 15
epsilon (next episode)       : 0.26181
replay buffer                : 300000 samples [1: 45.6%, 2: 27.8%, 3: 19.4%, 4: 7.2%, 5: 0.0%]
DFA state visits in window   : 1: 22149, 2: 18743, 3: 12844, 4: 5749, 5: 15
DFA state visits cumulative  : 1: 1258727, 2: 224736, 3: 123402, 4: 29789, 5: 47
DFA state entries in window  : 1: 100, 2: 80, 3: 54, 4: 34, 5: 15
DFA state entries cumulative : 1: 6700, 2: 962, 3: 444, 4: 186, 5: 47
transitions cumulative       : 1->2: 962, 2->3: 444, 3->4: 186, 4->5: 47
accepted directly from s0    : 0
Gym endings cumulative       : terminated=6310, truncated=344

[Episode 6800/12000 | last 100]
success rate                : 21.0% (cumulative 1.0%)
failure rate                : 0.0% (cumulative 0.0%)
completed cycles / episode  : 0.000
synthetic task reward       : 2100.000
shaping reward              : 314.869
learning reward             : 2414.869
episode length              : 499.9
abstract changes / episode  : 38.2
same abstract-state steps   : 92.4%
same-state shaping / episode: 0.000
changed-state shaping / ep. : 314.869
terminal shaping / episode  : 21.000
DFA transitions / episode   : 1.64
DFA transitions in window   : 1->2: 70, 2->3: 42, 3->4: 31, 4->5: 21
epsilon (next episode)       : 0.25663
replay buffer                : 300000 samples [1: 45.2%, 2: 29.0%, 3: 18.8%, 4: 7.0%, 5: 0.0%]
DFA state visits in window   : 1: 23043, 2: 14646, 3: 7854, 4: 4527, 5: 21
DFA state visits cumulative  : 1: 1281770, 2: 239382, 3: 131256, 4: 34316, 5: 68
DFA state entries in window  : 1: 100, 2: 70, 3: 42, 4: 31, 5: 21
DFA state entries cumulative : 1: 6800, 2: 1032, 3: 486, 4: 217, 5: 68
transitions cumulative       : 1->2: 1032, 2->3: 486, 3->4: 217, 4->5: 68
accepted directly from s0    : 0
Gym endings cumulative       : terminated=6378, truncated=355

[Episode 6900/12000 | last 100]
success rate                : 38.0% (cumulative 1.5%)
failure rate                : 0.0% (cumulative 0.0%)
completed cycles / episode  : 0.000
synthetic task reward       : 3800.000
shaping reward              : 442.445
learning reward             : 4242.445
episode length              : 553.5
abstract changes / episode  : 36.4
same abstract-state steps   : 93.4%
same-state shaping / episode: 0.000
changed-state shaping / ep. : 442.445
terminal shaping / episode  : 38.904
DFA transitions / episode   : 2.11
DFA transitions in window   : 1->2: 72, 2->3: 56, 3->4: 45, 4->5: 38
epsilon (next episode)       : 0.25154
replay buffer                : 300000 samples [1: 43.4%, 2: 28.8%, 3: 20.2%, 4: 7.6%, 5: 0.0%]
DFA state visits in window   : 1: 22409, 2: 13273, 3: 13440, 4: 6293, 5: 38
DFA state visits cumulative  : 1: 1304179, 2: 252655, 3: 144696, 4: 40609, 5: 106
DFA state entries in window  : 1: 100, 2: 72, 3: 56, 4: 45, 5: 38
DFA state entries cumulative : 1: 6900, 2: 1104, 3: 542, 4: 262, 5: 106
transitions cumulative       : 1->2: 1104, 2->3: 542, 3->4: 262, 4->5: 106
accepted directly from s0    : 0
Gym endings cumulative       : terminated=6429, truncated=366

[Episode 7000/12000 | last 100]
success rate                : 42.0% (cumulative 2.1%)
failure rate                : 0.0% (cumulative 0.0%)
completed cycles / episode  : 0.000
synthetic task reward       : 4200.000
shaping reward              : 506.666
learning reward             : 4706.666
episode length              : 508.2
abstract changes / episode  : 34.4
same abstract-state steps   : 93.2%
same-state shaping / episode: 0.000
changed-state shaping / ep. : 506.666
terminal shaping / episode  : 42.914
DFA transitions / episode   : 2.22
DFA transitions in window   : 1->2: 71, 2->3: 57, 3->4: 52, 4->5: 42
epsilon (next episode)       : 0.24656
replay buffer                : 300000 samples [1: 39.6%, 2: 29.9%, 3: 21.2%, 4: 9.3%, 5: 0.0%]
DFA state visits in window   : 1: 18799, 2: 16731, 3: 9201, 4: 6149, 5: 42
DFA state visits cumulative  : 1: 1322978, 2: 269386, 3: 153897, 4: 46758, 5: 148
DFA state entries in window  : 1: 100, 2: 71, 3: 57, 4: 52, 5: 42
DFA state entries cumulative : 1: 7000, 2: 1175, 3: 599, 4: 314, 5: 148
transitions cumulative       : 1->2: 1175, 2->3: 599, 3->4: 314, 4->5: 148
accepted directly from s0    : 0
Gym endings cumulative       : terminated=6480, truncated=373

Starting autonomous greedy evaluation at episode 7000 (1000 fixed-seed episodes)...
[Greedy evaluation at episode 7000 | 1000 fixed-seed episodes]
success=0.2%, failure=0.0%, task reward=20.000, length=604.4
DFA transitions: 1->2: 402, 2->3: 2, 3->4: 2, 4->5: 2

[Episode 7100/12000 | last 100]
success rate                : 41.0% (cumulative 2.7%)
failure rate                : 0.0% (cumulative 0.0%)
completed cycles / episode  : 0.000
synthetic task reward       : 4100.000
shaping reward              : 539.781
learning reward             : 4639.781
episode length              : 616.5
abstract changes / episode  : 42.5
same abstract-state steps   : 93.1%
same-state shaping / episode: 0.000
changed-state shaping / ep. : 539.781
terminal shaping / episode  : 41.000
DFA transitions / episode   : 2.54
DFA transitions in window   : 1->2: 82, 2->3: 72, 3->4: 59, 4->5: 41
epsilon (next episode)       : 0.24168
replay buffer                : 300000 samples [1: 38.3%, 2: 30.0%, 3: 21.2%, 4: 10.5%, 5: 0.0%]
DFA state visits in window   : 1: 21413, 2: 19762, 3: 13644, 4: 6885, 5: 41
DFA state visits cumulative  : 1: 1344391, 2: 289148, 3: 167541, 4: 53643, 5: 189
DFA state entries in window  : 1: 100, 2: 82, 3: 72, 4: 59, 5: 41
DFA state entries cumulative : 1: 7100, 2: 1257, 3: 671, 4: 373, 5: 189
transitions cumulative       : 1->2: 1257, 2->3: 671, 3->4: 373, 4->5: 189
accepted directly from s0    : 0
Gym endings cumulative       : terminated=6528, truncated=384

[Episode 7200/12000 | last 100]
success rate                : 49.0% (cumulative 3.3%)
failure rate                : 0.0% (cumulative 0.0%)
completed cycles / episode  : 0.000
synthetic task reward       : 4900.000
shaping reward              : 626.059
learning reward             : 5526.059
episode length              : 548.0
abstract changes / episode  : 37.3
same abstract-state steps   : 93.2%
same-state shaping / episode: 0.000
changed-state shaping / ep. : 626.059
terminal shaping / episode  : 49.000
DFA transitions / episode   : 2.57
DFA transitions in window   : 1->2: 81, 2->3: 67, 3->4: 60, 4->5: 49
epsilon (next episode)       : 0.23689
replay buffer                : 300000 samples [1: 39.0%, 2: 29.8%, 3: 19.8%, 4: 11.5%, 5: 0.0%]
DFA state visits in window   : 1: 22255, 2: 15191, 3: 10045, 4: 7363, 5: 49
DFA state visits cumulative  : 1: 1366646, 2: 304339, 3: 177586, 4: 61006, 5: 238
DFA state entries in window  : 1: 100, 2: 81, 3: 67, 4: 60, 5: 49
DFA state entries cumulative : 1: 7200, 2: 1338, 3: 738, 4: 433, 5: 238
transitions cumulative       : 1->2: 1338, 2->3: 738, 3->4: 433, 4->5: 238
accepted directly from s0    : 0
Gym endings cumulative       : terminated=6572, truncated=391

[Episode 7300/12000 | last 100]
success rate                : 51.0% (cumulative 4.0%)
failure rate                : 0.0% (cumulative 0.0%)
completed cycles / episode  : 0.000
synthetic task reward       : 5100.000
shaping reward              : 626.272
learning reward             : 5726.272
episode length              : 539.8
abstract changes / episode  : 37.2
same abstract-state steps   : 93.1%
same-state shaping / episode: 0.000
changed-state shaping / ep. : 626.272
terminal shaping / episode  : 51.990
DFA transitions / episode   : 2.72
DFA transitions in window   : 1->2: 84, 2->3: 72, 3->4: 65, 4->5: 51
epsilon (next episode)       : 0.23220
replay buffer                : 300000 samples [1: 38.4%, 2: 28.3%, 3: 21.3%, 4: 11.9%, 5: 0.0%]
DFA state visits in window   : 1: 19437, 2: 14294, 3: 13148, 4: 7148, 5: 51
DFA state visits cumulative  : 1: 1386083, 2: 318633, 3: 190734, 4: 68154, 5: 289
DFA state entries in window  : 1: 100, 2: 84, 3: 72, 4: 65, 5: 51
DFA state entries cumulative : 1: 7300, 2: 1422, 3: 810, 4: 498, 5: 289
transitions cumulative       : 1->2: 1422, 2->3: 810, 3->4: 498, 4->5: 289
accepted directly from s0    : 0
Gym endings cumulative       : terminated=6615, truncated=397

[Episode 7400/12000 | last 100]
success rate                : 41.0% (cumulative 4.5%)
failure rate                : 0.0% (cumulative 0.0%)
completed cycles / episode  : 0.000
synthetic task reward       : 4100.000
shaping reward              : 469.826
learning reward             : 4569.826
episode length              : 472.1
abstract changes / episode  : 31.8
same abstract-state steps   : 93.3%
same-state shaping / episode: 0.000
changed-state shaping / ep. : 469.826
terminal shaping / episode  : 41.895
DFA transitions / episode   : 2.20
DFA transitions in window   : 1->2: 65, 2->3: 60, 3->4: 54, 4->5: 41
epsilon (next episode)       : 0.22760
replay buffer                : 300000 samples [1: 38.7%, 2: 28.3%, 3: 20.5%, 4: 12.5%, 5: 0.0%]
DFA state visits in window   : 1: 20377, 2: 11186, 3: 9467, 4: 6241, 5: 41
DFA state visits cumulative  : 1: 1406460, 2: 329819, 3: 200201, 4: 74395, 5: 330
DFA state entries in window  : 1: 100, 2: 65, 3: 60, 4: 54, 5: 41
DFA state entries cumulative : 1: 7400, 2: 1487, 3: 870, 4: 552, 5: 330
transitions cumulative       : 1->2: 1487, 2->3: 870, 3->4: 552, 4->5: 330
accepted directly from s0    : 0
Gym endings cumulative       : terminated=6672, truncated=399

[Episode 7500/12000 | last 100]
success rate                : 32.0% (cumulative 4.8%)
failure rate                : 0.0% (cumulative 0.0%)
completed cycles / episode  : 0.000
synthetic task reward       : 3200.000
shaping reward              : 322.913
learning reward             : 3522.913
episode length              : 450.1
abstract changes / episode  : 31.4
same abstract-state steps   : 93.0%
same-state shaping / episode: 0.000
changed-state shaping / ep. : 322.913
terminal shaping / episode  : 32.000
DFA transitions / episode   : 1.84
DFA transitions in window   : 1->2: 65, 2->3: 47, 3->4: 40, 4->5: 32
epsilon (next episode)       : 0.22310
replay buffer                : 300000 samples [1: 40.0%, 2: 28.3%, 3: 19.8%, 4: 11.9%, 5: 0.0%]
DFA state visits in window   : 1: 22589, 2: 12070, 3: 6398, 4: 4023, 5: 32
DFA state visits cumulative  : 1: 1429049, 2: 341889, 3: 206599, 4: 78418, 5: 362
DFA state entries in window  : 1: 100, 2: 65, 3: 47, 4: 40, 5: 32
DFA state entries cumulative : 1: 7500, 2: 1552, 3: 917, 4: 592, 5: 362
transitions cumulative       : 1->2: 1552, 2->3: 917, 3->4: 592, 4->5: 362
accepted directly from s0    : 0
Gym endings cumulative       : terminated=6737, truncated=402

Starting autonomous greedy evaluation at episode 7500 (1000 fixed-seed episodes)...
[Greedy evaluation at episode 7500 | 1000 fixed-seed episodes]
success=5.1%, failure=0.0%, task reward=510.000, length=288.0
DFA transitions: 1->2: 740, 2->3: 82, 3->4: 51, 4->5: 51

[Episode 7600/12000 | last 100]
success rate                : 18.0% (cumulative 5.0%)
failure rate                : 0.0% (cumulative 0.0%)
completed cycles / episode  : 0.000
synthetic task reward       : 1800.000
shaping reward              : 87.463
learning reward             : 1887.463
episode length              : 393.4
abstract changes / episode  : 28.8
same abstract-state steps   : 92.7%
same-state shaping / episode: 0.000
changed-state shaping / ep. : 87.463
terminal shaping / episode  : 17.105
DFA transitions / episode   : 1.01
DFA transitions in window   : 1->2: 42, 2->3: 21, 3->4: 20, 4->5: 18
epsilon (next episode)       : 0.21868
replay buffer                : 300000 samples [1: 43.9%, 2: 26.6%, 3: 18.5%, 4: 11.0%, 5: 0.0%]
DFA state visits in window   : 1: 26558, 2: 8169, 3: 3107, 4: 1584, 5: 18
DFA state visits cumulative  : 1: 1455607, 2: 350058, 3: 209706, 4: 80002, 5: 380
DFA state entries in window  : 1: 100, 2: 42, 3: 21, 4: 20, 5: 18
DFA state entries cumulative : 1: 7600, 2: 1594, 3: 938, 4: 612, 5: 380
transitions cumulative       : 1->2: 1594, 2->3: 938, 3->4: 612, 4->5: 380
accepted directly from s0    : 0
Gym endings cumulative       : terminated=6817, truncated=404

[Episode 7700/12000 | last 100]
success rate                : 26.0% (cumulative 5.3%)
failure rate                : 0.0% (cumulative 0.0%)
completed cycles / episode  : 0.000
synthetic task reward       : 2600.000
shaping reward              : 249.770
learning reward             : 2849.770
episode length              : 487.8
abstract changes / episode  : 36.8
same abstract-state steps   : 92.5%
same-state shaping / episode: 0.000
changed-state shaping / ep. : 249.770
terminal shaping / episode  : 26.000
DFA transitions / episode   : 1.51
DFA transitions in window   : 1->2: 57, 2->3: 37, 3->4: 31, 4->5: 26
epsilon (next episode)       : 0.21435
replay buffer                : 300000 samples [1: 48.0%, 2: 25.1%, 3: 16.8%, 4: 10.0%, 5: 0.0%]
DFA state visits in window   : 1: 28335, 2: 11526, 3: 6295, 4: 2699, 5: 26
DFA state visits cumulative  : 1: 1483942, 2: 361584, 3: 216001, 4: 82701, 5: 406
DFA state entries in window  : 1: 100, 2: 57, 3: 37, 4: 31, 5: 26
DFA state entries cumulative : 1: 7700, 2: 1651, 3: 975, 4: 643, 5: 406
transitions cumulative       : 1->2: 1651, 2->3: 975, 3->4: 643, 4->5: 406
accepted directly from s0    : 0
Gym endings cumulative       : terminated=6888, truncated=407

[Episode 7800/12000 | last 100]
success rate                : 22.0% (cumulative 5.5%)
failure rate                : 0.0% (cumulative 0.0%)
completed cycles / episode  : 0.000
synthetic task reward       : 2200.000
shaping reward              : 330.743
learning reward             : 2530.743
episode length              : 586.1
abstract changes / episode  : 40.2
same abstract-state steps   : 93.1%
same-state shaping / episode: 0.000
changed-state shaping / ep. : 330.743
terminal shaping / episode  : 21.049
DFA transitions / episode   : 1.64
DFA transitions in window   : 1->2: 58, 2->3: 46, 3->4: 38, 4->5: 22
epsilon (next episode)       : 0.21010
replay buffer                : 300000 samples [1: 52.2%, 2: 23.0%, 3: 16.1%, 4: 8.7%, 5: 0.0%]
DFA state visits in window   : 1: 37362, 2: 10004, 3: 7752, 4: 3572, 5: 22
DFA state visits cumulative  : 1: 1521304, 2: 371588, 3: 223753, 4: 86273, 5: 428
DFA state entries in window  : 1: 100, 2: 58, 3: 46, 4: 38, 5: 22
DFA state entries cumulative : 1: 7800, 2: 1709, 3: 1021, 4: 681, 5: 428
transitions cumulative       : 1->2: 1709, 2->3: 1021, 3->4: 681, 4->5: 428
accepted directly from s0    : 0
Gym endings cumulative       : terminated=6953, truncated=420

[Episode 7900/12000 | last 100]
success rate                : 17.0% (cumulative 5.6%)
failure rate                : 0.0% (cumulative 0.0%)
completed cycles / episode  : 0.000
synthetic task reward       : 1700.000
shaping reward              : 213.045
learning reward             : 1913.045
episode length              : 456.0
abstract changes / episode  : 28.3
same abstract-state steps   : 93.8%
same-state shaping / episode: 0.000
changed-state shaping / ep. : 213.045
terminal shaping / episode  : 17.914
DFA transitions / episode   : 1.28
DFA transitions in window   : 1->2: 45, 2->3: 38, 3->4: 28, 4->5: 17
epsilon (next episode)       : 0.20594
replay buffer                : 300000 samples [1: 56.0%, 2: 21.5%, 3: 15.0%, 4: 7.5%, 5: 0.0%]
DFA state visits in window   : 1: 27700, 2: 7691, 3: 7886, 4: 2403, 5: 17
DFA state visits cumulative  : 1: 1549004, 2: 379279, 3: 231639, 4: 88676, 5: 445
DFA state entries in window  : 1: 100, 2: 45, 3: 38, 4: 28, 5: 17
DFA state entries cumulative : 1: 7900, 2: 1754, 3: 1059, 4: 709, 5: 445
transitions cumulative       : 1->2: 1754, 2->3: 1059, 3->4: 709, 4->5: 445
accepted directly from s0    : 0
Gym endings cumulative       : terminated=7031, truncated=425

[Episode 8000/12000 | last 100]
success rate                : 0.0% (cumulative 5.6%)
failure rate                : 0.0% (cumulative 0.0%)
completed cycles / episode  : 0.000
synthetic task reward       : 0.000
shaping reward              : -265.269
learning reward             : -265.269
episode length              : 289.1
abstract changes / episode  : 12.0
same abstract-state steps   : 95.8%
same-state shaping / episode: 0.000
changed-state shaping / ep. : -265.269
terminal shaping / episode  : -0.869
DFA transitions / episode   : 0.00
DFA transitions in window   : none
epsilon (next episode)       : 0.20186
replay buffer                : 300000 samples [1: 61.9%, 2: 19.1%, 3: 12.8%, 4: 6.2%, 5: 0.0%]
DFA state visits in window   : 1: 29005, 2: 0, 3: 0, 4: 0, 5: 0
DFA state visits cumulative  : 1: 1578009, 2: 379279, 3: 231639, 4: 88676, 5: 445
DFA state entries in window  : 1: 100, 2: 0, 3: 0, 4: 0, 5: 0
DFA state entries cumulative : 1: 8000, 2: 1754, 3: 1059, 4: 709, 5: 445
transitions cumulative       : 1->2: 1754, 2->3: 1059, 3->4: 709, 4->5: 445
accepted directly from s0    : 0
Gym endings cumulative       : terminated=7131, truncated=425

Starting autonomous greedy evaluation at episode 8000 (1000 fixed-seed episodes)...
[Greedy evaluation at episode 8000 | 1000 fixed-seed episodes]
success=0.0%, failure=0.0%, task reward=0.000, length=579.1
DFA transitions: 1->2: 20

[Episode 8100/12000 | last 100]
success rate                : 1.0% (cumulative 5.5%)
failure rate                : 0.0% (cumulative 0.0%)
completed cycles / episode  : 0.000
synthetic task reward       : 100.000
shaping reward              : -111.688
learning reward             : -11.688
episode length              : 855.8
abstract changes / episode  : 28.7
same abstract-state steps   : 96.6%
same-state shaping / episode: 0.000
changed-state shaping / ep. : -111.688
terminal shaping / episode  : 0.131
DFA transitions / episode   : 0.06
DFA transitions in window   : 1->2: 3, 2->3: 1, 3->4: 1, 4->5: 1
epsilon (next episode)       : 0.19787
replay buffer                : 300000 samples [1: 76.4%, 2: 12.1%, 3: 8.2%, 4: 3.3%, 5: 0.0%]
DFA state visits in window   : 1: 85077, 2: 462, 3: 53, 4: 90, 5: 1
DFA state visits cumulative  : 1: 1663086, 2: 379741, 3: 231692, 4: 88766, 5: 446
DFA state entries in window  : 1: 100, 2: 3, 3: 1, 4: 1, 5: 1
DFA state entries cumulative : 1: 8100, 2: 1757, 3: 1060, 4: 710, 5: 446
transitions cumulative       : 1->2: 1757, 2->3: 1060, 3->4: 710, 4->5: 446
accepted directly from s0    : 0
Gym endings cumulative       : terminated=7168, truncated=487

[Episode 8200/12000 | last 100]
success rate                : 6.0% (cumulative 5.5%)
failure rate                : 0.0% (cumulative 0.0%)
completed cycles / episode  : 0.000
synthetic task reward       : 600.000
shaping reward              : -42.617
learning reward             : 557.383
episode length              : 456.6
abstract changes / episode  : 27.3
same abstract-state steps   : 94.0%
same-state shaping / episode: 0.000
changed-state shaping / ep. : -42.617
terminal shaping / episode  : 5.131
DFA transitions / episode   : 0.49
DFA transitions in window   : 1->2: 23, 2->3: 14, 3->4: 6, 4->5: 6
epsilon (next episode)       : 0.19395
replay buffer                : 300000 samples [1: 79.5%, 2: 10.0%, 3: 7.7%, 4: 2.8%, 5: 0.0%]
DFA state visits in window   : 1: 39234, 2: 3200, 3: 2837, 4: 479, 5: 6
DFA state visits cumulative  : 1: 1702320, 2: 382941, 3: 234529, 4: 89245, 5: 452
DFA state entries in window  : 1: 100, 2: 23, 3: 14, 4: 6, 5: 6
DFA state entries cumulative : 1: 8200, 2: 1780, 3: 1074, 4: 716, 5: 452
transitions cumulative       : 1->2: 1780, 2->3: 1074, 3->4: 716, 4->5: 452
accepted directly from s0    : 0
Gym endings cumulative       : terminated=7246, truncated=503

[Episode 8300/12000 | last 100]
success rate                : 18.0% (cumulative 5.7%)
failure rate                : 0.0% (cumulative 0.0%)
completed cycles / episode  : 0.000
synthetic task reward       : 1800.000
shaping reward              : 61.548
learning reward             : 1861.548
episode length              : 359.2
abstract changes / episode  : 22.9
same abstract-state steps   : 93.6%
same-state shaping / episode: 0.000
changed-state shaping / ep. : 61.548
terminal shaping / episode  : 16.263
DFA transitions / episode   : 0.89
DFA transitions in window   : 1->2: 29, 2->3: 22, 3->4: 20, 4->5: 18
epsilon (next episode)       : 0.19011
replay buffer                : 300000 samples [1: 81.2%, 2: 9.0%, 3: 7.1%, 4: 2.8%, 5: 0.0%]
DFA state visits in window   : 1: 25941, 2: 5539, 3: 2775, 4: 1745, 5: 18
DFA state visits cumulative  : 1: 1728261, 2: 388480, 3: 237304, 4: 90990, 5: 470
DFA state entries in window  : 1: 100, 2: 29, 3: 22, 4: 20, 5: 18
DFA state entries cumulative : 1: 8300, 2: 1809, 3: 1096, 4: 736, 5: 470
transitions cumulative       : 1->2: 1809, 2->3: 1096, 3->4: 736, 4->5: 470
accepted directly from s0    : 0
Gym endings cumulative       : terminated=7325, truncated=506

[Episode 8400/12000 | last 100]
success rate                : 11.0% (cumulative 5.7%)
failure rate                : 0.0% (cumulative 0.0%)
completed cycles / episode  : 0.000
synthetic task reward       : 1100.000
shaping reward              : -26.706
learning reward             : 1073.294
episode length              : 335.4
abstract changes / episode  : 20.4
same abstract-state steps   : 93.9%
same-state shaping / episode: 0.000
changed-state shaping / ep. : -26.706
terminal shaping / episode  : 10.176
DFA transitions / episode   : 0.60
DFA transitions in window   : 1->2: 19, 2->3: 16, 3->4: 14, 4->5: 11
epsilon (next episode)       : 0.18634
replay buffer                : 300000 samples [1: 82.5%, 2: 8.2%, 3: 6.6%, 4: 2.7%, 5: 0.0%]
DFA state visits in window   : 1: 26851, 2: 3107, 3: 2505, 4: 1166, 5: 11
DFA state visits cumulative  : 1: 1755112, 2: 391587, 3: 239809, 4: 92156, 5: 481
DFA state entries in window  : 1: 100, 2: 19, 3: 16, 4: 14, 5: 11
DFA state entries cumulative : 1: 8400, 2: 1828, 3: 1112, 4: 750, 5: 481
transitions cumulative       : 1->2: 1828, 2->3: 1112, 3->4: 750, 4->5: 481
accepted directly from s0    : 0
Gym endings cumulative       : terminated=7414, truncated=506

[Episode 8500/12000 | last 100]
success rate                : 12.0% (cumulative 5.8%)
failure rate                : 0.0% (cumulative 0.0%)
completed cycles / episode  : 0.000
synthetic task reward       : 1200.000
shaping reward              : 359.333
learning reward             : 1559.333
episode length              : 655.2
abstract changes / episode  : 31.8
same abstract-state steps   : 95.1%
same-state shaping / episode: 0.000
changed-state shaping / ep. : 359.333
terminal shaping / episode  : 12.000
DFA transitions / episode   : 1.64
DFA transitions in window   : 1->2: 68, 2->3: 50, 3->4: 34, 4->5: 12
epsilon (next episode)       : 0.18265
replay buffer                : 300000 samples [1: 83.1%, 2: 8.7%, 3: 5.8%, 4: 2.4%, 5: 0.0%]
DFA state visits in window   : 1: 40787, 2: 12984, 3: 8397, 4: 3439, 5: 12
DFA state visits cumulative  : 1: 1795899, 2: 404571, 3: 248206, 4: 95595, 5: 493
DFA state entries in window  : 1: 100, 2: 68, 3: 50, 4: 34, 5: 12
DFA state entries cumulative : 1: 8500, 2: 1896, 3: 1162, 4: 784, 5: 493
transitions cumulative       : 1->2: 1896, 2->3: 1162, 3->4: 784, 4->5: 493
accepted directly from s0    : 0
Gym endings cumulative       : terminated=7478, truncated=530

Starting autonomous greedy evaluation at episode 8500 (1000 fixed-seed episodes)...
[Greedy evaluation at episode 8500 | 1000 fixed-seed episodes]
success=4.8%, failure=0.0%, task reward=480.000, length=735.0
DFA transitions: 1->2: 726, 2->3: 692, 3->4: 319, 4->5: 48

[Episode 8600/12000 | last 100]
success rate                : 21.0% (cumulative 6.0%)
failure rate                : 0.0% (cumulative 0.0%)
completed cycles / episode  : 0.000
synthetic task reward       : 2100.000
shaping reward              : 301.363
learning reward             : 2401.363
episode length              : 519.2
abstract changes / episode  : 31.7
same abstract-state steps   : 93.9%
same-state shaping / episode: 0.000
changed-state shaping / ep. : 301.363
terminal shaping / episode  : 20.086
DFA transitions / episode   : 1.59
DFA transitions in window   : 1->2: 61, 2->3: 47, 3->4: 30, 4->5: 21
epsilon (next episode)       : 0.17904
replay buffer                : 300000 samples [1: 76.9%, 2: 11.4%, 3: 8.3%, 4: 3.4%, 5: 0.0%]
DFA state visits in window   : 1: 31493, 2: 8900, 3: 8397, 4: 3213, 5: 21
DFA state visits cumulative  : 1: 1827392, 2: 413471, 3: 256603, 4: 98808, 5: 514
DFA state entries in window  : 1: 100, 2: 61, 3: 47, 4: 30, 5: 21
DFA state entries cumulative : 1: 8600, 2: 1957, 3: 1209, 4: 814, 5: 514
transitions cumulative       : 1->2: 1957, 2->3: 1209, 3->4: 814, 4->5: 514
accepted directly from s0    : 0
Gym endings cumulative       : terminated=7549, truncated=538

[Episode 8700/12000 | last 100]
success rate                : 41.0% (cumulative 6.4%)
failure rate                : 0.0% (cumulative 0.0%)
completed cycles / episode  : 0.000
synthetic task reward       : 4100.000
shaping reward              : 510.823
learning reward             : 4610.823
episode length              : 496.3
abstract changes / episode  : 30.2
same abstract-state steps   : 93.9%
same-state shaping / episode: 0.000
changed-state shaping / ep. : 510.823
terminal shaping / episode  : 40.176
DFA transitions / episode   : 2.13
DFA transitions in window   : 1->2: 66, 2->3: 55, 3->4: 51, 4->5: 41
epsilon (next episode)       : 0.17549
replay buffer                : 300000 samples [1: 69.3%, 2: 15.3%, 3: 10.1%, 4: 5.3%, 5: 0.0%]
DFA state visits in window   : 1: 26830, 2: 11708, 3: 5353, 4: 5800, 5: 41
DFA state visits cumulative  : 1: 1854222, 2: 425179, 3: 261956, 4: 104608, 5: 555
DFA state entries in window  : 1: 100, 2: 66, 3: 55, 4: 51, 5: 41
DFA state entries cumulative : 1: 8700, 2: 2023, 3: 1264, 4: 865, 5: 555
transitions cumulative       : 1->2: 2023, 2->3: 1264, 3->4: 865, 4->5: 555
accepted directly from s0    : 0
Gym endings cumulative       : terminated=7601, truncated=545

[Episode 8800/12000 | last 100]
success rate                : 35.0% (cumulative 6.7%)
failure rate                : 0.0% (cumulative 0.0%)
completed cycles / episode  : 0.000
synthetic task reward       : 3500.000
shaping reward              : 368.513
learning reward             : 3868.513
episode length              : 397.1
abstract changes / episode  : 24.6
same abstract-state steps   : 93.8%
same-state shaping / episode: 0.000
changed-state shaping / ep. : 368.513
terminal shaping / episode  : 35.000
DFA transitions / episode   : 1.82
DFA transitions in window   : 1->2: 60, 2->3: 46, 3->4: 41, 4->5: 35
epsilon (next episode)       : 0.17201
replay buffer                : 300000 samples [1: 63.7%, 2: 18.5%, 3: 11.2%, 4: 6.6%, 5: 0.0%]
DFA state visits in window   : 1: 21157, 2: 10477, 3: 3884, 4: 4260, 5: 35
DFA state visits cumulative  : 1: 1875379, 2: 435656, 3: 265840, 4: 108868, 5: 590
DFA state entries in window  : 1: 100, 2: 60, 3: 46, 4: 41, 5: 35
DFA state entries cumulative : 1: 8800, 2: 2083, 3: 1310, 4: 906, 5: 590
transitions cumulative       : 1->2: 2083, 2->3: 1310, 3->4: 906, 4->5: 590
accepted directly from s0    : 0
Gym endings cumulative       : terminated=7664, truncated=547

[Episode 8900/12000 | last 100]
success rate                : 24.0% (cumulative 6.9%)
failure rate                : 0.0% (cumulative 0.0%)
completed cycles / episode  : 0.000
synthetic task reward       : 2400.000
shaping reward              : 218.992
learning reward             : 2618.992
episode length              : 407.6
abstract changes / episode  : 23.7
same abstract-state steps   : 94.2%
same-state shaping / episode: 0.000
changed-state shaping / ep. : 218.992
terminal shaping / episode  : 23.086
DFA transitions / episode   : 1.42
DFA transitions in window   : 1->2: 48, 2->3: 38, 3->4: 32, 4->5: 24
epsilon (next episode)       : 0.16861
replay buffer                : 300000 samples [1: 60.8%, 2: 20.0%, 3: 11.8%, 4: 7.4%, 5: 0.0%]
DFA state visits in window   : 1: 22004, 2: 9795, 3: 5510, 4: 3530, 5: 24
DFA state visits cumulative  : 1: 1897383, 2: 445451, 3: 271350, 4: 112398, 5: 614
DFA state entries in window  : 1: 100, 2: 48, 3: 38, 4: 32, 5: 24
DFA state entries cumulative : 1: 8900, 2: 2131, 3: 1348, 4: 938, 5: 614
transitions cumulative       : 1->2: 2131, 2->3: 1348, 3->4: 938, 4->5: 614
accepted directly from s0    : 0
Gym endings cumulative       : terminated=7736, truncated=551

[Episode 9000/12000 | last 100]
success rate                : 19.0% (cumulative 7.0%)
failure rate                : 0.0% (cumulative 0.0%)
completed cycles / episode  : 0.000
synthetic task reward       : 1900.000
shaping reward              : 136.075
learning reward             : 2036.075
episode length              : 362.1
abstract changes / episode  : 23.5
same abstract-state steps   : 93.5%
same-state shaping / episode: 0.000
changed-state shaping / ep. : 136.075
terminal shaping / episode  : 19.000
DFA transitions / episode   : 1.37
DFA transitions in window   : 1->2: 52, 2->3: 39, 3->4: 27, 4->5: 19
epsilon (next episode)       : 0.16527
replay buffer                : 300000 samples [1: 59.2%, 2: 20.8%, 3: 12.5%, 4: 7.6%, 5: 0.0%]
DFA state visits in window   : 1: 20534, 2: 8112, 3: 5384, 4: 2261, 5: 19
DFA state visits cumulative  : 1: 1917917, 2: 453563, 3: 276734, 4: 114659, 5: 633
DFA state entries in window  : 1: 100, 2: 52, 3: 39, 4: 27, 5: 19
DFA state entries cumulative : 1: 9000, 2: 2183, 3: 1387, 4: 965, 5: 633
transitions cumulative       : 1->2: 2183, 2->3: 1387, 3->4: 965, 4->5: 633
accepted directly from s0    : 0
Gym endings cumulative       : terminated=7817, truncated=551

Starting autonomous greedy evaluation at episode 9000 (1000 fixed-seed episodes)...
[Greedy evaluation at episode 9000 | 1000 fixed-seed episodes]
success=10.9%, failure=0.0%, task reward=1090.000, length=322.7
DFA transitions: 1->2: 286, 2->3: 170, 3->4: 148, 4->5: 109

[Episode 9100/12000 | last 100]
success rate                : 44.0% (cumulative 7.4%)
failure rate                : 0.0% (cumulative 0.0%)
completed cycles / episode  : 0.000
synthetic task reward       : 4400.000
shaping reward              : 494.507
learning reward             : 4894.507
episode length              : 432.1
abstract changes / episode  : 28.4
same abstract-state steps   : 93.4%
same-state shaping / episode: 0.000
changed-state shaping / ep. : 494.507
terminal shaping / episode  : 44.000
DFA transitions / episode   : 2.38
DFA transitions in window   : 1->2: 77, 2->3: 62, 3->4: 55, 4->5: 44
epsilon (next episode)       : 0.16200
replay buffer                : 300000 samples [1: 55.3%, 2: 22.5%, 3: 13.6%, 4: 8.6%, 5: 0.0%]
DFA state visits in window   : 1: 19150, 2: 12081, 3: 6805, 4: 5226, 5: 44
DFA state visits cumulative  : 1: 1937067, 2: 465644, 3: 283539, 4: 119885, 5: 677
DFA state entries in window  : 1: 100, 2: 77, 3: 62, 4: 55, 5: 44
DFA state entries cumulative : 1: 9100, 2: 2260, 3: 1449, 4: 1020, 5: 677
transitions cumulative       : 1->2: 2260, 2->3: 1449, 3->4: 1020, 4->5: 677
accepted directly from s0    : 0
Gym endings cumulative       : terminated=7873, truncated=551

[Episode 9200/12000 | last 100]
success rate                : 51.0% (cumulative 7.9%)
failure rate                : 0.0% (cumulative 0.0%)
completed cycles / episode  : 0.000
synthetic task reward       : 5100.000
shaping reward              : 633.088
learning reward             : 5733.088
episode length              : 485.0
abstract changes / episode  : 29.9
same abstract-state steps   : 93.8%
same-state shaping / episode: 0.000
changed-state shaping / ep. : 633.088
terminal shaping / episode  : 51.000
DFA transitions / episode   : 2.76
DFA transitions in window   : 1->2: 86, 2->3: 72, 3->4: 67, 4->5: 51
epsilon (next episode)       : 0.15879
replay buffer                : 300000 samples [1: 51.8%, 2: 23.9%, 3: 14.3%, 4: 10.0%, 5: 0.0%]
DFA state visits in window   : 1: 20301, 2: 12240, 3: 9444, 4: 6568, 5: 51
DFA state visits cumulative  : 1: 1957368, 2: 477884, 3: 292983, 4: 126453, 5: 728
DFA state entries in window  : 1: 100, 2: 86, 3: 72, 4: 67, 5: 51
DFA state entries cumulative : 1: 9200, 2: 2346, 3: 1521, 4: 1087, 5: 728
transitions cumulative       : 1->2: 2346, 2->3: 1521, 3->4: 1087, 4->5: 728
accepted directly from s0    : 0
Gym endings cumulative       : terminated=7921, truncated=552

[Episode 9300/12000 | last 100]
success rate                : 43.0% (cumulative 8.3%)
failure rate                : 0.0% (cumulative 0.0%)
completed cycles / episode  : 0.000
synthetic task reward       : 4300.000
shaping reward              : 387.706
learning reward             : 4687.706
episode length              : 484.5
abstract changes / episode  : 29.8
same abstract-state steps   : 93.9%
same-state shaping / episode: 0.000
changed-state shaping / ep. : 387.706
terminal shaping / episode  : 42.140
DFA transitions / episode   : 2.23
DFA transitions in window   : 1->2: 68, 2->3: 63, 3->4: 49, 4->5: 43
epsilon (next episode)       : 0.15564
replay buffer                : 300000 samples [1: 49.9%, 2: 24.5%, 3: 15.0%, 4: 10.6%, 5: 0.0%]
DFA state visits in window   : 1: 23920, 2: 10107, 3: 9491, 4: 4986, 5: 43
DFA state visits cumulative  : 1: 1981288, 2: 487991, 3: 302474, 4: 131439, 5: 771
DFA state entries in window  : 1: 100, 2: 68, 3: 63, 4: 49, 5: 43
DFA state entries cumulative : 1: 9300, 2: 2414, 3: 1584, 4: 1136, 5: 771
transitions cumulative       : 1->2: 2414, 2->3: 1584, 3->4: 1136, 4->5: 771
accepted directly from s0    : 0
Gym endings cumulative       : terminated=7975, truncated=555

[Episode 9400/12000 | last 100]
success rate                : 48.0% (cumulative 8.7%)
failure rate                : 0.0% (cumulative 0.0%)
completed cycles / episode  : 0.000
synthetic task reward       : 4800.000
shaping reward              : 472.096
learning reward             : 5272.096
episode length              : 497.2
abstract changes / episode  : 29.2
same abstract-state steps   : 94.1%
same-state shaping / episode: 0.000
changed-state shaping / ep. : 472.096
terminal shaping / episode  : 47.010
DFA transitions / episode   : 2.32
DFA transitions in window   : 1->2: 69, 2->3: 59, 3->4: 56, 4->5: 48
epsilon (next episode)       : 0.15256
replay buffer                : 300000 samples [1: 48.8%, 2: 24.8%, 3: 16.0%, 4: 10.4%, 5: 0.0%]
DFA state visits in window   : 1: 23531, 2: 13004, 3: 8149, 4: 5093, 5: 48
DFA state visits cumulative  : 1: 2004819, 2: 500995, 3: 310623, 4: 136532, 5: 819
DFA state entries in window  : 1: 100, 2: 69, 3: 59, 4: 56, 5: 48
DFA state entries cumulative : 1: 9400, 2: 2483, 3: 1643, 4: 1192, 5: 819
transitions cumulative       : 1->2: 2483, 2->3: 1643, 3->4: 1192, 4->5: 819
accepted directly from s0    : 0
Gym endings cumulative       : terminated=8024, truncated=558

[Episode 9500/12000 | last 100]
success rate                : 31.0% (cumulative 8.9%)
failure rate                : 0.0% (cumulative 0.0%)
completed cycles / episode  : 0.000
synthetic task reward       : 3100.000
shaping reward              : 401.982
learning reward             : 3501.982
episode length              : 432.8
abstract changes / episode  : 27.1
same abstract-state steps   : 93.7%
same-state shaping / episode: 0.000
changed-state shaping / ep. : 401.982
terminal shaping / episode  : 29.151
DFA transitions / episode   : 1.98
DFA transitions in window   : 1->2: 75, 2->3: 50, 3->4: 42, 4->5: 31
epsilon (next episode)       : 0.14954
replay buffer                : 300000 samples [1: 46.9%, 2: 26.1%, 3: 16.8%, 4: 10.3%, 5: 0.0%]
DFA state visits in window   : 1: 17615, 2: 15637, 3: 6081, 4: 4020, 5: 31
DFA state visits cumulative  : 1: 2022434, 2: 516632, 3: 316704, 4: 140552, 5: 850
DFA state entries in window  : 1: 100, 2: 75, 3: 50, 4: 42, 5: 31
DFA state entries cumulative : 1: 9500, 2: 2558, 3: 1693, 4: 1234, 5: 850
transitions cumulative       : 1->2: 2558, 2->3: 1693, 3->4: 1234, 4->5: 850
accepted directly from s0    : 0
Gym endings cumulative       : terminated=8092, truncated=559

Starting autonomous greedy evaluation at episode 9500 (1000 fixed-seed episodes)...
[Greedy evaluation at episode 9500 | 1000 fixed-seed episodes]
success=34.0%, failure=0.0%, task reward=3400.000, length=416.8
DFA transitions: 1->2: 673, 2->3: 502, 3->4: 375, 4->5: 340
Best policy updated from autonomous greedy evaluation at episode 9500.

[Episode 9600/12000 | last 100]
success rate                : 16.0% (cumulative 9.0%)
failure rate                : 0.0% (cumulative 0.0%)
completed cycles / episode  : 0.000
synthetic task reward       : 1600.000
shaping reward              : 189.325
learning reward             : 1789.325
episode length              : 369.4
abstract changes / episode  : 23.3
same abstract-state steps   : 93.7%
same-state shaping / episode: 0.000
changed-state shaping / ep. : 189.325
terminal shaping / episode  : 15.039
DFA transitions / episode   : 1.24
DFA transitions in window   : 1->2: 50, 2->3: 34, 3->4: 24, 4->5: 16
epsilon (next episode)       : 0.14658
replay buffer                : 300000 samples [1: 46.8%, 2: 26.5%, 3: 16.6%, 4: 10.1%, 5: 0.0%]
DFA state visits in window   : 1: 19064, 2: 9415, 3: 6066, 4: 2478, 5: 16
DFA state visits cumulative  : 1: 2041498, 2: 526047, 3: 322770, 4: 143030, 5: 866
DFA state entries in window  : 1: 100, 2: 50, 3: 34, 4: 24, 5: 16
DFA state entries cumulative : 1: 9600, 2: 2608, 3: 1727, 4: 1258, 5: 866
transitions cumulative       : 1->2: 2608, 2->3: 1727, 3->4: 1258, 4->5: 866
accepted directly from s0    : 0
Gym endings cumulative       : terminated=8172, truncated=563

[Episode 9700/12000 | last 100]
success rate                : 7.0% (cumulative 9.0%)
failure rate                : 0.0% (cumulative 0.0%)
completed cycles / episode  : 0.000
synthetic task reward       : 700.000
shaping reward              : 74.899
learning reward             : 774.899
episode length              : 223.1
abstract changes / episode  : 15.6
same abstract-state steps   : 93.0%
same-state shaping / episode: 0.000
changed-state shaping / ep. : 74.899
terminal shaping / episode  : 7.000
DFA transitions / episode   : 0.67
DFA transitions in window   : 1->2: 35, 2->3: 14, 3->4: 11, 4->5: 7
epsilon (next episode)       : 0.14368
replay buffer                : 300000 samples [1: 47.5%, 2: 25.9%, 3: 16.5%, 4: 10.1%, 5: 0.0%]
DFA state visits in window   : 1: 15456, 2: 3414, 3: 2221, 4: 1312, 5: 7
DFA state visits cumulative  : 1: 2056954, 2: 529461, 3: 324991, 4: 144342, 5: 873
DFA state entries in window  : 1: 100, 2: 35, 3: 14, 4: 11, 5: 7
DFA state entries cumulative : 1: 9700, 2: 2643, 3: 1741, 4: 1269, 5: 873
transitions cumulative       : 1->2: 2643, 2->3: 1741, 3->4: 1269, 4->5: 873
accepted directly from s0    : 0
Gym endings cumulative       : terminated=8264, truncated=564

[Episode 9800/12000 | last 100]
success rate                : 35.0% (cumulative 9.3%)
failure rate                : 0.0% (cumulative 0.0%)
completed cycles / episode  : 0.000
synthetic task reward       : 3500.000
shaping reward              : 380.956
learning reward             : 3880.956
episode length              : 557.8
abstract changes / episode  : 28.6
same abstract-state steps   : 94.9%
same-state shaping / episode: 0.000
changed-state shaping / ep. : 380.956
terminal shaping / episode  : 35.000
DFA transitions / episode   : 2.19
DFA transitions in window   : 1->2: 69, 2->3: 63, 3->4: 52, 4->5: 35
epsilon (next episode)       : 0.14083
replay buffer                : 300000 samples [1: 49.5%, 2: 24.7%, 3: 15.7%, 4: 10.2%, 5: 0.0%]
DFA state visits in window   : 1: 30587, 2: 11609, 3: 6816, 4: 6837, 5: 35
DFA state visits cumulative  : 1: 2087541, 2: 541070, 3: 331807, 4: 151179, 5: 908
DFA state entries in window  : 1: 100, 2: 69, 3: 63, 4: 52, 5: 35
DFA state entries cumulative : 1: 9800, 2: 2712, 3: 1804, 4: 1321, 5: 908
transitions cumulative       : 1->2: 2712, 2->3: 1804, 3->4: 1321, 4->5: 908
accepted directly from s0    : 0
Gym endings cumulative       : terminated=8314, truncated=579

[Episode 9900/12000 | last 100]
success rate                : 30.0% (cumulative 9.5%)
failure rate                : 0.0% (cumulative 0.0%)
completed cycles / episode  : 0.000
synthetic task reward       : 3000.000
shaping reward              : 278.995
learning reward             : 3278.995
episode length              : 431.9
abstract changes / episode  : 25.5
same abstract-state steps   : 94.1%
same-state shaping / episode: 0.000
changed-state shaping / ep. : 278.995
terminal shaping / episode  : 28.218
DFA transitions / episode   : 1.72
DFA transitions in window   : 1->2: 58, 2->3: 47, 3->4: 37, 4->5: 30
epsilon (next episode)       : 0.13804
replay buffer                : 300000 samples [1: 51.6%, 2: 24.1%, 3: 14.9%, 4: 9.4%, 5: 0.0%]
DFA state visits in window   : 1: 24582, 2: 9190, 3: 5915, 4: 3578, 5: 30
DFA state visits cumulative  : 1: 2112123, 2: 550260, 3: 337722, 4: 154757, 5: 938
DFA state entries in window  : 1: 100, 2: 58, 3: 47, 4: 37, 5: 30
DFA state entries cumulative : 1: 9900, 2: 2770, 3: 1851, 4: 1358, 5: 938
transitions cumulative       : 1->2: 2770, 2->3: 1851, 3->4: 1358, 4->5: 938
accepted directly from s0    : 0
Gym endings cumulative       : terminated=8380, truncated=583

[Episode 10000/12000 | last 100]
success rate                : 52.0% (cumulative 9.9%)
failure rate                : 0.0% (cumulative 0.0%)
completed cycles / episode  : 0.000
synthetic task reward       : 5200.000
shaping reward              : 618.404
learning reward             : 5818.404
episode length              : 496.4
abstract changes / episode  : 29.4
same abstract-state steps   : 94.1%
same-state shaping / episode: 0.000
changed-state shaping / ep. : 618.404
terminal shaping / episode  : 50.226
DFA transitions / episode   : 2.70
DFA transitions in window   : 1->2: 92, 2->3: 65, 3->4: 61, 4->5: 52
epsilon (next episode)       : 0.13531
replay buffer                : 300000 samples [1: 49.8%, 2: 26.6%, 3: 14.0%, 4: 9.6%, 5: 0.0%]
DFA state visits in window   : 1: 19341, 2: 17831, 3: 7033, 4: 5487, 5: 52
DFA state visits cumulative  : 1: 2131464, 2: 568091, 3: 344755, 4: 160244, 5: 990
DFA state entries in window  : 1: 100, 2: 92, 3: 65, 4: 61, 5: 52
DFA state entries cumulative : 1: 10000, 2: 2862, 3: 1916, 4: 1419, 5: 990
transitions cumulative       : 1->2: 2862, 2->3: 1916, 3->4: 1419, 4->5: 990
accepted directly from s0    : 0
Gym endings cumulative       : terminated=8423, truncated=588

Starting autonomous greedy evaluation at episode 10000 (1000 fixed-seed episodes)...
[Greedy evaluation at episode 10000 | 1000 fixed-seed episodes]
success=16.3%, failure=0.0%, task reward=1630.000, length=627.8
DFA transitions: 1->2: 780, 2->3: 245, 3->4: 172, 4->5: 163

[Episode 10100/12000 | last 100]
success rate                : 54.0% (cumulative 10.3%)
failure rate                : 0.0% (cumulative 0.0%)
completed cycles / episode  : 0.000
synthetic task reward       : 5400.000
shaping reward              : 569.357
learning reward             : 5969.357
episode length              : 402.0
abstract changes / episode  : 26.9
same abstract-state steps   : 93.3%
same-state shaping / episode: 0.000
changed-state shaping / ep. : 569.357
terminal shaping / episode  : 53.086
DFA transitions / episode   : 2.64
DFA transitions in window   : 1->2: 81, 2->3: 69, 3->4: 60, 4->5: 54
epsilon (next episode)       : 0.13263
replay buffer                : 300000 samples [1: 48.5%, 2: 27.3%, 3: 14.4%, 4: 9.8%, 5: 0.0%]
DFA state visits in window   : 1: 15672, 2: 12713, 3: 6916, 4: 4941, 5: 54
DFA state visits cumulative  : 1: 2147136, 2: 580804, 3: 351671, 4: 165185, 5: 1044
DFA state entries in window  : 1: 100, 2: 81, 3: 69, 4: 60, 5: 54
DFA state entries cumulative : 1: 10100, 2: 2943, 3: 1985, 4: 1479, 5: 1044
transitions cumulative       : 1->2: 2943, 2->3: 1985, 3->4: 1479, 4->5: 1044
accepted directly from s0    : 0
Gym endings cumulative       : terminated=8468, truncated=589

[Episode 10200/12000 | last 100]
success rate                : 68.0% (cumulative 10.9%)
failure rate                : 0.0% (cumulative 0.0%)
completed cycles / episode  : 0.000
synthetic task reward       : 6800.000
shaping reward              : 765.775
learning reward             : 7565.775
episode length              : 484.0
abstract changes / episode  : 27.2
same abstract-state steps   : 94.4%
same-state shaping / episode: 0.000
changed-state shaping / ep. : 765.775
terminal shaping / episode  : 68.000
DFA transitions / episode   : 3.16
DFA transitions in window   : 1->2: 85, 2->3: 84, 3->4: 79, 4->5: 68
epsilon (next episode)       : 0.13000
replay buffer                : 300000 samples [1: 49.6%, 2: 25.8%, 3: 14.1%, 4: 10.5%, 5: 0.0%]
DFA state visits in window   : 1: 23207, 2: 11707, 3: 6704, 4: 6811, 5: 68
DFA state visits cumulative  : 1: 2170343, 2: 592511, 3: 358375, 4: 171996, 5: 1112
DFA state entries in window  : 1: 100, 2: 85, 3: 84, 4: 79, 5: 68
DFA state entries cumulative : 1: 10200, 2: 3028, 3: 2069, 4: 1558, 5: 1112
transitions cumulative       : 1->2: 3028, 2->3: 2069, 3->4: 1558, 4->5: 1112
accepted directly from s0    : 0
Gym endings cumulative       : terminated=8491, truncated=598

[Episode 10300/12000 | last 100]
success rate                : 62.0% (cumulative 11.4%)
failure rate                : 0.0% (cumulative 0.0%)
completed cycles / episode  : 0.000
synthetic task reward       : 6200.000
shaping reward              : 678.626
learning reward             : 6878.626
episode length              : 449.5
abstract changes / episode  : 28.3
same abstract-state steps   : 93.7%
same-state shaping / episode: 0.000
changed-state shaping / ep. : 678.626
terminal shaping / episode  : 59.246
DFA transitions / episode   : 2.90
DFA transitions in window   : 1->2: 83, 2->3: 76, 3->4: 69, 4->5: 62
epsilon (next episode)       : 0.12743
replay buffer                : 300000 samples [1: 48.9%, 2: 25.7%, 3: 13.7%, 4: 11.7%, 5: 0.0%]
DFA state visits in window   : 1: 20750, 2: 11652, 3: 6144, 4: 6445, 5: 62
DFA state visits cumulative  : 1: 2191093, 2: 604163, 3: 364519, 4: 178441, 5: 1174
DFA state entries in window  : 1: 100, 2: 83, 3: 76, 4: 69, 5: 62
DFA state entries cumulative : 1: 10300, 2: 3111, 3: 2145, 4: 1627, 5: 1174
transitions cumulative       : 1->2: 3111, 2->3: 2145, 3->4: 1627, 4->5: 1174
accepted directly from s0    : 0
Gym endings cumulative       : terminated=8525, truncated=602

[Episode 10400/12000 | last 100]
success rate                : 46.0% (cumulative 11.7%)
failure rate                : 0.0% (cumulative 0.0%)
completed cycles / episode  : 0.000
synthetic task reward       : 4600.000
shaping reward              : 393.453
learning reward             : 4993.453
episode length              : 329.8
abstract changes / episode  : 23.4
same abstract-state steps   : 92.9%
same-state shaping / episode: 0.000
changed-state shaping / ep. : 393.453
terminal shaping / episode  : 43.367
DFA transitions / episode   : 2.09
DFA transitions in window   : 1->2: 63, 2->3: 53, 3->4: 47, 4->5: 46
epsilon (next episode)       : 0.12490
replay buffer                : 300000 samples [1: 47.7%, 2: 26.4%, 3: 13.9%, 4: 12.0%, 5: 0.0%]
DFA state visits in window   : 1: 15044, 2: 9402, 3: 4401, 4: 4191, 5: 46
DFA state visits cumulative  : 1: 2206137, 2: 613565, 3: 368920, 4: 182632, 5: 1220
DFA state entries in window  : 1: 100, 2: 63, 3: 53, 4: 47, 5: 46
DFA state entries cumulative : 1: 10400, 2: 3174, 3: 2198, 4: 1674, 5: 1220
transitions cumulative       : 1->2: 3174, 2->3: 2198, 3->4: 1674, 4->5: 1220
accepted directly from s0    : 0
Gym endings cumulative       : terminated=8579, truncated=602

[Episode 10500/12000 | last 100]
success rate                : 44.0% (cumulative 12.0%)
failure rate                : 0.0% (cumulative 0.0%)
completed cycles / episode  : 0.000
synthetic task reward       : 4400.000
shaping reward              : 342.405
learning reward             : 4742.405
episode length              : 359.0
abstract changes / episode  : 21.7
same abstract-state steps   : 93.9%
same-state shaping / episode: 0.000
changed-state shaping / ep. : 342.405
terminal shaping / episode  : 43.096
DFA transitions / episode   : 1.83
DFA transitions in window   : 1->2: 49, 2->3: 46, 3->4: 44, 4->5: 44
epsilon (next episode)       : 0.12243
replay buffer                : 300000 samples [1: 48.2%, 2: 26.8%, 3: 13.5%, 4: 11.5%, 5: 0.0%]
DFA state visits in window   : 1: 22051, 2: 7688, 3: 3154, 4: 3059, 5: 44
DFA state visits cumulative  : 1: 2228188, 2: 621253, 3: 372074, 4: 185691, 5: 1264
DFA state entries in window  : 1: 100, 2: 49, 3: 46, 4: 44, 5: 44
DFA state entries cumulative : 1: 10500, 2: 3223, 3: 2244, 4: 1718, 5: 1264
transitions cumulative       : 1->2: 3223, 2->3: 2244, 3->4: 1718, 4->5: 1264
accepted directly from s0    : 0
Gym endings cumulative       : terminated=8634, truncated=603

Starting autonomous greedy evaluation at episode 10500 (1000 fixed-seed episodes)...
[Greedy evaluation at episode 10500 | 1000 fixed-seed episodes]
success=12.5%, failure=0.0%, task reward=1250.000, length=404.3
DFA transitions: 1->2: 452, 2->3: 130, 3->4: 125, 4->5: 125

[Episode 10600/12000 | last 100]
success rate                : 29.0% (cumulative 12.2%)
failure rate                : 0.0% (cumulative 0.0%)
completed cycles / episode  : 0.000
synthetic task reward       : 2900.000
shaping reward              : 88.931
learning reward             : 2988.931
episode length              : 291.5
abstract changes / episode  : 19.0
same abstract-state steps   : 93.5%
same-state shaping / episode: 0.000
changed-state shaping / ep. : 88.931
terminal shaping / episode  : 29.000
DFA transitions / episode   : 1.36
DFA transitions in window   : 1->2: 41, 2->3: 37, 3->4: 29, 4->5: 29
epsilon (next episode)       : 0.12001
replay buffer                : 300000 samples [1: 47.9%, 2: 27.3%, 3: 13.4%, 4: 11.5%, 5: 0.0%]
DFA state visits in window   : 1: 18445, 2: 5719, 3: 3162, 4: 1896, 5: 29
DFA state visits cumulative  : 1: 2246633, 2: 626972, 3: 375236, 4: 187587, 5: 1293
DFA state entries in window  : 1: 100, 2: 41, 3: 37, 4: 29, 5: 29
DFA state entries cumulative : 1: 10600, 2: 3264, 3: 2281, 4: 1747, 5: 1293
transitions cumulative       : 1->2: 3264, 2->3: 2281, 3->4: 1747, 4->5: 1293
accepted directly from s0    : 0
Gym endings cumulative       : terminated=8703, truncated=605

[Episode 10700/12000 | last 100]
success rate                : 61.0% (cumulative 12.7%)
failure rate                : 0.0% (cumulative 0.0%)
completed cycles / episode  : 0.000
synthetic task reward       : 6100.000
shaping reward              : 564.112
learning reward             : 6664.112
episode length              : 434.7
abstract changes / episode  : 25.4
same abstract-state steps   : 94.2%
same-state shaping / episode: 0.000
changed-state shaping / ep. : 564.112
terminal shaping / episode  : 59.151
DFA transitions / episode   : 2.60
DFA transitions in window   : 1->2: 71, 2->3: 65, 3->4: 63, 4->5: 61
epsilon (next episode)       : 0.11763
replay buffer                : 300000 samples [1: 49.5%, 2: 26.2%, 3: 12.5%, 4: 11.7%, 5: 0.0%]
DFA state visits in window   : 1: 24187, 2: 10116, 3: 4192, 4: 5012, 5: 61
DFA state visits cumulative  : 1: 2270820, 2: 637088, 3: 379428, 4: 192599, 5: 1354
DFA state entries in window  : 1: 100, 2: 71, 3: 65, 4: 63, 5: 61
DFA state entries cumulative : 1: 10700, 2: 3335, 3: 2346, 4: 1810, 5: 1354
transitions cumulative       : 1->2: 3335, 2->3: 2346, 3->4: 1810, 4->5: 1354
accepted directly from s0    : 0
Gym endings cumulative       : terminated=8740, truncated=607

[Episode 10800/12000 | last 100]
success rate                : 32.0% (cumulative 12.8%)
failure rate                : 0.0% (cumulative 0.0%)
completed cycles / episode  : 0.000
synthetic task reward       : 3200.000
shaping reward              : 323.542
learning reward             : 3523.542
episode length              : 274.8
abstract changes / episode  : 18.6
same abstract-state steps   : 93.2%
same-state shaping / episode: 0.000
changed-state shaping / ep. : 323.542
terminal shaping / episode  : 32.000
DFA transitions / episode   : 1.61
DFA transitions in window   : 1->2: 63, 2->3: 34, 3->4: 32, 4->5: 32
epsilon (next episode)       : 0.11530
replay buffer                : 300000 samples [1: 51.3%, 2: 24.8%, 3: 12.5%, 4: 11.4%, 5: 0.0%]
DFA state visits in window   : 1: 15692, 2: 6516, 3: 3237, 4: 2105, 5: 32
DFA state visits cumulative  : 1: 2286512, 2: 643604, 3: 382665, 4: 194704, 5: 1386
DFA state entries in window  : 1: 100, 2: 63, 3: 34, 4: 32, 5: 32
DFA state entries cumulative : 1: 10800, 2: 3398, 3: 2380, 4: 1842, 5: 1386
transitions cumulative       : 1->2: 3398, 2->3: 2380, 3->4: 1842, 4->5: 1386
accepted directly from s0    : 0
Gym endings cumulative       : terminated=8808, truncated=607

[Episode 10900/12000 | last 100]
success rate                : 4.0% (cumulative 12.8%)
failure rate                : 0.0% (cumulative 0.0%)
completed cycles / episode  : 0.000
synthetic task reward       : 400.000
shaping reward              : 50.672
learning reward             : 450.672
episode length              : 337.2
abstract changes / episode  : 20.4
same abstract-state steps   : 93.9%
same-state shaping / episode: 0.000
changed-state shaping / ep. : 50.672
terminal shaping / episode  : 4.000
DFA transitions / episode   : 0.75
DFA transitions in window   : 1->2: 59, 2->3: 7, 3->4: 5, 4->5: 4
epsilon (next episode)       : 0.11302
replay buffer                : 300000 samples [1: 54.2%, 2: 24.9%, 3: 10.7%, 4: 10.1%, 5: 0.0%]
DFA state visits in window   : 1: 21858, 2: 11048, 3: 569, 4: 338, 5: 4
DFA state visits cumulative  : 1: 2308370, 2: 654652, 3: 383234, 4: 195042, 5: 1390
DFA state entries in window  : 1: 100, 2: 59, 3: 7, 4: 5, 5: 4
DFA state entries cumulative : 1: 10900, 2: 3457, 3: 2387, 4: 1847, 5: 1390
transitions cumulative       : 1->2: 3457, 2->3: 2387, 3->4: 1847, 4->5: 1390
accepted directly from s0    : 0
Gym endings cumulative       : terminated=8903, truncated=608

[Episode 11000/12000 | last 100]
success rate                : 25.0% (cumulative 12.9%)
failure rate                : 0.0% (cumulative 0.0%)
completed cycles / episode  : 0.000
synthetic task reward       : 2500.000
shaping reward              : 192.580
learning reward             : 2692.580
episode length              : 366.0
abstract changes / episode  : 22.9
same abstract-state steps   : 93.7%
same-state shaping / episode: 0.000
changed-state shaping / ep. : 192.580
terminal shaping / episode  : 24.131
DFA transitions / episode   : 1.29
DFA transitions in window   : 1->2: 41, 2->3: 33, 3->4: 30, 4->5: 25
epsilon (next episode)       : 0.11078
replay buffer                : 300000 samples [1: 55.9%, 2: 25.4%, 3: 9.8%, 4: 8.9%, 5: 0.0%]
DFA state visits in window   : 1: 20221, 2: 11554, 3: 2941, 4: 1955, 5: 25
DFA state visits cumulative  : 1: 2328591, 2: 666206, 3: 386175, 4: 196997, 5: 1415
DFA state entries in window  : 1: 100, 2: 41, 3: 33, 4: 30, 5: 25
DFA state entries cumulative : 1: 11000, 2: 3498, 3: 2420, 4: 1877, 5: 1415
transitions cumulative       : 1->2: 3498, 2->3: 2420, 3->4: 1877, 4->5: 1415
accepted directly from s0    : 0
Gym endings cumulative       : terminated=8975, truncated=611

Starting autonomous greedy evaluation at episode 11000 (1000 fixed-seed episodes)...
[Greedy evaluation at episode 11000 | 1000 fixed-seed episodes]
success=0.3%, failure=0.0%, task reward=30.000, length=484.7
DFA transitions: 1->2: 22, 2->3: 19, 3->4: 3, 4->5: 3

[Episode 11100/12000 | last 100]
success rate                : 34.0% (cumulative 13.1%)
failure rate                : 0.0% (cumulative 0.0%)
completed cycles / episode  : 0.000
synthetic task reward       : 3400.000
shaping reward              : 373.825
learning reward             : 3773.825
episode length              : 351.1
abstract changes / episode  : 22.4
same abstract-state steps   : 93.6%
same-state shaping / episode: 0.000
changed-state shaping / ep. : 373.825
terminal shaping / episode  : 33.131
DFA transitions / episode   : 1.82
DFA transitions in window   : 1->2: 55, 2->3: 50, 3->4: 43, 4->5: 34
epsilon (next episode)       : 0.10858
replay buffer                : 300000 samples [1: 56.4%, 2: 25.6%, 3: 9.6%, 4: 8.4%, 5: 0.0%]
DFA state visits in window   : 1: 20698, 2: 7961, 3: 3590, 4: 2931, 5: 34
DFA state visits cumulative  : 1: 2349289, 2: 674167, 3: 389765, 4: 199928, 5: 1449
DFA state entries in window  : 1: 100, 2: 55, 3: 50, 4: 43, 5: 34
DFA state entries cumulative : 1: 11100, 2: 3553, 3: 2470, 4: 1920, 5: 1449
transitions cumulative       : 1->2: 3553, 2->3: 2470, 3->4: 1920, 4->5: 1449
accepted directly from s0    : 0
Gym endings cumulative       : terminated=9041, truncated=611

[Episode 11200/12000 | last 100]
success rate                : 22.0% (cumulative 13.1%)
failure rate                : 0.0% (cumulative 0.0%)
completed cycles / episode  : 0.000
synthetic task reward       : 2200.000
shaping reward              : 42.173
learning reward             : 2242.173
episode length              : 380.5
abstract changes / episode  : 21.7
same abstract-state steps   : 94.3%
same-state shaping / episode: 0.000
changed-state shaping / ep. : 42.173
terminal shaping / episode  : 19.385
DFA transitions / episode   : 1.02
DFA transitions in window   : 1->2: 32, 2->3: 25, 3->4: 23, 4->5: 22
epsilon (next episode)       : 0.10643
replay buffer                : 300000 samples [1: 61.3%, 2: 23.4%, 3: 8.4%, 4: 7.0%, 5: 0.0%]
DFA state visits in window   : 1: 30562, 2: 4273, 3: 1806, 4: 1490, 5: 22
DFA state visits cumulative  : 1: 2379851, 2: 678440, 3: 391571, 4: 201418, 5: 1471
DFA state entries in window  : 1: 100, 2: 32, 3: 25, 4: 23, 5: 22
DFA state entries cumulative : 1: 11200, 2: 3585, 3: 2495, 4: 1943, 5: 1471
transitions cumulative       : 1->2: 3585, 2->3: 2495, 3->4: 1943, 4->5: 1471
accepted directly from s0    : 0
Gym endings cumulative       : terminated=9112, truncated=618

[Episode 11300/12000 | last 100]
success rate                : 33.0% (cumulative 13.3%)
failure rate                : 0.0% (cumulative 0.0%)
completed cycles / episode  : 0.000
synthetic task reward       : 3300.000
shaping reward              : 362.437
learning reward             : 3662.437
episode length              : 455.8
abstract changes / episode  : 28.4
same abstract-state steps   : 93.8%
same-state shaping / episode: 0.000
changed-state shaping / ep. : 362.437
terminal shaping / episode  : 30.331
DFA transitions / episode   : 1.89
DFA transitions in window   : 1->2: 68, 2->3: 50, 3->4: 38, 4->5: 33
epsilon (next episode)       : 0.10433
replay buffer                : 300000 samples [1: 62.1%, 2: 22.4%, 3: 9.1%, 4: 6.4%, 5: 0.0%]
DFA state visits in window   : 1: 28093, 2: 7896, 3: 6786, 4: 2871, 5: 33
DFA state visits cumulative  : 1: 2407944, 2: 686336, 3: 398357, 4: 204289, 5: 1504
DFA state entries in window  : 1: 100, 2: 68, 3: 50, 4: 38, 5: 33
DFA state entries cumulative : 1: 11300, 2: 3653, 3: 2545, 4: 1981, 5: 1504
transitions cumulative       : 1->2: 3653, 2->3: 2545, 3->4: 1981, 4->5: 1504
accepted directly from s0    : 0
Gym endings cumulative       : terminated=9175, truncated=622

[Episode 11400/12000 | last 100]
success rate                : 32.0% (cumulative 13.5%)
failure rate                : 0.0% (cumulative 0.0%)
completed cycles / episode  : 0.000
synthetic task reward       : 3200.000
shaping reward              : 328.506
learning reward             : 3528.506
episode length              : 394.3
abstract changes / episode  : 29.1
same abstract-state steps   : 92.6%
same-state shaping / episode: 0.000
changed-state shaping / ep. : 328.506
terminal shaping / episode  : 31.131
DFA transitions / episode   : 2.05
DFA transitions in window   : 1->2: 73, 2->3: 56, 3->4: 44, 4->5: 32
epsilon (next episode)       : 0.10226
replay buffer                : 300000 samples [1: 59.4%, 2: 24.2%, 3: 9.5%, 4: 6.9%, 5: 0.0%]
DFA state visits in window   : 1: 16993, 2: 13300, 3: 5276, 4: 3932, 5: 32
DFA state visits cumulative  : 1: 2424937, 2: 699636, 3: 403633, 4: 208221, 5: 1536
DFA state entries in window  : 1: 100, 2: 73, 3: 56, 4: 44, 5: 32
DFA state entries cumulative : 1: 11400, 2: 3726, 3: 2601, 4: 2025, 5: 1536
transitions cumulative       : 1->2: 3726, 2->3: 2601, 3->4: 2025, 4->5: 1536
accepted directly from s0    : 0
Gym endings cumulative       : terminated=9241, truncated=624

[Episode 11500/12000 | last 100]
success rate                : 50.0% (cumulative 13.8%)
failure rate                : 0.0% (cumulative 0.0%)
completed cycles / episode  : 0.000
synthetic task reward       : 5000.000
shaping reward              : 539.204
learning reward             : 5539.204
episode length              : 491.3
abstract changes / episode  : 29.7
same abstract-state steps   : 94.0%
same-state shaping / episode: 0.000
changed-state shaping / ep. : 539.204
terminal shaping / episode  : 47.171
DFA transitions / episode   : 2.58
DFA transitions in window   : 1->2: 81, 2->3: 72, 3->4: 55, 4->5: 50
epsilon (next episode)       : 0.10024
replay buffer                : 300000 samples [1: 58.1%, 2: 25.6%, 3: 9.9%, 4: 6.5%, 5: 0.0%]
DFA state visits in window   : 1: 23103, 2: 15450, 3: 6355, 4: 4270, 5: 50
DFA state visits cumulative  : 1: 2448040, 2: 715086, 3: 409988, 4: 212491, 5: 1586
DFA state entries in window  : 1: 100, 2: 81, 3: 72, 4: 55, 5: 50
DFA state entries cumulative : 1: 11500, 2: 3807, 3: 2673, 4: 2080, 5: 1586
transitions cumulative       : 1->2: 3807, 2->3: 2673, 3->4: 2080, 4->5: 1586
accepted directly from s0    : 0
Gym endings cumulative       : terminated=9289, truncated=626

Starting autonomous greedy evaluation at episode 11500 (1000 fixed-seed episodes)...
[Greedy evaluation at episode 11500 | 1000 fixed-seed episodes]
success=34.5%, failure=0.0%, task reward=3450.000, length=348.5
DFA transitions: 1->2: 583, 2->3: 438, 3->4: 395, 4->5: 345
Best policy updated from autonomous greedy evaluation at episode 11500.

[Episode 11600/12000 | last 100]
success rate                : 22.0% (cumulative 13.9%)
failure rate                : 0.0% (cumulative 0.0%)
completed cycles / episode  : 0.000
synthetic task reward       : 2200.000
shaping reward              : 139.396
learning reward             : 2339.396
episode length              : 347.6
abstract changes / episode  : 22.2
same abstract-state steps   : 93.6%
same-state shaping / episode: 0.000
changed-state shaping / ep. : 139.396
terminal shaping / episode  : 21.096
DFA transitions / episode   : 1.45
DFA transitions in window   : 1->2: 62, 2->3: 37, 3->4: 24, 4->5: 22
epsilon (next episode)       : 0.09825
replay buffer                : 300000 samples [1: 56.9%, 2: 26.3%, 3: 10.2%, 4: 6.6%, 5: 0.0%]
DFA state visits in window   : 1: 18253, 2: 10479, 3: 3750, 4: 2355, 5: 22
DFA state visits cumulative  : 1: 2466293, 2: 725565, 3: 413738, 4: 214846, 5: 1608
DFA state entries in window  : 1: 100, 2: 62, 3: 37, 4: 24, 5: 22
DFA state entries cumulative : 1: 11600, 2: 3869, 3: 2710, 4: 2104, 5: 1608
transitions cumulative       : 1->2: 3869, 2->3: 2710, 3->4: 2104, 4->5: 1608
accepted directly from s0    : 0
Gym endings cumulative       : terminated=9366, truncated=627

[Episode 11700/12000 | last 100]
success rate                : 31.0% (cumulative 14.0%)
failure rate                : 0.0% (cumulative 0.0%)
completed cycles / episode  : 0.000
synthetic task reward       : 3100.000
shaping reward              : 254.458
learning reward             : 3354.458
episode length              : 335.6
abstract changes / episode  : 22.9
same abstract-state steps   : 93.2%
same-state shaping / episode: 0.000
changed-state shaping / ep. : 254.458
terminal shaping / episode  : 31.000
DFA transitions / episode   : 1.57
DFA transitions in window   : 1->2: 49, 2->3: 41, 3->4: 36, 4->5: 31
epsilon (next episode)       : 0.09631
replay buffer                : 300000 samples [1: 57.0%, 2: 24.1%, 3: 11.5%, 4: 7.5%, 5: 0.0%]
DFA state visits in window   : 1: 18859, 2: 6506, 3: 5174, 4: 3090, 5: 31
DFA state visits cumulative  : 1: 2485152, 2: 732071, 3: 418912, 4: 217936, 5: 1639
DFA state entries in window  : 1: 100, 2: 49, 3: 41, 4: 36, 5: 31
DFA state entries cumulative : 1: 11700, 2: 3918, 3: 2751, 4: 2140, 5: 1639
transitions cumulative       : 1->2: 3918, 2->3: 2751, 3->4: 2140, 4->5: 1639
accepted directly from s0    : 0
Gym endings cumulative       : terminated=9433, truncated=629

[Episode 11800/12000 | last 100]
success rate                : 19.0% (cumulative 14.1%)
failure rate                : 0.0% (cumulative 0.0%)
completed cycles / episode  : 0.000
synthetic task reward       : 1900.000
shaping reward              : 21.001
learning reward             : 1921.001
episode length              : 312.8
abstract changes / episode  : 21.6
same abstract-state steps   : 93.1%
same-state shaping / episode: 0.000
changed-state shaping / ep. : 21.001
terminal shaping / episode  : 18.131
DFA transitions / episode   : 1.00
DFA transitions in window   : 1->2: 35, 2->3: 27, 3->4: 19, 4->5: 19
epsilon (next episode)       : 0.09440
replay buffer                : 300000 samples [1: 57.5%, 2: 22.9%, 3: 12.2%, 4: 7.3%, 5: 0.0%]
DFA state visits in window   : 1: 20610, 2: 4498, 3: 4554, 4: 1696, 5: 19
DFA state visits cumulative  : 1: 2505762, 2: 736569, 3: 423466, 4: 219632, 5: 1658
DFA state entries in window  : 1: 100, 2: 35, 3: 27, 4: 19, 5: 19
DFA state entries cumulative : 1: 11800, 2: 3953, 3: 2778, 4: 2159, 5: 1658
transitions cumulative       : 1->2: 3953, 2->3: 2778, 3->4: 2159, 4->5: 1658
accepted directly from s0    : 0
Gym endings cumulative       : terminated=9511, truncated=632

[Episode 11900/12000 | last 100]
success rate                : 30.0% (cumulative 14.2%)
failure rate                : 0.0% (cumulative 0.0%)
completed cycles / episode  : 0.000
synthetic task reward       : 3000.000
shaping reward              : 174.139
learning reward             : 3174.139
episode length              : 376.1
abstract changes / episode  : 27.7
same abstract-state steps   : 92.6%
same-state shaping / episode: 0.000
changed-state shaping / ep. : 174.139
terminal shaping / episode  : 29.914
DFA transitions / episode   : 1.42
DFA transitions in window   : 1->2: 40, 2->3: 39, 3->4: 33, 4->5: 30
epsilon (next episode)       : 0.09253
replay buffer                : 300000 samples [1: 57.7%, 2: 22.4%, 3: 12.5%, 4: 7.3%, 5: 0.0%]
DFA state visits in window   : 1: 23960, 2: 6405, 3: 4501, 4: 2811, 5: 30
DFA state visits cumulative  : 1: 2529722, 2: 742974, 3: 427967, 4: 222443, 5: 1688
DFA state entries in window  : 1: 100, 2: 40, 3: 39, 4: 33, 5: 30
DFA state entries cumulative : 1: 11900, 2: 3993, 3: 2817, 4: 2192, 5: 1688
transitions cumulative       : 1->2: 3993, 2->3: 2817, 3->4: 2192, 4->5: 1688
accepted directly from s0    : 0
Gym endings cumulative       : terminated=9580, truncated=633

[Episode 12000/12000 | last 100]
success rate                : 37.0% (cumulative 14.4%)
failure rate                : 0.0% (cumulative 0.0%)
completed cycles / episode  : 0.000
synthetic task reward       : 3700.000
shaping reward              : 380.968
learning reward             : 4080.968
episode length              : 492.2
abstract changes / episode  : 33.7
same abstract-state steps   : 93.1%
same-state shaping / episode: 0.000
changed-state shaping / ep. : 380.968
terminal shaping / episode  : 36.039
DFA transitions / episode   : 2.05
DFA transitions in window   : 1->2: 65, 2->3: 55, 3->4: 48, 4->5: 37
epsilon (next episode)       : 0.09070
replay buffer                : 300000 samples [1: 54.6%, 2: 24.1%, 3: 13.4%, 4: 7.9%, 5: 0.0%]
DFA state visits in window   : 1: 28182, 2: 10506, 3: 6699, 4: 3900, 5: 37
DFA state visits cumulative  : 1: 2557904, 2: 753480, 3: 434666, 4: 226343, 5: 1725
DFA state entries in window  : 1: 100, 2: 65, 3: 55, 4: 48, 5: 37
DFA state entries cumulative : 1: 12000, 2: 4058, 3: 2872, 4: 2240, 5: 1725
transitions cumulative       : 1->2: 4058, 2->3: 2872, 3->4: 2240, 4->5: 1725
accepted directly from s0    : 0
Gym endings cumulative       : terminated=9638, truncated=638

Starting autonomous greedy evaluation at episode 12000 (1000 fixed-seed episodes)...
[Greedy evaluation at episode 12000 | 1000 fixed-seed episodes]
success=62.0%, failure=0.0%, task reward=6200.000, length=479.3
DFA transitions: 1->2: 828, 2->3: 764, 3->4: 716, 4->5: 620
Best policy updated from autonomous greedy evaluation at episode 12000.
Last policy saved after episode 12000. Best greedy evaluation: episode 12000, mean task reward=6200.000
