
=== NEW RUN ===
episodes=10000, shaping=True, goal_reward=10000.0, gamma=0.99
gamma_shaping=1.0, shaping_formula=gamma_shaping*Phi(next)-Phi(state)
ground_unbiased_learner=False
ground_max_episode_steps=Gym default
eval_interval=500, eval_episodes=1000, eval_seed=100000
inter_level_shaping=False, inter_level_formula=gamma*Phi(next)-Phi(state)
task_type=ltlf, task=F(wp1) & G(wp1 -> X(left_zone U (low & (low U (right_zone & X(right_zone U g1))))))
regions={wp1: {'center': [-0.75, 1.0625], 'radius': 0.1}, g1: {'center': [0.75, 1.0625], 'radius': 0.1}, low: {'type': 'half_plane', 'axis': 'y', 'operator': '<', 'threshold': 0.7}, right_zone: {'type': 'half_plane', 'axis': 'x', 'operator': '>', 'threshold': 0.45}, left_zone: {'type': 'half_plane', 'axis': 'x', 'operator': '<', 'threshold': -0.45}}
dfa_states=[1, 2, 3, 4, 5, 6, 7, 8, 9, 10, 11, 12], pre_trace=1, accepting=[12], failure=[3]

[Episode 1/10000 | last 1]
success rate                : 0.0% (cumulative 0.0%)
failure rate                : 0.0% (cumulative 0.0%)
completed cycles / episode  : 0.000
synthetic task reward       : 0.000
shaping reward              : -666.963
learning reward             : -666.963
episode length              : 119.0
abstract changes / episode  : 51.0
same abstract-state steps   : 57.1%
same-state shaping / episode: 0.000
changed-state shaping / ep. : -666.963
terminal shaping / episode  : 0.000
DFA transitions / episode   : 0.00
DFA transitions in window   : none
epsilon (next episode)       : 0.99960
replay buffer                : 119 samples [1: 100.0%, 2: 0.0%, 3: 0.0%, 4: 0.0%, 5: 0.0%, 6: 0.0%, 7: 0.0%, 8: 0.0%, 9: 0.0%, 10: 0.0%, 11: 0.0%, 12: 0.0%]
DFA state visits in window   : 1: 120, 2: 0, 3: 0, 4: 0, 5: 0, 6: 0, 7: 0, 8: 0, 9: 0, 10: 0, 11: 0, 12: 0
DFA state visits cumulative  : 1: 120, 2: 0, 3: 0, 4: 0, 5: 0, 6: 0, 7: 0, 8: 0, 9: 0, 10: 0, 11: 0, 12: 0
DFA state entries in window  : 1: 1, 2: 0, 3: 0, 4: 0, 5: 0, 6: 0, 7: 0, 8: 0, 9: 0, 10: 0, 11: 0, 12: 0
DFA state entries cumulative : 1: 1, 2: 0, 3: 0, 4: 0, 5: 0, 6: 0, 7: 0, 8: 0, 9: 0, 10: 0, 11: 0, 12: 0
transitions cumulative       : none
accepted directly from s0    : 0
Gym endings cumulative       : terminated=1, truncated=0

[Episode 100/10000 | last 100]
success rate                : 0.0% (cumulative 0.0%)
failure rate                : 0.0% (cumulative 0.0%)
completed cycles / episode  : 0.000
synthetic task reward       : 0.000
shaping reward              : -702.920
learning reward             : -702.920
episode length              : 91.5
abstract changes / episode  : 49.2
same abstract-state steps   : 46.3%
same-state shaping / episode: 0.000
changed-state shaping / ep. : -702.920
terminal shaping / episode  : -6.921
DFA transitions / episode   : 0.02
DFA transitions in window   : 1->2: 1, 2->6: 1
epsilon (next episode)       : 0.96078
replay buffer                : 9155 samples [1: 99.7%, 2: 0.2%, 3: 0.0%, 4: 0.0%, 5: 0.0%, 6: 0.1%, 7: 0.0%, 8: 0.0%, 9: 0.0%, 10: 0.0%, 11: 0.0%, 12: 0.0%]
DFA state visits in window   : 1: 9231, 2: 16, 3: 0, 4: 0, 5: 0, 6: 8, 7: 0, 8: 0, 9: 0, 10: 0, 11: 0, 12: 0
DFA state visits cumulative  : 1: 9231, 2: 16, 3: 0, 4: 0, 5: 0, 6: 8, 7: 0, 8: 0, 9: 0, 10: 0, 11: 0, 12: 0
DFA state entries in window  : 1: 100, 2: 1, 3: 0, 4: 0, 5: 0, 6: 1, 7: 0, 8: 0, 9: 0, 10: 0, 11: 0, 12: 0
DFA state entries cumulative : 1: 100, 2: 1, 3: 0, 4: 0, 5: 0, 6: 1, 7: 0, 8: 0, 9: 0, 10: 0, 11: 0, 12: 0
transitions cumulative       : 1->2: 1, 2->6: 1
accepted directly from s0    : 0
Gym endings cumulative       : terminated=100, truncated=0

[Episode 200/10000 | last 100]
success rate                : 0.0% (cumulative 0.0%)
failure rate                : 0.0% (cumulative 0.0%)
completed cycles / episode  : 0.000
synthetic task reward       : 0.000
shaping reward              : -668.900
learning reward             : -668.900
episode length              : 91.5
abstract changes / episode  : 49.1
same abstract-state steps   : 46.3%
same-state shaping / episode: 0.000
changed-state shaping / ep. : -668.900
terminal shaping / episode  : -7.972
DFA transitions / episode   : 0.00
DFA transitions in window   : none
epsilon (next episode)       : 0.92310
replay buffer                : 18309 samples [1: 99.9%, 2: 0.1%, 3: 0.0%, 4: 0.0%, 5: 0.0%, 6: 0.0%, 7: 0.0%, 8: 0.0%, 9: 0.0%, 10: 0.0%, 11: 0.0%, 12: 0.0%]
DFA state visits in window   : 1: 9254, 2: 0, 3: 0, 4: 0, 5: 0, 6: 0, 7: 0, 8: 0, 9: 0, 10: 0, 11: 0, 12: 0
DFA state visits cumulative  : 1: 18485, 2: 16, 3: 0, 4: 0, 5: 0, 6: 8, 7: 0, 8: 0, 9: 0, 10: 0, 11: 0, 12: 0
DFA state entries in window  : 1: 100, 2: 0, 3: 0, 4: 0, 5: 0, 6: 0, 7: 0, 8: 0, 9: 0, 10: 0, 11: 0, 12: 0
DFA state entries cumulative : 1: 200, 2: 1, 3: 0, 4: 0, 5: 0, 6: 1, 7: 0, 8: 0, 9: 0, 10: 0, 11: 0, 12: 0
transitions cumulative       : 1->2: 1, 2->6: 1
accepted directly from s0    : 0
Gym endings cumulative       : terminated=200, truncated=0

[Episode 300/10000 | last 100]
success rate                : 0.0% (cumulative 0.0%)
failure rate                : 0.0% (cumulative 0.0%)
completed cycles / episode  : 0.000
synthetic task reward       : 0.000
shaping reward              : -629.257
learning reward             : -629.257
episode length              : 108.9
abstract changes / episode  : 49.0
same abstract-state steps   : 55.0%
same-state shaping / episode: 0.000
changed-state shaping / ep. : -629.257
terminal shaping / episode  : -6.887
DFA transitions / episode   : 0.04
DFA transitions in window   : 1->2: 2, 2->6: 2
epsilon (next episode)       : 0.88690
replay buffer                : 29198 samples [1: 99.7%, 2: 0.2%, 3: 0.0%, 4: 0.0%, 5: 0.0%, 6: 0.1%, 7: 0.0%, 8: 0.0%, 9: 0.0%, 10: 0.0%, 11: 0.0%, 12: 0.0%]
DFA state visits in window   : 1: 10936, 2: 34, 3: 0, 4: 0, 5: 0, 6: 19, 7: 0, 8: 0, 9: 0, 10: 0, 11: 0, 12: 0
DFA state visits cumulative  : 1: 29421, 2: 50, 3: 0, 4: 0, 5: 0, 6: 27, 7: 0, 8: 0, 9: 0, 10: 0, 11: 0, 12: 0
DFA state entries in window  : 1: 100, 2: 2, 3: 0, 4: 0, 5: 0, 6: 2, 7: 0, 8: 0, 9: 0, 10: 0, 11: 0, 12: 0
DFA state entries cumulative : 1: 300, 2: 3, 3: 0, 4: 0, 5: 0, 6: 3, 7: 0, 8: 0, 9: 0, 10: 0, 11: 0, 12: 0
transitions cumulative       : 1->2: 3, 2->6: 3
accepted directly from s0    : 0
Gym endings cumulative       : terminated=299, truncated=1

[Episode 400/10000 | last 100]
success rate                : 0.0% (cumulative 0.0%)
failure rate                : 0.0% (cumulative 0.0%)
completed cycles / episode  : 0.000
synthetic task reward       : 0.000
shaping reward              : -575.847
learning reward             : -575.847
episode length              : 96.2
abstract changes / episode  : 48.8
same abstract-state steps   : 49.3%
same-state shaping / episode: 0.000
changed-state shaping / ep. : -575.847
terminal shaping / episode  : -9.943
DFA transitions / episode   : 0.07
DFA transitions in window   : 1->2: 5, 2->6: 2
epsilon (next episode)       : 0.85212
replay buffer                : 38818 samples [1: 99.6%, 2: 0.3%, 3: 0.0%, 4: 0.0%, 5: 0.0%, 6: 0.1%, 7: 0.0%, 8: 0.0%, 9: 0.0%, 10: 0.0%, 11: 0.0%, 12: 0.0%]
DFA state visits in window   : 1: 9618, 2: 83, 3: 0, 4: 0, 5: 0, 6: 19, 7: 0, 8: 0, 9: 0, 10: 0, 11: 0, 12: 0
DFA state visits cumulative  : 1: 39039, 2: 133, 3: 0, 4: 0, 5: 0, 6: 46, 7: 0, 8: 0, 9: 0, 10: 0, 11: 0, 12: 0
DFA state entries in window  : 1: 100, 2: 5, 3: 0, 4: 0, 5: 0, 6: 2, 7: 0, 8: 0, 9: 0, 10: 0, 11: 0, 12: 0
DFA state entries cumulative : 1: 400, 2: 8, 3: 0, 4: 0, 5: 0, 6: 5, 7: 0, 8: 0, 9: 0, 10: 0, 11: 0, 12: 0
transitions cumulative       : 1->2: 8, 2->6: 5
accepted directly from s0    : 0
Gym endings cumulative       : terminated=399, truncated=1

[Episode 500/10000 | last 100]
success rate                : 0.0% (cumulative 0.0%)
failure rate                : 0.0% (cumulative 0.0%)
completed cycles / episode  : 0.000
synthetic task reward       : 0.000
shaping reward              : -628.400
learning reward             : -628.400
episode length              : 98.5
abstract changes / episode  : 50.1
same abstract-state steps   : 49.1%
same-state shaping / episode: 0.000
changed-state shaping / ep. : -628.400
terminal shaping / episode  : -11.859
DFA transitions / episode   : 0.02
DFA transitions in window   : 1->2: 2
epsilon (next episode)       : 0.81870
replay buffer                : 48673 samples [1: 99.6%, 2: 0.4%, 3: 0.0%, 4: 0.0%, 5: 0.0%, 6: 0.1%, 7: 0.0%, 8: 0.0%, 9: 0.0%, 10: 0.0%, 11: 0.0%, 12: 0.0%]
DFA state visits in window   : 1: 9911, 2: 44, 3: 0, 4: 0, 5: 0, 6: 0, 7: 0, 8: 0, 9: 0, 10: 0, 11: 0, 12: 0
DFA state visits cumulative  : 1: 48950, 2: 177, 3: 0, 4: 0, 5: 0, 6: 46, 7: 0, 8: 0, 9: 0, 10: 0, 11: 0, 12: 0
DFA state entries in window  : 1: 100, 2: 2, 3: 0, 4: 0, 5: 0, 6: 0, 7: 0, 8: 0, 9: 0, 10: 0, 11: 0, 12: 0
DFA state entries cumulative : 1: 500, 2: 10, 3: 0, 4: 0, 5: 0, 6: 5, 7: 0, 8: 0, 9: 0, 10: 0, 11: 0, 12: 0
transitions cumulative       : 1->2: 10, 2->6: 5
accepted directly from s0    : 0
Gym endings cumulative       : terminated=499, truncated=1

Starting autonomous greedy evaluation at episode 500 (1000 fixed-seed episodes)...
[Greedy evaluation at episode 500 | 1000 fixed-seed episodes]
success=0.0%, failure=0.0%, task reward=0.000, length=142.9
DFA transitions: 1->2: 47
Best policy updated from autonomous greedy evaluation at episode 500.

[Episode 600/10000 | last 100]
success rate                : 0.0% (cumulative 0.0%)
failure rate                : 0.0% (cumulative 0.0%)
completed cycles / episode  : 0.000
synthetic task reward       : 0.000
shaping reward              : -610.716
learning reward             : -610.716
episode length              : 100.8
abstract changes / episode  : 49.8
same abstract-state steps   : 50.6%
same-state shaping / episode: 0.000
changed-state shaping / ep. : -610.716
terminal shaping / episode  : -7.144
DFA transitions / episode   : 0.03
DFA transitions in window   : 1->2: 2, 2->6: 1
epsilon (next episode)       : 0.78659
replay buffer                : 58751 samples [1: 99.6%, 2: 0.3%, 3: 0.0%, 4: 0.0%, 5: 0.0%, 6: 0.1%, 7: 0.0%, 8: 0.0%, 9: 0.0%, 10: 0.0%, 11: 0.0%, 12: 0.0%]
DFA state visits in window   : 1: 10146, 2: 31, 3: 0, 4: 0, 5: 0, 6: 1, 7: 0, 8: 0, 9: 0, 10: 0, 11: 0, 12: 0
DFA state visits cumulative  : 1: 59096, 2: 208, 3: 0, 4: 0, 5: 0, 6: 47, 7: 0, 8: 0, 9: 0, 10: 0, 11: 0, 12: 0
DFA state entries in window  : 1: 100, 2: 2, 3: 0, 4: 0, 5: 0, 6: 1, 7: 0, 8: 0, 9: 0, 10: 0, 11: 0, 12: 0
DFA state entries cumulative : 1: 600, 2: 12, 3: 0, 4: 0, 5: 0, 6: 6, 7: 0, 8: 0, 9: 0, 10: 0, 11: 0, 12: 0
transitions cumulative       : 1->2: 12, 2->6: 6
accepted directly from s0    : 0
Gym endings cumulative       : terminated=599, truncated=1

[Episode 700/10000 | last 100]
success rate                : 0.0% (cumulative 0.0%)
failure rate                : 0.0% (cumulative 0.0%)
completed cycles / episode  : 0.000
synthetic task reward       : 0.000
shaping reward              : -614.683
learning reward             : -614.683
episode length              : 101.5
abstract changes / episode  : 50.3
same abstract-state steps   : 50.5%
same-state shaping / episode: 0.000
changed-state shaping / ep. : -614.683
terminal shaping / episode  : -9.721
DFA transitions / episode   : 0.00
DFA transitions in window   : none
epsilon (next episode)       : 0.75574
replay buffer                : 68899 samples [1: 99.6%, 2: 0.3%, 3: 0.0%, 4: 0.0%, 5: 0.0%, 6: 0.1%, 7: 0.0%, 8: 0.0%, 9: 0.0%, 10: 0.0%, 11: 0.0%, 12: 0.0%]
DFA state visits in window   : 1: 10248, 2: 0, 3: 0, 4: 0, 5: 0, 6: 0, 7: 0, 8: 0, 9: 0, 10: 0, 11: 0, 12: 0
DFA state visits cumulative  : 1: 69344, 2: 208, 3: 0, 4: 0, 5: 0, 6: 47, 7: 0, 8: 0, 9: 0, 10: 0, 11: 0, 12: 0
DFA state entries in window  : 1: 100, 2: 0, 3: 0, 4: 0, 5: 0, 6: 0, 7: 0, 8: 0, 9: 0, 10: 0, 11: 0, 12: 0
DFA state entries cumulative : 1: 700, 2: 12, 3: 0, 4: 0, 5: 0, 6: 6, 7: 0, 8: 0, 9: 0, 10: 0, 11: 0, 12: 0
transitions cumulative       : 1->2: 12, 2->6: 6
accepted directly from s0    : 0
Gym endings cumulative       : terminated=699, truncated=1

[Episode 800/10000 | last 100]
success rate                : 0.0% (cumulative 0.0%)
failure rate                : 0.0% (cumulative 0.0%)
completed cycles / episode  : 0.000
synthetic task reward       : 0.000
shaping reward              : -555.129
learning reward             : -555.129
episode length              : 111.0
abstract changes / episode  : 49.9
same abstract-state steps   : 55.0%
same-state shaping / episode: 0.000
changed-state shaping / ep. : -555.129
terminal shaping / episode  : -10.732
DFA transitions / episode   : 0.04
DFA transitions in window   : 1->2: 3, 2->6: 1
epsilon (next episode)       : 0.72610
replay buffer                : 79996 samples [1: 99.6%, 2: 0.3%, 3: 0.0%, 4: 0.0%, 5: 0.0%, 6: 0.1%, 7: 0.0%, 8: 0.0%, 9: 0.0%, 10: 0.0%, 11: 0.0%, 12: 0.0%]
DFA state visits in window   : 1: 11132, 2: 60, 3: 0, 4: 0, 5: 0, 6: 5, 7: 0, 8: 0, 9: 0, 10: 0, 11: 0, 12: 0
DFA state visits cumulative  : 1: 80476, 2: 268, 3: 0, 4: 0, 5: 0, 6: 52, 7: 0, 8: 0, 9: 0, 10: 0, 11: 0, 12: 0
DFA state entries in window  : 1: 100, 2: 3, 3: 0, 4: 0, 5: 0, 6: 1, 7: 0, 8: 0, 9: 0, 10: 0, 11: 0, 12: 0
DFA state entries cumulative : 1: 800, 2: 15, 3: 0, 4: 0, 5: 0, 6: 7, 7: 0, 8: 0, 9: 0, 10: 0, 11: 0, 12: 0
transitions cumulative       : 1->2: 15, 2->6: 7
accepted directly from s0    : 0
Gym endings cumulative       : terminated=798, truncated=2

[Episode 900/10000 | last 100]
success rate                : 0.0% (cumulative 0.0%)
failure rate                : 0.0% (cumulative 0.0%)
completed cycles / episode  : 0.000
synthetic task reward       : 0.000
shaping reward              : -571.338
learning reward             : -571.338
episode length              : 106.2
abstract changes / episode  : 50.4
same abstract-state steps   : 52.6%
same-state shaping / episode: 0.000
changed-state shaping / ep. : -571.338
terminal shaping / episode  : -4.503
DFA transitions / episode   : 0.03
DFA transitions in window   : 1->2: 3
epsilon (next episode)       : 0.69763
replay buffer                : 90613 samples [1: 99.6%, 2: 0.4%, 3: 0.0%, 4: 0.0%, 5: 0.0%, 6: 0.0%, 7: 0.0%, 8: 0.0%, 9: 0.0%, 10: 0.0%, 11: 0.0%, 12: 0.0%]
DFA state visits in window   : 1: 10648, 2: 69, 3: 0, 4: 0, 5: 0, 6: 0, 7: 0, 8: 0, 9: 0, 10: 0, 11: 0, 12: 0
DFA state visits cumulative  : 1: 91124, 2: 337, 3: 0, 4: 0, 5: 0, 6: 52, 7: 0, 8: 0, 9: 0, 10: 0, 11: 0, 12: 0
DFA state entries in window  : 1: 100, 2: 3, 3: 0, 4: 0, 5: 0, 6: 0, 7: 0, 8: 0, 9: 0, 10: 0, 11: 0, 12: 0
DFA state entries cumulative : 1: 900, 2: 18, 3: 0, 4: 0, 5: 0, 6: 7, 7: 0, 8: 0, 9: 0, 10: 0, 11: 0, 12: 0
transitions cumulative       : 1->2: 18, 2->6: 7
accepted directly from s0    : 0
Gym endings cumulative       : terminated=898, truncated=2

[Episode 1000/10000 | last 100]
success rate                : 0.0% (cumulative 0.0%)
failure rate                : 0.0% (cumulative 0.0%)
completed cycles / episode  : 0.000
synthetic task reward       : 0.000
shaping reward              : -547.532
learning reward             : -547.532
episode length              : 108.8
abstract changes / episode  : 50.8
same abstract-state steps   : 53.4%
same-state shaping / episode: 0.000
changed-state shaping / ep. : -547.532
terminal shaping / episode  : -6.895
DFA transitions / episode   : 0.02
DFA transitions in window   : 1->2: 1, 2->6: 1
epsilon (next episode)       : 0.67027
replay buffer                : 101493 samples [1: 99.6%, 2: 0.3%, 3: 0.0%, 4: 0.0%, 5: 0.0%, 6: 0.0%, 7: 0.0%, 8: 0.0%, 9: 0.0%, 10: 0.0%, 11: 0.0%, 12: 0.0%]
DFA state visits in window   : 1: 10958, 2: 17, 3: 0, 4: 0, 5: 0, 6: 5, 7: 0, 8: 0, 9: 0, 10: 0, 11: 0, 12: 0
DFA state visits cumulative  : 1: 102082, 2: 354, 3: 0, 4: 0, 5: 0, 6: 57, 7: 0, 8: 0, 9: 0, 10: 0, 11: 0, 12: 0
DFA state entries in window  : 1: 100, 2: 1, 3: 0, 4: 0, 5: 0, 6: 1, 7: 0, 8: 0, 9: 0, 10: 0, 11: 0, 12: 0
DFA state entries cumulative : 1: 1000, 2: 19, 3: 0, 4: 0, 5: 0, 6: 8, 7: 0, 8: 0, 9: 0, 10: 0, 11: 0, 12: 0
transitions cumulative       : 1->2: 19, 2->6: 8
accepted directly from s0    : 0
Gym endings cumulative       : terminated=998, truncated=2

Starting autonomous greedy evaluation at episode 1000 (1000 fixed-seed episodes)...
[Greedy evaluation at episode 1000 | 1000 fixed-seed episodes]
success=0.0%, failure=0.0%, task reward=0.000, length=115.0
DFA transitions: 1->2: 485
Best policy updated from autonomous greedy evaluation at episode 1000.

[Episode 1100/10000 | last 100]
success rate                : 0.0% (cumulative 0.0%)
failure rate                : 0.0% (cumulative 0.0%)
completed cycles / episode  : 0.000
synthetic task reward       : 0.000
shaping reward              : -535.835
learning reward             : -535.835
episode length              : 114.8
abstract changes / episode  : 51.5
same abstract-state steps   : 55.2%
same-state shaping / episode: 0.000
changed-state shaping / ep. : -535.835
terminal shaping / episode  : -10.891
DFA transitions / episode   : 0.02
DFA transitions in window   : 1->2: 1, 2->6: 1
epsilon (next episode)       : 0.64398
replay buffer                : 112977 samples [1: 99.6%, 2: 0.3%, 3: 0.0%, 4: 0.0%, 5: 0.0%, 6: 0.0%, 7: 0.0%, 8: 0.0%, 9: 0.0%, 10: 0.0%, 11: 0.0%, 12: 0.0%]
DFA state visits in window   : 1: 11564, 2: 17, 3: 0, 4: 0, 5: 0, 6: 3, 7: 0, 8: 0, 9: 0, 10: 0, 11: 0, 12: 0
DFA state visits cumulative  : 1: 113646, 2: 371, 3: 0, 4: 0, 5: 0, 6: 60, 7: 0, 8: 0, 9: 0, 10: 0, 11: 0, 12: 0
DFA state entries in window  : 1: 100, 2: 1, 3: 0, 4: 0, 5: 0, 6: 1, 7: 0, 8: 0, 9: 0, 10: 0, 11: 0, 12: 0
DFA state entries cumulative : 1: 1100, 2: 20, 3: 0, 4: 0, 5: 0, 6: 9, 7: 0, 8: 0, 9: 0, 10: 0, 11: 0, 12: 0
transitions cumulative       : 1->2: 20, 2->6: 9
accepted directly from s0    : 0
Gym endings cumulative       : terminated=1098, truncated=2

[Episode 1200/10000 | last 100]
success rate                : 0.0% (cumulative 0.0%)
failure rate                : 0.0% (cumulative 0.0%)
completed cycles / episode  : 0.000
synthetic task reward       : 0.000
shaping reward              : -505.088
learning reward             : -505.088
episode length              : 104.9
abstract changes / episode  : 50.6
same abstract-state steps   : 51.8%
same-state shaping / episode: 0.000
changed-state shaping / ep. : -505.088
terminal shaping / episode  : -12.034
DFA transitions / episode   : 0.00
DFA transitions in window   : none
epsilon (next episode)       : 0.61872
replay buffer                : 123465 samples [1: 99.7%, 2: 0.3%, 3: 0.0%, 4: 0.0%, 5: 0.0%, 6: 0.0%, 7: 0.0%, 8: 0.0%, 9: 0.0%, 10: 0.0%, 11: 0.0%, 12: 0.0%]
DFA state visits in window   : 1: 10588, 2: 0, 3: 0, 4: 0, 5: 0, 6: 0, 7: 0, 8: 0, 9: 0, 10: 0, 11: 0, 12: 0
DFA state visits cumulative  : 1: 124234, 2: 371, 3: 0, 4: 0, 5: 0, 6: 60, 7: 0, 8: 0, 9: 0, 10: 0, 11: 0, 12: 0
DFA state entries in window  : 1: 100, 2: 0, 3: 0, 4: 0, 5: 0, 6: 0, 7: 0, 8: 0, 9: 0, 10: 0, 11: 0, 12: 0
DFA state entries cumulative : 1: 1200, 2: 20, 3: 0, 4: 0, 5: 0, 6: 9, 7: 0, 8: 0, 9: 0, 10: 0, 11: 0, 12: 0
transitions cumulative       : 1->2: 20, 2->6: 9
accepted directly from s0    : 0
Gym endings cumulative       : terminated=1198, truncated=2

[Episode 1300/10000 | last 100]
success rate                : 0.0% (cumulative 0.0%)
failure rate                : 0.0% (cumulative 0.0%)
completed cycles / episode  : 0.000
synthetic task reward       : 0.000
shaping reward              : -493.061
learning reward             : -493.061
episode length              : 102.0
abstract changes / episode  : 49.5
same abstract-state steps   : 51.5%
same-state shaping / episode: 0.000
changed-state shaping / ep. : -493.061
terminal shaping / episode  : -12.136
DFA transitions / episode   : 0.04
DFA transitions in window   : 1->2: 3, 2->6: 1
epsilon (next episode)       : 0.59446
replay buffer                : 133660 samples [1: 99.6%, 2: 0.3%, 3: 0.0%, 4: 0.0%, 5: 0.0%, 6: 0.0%, 7: 0.0%, 8: 0.0%, 9: 0.0%, 10: 0.0%, 11: 0.0%, 12: 0.0%]
DFA state visits in window   : 1: 10230, 2: 58, 3: 0, 4: 0, 5: 0, 6: 7, 7: 0, 8: 0, 9: 0, 10: 0, 11: 0, 12: 0
DFA state visits cumulative  : 1: 134464, 2: 429, 3: 0, 4: 0, 5: 0, 6: 67, 7: 0, 8: 0, 9: 0, 10: 0, 11: 0, 12: 0
DFA state entries in window  : 1: 100, 2: 3, 3: 0, 4: 0, 5: 0, 6: 1, 7: 0, 8: 0, 9: 0, 10: 0, 11: 0, 12: 0
DFA state entries cumulative : 1: 1300, 2: 23, 3: 0, 4: 0, 5: 0, 6: 10, 7: 0, 8: 0, 9: 0, 10: 0, 11: 0, 12: 0
transitions cumulative       : 1->2: 23, 2->6: 10
accepted directly from s0    : 0
Gym endings cumulative       : terminated=1298, truncated=2

[Episode 1400/10000 | last 100]
success rate                : 0.0% (cumulative 0.0%)
failure rate                : 0.0% (cumulative 0.0%)
completed cycles / episode  : 0.000
synthetic task reward       : 0.000
shaping reward              : -534.716
learning reward             : -534.716
episode length              : 124.2
abstract changes / episode  : 51.9
same abstract-state steps   : 58.2%
same-state shaping / episode: 0.000
changed-state shaping / ep. : -534.716
terminal shaping / episode  : -6.182
DFA transitions / episode   : 0.00
DFA transitions in window   : none
epsilon (next episode)       : 0.57115
replay buffer                : 146078 samples [1: 99.7%, 2: 0.3%, 3: 0.0%, 4: 0.0%, 5: 0.0%, 6: 0.0%, 7: 0.0%, 8: 0.0%, 9: 0.0%, 10: 0.0%, 11: 0.0%, 12: 0.0%]
DFA state visits in window   : 1: 12518, 2: 0, 3: 0, 4: 0, 5: 0, 6: 0, 7: 0, 8: 0, 9: 0, 10: 0, 11: 0, 12: 0
DFA state visits cumulative  : 1: 146982, 2: 429, 3: 0, 4: 0, 5: 0, 6: 67, 7: 0, 8: 0, 9: 0, 10: 0, 11: 0, 12: 0
DFA state entries in window  : 1: 100, 2: 0, 3: 0, 4: 0, 5: 0, 6: 0, 7: 0, 8: 0, 9: 0, 10: 0, 11: 0, 12: 0
DFA state entries cumulative : 1: 1400, 2: 23, 3: 0, 4: 0, 5: 0, 6: 10, 7: 0, 8: 0, 9: 0, 10: 0, 11: 0, 12: 0
transitions cumulative       : 1->2: 23, 2->6: 10
accepted directly from s0    : 0
Gym endings cumulative       : terminated=1398, truncated=2

[Episode 1500/10000 | last 100]
success rate                : 0.0% (cumulative 0.0%)
failure rate                : 0.0% (cumulative 0.0%)
completed cycles / episode  : 0.000
synthetic task reward       : 0.000
shaping reward              : -481.728
learning reward             : -481.728
episode length              : 127.7
abstract changes / episode  : 52.0
same abstract-state steps   : 59.3%
same-state shaping / episode: 0.000
changed-state shaping / ep. : -481.728
terminal shaping / episode  : -5.566
DFA transitions / episode   : 0.06
DFA transitions in window   : 1->2: 3, 2->6: 2, 6->4: 1
epsilon (next episode)       : 0.54875
replay buffer                : 158850 samples [1: 99.6%, 2: 0.3%, 3: 0.0%, 4: 0.0%, 5: 0.0%, 6: 0.1%, 7: 0.0%, 8: 0.0%, 9: 0.0%, 10: 0.0%, 11: 0.0%, 12: 0.0%]
DFA state visits in window   : 1: 12642, 2: 103, 3: 0, 4: 38, 5: 0, 6: 89, 7: 0, 8: 0, 9: 0, 10: 0, 11: 0, 12: 0
DFA state visits cumulative  : 1: 159624, 2: 532, 3: 0, 4: 38, 5: 0, 6: 156, 7: 0, 8: 0, 9: 0, 10: 0, 11: 0, 12: 0
DFA state entries in window  : 1: 100, 2: 3, 3: 0, 4: 1, 5: 0, 6: 2, 7: 0, 8: 0, 9: 0, 10: 0, 11: 0, 12: 0
DFA state entries cumulative : 1: 1500, 2: 26, 3: 0, 4: 1, 5: 0, 6: 12, 7: 0, 8: 0, 9: 0, 10: 0, 11: 0, 12: 0
transitions cumulative       : 1->2: 26, 2->6: 12, 6->4: 1
accepted directly from s0    : 0
Gym endings cumulative       : terminated=1498, truncated=2

Starting autonomous greedy evaluation at episode 1500 (1000 fixed-seed episodes)...
[Greedy evaluation at episode 1500 | 1000 fixed-seed episodes]
success=0.0%, failure=0.0%, task reward=0.000, length=186.5
DFA transitions: 1->2: 479

[Episode 1600/10000 | last 100]
success rate                : 0.0% (cumulative 0.0%)
failure rate                : 0.0% (cumulative 0.0%)
completed cycles / episode  : 0.000
synthetic task reward       : 0.000
shaping reward              : -377.225
learning reward             : -377.225
episode length              : 145.6
abstract changes / episode  : 53.4
same abstract-state steps   : 63.3%
same-state shaping / episode: 0.000
changed-state shaping / ep. : -377.225
terminal shaping / episode  : -8.030
DFA transitions / episode   : 0.12
DFA transitions in window   : 1->2: 7, 2->6: 3, 4->5: 1, 6->4: 1
epsilon (next episode)       : 0.52722
replay buffer                : 173412 samples [1: 99.3%, 2: 0.4%, 3: 0.0%, 4: 0.1%, 5: 0.0%, 6: 0.2%, 7: 0.0%, 8: 0.0%, 9: 0.0%, 10: 0.0%, 11: 0.0%, 12: 0.0%]
DFA state visits in window   : 1: 14170, 2: 224, 3: 0, 4: 55, 5: 36, 6: 177, 7: 0, 8: 0, 9: 0, 10: 0, 11: 0, 12: 0
DFA state visits cumulative  : 1: 173794, 2: 756, 3: 0, 4: 93, 5: 36, 6: 333, 7: 0, 8: 0, 9: 0, 10: 0, 11: 0, 12: 0
DFA state entries in window  : 1: 100, 2: 7, 3: 0, 4: 1, 5: 1, 6: 3, 7: 0, 8: 0, 9: 0, 10: 0, 11: 0, 12: 0
DFA state entries cumulative : 1: 1600, 2: 33, 3: 0, 4: 2, 5: 1, 6: 15, 7: 0, 8: 0, 9: 0, 10: 0, 11: 0, 12: 0
transitions cumulative       : 1->2: 33, 2->6: 15, 4->5: 1, 6->4: 2
accepted directly from s0    : 0
Gym endings cumulative       : terminated=1597, truncated=3

[Episode 1700/10000 | last 100]
success rate                : 0.0% (cumulative 0.0%)
failure rate                : 0.0% (cumulative 0.0%)
completed cycles / episode  : 0.000
synthetic task reward       : 0.000
shaping reward              : -247.973
learning reward             : -247.973
episode length              : 153.3
abstract changes / episode  : 50.1
same abstract-state steps   : 67.3%
same-state shaping / episode: 0.000
changed-state shaping / ep. : -247.973
terminal shaping / episode  : -9.382
DFA transitions / episode   : 0.16
DFA transitions in window   : 1->2: 12, 2->6: 4
epsilon (next episode)       : 0.50655
replay buffer                : 188746 samples [1: 99.2%, 2: 0.6%, 3: 0.0%, 4: 0.0%, 5: 0.0%, 6: 0.2%, 7: 0.0%, 8: 0.0%, 9: 0.0%, 10: 0.0%, 11: 0.0%, 12: 0.0%]
DFA state visits in window   : 1: 15020, 2: 386, 3: 0, 4: 0, 5: 0, 6: 28, 7: 0, 8: 0, 9: 0, 10: 0, 11: 0, 12: 0
DFA state visits cumulative  : 1: 188814, 2: 1142, 3: 0, 4: 93, 5: 36, 6: 361, 7: 0, 8: 0, 9: 0, 10: 0, 11: 0, 12: 0
DFA state entries in window  : 1: 100, 2: 12, 3: 0, 4: 0, 5: 0, 6: 4, 7: 0, 8: 0, 9: 0, 10: 0, 11: 0, 12: 0
DFA state entries cumulative : 1: 1700, 2: 45, 3: 0, 4: 2, 5: 1, 6: 19, 7: 0, 8: 0, 9: 0, 10: 0, 11: 0, 12: 0
transitions cumulative       : 1->2: 45, 2->6: 19, 4->5: 1, 6->4: 2
accepted directly from s0    : 0
Gym endings cumulative       : terminated=1693, truncated=7

[Episode 1800/10000 | last 100]
success rate                : 0.0% (cumulative 0.0%)
failure rate                : 0.0% (cumulative 0.0%)
completed cycles / episode  : 0.000
synthetic task reward       : 0.000
shaping reward              : -181.747
learning reward             : -181.747
episode length              : 179.4
abstract changes / episode  : 50.1
same abstract-state steps   : 72.1%
same-state shaping / episode: 0.000
changed-state shaping / ep. : -181.747
terminal shaping / episode  : -7.676
DFA transitions / episode   : 0.17
DFA transitions in window   : 1->2: 15, 2->6: 2
epsilon (next episode)       : 0.48668
replay buffer                : 206685 samples [1: 99.0%, 2: 0.7%, 3: 0.0%, 4: 0.0%, 5: 0.0%, 6: 0.2%, 7: 0.0%, 8: 0.0%, 9: 0.0%, 10: 0.0%, 11: 0.0%, 12: 0.0%]
DFA state visits in window   : 1: 17624, 2: 400, 3: 0, 4: 0, 5: 0, 6: 15, 7: 0, 8: 0, 9: 0, 10: 0, 11: 0, 12: 0
DFA state visits cumulative  : 1: 206438, 2: 1542, 3: 0, 4: 93, 5: 36, 6: 376, 7: 0, 8: 0, 9: 0, 10: 0, 11: 0, 12: 0
DFA state entries in window  : 1: 100, 2: 15, 3: 0, 4: 0, 5: 0, 6: 2, 7: 0, 8: 0, 9: 0, 10: 0, 11: 0, 12: 0
DFA state entries cumulative : 1: 1800, 2: 60, 3: 0, 4: 2, 5: 1, 6: 21, 7: 0, 8: 0, 9: 0, 10: 0, 11: 0, 12: 0
transitions cumulative       : 1->2: 60, 2->6: 21, 4->5: 1, 6->4: 2
accepted directly from s0    : 0
Gym endings cumulative       : terminated=1787, truncated=13

[Episode 1900/10000 | last 100]
success rate                : 0.0% (cumulative 0.0%)
failure rate                : 0.0% (cumulative 0.0%)
completed cycles / episode  : 0.000
synthetic task reward       : 0.000
shaping reward              : 10.327
learning reward             : 10.327
episode length              : 149.3
abstract changes / episode  : 49.5
same abstract-state steps   : 66.9%
same-state shaping / episode: 0.000
changed-state shaping / ep. : 10.327
terminal shaping / episode  : -8.370
DFA transitions / episode   : 0.18
DFA transitions in window   : 1->2: 16, 2->6: 2
epsilon (next episode)       : 0.46760
replay buffer                : 221620 samples [1: 98.9%, 2: 0.9%, 3: 0.0%, 4: 0.0%, 5: 0.0%, 6: 0.2%, 7: 0.0%, 8: 0.0%, 9: 0.0%, 10: 0.0%, 11: 0.0%, 12: 0.0%]
DFA state visits in window   : 1: 14475, 2: 555, 3: 0, 4: 0, 5: 0, 6: 5, 7: 0, 8: 0, 9: 0, 10: 0, 11: 0, 12: 0
DFA state visits cumulative  : 1: 220913, 2: 2097, 3: 0, 4: 93, 5: 36, 6: 381, 7: 0, 8: 0, 9: 0, 10: 0, 11: 0, 12: 0
DFA state entries in window  : 1: 100, 2: 16, 3: 0, 4: 0, 5: 0, 6: 2, 7: 0, 8: 0, 9: 0, 10: 0, 11: 0, 12: 0
DFA state entries cumulative : 1: 1900, 2: 76, 3: 0, 4: 2, 5: 1, 6: 23, 7: 0, 8: 0, 9: 0, 10: 0, 11: 0, 12: 0
transitions cumulative       : 1->2: 76, 2->6: 23, 4->5: 1, 6->4: 2
accepted directly from s0    : 0
Gym endings cumulative       : terminated=1886, truncated=14

[Episode 2000/10000 | last 100]
success rate                : 0.0% (cumulative 0.0%)
failure rate                : 0.0% (cumulative 0.0%)
completed cycles / episode  : 0.000
synthetic task reward       : 0.000
shaping reward              : 60.175
learning reward             : 60.175
episode length              : 155.5
abstract changes / episode  : 52.5
same abstract-state steps   : 66.2%
same-state shaping / episode: 0.000
changed-state shaping / ep. : 60.175
terminal shaping / episode  : -8.260
DFA transitions / episode   : 0.33
DFA transitions in window   : 1->2: 21, 2->6: 11, 6->4: 1
epsilon (next episode)       : 0.44926
replay buffer                : 237167 samples [1: 98.5%, 2: 1.2%, 3: 0.0%, 4: 0.0%, 5: 0.0%, 6: 0.2%, 7: 0.0%, 8: 0.0%, 9: 0.0%, 10: 0.0%, 11: 0.0%, 12: 0.0%]
DFA state visits in window   : 1: 14647, 2: 780, 3: 0, 4: 9, 5: 0, 6: 211, 7: 0, 8: 0, 9: 0, 10: 0, 11: 0, 12: 0
DFA state visits cumulative  : 1: 235560, 2: 2877, 3: 0, 4: 102, 5: 36, 6: 592, 7: 0, 8: 0, 9: 0, 10: 0, 11: 0, 12: 0
DFA state entries in window  : 1: 100, 2: 21, 3: 0, 4: 1, 5: 0, 6: 11, 7: 0, 8: 0, 9: 0, 10: 0, 11: 0, 12: 0
DFA state entries cumulative : 1: 2000, 2: 97, 3: 0, 4: 3, 5: 1, 6: 34, 7: 0, 8: 0, 9: 0, 10: 0, 11: 0, 12: 0
transitions cumulative       : 1->2: 97, 2->6: 34, 4->5: 1, 6->4: 3
accepted directly from s0    : 0
Gym endings cumulative       : terminated=1986, truncated=14

Starting autonomous greedy evaluation at episode 2000 (1000 fixed-seed episodes)...
[Greedy evaluation at episode 2000 | 1000 fixed-seed episodes]
success=0.0%, failure=0.0%, task reward=0.000, length=174.4
DFA transitions: 1->2: 827, 2->6: 60, 6->4: 33

[Episode 2100/10000 | last 100]
success rate                : 0.0% (cumulative 0.0%)
failure rate                : 0.0% (cumulative 0.0%)
completed cycles / episode  : 0.000
synthetic task reward       : 0.000
shaping reward              : 30.884
learning reward             : 30.884
episode length              : 159.3
abstract changes / episode  : 52.9
same abstract-state steps   : 66.8%
same-state shaping / episode: 0.000
changed-state shaping / ep. : 30.884
terminal shaping / episode  : -8.303
DFA transitions / episode   : 0.16
DFA transitions in window   : 1->2: 10, 2->6: 4, 6->4: 2
epsilon (next episode)       : 0.43164
replay buffer                : 253099 samples [1: 98.4%, 2: 1.2%, 3: 0.0%, 4: 0.0%, 5: 0.0%, 6: 0.3%, 7: 0.0%, 8: 0.0%, 9: 0.0%, 10: 0.0%, 11: 0.0%, 12: 0.0%]
DFA state visits in window   : 1: 15538, 2: 351, 3: 0, 4: 14, 5: 0, 6: 129, 7: 0, 8: 0, 9: 0, 10: 0, 11: 0, 12: 0
DFA state visits cumulative  : 1: 251098, 2: 3228, 3: 0, 4: 116, 5: 36, 6: 721, 7: 0, 8: 0, 9: 0, 10: 0, 11: 0, 12: 0
DFA state entries in window  : 1: 100, 2: 10, 3: 0, 4: 2, 5: 0, 6: 4, 7: 0, 8: 0, 9: 0, 10: 0, 11: 0, 12: 0
DFA state entries cumulative : 1: 2100, 2: 107, 3: 0, 4: 5, 5: 1, 6: 38, 7: 0, 8: 0, 9: 0, 10: 0, 11: 0, 12: 0
transitions cumulative       : 1->2: 107, 2->6: 38, 4->5: 1, 6->4: 5
accepted directly from s0    : 0
Gym endings cumulative       : terminated=2086, truncated=14

[Episode 2200/10000 | last 100]
success rate                : 0.0% (cumulative 0.0%)
failure rate                : 0.0% (cumulative 0.0%)
completed cycles / episode  : 0.000
synthetic task reward       : 0.000
shaping reward              : 156.435
learning reward             : 156.435
episode length              : 158.8
abstract changes / episode  : 52.4
same abstract-state steps   : 67.0%
same-state shaping / episode: 0.000
changed-state shaping / ep. : 156.435
terminal shaping / episode  : -11.120
DFA transitions / episode   : 0.16
DFA transitions in window   : 1->2: 11, 2->6: 4, 6->4: 1
epsilon (next episode)       : 0.41471
replay buffer                : 268978 samples [1: 98.3%, 2: 1.3%, 3: 0.0%, 4: 0.0%, 5: 0.0%, 6: 0.3%, 7: 0.0%, 8: 0.0%, 9: 0.0%, 10: 0.0%, 11: 0.0%, 12: 0.0%]
DFA state visits in window   : 1: 15448, 2: 387, 3: 0, 4: 5, 5: 0, 6: 139, 7: 0, 8: 0, 9: 0, 10: 0, 11: 0, 12: 0
DFA state visits cumulative  : 1: 266546, 2: 3615, 3: 0, 4: 121, 5: 36, 6: 860, 7: 0, 8: 0, 9: 0, 10: 0, 11: 0, 12: 0
DFA state entries in window  : 1: 100, 2: 11, 3: 0, 4: 1, 5: 0, 6: 4, 7: 0, 8: 0, 9: 0, 10: 0, 11: 0, 12: 0
DFA state entries cumulative : 1: 2200, 2: 118, 3: 0, 4: 6, 5: 1, 6: 42, 7: 0, 8: 0, 9: 0, 10: 0, 11: 0, 12: 0
transitions cumulative       : 1->2: 118, 2->6: 42, 4->5: 1, 6->4: 6
accepted directly from s0    : 0
Gym endings cumulative       : terminated=2186, truncated=14

[Episode 2300/10000 | last 100]
success rate                : 0.0% (cumulative 0.0%)
failure rate                : 1.0% (cumulative 0.0%)
completed cycles / episode  : 0.000
synthetic task reward       : 0.000
shaping reward              : 160.295
learning reward             : 160.295
episode length              : 175.1
abstract changes / episode  : 55.2
same abstract-state steps   : 68.5%
same-state shaping / episode: 0.000
changed-state shaping / ep. : 160.295
terminal shaping / episode  : -93.778
DFA transitions / episode   : 0.37
DFA transitions in window   : 1->2: 19, 2->6: 11, 4->3: 1, 4->5: 1, 6->4: 5
epsilon (next episode)       : 0.39845
replay buffer                : 286490 samples [1: 97.8%, 2: 1.5%, 3: 0.0%, 4: 0.2%, 5: 0.0%, 6: 0.5%, 7: 0.0%, 8: 0.0%, 9: 0.0%, 10: 0.0%, 11: 0.0%, 12: 0.0%]
DFA state visits in window   : 1: 15683, 2: 717, 3: 1, 4: 562, 5: 41, 6: 608, 7: 0, 8: 0, 9: 0, 10: 0, 11: 0, 12: 0
DFA state visits cumulative  : 1: 282229, 2: 4332, 3: 1, 4: 683, 5: 77, 6: 1468, 7: 0, 8: 0, 9: 0, 10: 0, 11: 0, 12: 0
DFA state entries in window  : 1: 100, 2: 19, 3: 1, 4: 5, 5: 1, 6: 11, 7: 0, 8: 0, 9: 0, 10: 0, 11: 0, 12: 0
DFA state entries cumulative : 1: 2300, 2: 137, 3: 1, 4: 11, 5: 2, 6: 53, 7: 0, 8: 0, 9: 0, 10: 0, 11: 0, 12: 0
transitions cumulative       : 1->2: 137, 2->6: 53, 4->3: 1, 4->5: 2, 6->4: 11
accepted directly from s0    : 0
Gym endings cumulative       : terminated=2285, truncated=14

[Episode 2400/10000 | last 100]
success rate                : 0.0% (cumulative 0.0%)
failure rate                : 0.0% (cumulative 0.0%)
completed cycles / episode  : 0.000
synthetic task reward       : 0.000
shaping reward              : 175.948
learning reward             : 175.948
episode length              : 159.0
abstract changes / episode  : 54.9
same abstract-state steps   : 65.5%
same-state shaping / episode: 0.000
changed-state shaping / ep. : 175.948
terminal shaping / episode  : -9.851
DFA transitions / episode   : 0.26
DFA transitions in window   : 1->2: 14, 2->6: 7, 4->5: 2, 6->4: 3
epsilon (next episode)       : 0.38282
replay buffer                : 300000 samples [1: 97.5%, 2: 1.6%, 3: 0.0%, 4: 0.3%, 5: 0.0%, 6: 0.6%, 7: 0.0%, 8: 0.0%, 9: 0.0%, 10: 0.0%, 11: 0.0%, 12: 0.0%]
DFA state visits in window   : 1: 14929, 2: 615, 3: 0, 4: 122, 5: 43, 6: 292, 7: 0, 8: 0, 9: 0, 10: 0, 11: 0, 12: 0
DFA state visits cumulative  : 1: 297158, 2: 4947, 3: 1, 4: 805, 5: 120, 6: 1760, 7: 0, 8: 0, 9: 0, 10: 0, 11: 0, 12: 0
DFA state entries in window  : 1: 100, 2: 14, 3: 0, 4: 3, 5: 2, 6: 7, 7: 0, 8: 0, 9: 0, 10: 0, 11: 0, 12: 0
DFA state entries cumulative : 1: 2400, 2: 151, 3: 1, 4: 14, 5: 4, 6: 60, 7: 0, 8: 0, 9: 0, 10: 0, 11: 0, 12: 0
transitions cumulative       : 1->2: 151, 2->6: 60, 4->3: 1, 4->5: 4, 6->4: 14
accepted directly from s0    : 0
Gym endings cumulative       : terminated=2385, truncated=14

[Episode 2500/10000 | last 100]
success rate                : 0.0% (cumulative 0.0%)
failure rate                : 1.0% (cumulative 0.1%)
completed cycles / episode  : 0.000
synthetic task reward       : 0.000
shaping reward              : 148.956
learning reward             : 148.956
episode length              : 168.0
abstract changes / episode  : 55.5
same abstract-state steps   : 66.9%
same-state shaping / episode: 0.000
changed-state shaping / ep. : 148.956
terminal shaping / episode  : -72.941
DFA transitions / episode   : 0.25
DFA transitions in window   : 1->2: 12, 2->3: 1, 2->6: 6, 4->5: 1, 6->4: 5
epsilon (next episode)       : 0.36781
replay buffer                : 300000 samples [1: 97.0%, 2: 1.9%, 3: 0.0%, 4: 0.4%, 5: 0.1%, 6: 0.6%, 7: 0.0%, 8: 0.0%, 9: 0.0%, 10: 0.0%, 11: 0.0%, 12: 0.0%]
DFA state visits in window   : 1: 15356, 2: 745, 3: 1, 4: 511, 5: 55, 6: 230, 7: 0, 8: 0, 9: 0, 10: 0, 11: 0, 12: 0
DFA state visits cumulative  : 1: 312514, 2: 5692, 3: 2, 4: 1316, 5: 175, 6: 1990, 7: 0, 8: 0, 9: 0, 10: 0, 11: 0, 12: 0
DFA state entries in window  : 1: 100, 2: 12, 3: 1, 4: 5, 5: 1, 6: 6, 7: 0, 8: 0, 9: 0, 10: 0, 11: 0, 12: 0
DFA state entries cumulative : 1: 2500, 2: 163, 3: 2, 4: 19, 5: 5, 6: 66, 7: 0, 8: 0, 9: 0, 10: 0, 11: 0, 12: 0
transitions cumulative       : 1->2: 163, 2->3: 1, 2->6: 66, 4->3: 1, 4->5: 5, 6->4: 19
accepted directly from s0    : 0
Gym endings cumulative       : terminated=2484, truncated=14

Starting autonomous greedy evaluation at episode 2500 (1000 fixed-seed episodes)...
[Greedy evaluation at episode 2500 | 1000 fixed-seed episodes]
success=0.0%, failure=48.0%, task reward=0.000, length=215.2
DFA transitions: 1->2: 831, 2->3: 226, 2->4: 35, 2->6: 220, 4->3: 254, 4->5: 2, 5->4: 1, 6->4: 220

[Episode 2600/10000 | last 100]
success rate                : 0.0% (cumulative 0.0%)
failure rate                : 2.0% (cumulative 0.2%)
completed cycles / episode  : 0.000
synthetic task reward       : 0.000
shaping reward              : 200.153
learning reward             : 200.153
episode length              : 278.0
abstract changes / episode  : 74.5
same abstract-state steps   : 73.2%
same-state shaping / episode: 0.000
changed-state shaping / ep. : 200.153
terminal shaping / episode  : -165.867
DFA transitions / episode   : 0.82
DFA transitions in window   : 1->2: 30, 2->3: 1, 2->6: 26, 4->3: 1, 4->5: 4, 6->4: 20
epsilon (next episode)       : 0.35338
replay buffer                : 300000 samples [1: 94.7%, 2: 2.4%, 3: 0.0%, 4: 1.6%, 5: 0.1%, 6: 1.1%, 7: 0.0%, 8: 0.0%, 9: 0.0%, 10: 0.0%, 11: 0.0%, 12: 0.0%]
DFA state visits in window   : 1: 20898, 2: 1759, 3: 2, 4: 3606, 5: 219, 6: 1419, 7: 0, 8: 0, 9: 0, 10: 0, 11: 0, 12: 0
DFA state visits cumulative  : 1: 333412, 2: 7451, 3: 4, 4: 4922, 5: 394, 6: 3409, 7: 0, 8: 0, 9: 0, 10: 0, 11: 0, 12: 0
DFA state entries in window  : 1: 100, 2: 30, 3: 2, 4: 20, 5: 4, 6: 26, 7: 0, 8: 0, 9: 0, 10: 0, 11: 0, 12: 0
DFA state entries cumulative : 1: 2600, 2: 193, 3: 4, 4: 39, 5: 9, 6: 92, 7: 0, 8: 0, 9: 0, 10: 0, 11: 0, 12: 0
transitions cumulative       : 1->2: 193, 2->3: 2, 2->6: 92, 4->3: 2, 4->5: 9, 6->4: 39
accepted directly from s0    : 0
Gym endings cumulative       : terminated=2580, truncated=16

[Episode 2700/10000 | last 100]
success rate                : 0.0% (cumulative 0.0%)
failure rate                : 1.0% (cumulative 0.2%)
completed cycles / episode  : 0.000
synthetic task reward       : 0.000
shaping reward              : 459.443
learning reward             : 459.443
episode length              : 384.0
abstract changes / episode  : 88.6
same abstract-state steps   : 76.9%
same-state shaping / episode: 0.000
changed-state shaping / ep. : 459.443
terminal shaping / episode  : -67.160
DFA transitions / episode   : 1.32
DFA transitions in window   : 1->2: 38, 2->6: 36, 4->3: 1, 4->5: 19, 5->4: 5, 6->4: 33
epsilon (next episode)       : 0.33952
replay buffer                : 300000 samples [1: 90.1%, 2: 3.1%, 3: 0.0%, 4: 4.4%, 5: 0.5%, 6: 1.9%, 7: 0.0%, 8: 0.0%, 9: 0.0%, 10: 0.0%, 11: 0.0%, 12: 0.0%]
DFA state visits in window   : 1: 24401, 2: 2266, 3: 1, 4: 8205, 5: 1250, 6: 2380, 7: 0, 8: 0, 9: 0, 10: 0, 11: 0, 12: 0
DFA state visits cumulative  : 1: 357813, 2: 9717, 3: 5, 4: 13127, 5: 1644, 6: 5789, 7: 0, 8: 0, 9: 0, 10: 0, 11: 0, 12: 0
DFA state entries in window  : 1: 100, 2: 38, 3: 1, 4: 38, 5: 19, 6: 36, 7: 0, 8: 0, 9: 0, 10: 0, 11: 0, 12: 0
DFA state entries cumulative : 1: 2700, 2: 231, 3: 5, 4: 77, 5: 28, 6: 128, 7: 0, 8: 0, 9: 0, 10: 0, 11: 0, 12: 0
transitions cumulative       : 1->2: 231, 2->3: 2, 2->6: 128, 4->3: 3, 4->5: 28, 5->4: 5, 6->4: 72
accepted directly from s0    : 0
Gym endings cumulative       : terminated=2668, truncated=27

[Episode 2800/10000 | last 100]
success rate                : 0.0% (cumulative 0.0%)
failure rate                : 1.0% (cumulative 0.2%)
completed cycles / episode  : 0.000
synthetic task reward       : 0.000
shaping reward              : 407.158
learning reward             : 407.158
episode length              : 314.1
abstract changes / episode  : 81.3
same abstract-state steps   : 74.1%
same-state shaping / episode: 0.000
changed-state shaping / ep. : 407.158
terminal shaping / episode  : -96.200
DFA transitions / episode   : 1.12
DFA transitions in window   : 1->2: 32, 2->6: 28, 4->5: 16, 5->4: 9, 5->10: 2, 6->4: 24, 10->3: 1
epsilon (next episode)       : 0.32621
replay buffer                : 300000 samples [1: 86.4%, 2: 3.7%, 3: 0.0%, 4: 6.6%, 5: 0.9%, 6: 2.4%, 7: 0.0%, 8: 0.0%, 9: 0.0%, 10: 0.0%, 11: 0.0%, 12: 0.0%]
DFA state visits in window   : 1: 20223, 2: 1838, 3: 1, 4: 6709, 5: 937, 6: 1670, 7: 0, 8: 0, 9: 0, 10: 132, 11: 0, 12: 0
DFA state visits cumulative  : 1: 378036, 2: 11555, 3: 6, 4: 19836, 5: 2581, 6: 7459, 7: 0, 8: 0, 9: 0, 10: 132, 11: 0, 12: 0
DFA state entries in window  : 1: 100, 2: 32, 3: 1, 4: 33, 5: 16, 6: 28, 7: 0, 8: 0, 9: 0, 10: 2, 11: 0, 12: 0
DFA state entries cumulative : 1: 2800, 2: 263, 3: 6, 4: 110, 5: 44, 6: 156, 7: 0, 8: 0, 9: 0, 10: 2, 11: 0, 12: 0
transitions cumulative       : 1->2: 263, 2->3: 2, 2->6: 156, 4->3: 3, 4->5: 44, 5->4: 14, 5->10: 2, 6->4: 96, 10->3: 1
accepted directly from s0    : 0
Gym endings cumulative       : terminated=2761, truncated=33

[Episode 2900/10000 | last 100]
success rate                : 0.0% (cumulative 0.0%)
failure rate                : 3.0% (cumulative 0.3%)
completed cycles / episode  : 0.000
synthetic task reward       : 0.000
shaping reward              : 225.847
learning reward             : 225.847
episode length              : 274.6
abstract changes / episode  : 77.3
same abstract-state steps   : 71.9%
same-state shaping / episode: 0.000
changed-state shaping / ep. : 225.847
terminal shaping / episode  : -269.773
DFA transitions / episode   : 1.02
DFA transitions in window   : 1->2: 29, 2->6: 28, 4->3: 1, 4->5: 13, 5->4: 5, 5->10: 3, 6->4: 21, 10->3: 2
epsilon (next episode)       : 0.31341
replay buffer                : 300000 samples [1: 83.5%, 2: 4.2%, 3: 0.0%, 4: 8.1%, 5: 1.2%, 6: 2.9%, 7: 0.0%, 8: 0.0%, 9: 0.0%, 10: 0.1%, 11: 0.0%, 12: 0.0%]
DFA state visits in window   : 1: 18965, 2: 1571, 3: 3, 4: 4662, 5: 944, 6: 1248, 7: 0, 8: 0, 9: 0, 10: 172, 11: 0, 12: 0
DFA state visits cumulative  : 1: 397001, 2: 13126, 3: 9, 4: 24498, 5: 3525, 6: 8707, 7: 0, 8: 0, 9: 0, 10: 304, 11: 0, 12: 0
DFA state entries in window  : 1: 100, 2: 29, 3: 3, 4: 26, 5: 13, 6: 28, 7: 0, 8: 0, 9: 0, 10: 3, 11: 0, 12: 0
DFA state entries cumulative : 1: 2900, 2: 292, 3: 9, 4: 136, 5: 57, 6: 184, 7: 0, 8: 0, 9: 0, 10: 5, 11: 0, 12: 0
transitions cumulative       : 1->2: 292, 2->3: 2, 2->6: 184, 4->3: 4, 4->5: 57, 5->4: 19, 5->10: 5, 6->4: 117, 10->3: 3
accepted directly from s0    : 0
Gym endings cumulative       : terminated=2856, truncated=35

[Episode 3000/10000 | last 100]
success rate                : 0.0% (cumulative 0.0%)
failure rate                : 0.0% (cumulative 0.3%)
completed cycles / episode  : 0.000
synthetic task reward       : 0.000
shaping reward              : 674.267
learning reward             : 674.267
episode length              : 303.4
abstract changes / episode  : 89.8
same abstract-state steps   : 70.4%
same-state shaping / episode: 0.000
changed-state shaping / ep. : 674.267
terminal shaping / episode  : 4.654
DFA transitions / episode   : 1.28
DFA transitions in window   : 1->2: 41, 2->6: 38, 4->5: 17, 5->4: 3, 6->4: 29
epsilon (next episode)       : 0.30112
replay buffer                : 300000 samples [1: 81.6%, 2: 4.8%, 3: 0.0%, 4: 8.7%, 5: 1.4%, 6: 3.3%, 7: 0.0%, 8: 0.0%, 9: 0.0%, 10: 0.1%, 11: 0.0%, 12: 0.0%]
DFA state visits in window   : 1: 23943, 2: 2230, 3: 0, 4: 1807, 5: 823, 6: 1636, 7: 0, 8: 0, 9: 0, 10: 0, 11: 0, 12: 0
DFA state visits cumulative  : 1: 420944, 2: 15356, 3: 9, 4: 26305, 5: 4348, 6: 10343, 7: 0, 8: 0, 9: 0, 10: 304, 11: 0, 12: 0
DFA state entries in window  : 1: 100, 2: 41, 3: 0, 4: 32, 5: 17, 6: 38, 7: 0, 8: 0, 9: 0, 10: 0, 11: 0, 12: 0
DFA state entries cumulative : 1: 3000, 2: 333, 3: 9, 4: 168, 5: 74, 6: 222, 7: 0, 8: 0, 9: 0, 10: 5, 11: 0, 12: 0
transitions cumulative       : 1->2: 333, 2->3: 2, 2->6: 222, 4->3: 4, 4->5: 74, 5->4: 22, 5->10: 5, 6->4: 146, 10->3: 3
accepted directly from s0    : 0
Gym endings cumulative       : terminated=2952, truncated=39

Starting autonomous greedy evaluation at episode 3000 (1000 fixed-seed episodes)...
[Greedy evaluation at episode 3000 | 1000 fixed-seed episodes]
success=0.0%, failure=20.0%, task reward=0.000, length=611.3
DFA transitions: 1->2: 374, 2->6: 318, 4->3: 4, 4->5: 404, 5->3: 6, 5->4: 99, 5->10: 277, 6->4: 318, 10->3: 190

[Episode 3100/10000 | last 100]
success rate                : 0.0% (cumulative 0.0%)
failure rate                : 0.0% (cumulative 0.3%)
completed cycles / episode  : 0.000
synthetic task reward       : 0.000
shaping reward              : 570.268
learning reward             : 570.268
episode length              : 272.4
abstract changes / episode  : 80.0
same abstract-state steps   : 70.6%
same-state shaping / episode: 0.000
changed-state shaping / ep. : 570.268
terminal shaping / episode  : 2.521
DFA transitions / episode   : 1.03
DFA transitions in window   : 1->2: 38, 2->6: 28, 4->5: 12, 5->4: 4, 6->4: 21
epsilon (next episode)       : 0.28931
replay buffer                : 300000 samples [1: 80.0%, 2: 5.2%, 3: 0.0%, 4: 9.3%, 5: 1.7%, 6: 3.7%, 7: 0.0%, 8: 0.0%, 9: 0.0%, 10: 0.1%, 11: 0.0%, 12: 0.0%]
DFA state visits in window   : 1: 21594, 2: 1801, 3: 0, 4: 1681, 5: 949, 6: 1317, 7: 0, 8: 0, 9: 0, 10: 0, 11: 0, 12: 0
DFA state visits cumulative  : 1: 442538, 2: 17157, 3: 9, 4: 27986, 5: 5297, 6: 11660, 7: 0, 8: 0, 9: 0, 10: 304, 11: 0, 12: 0
DFA state entries in window  : 1: 100, 2: 38, 3: 0, 4: 25, 5: 12, 6: 28, 7: 0, 8: 0, 9: 0, 10: 0, 11: 0, 12: 0
DFA state entries cumulative : 1: 3100, 2: 371, 3: 9, 4: 193, 5: 86, 6: 250, 7: 0, 8: 0, 9: 0, 10: 5, 11: 0, 12: 0
transitions cumulative       : 1->2: 371, 2->3: 2, 2->6: 250, 4->3: 4, 4->5: 86, 5->4: 26, 5->10: 5, 6->4: 167, 10->3: 3
accepted directly from s0    : 0
Gym endings cumulative       : terminated=3049, truncated=42

[Episode 3200/10000 | last 100]
success rate                : 0.0% (cumulative 0.0%)
failure rate                : 0.0% (cumulative 0.3%)
completed cycles / episode  : 0.000
synthetic task reward       : 0.000
shaping reward              : 1128.593
learning reward             : 1128.593
episode length              : 385.5
abstract changes / episode  : 103.7
same abstract-state steps   : 73.1%
same-state shaping / episode: 0.000
changed-state shaping / ep. : 1128.593
terminal shaping / episode  : 0.083
DFA transitions / episode   : 2.18
DFA transitions in window   : 1->2: 62, 2->6: 56, 4->5: 41, 5->4: 8, 5->10: 1, 6->4: 50
epsilon (next episode)       : 0.27797
replay buffer                : 300000 samples [1: 74.4%, 2: 5.9%, 3: 0.0%, 4: 12.0%, 5: 3.1%, 6: 4.5%, 7: 0.0%, 8: 0.0%, 9: 0.0%, 10: 0.1%, 11: 0.0%, 12: 0.0%]
DFA state visits in window   : 1: 20125, 2: 3555, 3: 0, 4: 8265, 5: 4001, 6: 2687, 7: 0, 8: 0, 9: 0, 10: 16, 11: 0, 12: 0
DFA state visits cumulative  : 1: 462663, 2: 20712, 3: 9, 4: 36251, 5: 9298, 6: 14347, 7: 0, 8: 0, 9: 0, 10: 320, 11: 0, 12: 0
DFA state entries in window  : 1: 100, 2: 62, 3: 0, 4: 58, 5: 41, 6: 56, 7: 0, 8: 0, 9: 0, 10: 1, 11: 0, 12: 0
DFA state entries cumulative : 1: 3200, 2: 433, 3: 9, 4: 251, 5: 127, 6: 306, 7: 0, 8: 0, 9: 0, 10: 6, 11: 0, 12: 0
transitions cumulative       : 1->2: 433, 2->3: 2, 2->6: 306, 4->3: 4, 4->5: 127, 5->4: 34, 5->10: 6, 6->4: 217, 10->3: 3
accepted directly from s0    : 0
Gym endings cumulative       : terminated=3144, truncated=47

[Episode 3300/10000 | last 100]
success rate                : 0.0% (cumulative 0.0%)
failure rate                : 0.0% (cumulative 0.3%)
completed cycles / episode  : 0.000
synthetic task reward       : 0.000
shaping reward              : 1580.047
learning reward             : 1580.047
episode length              : 398.7
abstract changes / episode  : 106.9
same abstract-state steps   : 73.2%
same-state shaping / episode: 0.000
changed-state shaping / ep. : 1580.047
terminal shaping / episode  : 6.349
DFA transitions / episode   : 2.73
DFA transitions in window   : 1->2: 65, 2->6: 63, 4->5: 62, 5->4: 14, 5->10: 9, 6->4: 60
epsilon (next episode)       : 0.26706
replay buffer                : 300000 samples [1: 67.4%, 2: 6.9%, 3: 0.0%, 4: 14.7%, 5: 5.5%, 6: 5.3%, 7: 0.0%, 8: 0.0%, 9: 0.0%, 10: 0.2%, 11: 0.0%, 12: 0.0%]
DFA state visits in window   : 1: 17196, 2: 4030, 3: 0, 4: 8271, 5: 7413, 6: 2754, 7: 0, 8: 0, 9: 0, 10: 302, 11: 0, 12: 0
DFA state visits cumulative  : 1: 479859, 2: 24742, 3: 9, 4: 44522, 5: 16711, 6: 17101, 7: 0, 8: 0, 9: 0, 10: 622, 11: 0, 12: 0
DFA state entries in window  : 1: 100, 2: 65, 3: 0, 4: 74, 5: 62, 6: 63, 7: 0, 8: 0, 9: 0, 10: 9, 11: 0, 12: 0
DFA state entries cumulative : 1: 3300, 2: 498, 3: 9, 4: 325, 5: 189, 6: 369, 7: 0, 8: 0, 9: 0, 10: 15, 11: 0, 12: 0
transitions cumulative       : 1->2: 498, 2->3: 2, 2->6: 369, 4->3: 4, 4->5: 189, 5->4: 48, 5->10: 15, 6->4: 277, 10->3: 3
accepted directly from s0    : 0
Gym endings cumulative       : terminated=3240, truncated=51

[Episode 3400/10000 | last 100]
success rate                : 0.0% (cumulative 0.0%)
failure rate                : 0.0% (cumulative 0.3%)
completed cycles / episode  : 0.000
synthetic task reward       : 0.000
shaping reward              : 1492.047
learning reward             : 1492.047
episode length              : 381.8
abstract changes / episode  : 114.0
same abstract-state steps   : 70.2%
same-state shaping / episode: 0.000
changed-state shaping / ep. : 1492.047
terminal shaping / episode  : 4.221
DFA transitions / episode   : 2.67
DFA transitions in window   : 1->2: 66, 2->6: 65, 4->5: 55, 5->4: 8, 5->10: 12, 6->4: 61
epsilon (next episode)       : 0.25659
replay buffer                : 300000 samples [1: 62.8%, 2: 7.8%, 3: 0.0%, 4: 16.2%, 5: 7.0%, 6: 5.9%, 7: 0.0%, 8: 0.0%, 9: 0.0%, 10: 0.4%, 11: 0.0%, 12: 0.0%]
DFA state visits in window   : 1: 20910, 2: 4103, 3: 0, 4: 5397, 5: 4575, 6: 2651, 7: 0, 8: 0, 9: 0, 10: 640, 11: 0, 12: 0
DFA state visits cumulative  : 1: 500769, 2: 28845, 3: 9, 4: 49919, 5: 21286, 6: 19752, 7: 0, 8: 0, 9: 0, 10: 1262, 11: 0, 12: 0
DFA state entries in window  : 1: 100, 2: 66, 3: 0, 4: 69, 5: 55, 6: 65, 7: 0, 8: 0, 9: 0, 10: 12, 11: 0, 12: 0
DFA state entries cumulative : 1: 3400, 2: 564, 3: 9, 4: 394, 5: 244, 6: 434, 7: 0, 8: 0, 9: 0, 10: 27, 11: 0, 12: 0
transitions cumulative       : 1->2: 564, 2->3: 2, 2->6: 434, 4->3: 4, 4->5: 244, 5->4: 56, 5->10: 27, 6->4: 338, 10->3: 3
accepted directly from s0    : 0
Gym endings cumulative       : terminated=3338, truncated=53

[Episode 3500/10000 | last 100]
success rate                : 1.0% (cumulative 0.0%)
failure rate                : 0.0% (cumulative 0.3%)
completed cycles / episode  : 0.000
synthetic task reward       : 100.000
shaping reward              : 1870.270
learning reward             : 1970.270
episode length              : 440.4
abstract changes / episode  : 126.8
same abstract-state steps   : 71.2%
same-state shaping / episode: 0.000
changed-state shaping / ep. : 1870.270
terminal shaping / episode  : 4.518
DFA transitions / episode   : 3.08
DFA transitions in window   : 1->2: 68, 2->4: 1, 2->6: 67, 4->5: 71, 5->4: 12, 5->10: 21, 6->4: 67, 10->12: 1
epsilon (next episode)       : 0.24653
replay buffer                : 300000 samples [1: 59.4%, 2: 8.2%, 3: 0.0%, 4: 17.0%, 5: 8.4%, 6: 6.0%, 7: 0.0%, 8: 0.0%, 9: 0.0%, 10: 1.0%, 11: 0.0%, 12: 0.0%]
DFA state visits in window   : 1: 21590, 2: 4166, 3: 0, 4: 8704, 5: 5334, 6: 2658, 7: 0, 8: 0, 9: 0, 10: 1684, 11: 0, 12: 1
DFA state visits cumulative  : 1: 522359, 2: 33011, 3: 9, 4: 58623, 5: 26620, 6: 22410, 7: 0, 8: 0, 9: 0, 10: 2946, 11: 0, 12: 1
DFA state entries in window  : 1: 100, 2: 68, 3: 0, 4: 80, 5: 71, 6: 67, 7: 0, 8: 0, 9: 0, 10: 21, 11: 0, 12: 1
DFA state entries cumulative : 1: 3500, 2: 632, 3: 9, 4: 474, 5: 315, 6: 501, 7: 0, 8: 0, 9: 0, 10: 48, 11: 0, 12: 1
transitions cumulative       : 1->2: 632, 2->3: 2, 2->4: 1, 2->6: 501, 4->3: 4, 4->5: 315, 5->4: 68, 5->10: 48, 6->4: 405, 10->3: 3, 10->12: 1
accepted directly from s0    : 0
Gym endings cumulative       : terminated=3429, truncated=61

Starting autonomous greedy evaluation at episode 3500 (1000 fixed-seed episodes)...
[Greedy evaluation at episode 3500 | 1000 fixed-seed episodes]
success=9.4%, failure=26.6%, task reward=940.000, length=336.8
DFA transitions: 1->2: 713, 2->3: 2, 2->6: 710, 4->3: 252, 4->5: 447, 4->10: 12, 5->4: 1, 5->10: 446, 6->4: 710, 10->3: 12, 10->12: 94
Best policy updated from autonomous greedy evaluation at episode 3500.

[Episode 3600/10000 | last 100]
success rate                : 11.0% (cumulative 0.3%)
failure rate                : 6.0% (cumulative 0.4%)
completed cycles / episode  : 0.000
synthetic task reward       : 1100.000
shaping reward              : 1487.875
learning reward             : 2587.875
episode length              : 369.6
abstract changes / episode  : 108.6
same abstract-state steps   : 70.6%
same-state shaping / episode: 0.000
changed-state shaping / ep. : 1487.875
terminal shaping / episode  : -464.320
DFA transitions / episode   : 3.02
DFA transitions in window   : 1->2: 67, 2->3: 4, 2->6: 63, 4->3: 1, 4->5: 56, 5->4: 2, 5->10: 35, 6->4: 62, 10->3: 1, 10->12: 11
epsilon (next episode)       : 0.23686
replay buffer                : 300000 samples [1: 58.1%, 2: 8.9%, 3: 0.0%, 4: 16.3%, 5: 9.1%, 6: 5.7%, 7: 0.0%, 8: 0.0%, 9: 0.0%, 10: 1.8%, 11: 0.0%, 12: 0.0%]
DFA state visits in window   : 1: 19617, 2: 4207, 3: 6, 4: 6303, 5: 2864, 6: 1471, 7: 0, 8: 0, 9: 0, 10: 2582, 11: 0, 12: 11
DFA state visits cumulative  : 1: 541976, 2: 37218, 3: 15, 4: 64926, 5: 29484, 6: 23881, 7: 0, 8: 0, 9: 0, 10: 5528, 11: 0, 12: 12
DFA state entries in window  : 1: 100, 2: 67, 3: 6, 4: 64, 5: 56, 6: 63, 7: 0, 8: 0, 9: 0, 10: 35, 11: 0, 12: 11
DFA state entries cumulative : 1: 3600, 2: 699, 3: 15, 4: 538, 5: 371, 6: 564, 7: 0, 8: 0, 9: 0, 10: 83, 11: 0, 12: 12
transitions cumulative       : 1->2: 699, 2->3: 6, 2->4: 1, 2->6: 564, 4->3: 5, 4->5: 371, 5->4: 70, 5->10: 83, 6->4: 467, 10->3: 4, 10->12: 12
accepted directly from s0    : 0
Gym endings cumulative       : terminated=3511, truncated=62

[Episode 3700/10000 | last 100]
success rate                : 23.0% (cumulative 0.9%)
failure rate                : 1.0% (cumulative 0.4%)
completed cycles / episode  : 0.000
synthetic task reward       : 2300.000
shaping reward              : 2293.545
learning reward             : 4593.545
episode length              : 420.9
abstract changes / episode  : 130.2
same abstract-state steps   : 69.1%
same-state shaping / episode: 0.000
changed-state shaping / ep. : 2293.545
terminal shaping / episode  : -41.859
DFA transitions / episode   : 3.57
DFA transitions in window   : 1->2: 75, 2->3: 1, 2->6: 72, 4->5: 67, 5->10: 49, 6->4: 70, 10->12: 23
epsilon (next episode)       : 0.22757
replay buffer                : 300000 samples [1: 56.5%, 2: 9.5%, 3: 0.0%, 4: 16.2%, 5: 9.6%, 6: 5.8%, 7: 0.0%, 8: 0.0%, 9: 0.0%, 10: 2.4%, 11: 0.0%, 12: 0.0%]
DFA state visits in window   : 1: 23595, 2: 4187, 3: 1, 4: 7477, 5: 2657, 6: 2058, 7: 0, 8: 0, 9: 0, 10: 2187, 11: 0, 12: 23
DFA state visits cumulative  : 1: 565571, 2: 41405, 3: 16, 4: 72403, 5: 32141, 6: 25939, 7: 0, 8: 0, 9: 0, 10: 7715, 11: 0, 12: 35
DFA state entries in window  : 1: 100, 2: 75, 3: 1, 4: 70, 5: 67, 6: 72, 7: 0, 8: 0, 9: 0, 10: 49, 11: 0, 12: 23
DFA state entries cumulative : 1: 3700, 2: 774, 3: 16, 4: 608, 5: 438, 6: 636, 7: 0, 8: 0, 9: 0, 10: 132, 11: 0, 12: 35
transitions cumulative       : 1->2: 774, 2->3: 7, 2->4: 1, 2->6: 636, 4->3: 5, 4->5: 438, 5->4: 70, 5->10: 132, 6->4: 537, 10->3: 4, 10->12: 35
accepted directly from s0    : 0
Gym endings cumulative       : terminated=3586, truncated=63

[Episode 3800/10000 | last 100]
success rate                : 19.0% (cumulative 1.4%)
failure rate                : 7.0% (cumulative 0.6%)
completed cycles / episode  : 0.000
synthetic task reward       : 1900.000
shaping reward              : 1354.934
learning reward             : 3254.934
episode length              : 444.4
abstract changes / episode  : 125.2
same abstract-state steps   : 71.8%
same-state shaping / episode: 0.000
changed-state shaping / ep. : 1354.934
terminal shaping / episode  : -627.796
DFA transitions / episode   : 3.23
DFA transitions in window   : 1->2: 66, 2->6: 66, 4->3: 4, 4->5: 53, 4->10: 1, 5->4: 3, 5->10: 43, 6->4: 65, 10->3: 3, 10->12: 19
epsilon (next episode)       : 0.21865
replay buffer                : 300000 samples [1: 53.8%, 2: 9.8%, 3: 0.0%, 4: 17.4%, 5: 9.8%, 6: 5.7%, 7: 0.0%, 8: 0.0%, 9: 0.0%, 10: 3.5%, 11: 0.0%, 12: 0.0%]
DFA state visits in window   : 1: 25858, 2: 4176, 3: 7, 4: 7157, 5: 2039, 6: 1964, 7: 0, 8: 0, 9: 0, 10: 3320, 11: 0, 12: 19
DFA state visits cumulative  : 1: 591429, 2: 45581, 3: 23, 4: 79560, 5: 34180, 6: 27903, 7: 0, 8: 0, 9: 0, 10: 11035, 11: 0, 12: 54
DFA state entries in window  : 1: 100, 2: 66, 3: 7, 4: 68, 5: 53, 6: 66, 7: 0, 8: 0, 9: 0, 10: 44, 11: 0, 12: 19
DFA state entries cumulative : 1: 3800, 2: 840, 3: 23, 4: 676, 5: 491, 6: 702, 7: 0, 8: 0, 9: 0, 10: 176, 11: 0, 12: 54
transitions cumulative       : 1->2: 840, 2->3: 7, 2->4: 1, 2->6: 702, 4->3: 9, 4->5: 491, 4->10: 1, 5->4: 73, 5->10: 175, 6->4: 602, 10->3: 7, 10->12: 54
accepted directly from s0    : 0
Gym endings cumulative       : terminated=3656, truncated=67

[Episode 3900/10000 | last 100]
success rate                : 31.0% (cumulative 2.2%)
failure rate                : 13.0% (cumulative 0.9%)
completed cycles / episode  : 0.000
synthetic task reward       : 3100.000
shaping reward              : 1266.498
learning reward             : 4366.498
episode length              : 467.3
abstract changes / episode  : 121.0
same abstract-state steps   : 74.1%
same-state shaping / episode: 0.000
changed-state shaping / ep. : 1266.498
terminal shaping / episode  : -1148.002
DFA transitions / episode   : 3.85
DFA transitions in window   : 1->2: 73, 2->3: 1, 2->6: 73, 4->3: 7, 4->5: 64, 5->4: 3, 5->10: 55, 6->2: 1, 6->4: 72, 10->3: 5, 10->12: 31
epsilon (next episode)       : 0.21007
replay buffer                : 300000 samples [1: 52.4%, 2: 10.1%, 3: 0.0%, 4: 17.5%, 5: 9.4%, 6: 5.4%, 7: 0.0%, 8: 0.0%, 9: 0.0%, 10: 5.2%, 11: 0.0%, 12: 0.0%]
DFA state visits in window   : 1: 25599, 2: 4563, 3: 13, 4: 7081, 5: 2434, 6: 2108, 7: 0, 8: 0, 9: 0, 10: 5001, 11: 0, 12: 31
DFA state visits cumulative  : 1: 617028, 2: 50144, 3: 36, 4: 86641, 5: 36614, 6: 30011, 7: 0, 8: 0, 9: 0, 10: 16036, 11: 0, 12: 85
DFA state entries in window  : 1: 100, 2: 74, 3: 13, 4: 75, 5: 64, 6: 73, 7: 0, 8: 0, 9: 0, 10: 55, 11: 0, 12: 31
DFA state entries cumulative : 1: 3900, 2: 914, 3: 36, 4: 751, 5: 555, 6: 775, 7: 0, 8: 0, 9: 0, 10: 231, 11: 0, 12: 85
transitions cumulative       : 1->2: 913, 2->3: 8, 2->4: 1, 2->6: 775, 4->3: 16, 4->5: 555, 4->10: 1, 5->4: 76, 5->10: 230, 6->2: 1, 6->4: 674, 10->3: 12, 10->12: 85
accepted directly from s0    : 0
Gym endings cumulative       : terminated=3709, truncated=70

[Episode 4000/10000 | last 100]
success rate                : 21.0% (cumulative 2.6%)
failure rate                : 5.0% (cumulative 1.0%)
completed cycles / episode  : 0.000
synthetic task reward       : 2100.000
shaping reward              : 2176.535
learning reward             : 4276.535
episode length              : 458.5
abstract changes / episode  : 130.9
same abstract-state steps   : 71.5%
same-state shaping / episode: 0.000
changed-state shaping / ep. : 2176.535
terminal shaping / episode  : -426.283
DFA transitions / episode   : 4.21
DFA transitions in window   : 1->2: 84, 2->6: 84, 4->3: 4, 4->5: 80, 5->4: 8, 5->10: 58, 6->4: 81, 10->3: 1, 10->12: 21
epsilon (next episode)       : 0.20183
replay buffer                : 300000 samples [1: 52.3%, 2: 10.3%, 3: 0.0%, 4: 16.5%, 5: 7.9%, 6: 5.2%, 7: 0.0%, 8: 0.0%, 9: 0.0%, 10: 7.8%, 11: 0.0%, 12: 0.0%]
DFA state visits in window   : 1: 19397, 2: 5219, 3: 5, 4: 7132, 5: 3581, 6: 2592, 7: 0, 8: 0, 9: 0, 10: 7999, 11: 0, 12: 21
DFA state visits cumulative  : 1: 636425, 2: 55363, 3: 41, 4: 93773, 5: 40195, 6: 32603, 7: 0, 8: 0, 9: 0, 10: 24035, 11: 0, 12: 106
DFA state entries in window  : 1: 100, 2: 84, 3: 5, 4: 89, 5: 80, 6: 84, 7: 0, 8: 0, 9: 0, 10: 58, 11: 0, 12: 21
DFA state entries cumulative : 1: 4000, 2: 998, 3: 41, 4: 840, 5: 635, 6: 859, 7: 0, 8: 0, 9: 0, 10: 289, 11: 0, 12: 106
transitions cumulative       : 1->2: 997, 2->3: 8, 2->4: 1, 2->6: 859, 4->3: 20, 4->5: 635, 4->10: 1, 5->4: 84, 5->10: 288, 6->2: 1, 6->4: 755, 10->3: 13, 10->12: 106
accepted directly from s0    : 0
Gym endings cumulative       : terminated=3777, truncated=76

Starting autonomous greedy evaluation at episode 4000 (1000 fixed-seed episodes)...
[Greedy evaluation at episode 4000 | 1000 fixed-seed episodes]
success=1.3%, failure=9.4%, task reward=130.000, length=804.7
DFA transitions: 1->2: 325, 2->6: 323, 4->3: 94, 4->5: 57, 4->10: 6, 5->10: 57, 6->4: 172, 10->12: 13

[Episode 4100/10000 | last 100]
success rate                : 36.0% (cumulative 3.5%)
failure rate                : 4.0% (cumulative 1.1%)
completed cycles / episode  : 0.000
synthetic task reward       : 3600.000
shaping reward              : 2707.817
learning reward             : 6307.817
episode length              : 487.9
abstract changes / episode  : 131.5
same abstract-state steps   : 73.1%
same-state shaping / episode: 0.000
changed-state shaping / ep. : 2707.817
terminal shaping / episode  : -332.409
DFA transitions / episode   : 4.67
DFA transitions in window   : 1->2: 87, 2->4: 1, 2->6: 86, 4->3: 1, 4->5: 89, 5->4: 8, 5->10: 75, 6->4: 81, 10->3: 3, 10->12: 36
epsilon (next episode)       : 0.19392
replay buffer                : 300000 samples [1: 50.0%, 2: 10.3%, 3: 0.0%, 4: 16.5%, 5: 7.1%, 6: 4.8%, 7: 0.0%, 8: 0.0%, 9: 0.0%, 10: 11.3%, 11: 0.0%, 12: 0.0%]
DFA state visits in window   : 1: 19258, 2: 4977, 3: 4, 4: 7341, 5: 3710, 6: 2224, 7: 0, 8: 0, 9: 0, 10: 11338, 11: 0, 12: 36
DFA state visits cumulative  : 1: 655683, 2: 60340, 3: 45, 4: 101114, 5: 43905, 6: 34827, 7: 0, 8: 0, 9: 0, 10: 35373, 11: 0, 12: 142
DFA state entries in window  : 1: 100, 2: 87, 3: 4, 4: 90, 5: 89, 6: 86, 7: 0, 8: 0, 9: 0, 10: 75, 11: 0, 12: 36
DFA state entries cumulative : 1: 4100, 2: 1085, 3: 45, 4: 930, 5: 724, 6: 945, 7: 0, 8: 0, 9: 0, 10: 364, 11: 0, 12: 142
transitions cumulative       : 1->2: 1084, 2->3: 8, 2->4: 2, 2->6: 945, 4->3: 21, 4->5: 724, 4->10: 1, 5->4: 92, 5->10: 363, 6->2: 1, 6->4: 836, 10->3: 16, 10->12: 142
accepted directly from s0    : 0
Gym endings cumulative       : terminated=3828, truncated=85

[Episode 4200/10000 | last 100]
success rate                : 41.0% (cumulative 4.4%)
failure rate                : 2.0% (cumulative 1.1%)
completed cycles / episode  : 0.000
synthetic task reward       : 4100.000
shaping reward              : 2421.433
learning reward             : 6521.433
episode length              : 491.3
abstract changes / episode  : 126.1
same abstract-state steps   : 74.3%
same-state shaping / episode: 0.000
changed-state shaping / ep. : 2421.433
terminal shaping / episode  : -105.597
DFA transitions / episode   : 3.94
DFA transitions in window   : 1->2: 78, 2->3: 2, 2->4: 1, 2->6: 72, 4->5: 70, 5->4: 3, 5->10: 58, 6->4: 69, 10->12: 41
epsilon (next episode)       : 0.18631
replay buffer                : 300000 samples [1: 49.0%, 2: 10.1%, 3: 0.0%, 4: 15.3%, 5: 6.4%, 6: 4.5%, 7: 0.0%, 8: 0.0%, 9: 0.0%, 10: 14.7%, 11: 0.0%, 12: 0.0%]
DFA state visits in window   : 1: 20784, 2: 4671, 3: 2, 4: 6171, 5: 3280, 6: 1632, 7: 0, 8: 0, 9: 0, 10: 12653, 11: 0, 12: 41
DFA state visits cumulative  : 1: 676467, 2: 65011, 3: 47, 4: 107285, 5: 47185, 6: 36459, 7: 0, 8: 0, 9: 0, 10: 48026, 11: 0, 12: 183
DFA state entries in window  : 1: 100, 2: 78, 3: 2, 4: 73, 5: 70, 6: 72, 7: 0, 8: 0, 9: 0, 10: 58, 11: 0, 12: 41
DFA state entries cumulative : 1: 4200, 2: 1163, 3: 47, 4: 1003, 5: 794, 6: 1017, 7: 0, 8: 0, 9: 0, 10: 422, 11: 0, 12: 183
transitions cumulative       : 1->2: 1162, 2->3: 10, 2->4: 3, 2->6: 1017, 4->3: 21, 4->5: 794, 4->10: 1, 5->4: 95, 5->10: 421, 6->2: 1, 6->4: 905, 10->3: 16, 10->12: 183
accepted directly from s0    : 0
Gym endings cumulative       : terminated=3870, truncated=100

[Episode 4300/10000 | last 100]
success rate                : 59.0% (cumulative 5.6%)
failure rate                : 5.0% (cumulative 1.2%)
completed cycles / episode  : 0.000
synthetic task reward       : 5900.000
shaping reward              : 2460.869
learning reward             : 8360.869
episode length              : 418.2
abstract changes / episode  : 123.8
same abstract-state steps   : 70.4%
same-state shaping / episode: 0.000
changed-state shaping / ep. : 2460.869
terminal shaping / episode  : -376.141
DFA transitions / episode   : 4.47
DFA transitions in window   : 1->2: 83, 2->3: 1, 2->6: 79, 4->3: 1, 4->5: 74, 4->10: 2, 5->4: 2, 5->10: 65, 6->4: 78, 10->3: 3, 10->12: 59
epsilon (next episode)       : 0.17900
replay buffer                : 300000 samples [1: 47.3%, 2: 10.5%, 3: 0.0%, 4: 15.1%, 5: 6.2%, 6: 4.5%, 7: 0.0%, 8: 0.0%, 9: 0.0%, 10: 16.4%, 11: 0.0%, 12: 0.0%]
DFA state visits in window   : 1: 18647, 2: 5309, 3: 5, 4: 5927, 5: 2296, 6: 1869, 7: 0, 8: 0, 9: 0, 10: 7808, 11: 0, 12: 59
DFA state visits cumulative  : 1: 695114, 2: 70320, 3: 52, 4: 113212, 5: 49481, 6: 38328, 7: 0, 8: 0, 9: 0, 10: 55834, 11: 0, 12: 242
DFA state entries in window  : 1: 100, 2: 83, 3: 5, 4: 80, 5: 74, 6: 79, 7: 0, 8: 0, 9: 0, 10: 67, 11: 0, 12: 59
DFA state entries cumulative : 1: 4300, 2: 1246, 3: 52, 4: 1083, 5: 868, 6: 1096, 7: 0, 8: 0, 9: 0, 10: 489, 11: 0, 12: 242
transitions cumulative       : 1->2: 1245, 2->3: 11, 2->4: 3, 2->6: 1096, 4->3: 22, 4->5: 868, 4->10: 3, 5->4: 97, 5->10: 486, 6->2: 1, 6->4: 983, 10->3: 19, 10->12: 242
accepted directly from s0    : 0
Gym endings cumulative       : terminated=3904, truncated=102

[Episode 4400/10000 | last 100]
success rate                : 61.0% (cumulative 6.9%)
failure rate                : 7.0% (cumulative 1.3%)
completed cycles / episode  : 0.000
synthetic task reward       : 6100.000
shaping reward              : 2794.726
learning reward             : 8894.726
episode length              : 361.6
abstract changes / episode  : 109.2
same abstract-state steps   : 69.8%
same-state shaping / episode: 0.000
changed-state shaping / ep. : 2794.726
terminal shaping / episode  : -569.138
DFA transitions / episode   : 5.02
DFA transitions in window   : 1->2: 93, 2->3: 1, 2->6: 91, 4->3: 3, 4->5: 85, 4->10: 2, 5->10: 72, 6->4: 91, 10->3: 3, 10->12: 61
epsilon (next episode)       : 0.17198
replay buffer                : 300000 samples [1: 45.0%, 2: 11.2%, 3: 0.0%, 4: 14.8%, 5: 6.4%, 6: 4.8%, 7: 0.0%, 8: 0.0%, 9: 0.0%, 10: 17.8%, 11: 0.0%, 12: 0.0%]
DFA state visits in window   : 1: 13071, 2: 5985, 3: 7, 4: 5937, 5: 2149, 6: 2723, 7: 0, 8: 0, 9: 0, 10: 6325, 11: 0, 12: 61
DFA state visits cumulative  : 1: 708185, 2: 76305, 3: 59, 4: 119149, 5: 51630, 6: 41051, 7: 0, 8: 0, 9: 0, 10: 62159, 11: 0, 12: 303
DFA state entries in window  : 1: 100, 2: 93, 3: 7, 4: 91, 5: 85, 6: 91, 7: 0, 8: 0, 9: 0, 10: 74, 11: 0, 12: 61
DFA state entries cumulative : 1: 4400, 2: 1339, 3: 59, 4: 1174, 5: 953, 6: 1187, 7: 0, 8: 0, 9: 0, 10: 563, 11: 0, 12: 303
transitions cumulative       : 1->2: 1338, 2->3: 12, 2->4: 3, 2->6: 1187, 4->3: 25, 4->5: 953, 4->10: 5, 5->4: 97, 5->10: 558, 6->2: 1, 6->4: 1074, 10->3: 22, 10->12: 303
accepted directly from s0    : 0
Gym endings cumulative       : terminated=3936, truncated=102

[Episode 4500/10000 | last 100]
success rate                : 77.0% (cumulative 8.4%)
failure rate                : 6.0% (cumulative 1.4%)
completed cycles / episode  : 0.000
synthetic task reward       : 7700.000
shaping reward              : 3084.471
learning reward             : 10784.471
episode length              : 370.5
abstract changes / episode  : 111.3
same abstract-state steps   : 70.0%
same-state shaping / episode: 0.000
changed-state shaping / ep. : 3084.471
terminal shaping / episode  : -482.945
DFA transitions / episode   : 5.34
DFA transitions in window   : 1->2: 95, 2->6: 94, 4->3: 4, 4->5: 87, 5->10: 83, 6->4: 92, 10->3: 2, 10->12: 77
epsilon (next episode)       : 0.16524
replay buffer                : 300000 samples [1: 42.7%, 2: 11.9%, 3: 0.0%, 4: 14.9%, 5: 6.3%, 6: 5.2%, 7: 0.0%, 8: 0.0%, 9: 0.0%, 10: 18.9%, 11: 0.0%, 12: 0.0%]
DFA state visits in window   : 1: 14671, 2: 5704, 3: 6, 4: 6013, 5: 1914, 6: 2827, 7: 0, 8: 0, 9: 0, 10: 5937, 11: 0, 12: 77
DFA state visits cumulative  : 1: 722856, 2: 82009, 3: 65, 4: 125162, 5: 53544, 6: 43878, 7: 0, 8: 0, 9: 0, 10: 68096, 11: 0, 12: 380
DFA state entries in window  : 1: 100, 2: 95, 3: 6, 4: 92, 5: 87, 6: 94, 7: 0, 8: 0, 9: 0, 10: 83, 11: 0, 12: 77
DFA state entries cumulative : 1: 4500, 2: 1434, 3: 65, 4: 1266, 5: 1040, 6: 1281, 7: 0, 8: 0, 9: 0, 10: 646, 11: 0, 12: 380
transitions cumulative       : 1->2: 1433, 2->3: 12, 2->4: 3, 2->6: 1281, 4->3: 29, 4->5: 1040, 4->10: 5, 5->4: 97, 5->10: 641, 6->2: 1, 6->4: 1166, 10->3: 24, 10->12: 380
accepted directly from s0    : 0
Gym endings cumulative       : terminated=3953, truncated=102

Starting autonomous greedy evaluation at episode 4500 (1000 fixed-seed episodes)...
[Greedy evaluation at episode 4500 | 1000 fixed-seed episodes]
success=91.6%, failure=0.1%, task reward=9160.000, length=347.8
DFA transitions: 1->2: 968, 2->6: 968, 4->3: 1, 4->5: 932, 5->10: 923, 6->4: 947, 10->12: 916
Best policy updated from autonomous greedy evaluation at episode 4500.

[Episode 4600/10000 | last 100]
success rate                : 73.0% (cumulative 9.8%)
failure rate                : 0.0% (cumulative 1.4%)
completed cycles / episode  : 0.000
synthetic task reward       : 7300.000
shaping reward              : 3240.540
learning reward             : 10540.540
episode length              : 384.7
abstract changes / episode  : 114.8
same abstract-state steps   : 70.2%
same-state shaping / episode: 0.000
changed-state shaping / ep. : 3240.540
terminal shaping / episode  : 73.388
DFA transitions / episode   : 4.81
DFA transitions in window   : 1->2: 83, 2->6: 83, 4->5: 84, 5->4: 2, 5->10: 74, 6->4: 82, 10->12: 73
epsilon (next episode)       : 0.15876
replay buffer                : 300000 samples [1: 41.0%, 2: 12.5%, 3: 0.0%, 4: 15.0%, 5: 6.5%, 6: 5.4%, 7: 0.0%, 8: 0.0%, 9: 0.0%, 10: 19.6%, 11: 0.0%, 12: 0.0%]
DFA state visits in window   : 1: 16112, 2: 5456, 3: 0, 4: 5825, 5: 2657, 6: 2253, 7: 0, 8: 0, 9: 0, 10: 6195, 11: 0, 12: 73
DFA state visits cumulative  : 1: 738968, 2: 87465, 3: 65, 4: 130987, 5: 56201, 6: 46131, 7: 0, 8: 0, 9: 0, 10: 74291, 11: 0, 12: 453
DFA state entries in window  : 1: 100, 2: 83, 3: 0, 4: 84, 5: 84, 6: 83, 7: 0, 8: 0, 9: 0, 10: 74, 11: 0, 12: 73
DFA state entries cumulative : 1: 4600, 2: 1517, 3: 65, 4: 1350, 5: 1124, 6: 1364, 7: 0, 8: 0, 9: 0, 10: 720, 11: 0, 12: 453
transitions cumulative       : 1->2: 1516, 2->3: 12, 2->4: 3, 2->6: 1364, 4->3: 29, 4->5: 1124, 4->10: 5, 5->4: 99, 5->10: 715, 6->2: 1, 6->4: 1248, 10->3: 24, 10->12: 453
accepted directly from s0    : 0
Gym endings cumulative       : terminated=3979, truncated=103

[Episode 4700/10000 | last 100]
success rate                : 78.0% (cumulative 11.3%)
failure rate                : 4.0% (cumulative 1.5%)
completed cycles / episode  : 0.000
synthetic task reward       : 7800.000
shaping reward              : 2962.684
learning reward             : 10762.684
episode length              : 332.8
abstract changes / episode  : 105.3
same abstract-state steps   : 68.4%
same-state shaping / episode: 0.000
changed-state shaping / ep. : 2962.684
terminal shaping / episode  : -292.171
DFA transitions / episode   : 4.96
DFA transitions in window   : 1->2: 85, 2->6: 85, 4->3: 4, 4->5: 80, 4->10: 2, 5->4: 1, 5->10: 76, 6->4: 85, 10->12: 78
epsilon (next episode)       : 0.15253
replay buffer                : 300000 samples [1: 40.8%, 2: 13.1%, 3: 0.0%, 4: 15.1%, 5: 6.2%, 6: 5.5%, 7: 0.0%, 8: 0.0%, 9: 0.0%, 10: 19.3%, 11: 0.0%, 12: 0.0%]
DFA state visits in window   : 1: 14226, 2: 5472, 3: 4, 4: 5680, 5: 1386, 6: 2162, 7: 0, 8: 0, 9: 0, 10: 4376, 11: 0, 12: 78
DFA state visits cumulative  : 1: 753194, 2: 92937, 3: 69, 4: 136667, 5: 57587, 6: 48293, 7: 0, 8: 0, 9: 0, 10: 78667, 11: 0, 12: 531
DFA state entries in window  : 1: 100, 2: 85, 3: 4, 4: 86, 5: 80, 6: 85, 7: 0, 8: 0, 9: 0, 10: 78, 11: 0, 12: 78
DFA state entries cumulative : 1: 4700, 2: 1602, 3: 69, 4: 1436, 5: 1204, 6: 1449, 7: 0, 8: 0, 9: 0, 10: 798, 11: 0, 12: 531
transitions cumulative       : 1->2: 1601, 2->3: 12, 2->4: 3, 2->6: 1449, 4->3: 33, 4->5: 1204, 4->10: 7, 5->4: 100, 5->10: 791, 6->2: 1, 6->4: 1333, 10->3: 24, 10->12: 531
accepted directly from s0    : 0
Gym endings cumulative       : terminated=3997, truncated=103

[Episode 4800/10000 | last 100]
success rate                : 78.0% (cumulative 12.7%)
failure rate                : 5.0% (cumulative 1.5%)
completed cycles / episode  : 0.000
synthetic task reward       : 7800.000
shaping reward              : 3260.910
learning reward             : 11060.910
episode length              : 374.8
abstract changes / episode  : 118.3
same abstract-state steps   : 68.4%
same-state shaping / episode: 0.000
changed-state shaping / ep. : 3260.910
terminal shaping / episode  : -377.012
DFA transitions / episode   : 5.49
DFA transitions in window   : 1->2: 98, 2->6: 97, 4->3: 2, 4->5: 88, 4->10: 2, 5->4: 2, 5->10: 85, 6->4: 94, 10->3: 3, 10->12: 78
epsilon (next episode)       : 0.14655
replay buffer                : 300000 samples [1: 41.7%, 2: 13.7%, 3: 0.0%, 4: 15.2%, 5: 5.9%, 6: 5.8%, 7: 0.0%, 8: 0.0%, 9: 0.0%, 10: 17.8%, 11: 0.0%, 12: 0.0%]
DFA state visits in window   : 1: 16957, 2: 5733, 3: 5, 4: 6212, 5: 2015, 6: 2696, 7: 0, 8: 0, 9: 0, 10: 3885, 11: 0, 12: 78
DFA state visits cumulative  : 1: 770151, 2: 98670, 3: 74, 4: 142879, 5: 59602, 6: 50989, 7: 0, 8: 0, 9: 0, 10: 82552, 11: 0, 12: 609
DFA state entries in window  : 1: 100, 2: 98, 3: 5, 4: 96, 5: 88, 6: 97, 7: 0, 8: 0, 9: 0, 10: 87, 11: 0, 12: 78
DFA state entries cumulative : 1: 4800, 2: 1700, 3: 74, 4: 1532, 5: 1292, 6: 1546, 7: 0, 8: 0, 9: 0, 10: 885, 11: 0, 12: 609
transitions cumulative       : 1->2: 1699, 2->3: 12, 2->4: 3, 2->6: 1546, 4->3: 35, 4->5: 1292, 4->10: 9, 5->4: 102, 5->10: 876, 6->2: 1, 6->4: 1427, 10->3: 27, 10->12: 609
accepted directly from s0    : 0
Gym endings cumulative       : terminated=4014, truncated=103

[Episode 4900/10000 | last 100]
success rate                : 76.0% (cumulative 14.0%)
failure rate                : 2.0% (cumulative 1.6%)
completed cycles / episode  : 0.000
synthetic task reward       : 7600.000
shaping reward              : 3317.505
learning reward             : 10917.505
episode length              : 343.2
abstract changes / episode  : 112.1
same abstract-state steps   : 67.3%
same-state shaping / episode: 0.000
changed-state shaping / ep. : 3317.505
terminal shaping / episode  : -90.454
DFA transitions / episode   : 5.13
DFA transitions in window   : 1->2: 90, 2->3: 1, 2->6: 89, 4->5: 86, 5->10: 81, 6->4: 89, 10->3: 1, 10->12: 76
epsilon (next episode)       : 0.14080
replay buffer                : 300000 samples [1: 42.2%, 2: 14.2%, 3: 0.0%, 4: 15.4%, 5: 5.7%, 6: 6.2%, 7: 0.0%, 8: 0.0%, 9: 0.0%, 10: 16.2%, 11: 0.0%, 12: 0.0%]
DFA state visits in window   : 1: 14774, 2: 5256, 3: 2, 4: 5644, 5: 2071, 6: 2769, 7: 0, 8: 0, 9: 0, 10: 3825, 11: 0, 12: 76
DFA state visits cumulative  : 1: 784925, 2: 103926, 3: 76, 4: 148523, 5: 61673, 6: 53758, 7: 0, 8: 0, 9: 0, 10: 86377, 11: 0, 12: 685
DFA state entries in window  : 1: 100, 2: 90, 3: 2, 4: 89, 5: 86, 6: 89, 7: 0, 8: 0, 9: 0, 10: 81, 11: 0, 12: 76
DFA state entries cumulative : 1: 4900, 2: 1790, 3: 76, 4: 1621, 5: 1378, 6: 1635, 7: 0, 8: 0, 9: 0, 10: 966, 11: 0, 12: 685
transitions cumulative       : 1->2: 1789, 2->3: 13, 2->4: 3, 2->6: 1635, 4->3: 35, 4->5: 1378, 4->10: 9, 5->4: 102, 5->10: 957, 6->2: 1, 6->4: 1516, 10->3: 28, 10->12: 685
accepted directly from s0    : 0
Gym endings cumulative       : terminated=4036, truncated=103

[Episode 5000/10000 | last 100]
success rate                : 75.0% (cumulative 15.2%)
failure rate                : 4.0% (cumulative 1.6%)
completed cycles / episode  : 0.000
synthetic task reward       : 7500.000
shaping reward              : 3147.649
learning reward             : 10647.649
episode length              : 355.6
abstract changes / episode  : 111.3
same abstract-state steps   : 68.7%
same-state shaping / episode: 0.000
changed-state shaping / ep. : 3147.649
terminal shaping / episode  : -294.623
DFA transitions / episode   : 5.22
DFA transitions in window   : 1->2: 93, 2->6: 91, 4->3: 4, 4->5: 87, 5->4: 4, 5->10: 80, 6->4: 88, 10->12: 75
epsilon (next episode)       : 0.13528
replay buffer                : 300000 samples [1: 42.2%, 2: 14.9%, 3: 0.0%, 4: 15.9%, 5: 5.8%, 6: 6.8%, 7: 0.0%, 8: 0.0%, 9: 0.0%, 10: 14.4%, 11: 0.0%, 12: 0.0%]
DFA state visits in window   : 1: 15967, 2: 5229, 3: 4, 4: 5672, 5: 2348, 6: 2708, 7: 0, 8: 0, 9: 0, 10: 3660, 11: 0, 12: 75
DFA state visits cumulative  : 1: 800892, 2: 109155, 3: 80, 4: 154195, 5: 64021, 6: 56466, 7: 0, 8: 0, 9: 0, 10: 90037, 11: 0, 12: 760
DFA state entries in window  : 1: 100, 2: 93, 3: 4, 4: 92, 5: 87, 6: 91, 7: 0, 8: 0, 9: 0, 10: 80, 11: 0, 12: 75
DFA state entries cumulative : 1: 5000, 2: 1883, 3: 80, 4: 1713, 5: 1465, 6: 1726, 7: 0, 8: 0, 9: 0, 10: 1046, 11: 0, 12: 760
transitions cumulative       : 1->2: 1882, 2->3: 13, 2->4: 3, 2->6: 1726, 4->3: 39, 4->5: 1465, 4->10: 9, 5->4: 106, 5->10: 1037, 6->2: 1, 6->4: 1604, 10->3: 28, 10->12: 760
accepted directly from s0    : 0
Gym endings cumulative       : terminated=4056, truncated=104

Starting autonomous greedy evaluation at episode 5000 (1000 fixed-seed episodes)...
[Greedy evaluation at episode 5000 | 1000 fixed-seed episodes]
success=40.4%, failure=58.9%, task reward=4040.000, length=288.8
DFA transitions: 1->2: 998, 2->6: 993, 4->3: 589, 4->5: 179, 4->10: 225, 5->10: 179, 6->4: 993, 10->12: 404

[Episode 5100/10000 | last 100]
success rate                : 74.0% (cumulative 16.4%)
failure rate                : 3.0% (cumulative 1.6%)
completed cycles / episode  : 0.000
synthetic task reward       : 7400.000
shaping reward              : 3008.031
learning reward             : 10408.031
episode length              : 325.5
abstract changes / episode  : 103.4
same abstract-state steps   : 68.2%
same-state shaping / episode: 0.000
changed-state shaping / ep. : 3008.031
terminal shaping / episode  : -203.869
DFA transitions / episode   : 4.80
DFA transitions in window   : 1->2: 86, 2->6: 82, 4->3: 3, 4->5: 76, 4->10: 3, 5->4: 1, 5->10: 73, 6->4: 82, 10->12: 74
epsilon (next episode)       : 0.12998
replay buffer                : 300000 samples [1: 42.5%, 2: 15.1%, 3: 0.0%, 4: 16.1%, 5: 5.5%, 6: 7.1%, 7: 0.0%, 8: 0.0%, 9: 0.0%, 10: 13.6%, 11: 0.0%, 12: 0.0%]
DFA state visits in window   : 1: 16232, 2: 4379, 3: 3, 4: 5166, 5: 1495, 6: 2384, 7: 0, 8: 0, 9: 0, 10: 2915, 11: 0, 12: 74
DFA state visits cumulative  : 1: 817124, 2: 113534, 3: 83, 4: 159361, 5: 65516, 6: 58850, 7: 0, 8: 0, 9: 0, 10: 92952, 11: 0, 12: 834
DFA state entries in window  : 1: 100, 2: 86, 3: 3, 4: 83, 5: 76, 6: 82, 7: 0, 8: 0, 9: 0, 10: 76, 11: 0, 12: 74
DFA state entries cumulative : 1: 5100, 2: 1969, 3: 83, 4: 1796, 5: 1541, 6: 1808, 7: 0, 8: 0, 9: 0, 10: 1122, 11: 0, 12: 834
transitions cumulative       : 1->2: 1968, 2->3: 13, 2->4: 3, 2->6: 1808, 4->3: 42, 4->5: 1541, 4->10: 12, 5->4: 107, 5->10: 1110, 6->2: 1, 6->4: 1686, 10->3: 28, 10->12: 834
accepted directly from s0    : 0
Gym endings cumulative       : terminated=4079, truncated=104

[Episode 5200/10000 | last 100]
success rate                : 82.0% (cumulative 17.6%)
failure rate                : 1.0% (cumulative 1.6%)
completed cycles / episode  : 0.000
synthetic task reward       : 8200.000
shaping reward              : 3576.270
learning reward             : 11776.270
episode length              : 330.8
abstract changes / episode  : 112.1
same abstract-state steps   : 66.1%
same-state shaping / episode: 0.000
changed-state shaping / ep. : 3576.270
terminal shaping / episode  : -8.633
DFA transitions / episode   : 5.36
DFA transitions in window   : 1->2: 95, 2->6: 94, 4->3: 1, 4->5: 86, 4->10: 1, 5->4: 1, 5->10: 84, 6->4: 92, 10->12: 82
epsilon (next episode)       : 0.12488
replay buffer                : 300000 samples [1: 43.1%, 2: 15.1%, 3: 0.0%, 4: 16.3%, 5: 5.6%, 6: 7.4%, 7: 0.0%, 8: 0.0%, 9: 0.0%, 10: 12.6%, 11: 0.0%, 12: 0.0%]
DFA state visits in window   : 1: 14063, 2: 5023, 3: 1, 4: 5580, 5: 1716, 6: 3089, 7: 0, 8: 0, 9: 0, 10: 3626, 11: 0, 12: 82
DFA state visits cumulative  : 1: 831187, 2: 118557, 3: 84, 4: 164941, 5: 67232, 6: 61939, 7: 0, 8: 0, 9: 0, 10: 96578, 11: 0, 12: 916
DFA state entries in window  : 1: 100, 2: 95, 3: 1, 4: 93, 5: 86, 6: 94, 7: 0, 8: 0, 9: 0, 10: 85, 11: 0, 12: 82
DFA state entries cumulative : 1: 5200, 2: 2064, 3: 84, 4: 1889, 5: 1627, 6: 1902, 7: 0, 8: 0, 9: 0, 10: 1207, 11: 0, 12: 916
transitions cumulative       : 1->2: 2063, 2->3: 13, 2->4: 3, 2->6: 1902, 4->3: 43, 4->5: 1627, 4->10: 13, 5->4: 108, 5->10: 1194, 6->2: 1, 6->4: 1778, 10->3: 28, 10->12: 916
accepted directly from s0    : 0
Gym endings cumulative       : terminated=4096, truncated=104

[Episode 5300/10000 | last 100]
success rate                : 86.0% (cumulative 18.9%)
failure rate                : 1.0% (cumulative 1.6%)
completed cycles / episode  : 0.000
synthetic task reward       : 8600.000
shaping reward              : 3549.851
learning reward             : 12149.851
episode length              : 329.4
abstract changes / episode  : 110.4
same abstract-state steps   : 66.5%
same-state shaping / episode: 0.000
changed-state shaping / ep. : 3549.851
terminal shaping / episode  : -4.928
DFA transitions / episode   : 5.38
DFA transitions in window   : 1->2: 94, 2->6: 92, 4->3: 1, 4->5: 86, 4->10: 3, 5->4: 2, 5->10: 84, 6->4: 90, 10->12: 86
epsilon (next episode)       : 0.11998
replay buffer                : 300000 samples [1: 43.7%, 2: 15.0%, 3: 0.0%, 4: 16.2%, 5: 5.7%, 6: 7.4%, 7: 0.0%, 8: 0.0%, 9: 0.0%, 10: 12.0%, 11: 0.0%, 12: 0.0%]
DFA state visits in window   : 1: 13533, 2: 5188, 3: 1, 4: 5471, 5: 2263, 6: 2538, 7: 0, 8: 0, 9: 0, 10: 3964, 11: 0, 12: 86
DFA state visits cumulative  : 1: 844720, 2: 123745, 3: 85, 4: 170412, 5: 69495, 6: 64477, 7: 0, 8: 0, 9: 0, 10: 100542, 11: 0, 12: 1002
DFA state entries in window  : 1: 100, 2: 94, 3: 1, 4: 92, 5: 86, 6: 92, 7: 0, 8: 0, 9: 0, 10: 87, 11: 0, 12: 86
DFA state entries cumulative : 1: 5300, 2: 2158, 3: 85, 4: 1981, 5: 1713, 6: 1994, 7: 0, 8: 0, 9: 0, 10: 1294, 11: 0, 12: 1002
transitions cumulative       : 1->2: 2157, 2->3: 13, 2->4: 3, 2->6: 1994, 4->3: 44, 4->5: 1713, 4->10: 16, 5->4: 110, 5->10: 1278, 6->2: 1, 6->4: 1868, 10->3: 28, 10->12: 1002
accepted directly from s0    : 0
Gym endings cumulative       : terminated=4109, truncated=104

[Episode 5400/10000 | last 100]
success rate                : 71.0% (cumulative 19.9%)
failure rate                : 9.0% (cumulative 1.7%)
completed cycles / episode  : 0.000
synthetic task reward       : 7100.000
shaping reward              : 2337.406
learning reward             : 9437.406
episode length              : 306.0
abstract changes / episode  : 100.0
same abstract-state steps   : 67.3%
same-state shaping / episode: 0.000
changed-state shaping / ep. : 2337.406
terminal shaping / episode  : -640.364
DFA transitions / episode   : 4.51
DFA transitions in window   : 1->2: 82, 2->3: 7, 2->4: 2, 2->6: 73, 4->3: 2, 4->5: 69, 4->10: 4, 5->4: 1, 5->10: 67, 6->4: 73, 10->12: 71
epsilon (next episode)       : 0.11528
replay buffer                : 300000 samples [1: 44.2%, 2: 15.3%, 3: 0.0%, 4: 16.3%, 5: 5.6%, 6: 7.2%, 7: 0.0%, 8: 0.0%, 9: 0.0%, 10: 11.3%, 11: 0.0%, 12: 0.0%]
DFA state visits in window   : 1: 14916, 2: 5184, 3: 9, 4: 4958, 5: 1263, 6: 1586, 7: 0, 8: 0, 9: 0, 10: 2710, 11: 0, 12: 71
DFA state visits cumulative  : 1: 859636, 2: 128929, 3: 94, 4: 175370, 5: 70758, 6: 66063, 7: 0, 8: 0, 9: 0, 10: 103252, 11: 0, 12: 1073
DFA state entries in window  : 1: 100, 2: 82, 3: 9, 4: 76, 5: 69, 6: 73, 7: 0, 8: 0, 9: 0, 10: 71, 11: 0, 12: 71
DFA state entries cumulative : 1: 5400, 2: 2240, 3: 94, 4: 2057, 5: 1782, 6: 2067, 7: 0, 8: 0, 9: 0, 10: 1365, 11: 0, 12: 1073
transitions cumulative       : 1->2: 2239, 2->3: 20, 2->4: 5, 2->6: 2067, 4->3: 46, 4->5: 1782, 4->10: 20, 5->4: 111, 5->10: 1345, 6->2: 1, 6->4: 1941, 10->3: 28, 10->12: 1073
accepted directly from s0    : 0
Gym endings cumulative       : terminated=4128, truncated=105

[Episode 5500/10000 | last 100]
success rate                : 84.0% (cumulative 21.0%)
failure rate                : 0.0% (cumulative 1.7%)
completed cycles / episode  : 0.000
synthetic task reward       : 8400.000
shaping reward              : 3555.439
learning reward             : 11955.439
episode length              : 325.2
abstract changes / episode  : 108.9
same abstract-state steps   : 66.5%
same-state shaping / episode: 0.000
changed-state shaping / ep. : 3555.439
terminal shaping / episode  : 83.520
DFA transitions / episode   : 5.30
DFA transitions in window   : 1->2: 89, 2->6: 89, 4->5: 90, 4->10: 1, 5->4: 4, 5->10: 85, 6->4: 88, 10->12: 84
epsilon (next episode)       : 0.11075
replay buffer                : 300000 samples [1: 44.4%, 2: 15.5%, 3: 0.0%, 4: 16.7%, 5: 5.4%, 6: 7.3%, 7: 0.0%, 8: 0.0%, 9: 0.0%, 10: 10.6%, 11: 0.0%, 12: 0.0%]
DFA state visits in window   : 1: 13794, 2: 5487, 3: 0, 4: 6104, 5: 1864, 6: 1978, 7: 0, 8: 0, 9: 0, 10: 3305, 11: 0, 12: 84
DFA state visits cumulative  : 1: 873430, 2: 134416, 3: 94, 4: 181474, 5: 72622, 6: 68041, 7: 0, 8: 0, 9: 0, 10: 106557, 11: 0, 12: 1157
DFA state entries in window  : 1: 100, 2: 89, 3: 0, 4: 92, 5: 90, 6: 89, 7: 0, 8: 0, 9: 0, 10: 86, 11: 0, 12: 84
DFA state entries cumulative : 1: 5500, 2: 2329, 3: 94, 4: 2149, 5: 1872, 6: 2156, 7: 0, 8: 0, 9: 0, 10: 1451, 11: 0, 12: 1157
transitions cumulative       : 1->2: 2328, 2->3: 20, 2->4: 5, 2->6: 2156, 4->3: 46, 4->5: 1872, 4->10: 21, 5->4: 115, 5->10: 1430, 6->2: 1, 6->4: 2029, 10->3: 28, 10->12: 1157
accepted directly from s0    : 0
Gym endings cumulative       : terminated=4144, truncated=105

Starting autonomous greedy evaluation at episode 5500 (1000 fixed-seed episodes)...
[Greedy evaluation at episode 5500 | 1000 fixed-seed episodes]
success=13.2%, failure=81.2%, task reward=1320.000, length=345.7
DFA transitions: 1->2: 944, 2->3: 6, 2->4: 1, 2->6: 937, 4->3: 806, 4->5: 66, 4->10: 66, 5->10: 66, 6->4: 937, 10->12: 132

[Episode 5600/10000 | last 100]
success rate                : 85.0% (cumulative 22.2%)
failure rate                : 1.0% (cumulative 1.7%)
completed cycles / episode  : 0.000
synthetic task reward       : 8500.000
shaping reward              : 3466.273
learning reward             : 11966.273
episode length              : 322.5
abstract changes / episode  : 107.1
same abstract-state steps   : 66.8%
same-state shaping / episode: 0.000
changed-state shaping / ep. : 3466.273
terminal shaping / episode  : -7.038
DFA transitions / episode   : 5.16
DFA transitions in window   : 1->2: 87, 2->6: 87, 4->3: 1, 4->5: 84, 4->10: 2, 5->10: 83, 6->4: 87, 10->12: 85
epsilon (next episode)       : 0.10641
replay buffer                : 300000 samples [1: 44.8%, 2: 15.7%, 3: 0.0%, 4: 16.9%, 5: 5.3%, 6: 7.1%, 7: 0.0%, 8: 0.0%, 9: 0.0%, 10: 10.3%, 11: 0.0%, 12: 0.0%]
DFA state visits in window   : 1: 14631, 2: 5762, 3: 1, 4: 6032, 5: 999, 6: 1803, 7: 0, 8: 0, 9: 0, 10: 3034, 11: 0, 12: 85
DFA state visits cumulative  : 1: 888061, 2: 140178, 3: 95, 4: 187506, 5: 73621, 6: 69844, 7: 0, 8: 0, 9: 0, 10: 109591, 11: 0, 12: 1242
DFA state entries in window  : 1: 100, 2: 87, 3: 1, 4: 87, 5: 84, 6: 87, 7: 0, 8: 0, 9: 0, 10: 85, 11: 0, 12: 85
DFA state entries cumulative : 1: 5600, 2: 2416, 3: 95, 4: 2236, 5: 1956, 6: 2243, 7: 0, 8: 0, 9: 0, 10: 1536, 11: 0, 12: 1242
transitions cumulative       : 1->2: 2415, 2->3: 20, 2->4: 5, 2->6: 2243, 4->3: 47, 4->5: 1956, 4->10: 23, 5->4: 115, 5->10: 1513, 6->2: 1, 6->4: 2116, 10->3: 28, 10->12: 1242
accepted directly from s0    : 0
Gym endings cumulative       : terminated=4158, truncated=105

[Episode 5700/10000 | last 100]
success rate                : 81.0% (cumulative 23.2%)
failure rate                : 0.0% (cumulative 1.7%)
completed cycles / episode  : 0.000
synthetic task reward       : 8100.000
shaping reward              : 3504.564
learning reward             : 11604.564
episode length              : 303.1
abstract changes / episode  : 103.7
same abstract-state steps   : 65.8%
same-state shaping / episode: 0.000
changed-state shaping / ep. : 3504.564
terminal shaping / episode  : 81.951
DFA transitions / episode   : 5.16
DFA transitions in window   : 1->2: 89, 2->6: 87, 4->5: 87, 4->10: 1, 5->4: 2, 5->10: 82, 6->4: 87, 10->12: 81
epsilon (next episode)       : 0.10224
replay buffer                : 300000 samples [1: 44.6%, 2: 15.9%, 3: 0.0%, 4: 17.0%, 5: 5.4%, 6: 7.1%, 7: 0.0%, 8: 0.0%, 9: 0.0%, 10: 10.1%, 11: 0.0%, 12: 0.0%]
DFA state visits in window   : 1: 12900, 2: 5317, 3: 0, 4: 5403, 5: 1895, 6: 1973, 7: 0, 8: 0, 9: 0, 10: 2836, 11: 0, 12: 81
DFA state visits cumulative  : 1: 900961, 2: 145495, 3: 95, 4: 192909, 5: 75516, 6: 71817, 7: 0, 8: 0, 9: 0, 10: 112427, 11: 0, 12: 1323
DFA state entries in window  : 1: 100, 2: 89, 3: 0, 4: 89, 5: 87, 6: 87, 7: 0, 8: 0, 9: 0, 10: 83, 11: 0, 12: 81
DFA state entries cumulative : 1: 5700, 2: 2505, 3: 95, 4: 2325, 5: 2043, 6: 2330, 7: 0, 8: 0, 9: 0, 10: 1619, 11: 0, 12: 1323
transitions cumulative       : 1->2: 2504, 2->3: 20, 2->4: 5, 2->6: 2330, 4->3: 47, 4->5: 2043, 4->10: 24, 5->4: 117, 5->10: 1595, 6->2: 1, 6->4: 2203, 10->3: 28, 10->12: 1323
accepted directly from s0    : 0
Gym endings cumulative       : terminated=4177, truncated=105

[Episode 5800/10000 | last 100]
success rate                : 78.0% (cumulative 24.2%)
failure rate                : 1.0% (cumulative 1.7%)
completed cycles / episode  : 0.000
synthetic task reward       : 7800.000
shaping reward              : 3443.430
learning reward             : 11243.430
episode length              : 313.9
abstract changes / episode  : 106.4
same abstract-state steps   : 66.1%
same-state shaping / episode: 0.000
changed-state shaping / ep. : 3443.430
terminal shaping / episode  : -14.274
DFA transitions / episode   : 5.26
DFA transitions in window   : 1->2: 91, 2->6: 89, 4->3: 1, 4->5: 91, 5->4: 5, 5->10: 82, 6->4: 89, 10->12: 78
epsilon (next episode)       : 0.09823
replay buffer                : 300000 samples [1: 44.5%, 2: 16.0%, 3: 0.0%, 4: 17.2%, 5: 5.3%, 6: 6.9%, 7: 0.0%, 8: 0.0%, 9: 0.0%, 10: 10.1%, 11: 0.0%, 12: 0.0%]
DFA state visits in window   : 1: 13499, 2: 5277, 3: 1, 4: 5804, 5: 1740, 6: 1963, 7: 0, 8: 0, 9: 0, 10: 3124, 11: 0, 12: 78
DFA state visits cumulative  : 1: 914460, 2: 150772, 3: 96, 4: 198713, 5: 77256, 6: 73780, 7: 0, 8: 0, 9: 0, 10: 115551, 11: 0, 12: 1401
DFA state entries in window  : 1: 100, 2: 91, 3: 1, 4: 94, 5: 91, 6: 89, 7: 0, 8: 0, 9: 0, 10: 82, 11: 0, 12: 78
DFA state entries cumulative : 1: 5800, 2: 2596, 3: 96, 4: 2419, 5: 2134, 6: 2419, 7: 0, 8: 0, 9: 0, 10: 1701, 11: 0, 12: 1401
transitions cumulative       : 1->2: 2595, 2->3: 20, 2->4: 5, 2->6: 2419, 4->3: 48, 4->5: 2134, 4->10: 24, 5->4: 122, 5->10: 1677, 6->2: 1, 6->4: 2292, 10->3: 28, 10->12: 1401
accepted directly from s0    : 0
Gym endings cumulative       : terminated=4198, truncated=105

[Episode 5900/10000 | last 100]
success rate                : 80.0% (cumulative 25.1%)
failure rate                : 3.0% (cumulative 1.7%)
completed cycles / episode  : 0.000
synthetic task reward       : 8000.000
shaping reward              : 3302.560
learning reward             : 11302.560
episode length              : 302.3
abstract changes / episode  : 102.4
same abstract-state steps   : 66.1%
same-state shaping / episode: 0.000
changed-state shaping / ep. : 3302.560
terminal shaping / episode  : -195.997
DFA transitions / episode   : 5.19
DFA transitions in window   : 1->2: 89, 2->6: 89, 4->3: 3, 4->5: 85, 4->10: 1, 5->4: 2, 5->10: 81, 6->4: 89, 10->12: 80
epsilon (next episode)       : 0.09438
replay buffer                : 300000 samples [1: 44.5%, 2: 16.3%, 3: 0.0%, 4: 17.4%, 5: 5.1%, 6: 6.8%, 7: 0.0%, 8: 0.0%, 9: 0.0%, 10: 10.0%, 11: 0.0%, 12: 0.0%]
DFA state visits in window   : 1: 13536, 2: 5204, 3: 3, 4: 5375, 5: 1177, 6: 1895, 7: 0, 8: 0, 9: 0, 10: 3062, 11: 0, 12: 80
DFA state visits cumulative  : 1: 927996, 2: 155976, 3: 99, 4: 204088, 5: 78433, 6: 75675, 7: 0, 8: 0, 9: 0, 10: 118613, 11: 0, 12: 1481
DFA state entries in window  : 1: 100, 2: 89, 3: 3, 4: 91, 5: 85, 6: 89, 7: 0, 8: 0, 9: 0, 10: 82, 11: 0, 12: 80
DFA state entries cumulative : 1: 5900, 2: 2685, 3: 99, 4: 2510, 5: 2219, 6: 2508, 7: 0, 8: 0, 9: 0, 10: 1783, 11: 0, 12: 1481
transitions cumulative       : 1->2: 2684, 2->3: 20, 2->4: 5, 2->6: 2508, 4->3: 51, 4->5: 2219, 4->10: 25, 5->4: 124, 5->10: 1758, 6->2: 1, 6->4: 2381, 10->3: 28, 10->12: 1481
accepted directly from s0    : 0
Gym endings cumulative       : terminated=4215, truncated=105

[Episode 6000/10000 | last 100]
success rate                : 84.0% (cumulative 26.1%)
failure rate                : 0.0% (cumulative 1.7%)
completed cycles / episode  : 0.000
synthetic task reward       : 8400.000
shaping reward              : 3646.156
learning reward             : 12046.156
episode length              : 322.6
abstract changes / episode  : 108.3
same abstract-state steps   : 66.4%
same-state shaping / episode: 0.000
changed-state shaping / ep. : 3646.156
terminal shaping / episode  : 83.917
DFA transitions / episode   : 5.36
DFA transitions in window   : 1->2: 92, 2->6: 92, 4->5: 89, 4->10: 2, 5->10: 85, 6->4: 92, 10->12: 84
epsilon (next episode)       : 0.09067
replay buffer                : 300000 samples [1: 44.0%, 2: 16.6%, 3: 0.0%, 4: 17.5%, 5: 5.0%, 6: 6.7%, 7: 0.0%, 8: 0.0%, 9: 0.0%, 10: 10.3%, 11: 0.0%, 12: 0.0%]
DFA state visits in window   : 1: 14676, 2: 5333, 3: 0, 4: 5401, 5: 1134, 6: 2071, 7: 0, 8: 0, 9: 0, 10: 3657, 11: 0, 12: 84
DFA state visits cumulative  : 1: 942672, 2: 161309, 3: 99, 4: 209489, 5: 79567, 6: 77746, 7: 0, 8: 0, 9: 0, 10: 122270, 11: 0, 12: 1565
DFA state entries in window  : 1: 100, 2: 92, 3: 0, 4: 92, 5: 89, 6: 92, 7: 0, 8: 0, 9: 0, 10: 87, 11: 0, 12: 84
DFA state entries cumulative : 1: 6000, 2: 2777, 3: 99, 4: 2602, 5: 2308, 6: 2600, 7: 0, 8: 0, 9: 0, 10: 1870, 11: 0, 12: 1565
transitions cumulative       : 1->2: 2776, 2->3: 20, 2->4: 5, 2->6: 2600, 4->3: 51, 4->5: 2308, 4->10: 27, 5->4: 124, 5->10: 1843, 6->2: 1, 6->4: 2473, 10->3: 28, 10->12: 1565
accepted directly from s0    : 0
Gym endings cumulative       : terminated=4231, truncated=105

Starting autonomous greedy evaluation at episode 6000 (1000 fixed-seed episodes)...
[Greedy evaluation at episode 6000 | 1000 fixed-seed episodes]
success=99.0%, failure=0.0%, task reward=9900.000, length=286.9
DFA transitions: 1->2: 990, 2->6: 990, 4->5: 986, 4->10: 4, 5->10: 986, 6->4: 990, 10->12: 990
Best policy updated from autonomous greedy evaluation at episode 6000.

[Episode 6100/10000 | last 100]
success rate                : 78.0% (cumulative 26.9%)
failure rate                : 2.0% (cumulative 1.7%)
completed cycles / episode  : 0.000
synthetic task reward       : 7800.000
shaping reward              : 3408.663
learning reward             : 11208.663
episode length              : 308.6
abstract changes / episode  : 104.0
same abstract-state steps   : 66.3%
same-state shaping / episode: 0.000
changed-state shaping / ep. : 3408.663
terminal shaping / episode  : -106.195
DFA transitions / episode   : 5.29
DFA transitions in window   : 1->2: 93, 2->6: 91, 4->3: 2, 4->5: 89, 4->10: 1, 5->4: 2, 5->10: 82, 6->4: 91, 10->12: 78
epsilon (next episode)       : 0.08712
replay buffer                : 300000 samples [1: 44.2%, 2: 16.9%, 3: 0.0%, 4: 17.4%, 5: 5.0%, 6: 6.4%, 7: 0.0%, 8: 0.0%, 9: 0.0%, 10: 10.1%, 11: 0.0%, 12: 0.0%]
DFA state visits in window   : 1: 13395, 2: 5561, 3: 2, 4: 5195, 5: 1845, 6: 1904, 7: 0, 8: 0, 9: 0, 10: 2981, 11: 0, 12: 78
DFA state visits cumulative  : 1: 956067, 2: 166870, 3: 101, 4: 214684, 5: 81412, 6: 79650, 7: 0, 8: 0, 9: 0, 10: 125251, 11: 0, 12: 1643
DFA state entries in window  : 1: 100, 2: 93, 3: 2, 4: 93, 5: 89, 6: 91, 7: 0, 8: 0, 9: 0, 10: 83, 11: 0, 12: 78
DFA state entries cumulative : 1: 6100, 2: 2870, 3: 101, 4: 2695, 5: 2397, 6: 2691, 7: 0, 8: 0, 9: 0, 10: 1953, 11: 0, 12: 1643
transitions cumulative       : 1->2: 2869, 2->3: 20, 2->4: 5, 2->6: 2691, 4->3: 53, 4->5: 2397, 4->10: 28, 5->4: 126, 5->10: 1925, 6->2: 1, 6->4: 2564, 10->3: 28, 10->12: 1643
accepted directly from s0    : 0
Gym endings cumulative       : terminated=4251, truncated=105

[Episode 6200/10000 | last 100]
success rate                : 73.0% (cumulative 27.7%)
failure rate                : 4.0% (cumulative 1.7%)
completed cycles / episode  : 0.000
synthetic task reward       : 7300.000
shaping reward              : 3041.356
learning reward             : 10341.356
episode length              : 320.0
abstract changes / episode  : 106.2
same abstract-state steps   : 66.8%
same-state shaping / episode: 0.000
changed-state shaping / ep. : 3041.356
terminal shaping / episode  : -300.909
DFA transitions / episode   : 5.01
DFA transitions in window   : 1->2: 89, 2->6: 86, 4->3: 3, 4->5: 82, 4->10: 1, 5->10: 80, 6->4: 86, 10->3: 1, 10->12: 73
epsilon (next episode)       : 0.08370
replay buffer                : 300000 samples [1: 44.7%, 2: 16.9%, 3: 0.0%, 4: 17.4%, 5: 4.8%, 6: 6.1%, 7: 0.0%, 8: 0.0%, 9: 0.0%, 10: 10.0%, 11: 0.0%, 12: 0.0%]
DFA state visits in window   : 1: 15477, 2: 5046, 3: 4, 4: 5130, 5: 1283, 6: 1925, 7: 0, 8: 0, 9: 0, 10: 3166, 11: 0, 12: 73
DFA state visits cumulative  : 1: 971544, 2: 171916, 3: 105, 4: 219814, 5: 82695, 6: 81575, 7: 0, 8: 0, 9: 0, 10: 128417, 11: 0, 12: 1716
DFA state entries in window  : 1: 100, 2: 89, 3: 4, 4: 86, 5: 82, 6: 86, 7: 0, 8: 0, 9: 0, 10: 81, 11: 0, 12: 73
DFA state entries cumulative : 1: 6200, 2: 2959, 3: 105, 4: 2781, 5: 2479, 6: 2777, 7: 0, 8: 0, 9: 0, 10: 2034, 11: 0, 12: 1716
transitions cumulative       : 1->2: 2958, 2->3: 20, 2->4: 5, 2->6: 2777, 4->3: 56, 4->5: 2479, 4->10: 29, 5->4: 126, 5->10: 2005, 6->2: 1, 6->4: 2650, 10->3: 29, 10->12: 1716
accepted directly from s0    : 0
Gym endings cumulative       : terminated=4274, truncated=105

[Episode 6300/10000 | last 100]
success rate                : 74.0% (cumulative 28.4%)
failure rate                : 2.0% (cumulative 1.7%)
completed cycles / episode  : 0.000
synthetic task reward       : 7400.000
shaping reward              : 3193.705
learning reward             : 10593.705
episode length              : 361.6
abstract changes / episode  : 119.9
same abstract-state steps   : 66.8%
same-state shaping / episode: 0.000
changed-state shaping / ep. : 3193.705
terminal shaping / episode  : -109.458
DFA transitions / episode   : 5.05
DFA transitions in window   : 1->2: 90, 2->6: 89, 4->3: 2, 4->5: 82, 4->10: 3, 5->4: 3, 5->10: 74, 6->4: 88, 10->12: 74
epsilon (next episode)       : 0.08042
replay buffer                : 300000 samples [1: 45.9%, 2: 16.6%, 3: 0.0%, 4: 17.4%, 5: 4.6%, 6: 6.0%, 7: 0.0%, 8: 0.0%, 9: 0.0%, 10: 9.6%, 11: 0.0%, 12: 0.0%]
DFA state visits in window   : 1: 19622, 2: 4949, 3: 2, 4: 5481, 5: 1457, 6: 1874, 7: 0, 8: 0, 9: 0, 10: 2799, 11: 0, 12: 74
DFA state visits cumulative  : 1: 991166, 2: 176865, 3: 107, 4: 225295, 5: 84152, 6: 83449, 7: 0, 8: 0, 9: 0, 10: 131216, 11: 0, 12: 1790
DFA state entries in window  : 1: 100, 2: 90, 3: 2, 4: 91, 5: 82, 6: 89, 7: 0, 8: 0, 9: 0, 10: 77, 11: 0, 12: 74
DFA state entries cumulative : 1: 6300, 2: 3049, 3: 107, 4: 2872, 5: 2561, 6: 2866, 7: 0, 8: 0, 9: 0, 10: 2111, 11: 0, 12: 1790
transitions cumulative       : 1->2: 3048, 2->3: 20, 2->4: 5, 2->6: 2866, 4->3: 58, 4->5: 2561, 4->10: 32, 5->4: 129, 5->10: 2079, 6->2: 1, 6->4: 2738, 10->3: 29, 10->12: 1790
accepted directly from s0    : 0
Gym endings cumulative       : terminated=4297, truncated=106

[Episode 6400/10000 | last 100]
success rate                : 79.0% (cumulative 29.2%)
failure rate                : 5.0% (cumulative 1.8%)
completed cycles / episode  : 0.000
synthetic task reward       : 7900.000
shaping reward              : 2996.629
learning reward             : 10896.629
episode length              : 332.7
abstract changes / episode  : 109.3
same abstract-state steps   : 67.2%
same-state shaping / episode: 0.000
changed-state shaping / ep. : 2996.629
terminal shaping / episode  : -329.900
DFA transitions / episode   : 4.94
DFA transitions in window   : 1->2: 87, 2->3: 3, 2->6: 83, 4->3: 1, 4->5: 78, 4->10: 2, 5->10: 78, 6->4: 82, 10->3: 1, 10->12: 79
epsilon (next episode)       : 0.07727
replay buffer                : 300000 samples [1: 46.6%, 2: 16.7%, 3: 0.0%, 4: 16.9%, 5: 4.4%, 6: 5.8%, 7: 0.0%, 8: 0.0%, 9: 0.0%, 10: 9.6%, 11: 0.0%, 12: 0.0%]
DFA state visits in window   : 1: 17750, 2: 5568, 3: 5, 4: 4847, 5: 921, 6: 1195, 7: 0, 8: 0, 9: 0, 10: 3007, 11: 0, 12: 79
DFA state visits cumulative  : 1: 1008916, 2: 182433, 3: 112, 4: 230142, 5: 85073, 6: 84644, 7: 0, 8: 0, 9: 0, 10: 134223, 11: 0, 12: 1869
DFA state entries in window  : 1: 100, 2: 87, 3: 5, 4: 82, 5: 78, 6: 83, 7: 0, 8: 0, 9: 0, 10: 80, 11: 0, 12: 79
DFA state entries cumulative : 1: 6400, 2: 3136, 3: 112, 4: 2954, 5: 2639, 6: 2949, 7: 0, 8: 0, 9: 0, 10: 2191, 11: 0, 12: 1869
transitions cumulative       : 1->2: 3135, 2->3: 23, 2->4: 5, 2->6: 2949, 4->3: 59, 4->5: 2639, 4->10: 34, 5->4: 129, 5->10: 2157, 6->2: 1, 6->4: 2820, 10->3: 30, 10->12: 1869
accepted directly from s0    : 0
Gym endings cumulative       : terminated=4312, truncated=107

[Episode 6500/10000 | last 100]
success rate                : 72.0% (cumulative 29.9%)
failure rate                : 2.0% (cumulative 1.8%)
completed cycles / episode  : 0.000
synthetic task reward       : 7200.000
shaping reward              : 2850.311
learning reward             : 10050.311
episode length              : 297.3
abstract changes / episode  : 97.0
same abstract-state steps   : 67.4%
same-state shaping / episode: 0.000
changed-state shaping / ep. : 2850.311
terminal shaping / episode  : -78.012
DFA transitions / episode   : 4.37
DFA transitions in window   : 1->2: 79, 2->3: 2, 2->4: 3, 2->6: 69, 4->5: 71, 4->10: 1, 5->10: 71, 6->4: 69, 10->12: 72
epsilon (next episode)       : 0.07423
replay buffer                : 300000 samples [1: 47.7%, 2: 16.5%, 3: 0.0%, 4: 16.6%, 5: 4.2%, 6: 5.6%, 7: 0.0%, 8: 0.0%, 9: 0.0%, 10: 9.4%, 11: 0.0%, 12: 0.0%]
DFA state visits in window   : 1: 15891, 2: 4798, 3: 2, 4: 4477, 5: 748, 6: 1148, 7: 0, 8: 0, 9: 0, 10: 2696, 11: 0, 12: 72
DFA state visits cumulative  : 1: 1024807, 2: 187231, 3: 114, 4: 234619, 5: 85821, 6: 85792, 7: 0, 8: 0, 9: 0, 10: 136919, 11: 0, 12: 1941
DFA state entries in window  : 1: 100, 2: 79, 3: 2, 4: 72, 5: 71, 6: 69, 7: 0, 8: 0, 9: 0, 10: 72, 11: 0, 12: 72
DFA state entries cumulative : 1: 6500, 2: 3215, 3: 114, 4: 3026, 5: 2710, 6: 3018, 7: 0, 8: 0, 9: 0, 10: 2263, 11: 0, 12: 1941
transitions cumulative       : 1->2: 3214, 2->3: 25, 2->4: 8, 2->6: 3018, 4->3: 59, 4->5: 2710, 4->10: 35, 5->4: 129, 5->10: 2228, 6->2: 1, 6->4: 2889, 10->3: 30, 10->12: 1941
accepted directly from s0    : 0
Gym endings cumulative       : terminated=4338, truncated=107

Starting autonomous greedy evaluation at episode 6500 (1000 fixed-seed episodes)...
[Greedy evaluation at episode 6500 | 1000 fixed-seed episodes]
success=61.7%, failure=3.3%, task reward=6170.000, length=294.4
DFA transitions: 1->2: 672, 2->3: 33, 2->4: 5, 2->6: 625, 4->5: 629, 4->10: 1, 5->10: 628, 6->4: 625, 10->12: 617

[Episode 6600/10000 | last 100]
success rate                : 76.0% (cumulative 30.6%)
failure rate                : 1.0% (cumulative 1.7%)
completed cycles / episode  : 0.000
synthetic task reward       : 7600.000
shaping reward              : 3217.999
learning reward             : 10817.999
episode length              : 315.0
abstract changes / episode  : 101.1
same abstract-state steps   : 67.9%
same-state shaping / episode: 0.000
changed-state shaping / ep. : 3217.999
terminal shaping / episode  : -15.304
DFA transitions / episode   : 4.83
DFA transitions in window   : 1->2: 84, 2->6: 81, 4->3: 1, 4->5: 80, 5->10: 80, 6->4: 81, 10->12: 76
epsilon (next episode)       : 0.07132
replay buffer                : 300000 samples [1: 48.2%, 2: 16.3%, 3: 0.0%, 4: 16.3%, 5: 4.0%, 6: 5.4%, 7: 0.0%, 8: 0.0%, 9: 0.0%, 10: 9.8%, 11: 0.0%, 12: 0.0%]
DFA state visits in window   : 1: 15656, 2: 5228, 3: 1, 4: 4994, 5: 930, 6: 1275, 7: 0, 8: 0, 9: 0, 10: 3436, 11: 0, 12: 76
DFA state visits cumulative  : 1: 1040463, 2: 192459, 3: 115, 4: 239613, 5: 86751, 6: 87067, 7: 0, 8: 0, 9: 0, 10: 140355, 11: 0, 12: 2017
DFA state entries in window  : 1: 100, 2: 84, 3: 1, 4: 81, 5: 80, 6: 81, 7: 0, 8: 0, 9: 0, 10: 80, 11: 0, 12: 76
DFA state entries cumulative : 1: 6600, 2: 3299, 3: 115, 4: 3107, 5: 2790, 6: 3099, 7: 0, 8: 0, 9: 0, 10: 2343, 11: 0, 12: 2017
transitions cumulative       : 1->2: 3298, 2->3: 25, 2->4: 8, 2->6: 3099, 4->3: 60, 4->5: 2790, 4->10: 35, 5->4: 129, 5->10: 2308, 6->2: 1, 6->4: 2970, 10->3: 30, 10->12: 2017
accepted directly from s0    : 0
Gym endings cumulative       : terminated=4360, truncated=108

[Episode 6700/10000 | last 100]
success rate                : 91.0% (cumulative 31.5%)
failure rate                : 0.0% (cumulative 1.7%)
completed cycles / episode  : 0.000
synthetic task reward       : 9100.000
shaping reward              : 3820.076
learning reward             : 12920.076
episode length              : 307.4
abstract changes / episode  : 104.7
same abstract-state steps   : 66.0%
same-state shaping / episode: 0.000
changed-state shaping / ep. : 3820.076
terminal shaping / episode  : 90.797
DFA transitions / episode   : 5.63
DFA transitions in window   : 1->2: 95, 2->6: 95, 4->5: 94, 4->10: 1, 5->10: 92, 6->4: 95, 10->12: 91
epsilon (next episode)       : 0.06853
replay buffer                : 300000 samples [1: 48.4%, 2: 16.5%, 3: 0.0%, 4: 16.5%, 5: 3.7%, 6: 5.3%, 7: 0.0%, 8: 0.0%, 9: 0.0%, 10: 9.6%, 11: 0.0%, 12: 0.0%]
DFA state visits in window   : 1: 13642, 2: 5791, 3: 0, 4: 5972, 5: 906, 6: 1749, 7: 0, 8: 0, 9: 0, 10: 2689, 11: 0, 12: 91
DFA state visits cumulative  : 1: 1054105, 2: 198250, 3: 115, 4: 245585, 5: 87657, 6: 88816, 7: 0, 8: 0, 9: 0, 10: 143044, 11: 0, 12: 2108
DFA state entries in window  : 1: 100, 2: 95, 3: 0, 4: 95, 5: 94, 6: 95, 7: 0, 8: 0, 9: 0, 10: 93, 11: 0, 12: 91
DFA state entries cumulative : 1: 6700, 2: 3394, 3: 115, 4: 3202, 5: 2884, 6: 3194, 7: 0, 8: 0, 9: 0, 10: 2436, 11: 0, 12: 2108
transitions cumulative       : 1->2: 3393, 2->3: 25, 2->4: 8, 2->6: 3194, 4->3: 60, 4->5: 2884, 4->10: 36, 5->4: 129, 5->10: 2400, 6->2: 1, 6->4: 3065, 10->3: 30, 10->12: 2108
accepted directly from s0    : 0
Gym endings cumulative       : terminated=4369, truncated=108

[Episode 6800/10000 | last 100]
success rate                : 90.0% (cumulative 32.3%)
failure rate                : 1.0% (cumulative 1.7%)
completed cycles / episode  : 0.000
synthetic task reward       : 9000.000
shaping reward              : 3803.730
learning reward             : 12803.730
episode length              : 310.4
abstract changes / episode  : 107.9
same abstract-state steps   : 65.2%
same-state shaping / episode: 0.000
changed-state shaping / ep. : 3803.730
terminal shaping / episode  : -5.205
DFA transitions / episode   : 5.73
DFA transitions in window   : 1->2: 97, 2->6: 97, 4->5: 96, 5->10: 95, 6->4: 97, 10->3: 1, 10->12: 90
epsilon (next episode)       : 0.06584
replay buffer                : 300000 samples [1: 48.5%, 2: 16.7%, 3: 0.0%, 4: 16.4%, 5: 3.6%, 6: 5.4%, 7: 0.0%, 8: 0.0%, 9: 0.0%, 10: 9.4%, 11: 0.0%, 12: 0.0%]
DFA state visits in window   : 1: 13810, 2: 5696, 3: 1, 4: 5510, 5: 1105, 6: 2364, 7: 0, 8: 0, 9: 0, 10: 2567, 11: 0, 12: 90
DFA state visits cumulative  : 1: 1067915, 2: 203946, 3: 116, 4: 251095, 5: 88762, 6: 91180, 7: 0, 8: 0, 9: 0, 10: 145611, 11: 0, 12: 2198
DFA state entries in window  : 1: 100, 2: 97, 3: 1, 4: 97, 5: 96, 6: 97, 7: 0, 8: 0, 9: 0, 10: 95, 11: 0, 12: 90
DFA state entries cumulative : 1: 6800, 2: 3491, 3: 116, 4: 3299, 5: 2980, 6: 3291, 7: 0, 8: 0, 9: 0, 10: 2531, 11: 0, 12: 2198
transitions cumulative       : 1->2: 3490, 2->3: 25, 2->4: 8, 2->6: 3291, 4->3: 60, 4->5: 2980, 4->10: 36, 5->4: 129, 5->10: 2495, 6->2: 1, 6->4: 3162, 10->3: 31, 10->12: 2198
accepted directly from s0    : 0
Gym endings cumulative       : terminated=4378, truncated=108

[Episode 6900/10000 | last 100]
success rate                : 82.0% (cumulative 33.0%)
failure rate                : 6.0% (cumulative 1.8%)
completed cycles / episode  : 0.000
synthetic task reward       : 8200.000
shaping reward              : 3334.713
learning reward             : 11534.713
episode length              : 322.4
abstract changes / episode  : 107.4
same abstract-state steps   : 66.7%
same-state shaping / episode: 0.000
changed-state shaping / ep. : 3334.713
terminal shaping / episode  : -418.252
DFA transitions / episode   : 5.52
DFA transitions in window   : 1->2: 97, 2->3: 3, 2->6: 94, 4->3: 2, 4->5: 88, 4->10: 4, 5->10: 87, 6->4: 94, 10->3: 1, 10->12: 82
epsilon (next episode)       : 0.06326
replay buffer                : 300000 samples [1: 48.5%, 2: 16.8%, 3: 0.0%, 4: 16.4%, 5: 3.6%, 6: 5.5%, 7: 0.0%, 8: 0.0%, 9: 0.0%, 10: 9.3%, 11: 0.0%, 12: 0.0%]
DFA state visits in window   : 1: 14892, 2: 5660, 3: 6, 4: 5550, 5: 1103, 6: 2166, 7: 0, 8: 0, 9: 0, 10: 2882, 11: 0, 12: 82
DFA state visits cumulative  : 1: 1082807, 2: 209606, 3: 122, 4: 256645, 5: 89865, 6: 93346, 7: 0, 8: 0, 9: 0, 10: 148493, 11: 0, 12: 2280
DFA state entries in window  : 1: 100, 2: 97, 3: 6, 4: 94, 5: 88, 6: 94, 7: 0, 8: 0, 9: 0, 10: 91, 11: 0, 12: 82
DFA state entries cumulative : 1: 6900, 2: 3588, 3: 122, 4: 3393, 5: 3068, 6: 3385, 7: 0, 8: 0, 9: 0, 10: 2622, 11: 0, 12: 2280
transitions cumulative       : 1->2: 3587, 2->3: 28, 2->4: 8, 2->6: 3385, 4->3: 62, 4->5: 3068, 4->10: 40, 5->4: 129, 5->10: 2582, 6->2: 1, 6->4: 3256, 10->3: 32, 10->12: 2280
accepted directly from s0    : 0
Gym endings cumulative       : terminated=4388, truncated=110

[Episode 7000/10000 | last 100]
success rate                : 87.0% (cumulative 33.8%)
failure rate                : 6.0% (cumulative 1.8%)
completed cycles / episode  : 0.000
synthetic task reward       : 8700.000
shaping reward              : 3289.215
learning reward             : 11989.215
episode length              : 291.8
abstract changes / episode  : 100.4
same abstract-state steps   : 65.6%
same-state shaping / episode: 0.000
changed-state shaping / ep. : 3289.215
terminal shaping / episode  : -373.982
DFA transitions / episode   : 5.49
DFA transitions in window   : 1->2: 96, 2->3: 5, 2->6: 91, 4->3: 1, 4->5: 89, 4->10: 1, 5->10: 88, 6->4: 91, 10->12: 87
epsilon (next episode)       : 0.06078
replay buffer                : 300000 samples [1: 48.5%, 2: 17.1%, 3: 0.0%, 4: 16.5%, 5: 3.3%, 6: 5.5%, 7: 0.0%, 8: 0.0%, 9: 0.0%, 10: 9.1%, 11: 0.0%, 12: 0.0%]
DFA state visits in window   : 1: 12709, 2: 5845, 3: 6, 4: 5275, 5: 885, 6: 1834, 7: 0, 8: 0, 9: 0, 10: 2640, 11: 0, 12: 87
DFA state visits cumulative  : 1: 1095516, 2: 215451, 3: 128, 4: 261920, 5: 90750, 6: 95180, 7: 0, 8: 0, 9: 0, 10: 151133, 11: 0, 12: 2367
DFA state entries in window  : 1: 100, 2: 96, 3: 6, 4: 91, 5: 89, 6: 91, 7: 0, 8: 0, 9: 0, 10: 89, 11: 0, 12: 87
DFA state entries cumulative : 1: 7000, 2: 3684, 3: 128, 4: 3484, 5: 3157, 6: 3476, 7: 0, 8: 0, 9: 0, 10: 2711, 11: 0, 12: 2367
transitions cumulative       : 1->2: 3683, 2->3: 33, 2->4: 8, 2->6: 3476, 4->3: 63, 4->5: 3157, 4->10: 41, 5->4: 129, 5->10: 2670, 6->2: 1, 6->4: 3347, 10->3: 32, 10->12: 2367
accepted directly from s0    : 0
Gym endings cumulative       : terminated=4395, truncated=110

Starting autonomous greedy evaluation at episode 7000 (1000 fixed-seed episodes)...
[Greedy evaluation at episode 7000 | 1000 fixed-seed episodes]
success=94.5%, failure=2.4%, task reward=9450.000, length=293.4
DFA transitions: 1->2: 981, 2->4: 1, 2->6: 980, 4->3: 24, 4->5: 702, 4->10: 254, 5->10: 700, 6->4: 980, 10->12: 945

[Episode 7100/10000 | last 100]
success rate                : 75.0% (cumulative 34.4%)
failure rate                : 11.0% (cumulative 2.0%)
completed cycles / episode  : 0.000
synthetic task reward       : 7500.000
shaping reward              : 2507.363
learning reward             : 10007.363
episode length              : 326.4
abstract changes / episode  : 102.4
same abstract-state steps   : 68.6%
same-state shaping / episode: 0.000
changed-state shaping / ep. : 2507.363
terminal shaping / episode  : -922.240
DFA transitions / episode   : 4.97
DFA transitions in window   : 1->2: 90, 2->3: 1, 2->4: 1, 2->6: 88, 4->3: 10, 4->5: 68, 4->10: 10, 5->10: 66, 6->4: 88, 10->12: 75
epsilon (next episode)       : 0.05839
replay buffer                : 300000 samples [1: 49.3%, 2: 17.0%, 3: 0.0%, 4: 16.5%, 5: 3.1%, 6: 5.4%, 7: 0.0%, 8: 0.0%, 9: 0.0%, 10: 8.7%, 11: 0.0%, 12: 0.0%]
DFA state visits in window   : 1: 17887, 2: 5053, 3: 11, 4: 5328, 5: 673, 6: 1675, 7: 0, 8: 0, 9: 0, 10: 2036, 11: 0, 12: 75
DFA state visits cumulative  : 1: 1113403, 2: 220504, 3: 139, 4: 267248, 5: 91423, 6: 96855, 7: 0, 8: 0, 9: 0, 10: 153169, 11: 0, 12: 2442
DFA state entries in window  : 1: 100, 2: 90, 3: 11, 4: 89, 5: 68, 6: 88, 7: 0, 8: 0, 9: 0, 10: 76, 11: 0, 12: 75
DFA state entries cumulative : 1: 7100, 2: 3774, 3: 139, 4: 3573, 5: 3225, 6: 3564, 7: 0, 8: 0, 9: 0, 10: 2787, 11: 0, 12: 2442
transitions cumulative       : 1->2: 3773, 2->3: 34, 2->4: 9, 2->6: 3564, 4->3: 73, 4->5: 3225, 4->10: 51, 5->4: 129, 5->10: 2736, 6->2: 1, 6->4: 3435, 10->3: 32, 10->12: 2442
accepted directly from s0    : 0
Gym endings cumulative       : terminated=4407, truncated=112

[Episode 7200/10000 | last 100]
success rate                : 80.0% (cumulative 35.0%)
failure rate                : 4.0% (cumulative 2.0%)
completed cycles / episode  : 0.000
synthetic task reward       : 8000.000
shaping reward              : 3210.639
learning reward             : 11210.639
episode length              : 372.6
abstract changes / episode  : 108.0
same abstract-state steps   : 71.0%
same-state shaping / episode: 0.000
changed-state shaping / ep. : 3210.639
terminal shaping / episode  : -239.552
DFA transitions / episode   : 5.13
DFA transitions in window   : 1->2: 90, 2->3: 3, 2->4: 1, 2->6: 86, 4->3: 1, 4->5: 83, 4->10: 1, 5->10: 83, 6->4: 85, 10->12: 80
epsilon (next episode)       : 0.05610
replay buffer                : 300000 samples [1: 50.4%, 2: 16.6%, 3: 0.0%, 4: 16.3%, 5: 2.8%, 6: 5.4%, 7: 0.0%, 8: 0.0%, 9: 0.0%, 10: 8.6%, 11: 0.0%, 12: 0.0%]
DFA state visits in window   : 1: 21718, 2: 4518, 3: 4, 4: 5239, 5: 700, 6: 2175, 7: 0, 8: 0, 9: 0, 10: 2925, 11: 0, 12: 80
DFA state visits cumulative  : 1: 1135121, 2: 225022, 3: 143, 4: 272487, 5: 92123, 6: 99030, 7: 0, 8: 0, 9: 0, 10: 156094, 11: 0, 12: 2522
DFA state entries in window  : 1: 100, 2: 90, 3: 4, 4: 86, 5: 83, 6: 86, 7: 0, 8: 0, 9: 0, 10: 84, 11: 0, 12: 80
DFA state entries cumulative : 1: 7200, 2: 3864, 3: 143, 4: 3659, 5: 3308, 6: 3650, 7: 0, 8: 0, 9: 0, 10: 2871, 11: 0, 12: 2522
transitions cumulative       : 1->2: 3863, 2->3: 37, 2->4: 10, 2->6: 3650, 4->3: 74, 4->5: 3308, 4->10: 52, 5->4: 129, 5->10: 2819, 6->2: 1, 6->4: 3520, 10->3: 32, 10->12: 2522
accepted directly from s0    : 0
Gym endings cumulative       : terminated=4421, truncated=114

[Episode 7300/10000 | last 100]
success rate                : 90.0% (cumulative 35.8%)
failure rate                : 2.0% (cumulative 2.0%)
completed cycles / episode  : 0.000
synthetic task reward       : 9000.000
shaping reward              : 3707.254
learning reward             : 12707.254
episode length              : 310.3
abstract changes / episode  : 106.2
same abstract-state steps   : 65.8%
same-state shaping / episode: 0.000
changed-state shaping / ep. : 3707.254
terminal shaping / episode  : -58.785
DFA transitions / episode   : 5.63
DFA transitions in window   : 1->2: 97, 2->3: 2, 2->6: 94, 4->5: 93, 4->10: 1, 5->10: 92, 6->4: 94, 10->12: 90
epsilon (next episode)       : 0.05390
replay buffer                : 300000 samples [1: 48.9%, 2: 17.1%, 3: 0.0%, 4: 16.9%, 5: 2.7%, 6: 5.9%, 7: 0.0%, 8: 0.0%, 9: 0.0%, 10: 8.5%, 11: 0.0%, 12: 0.0%]
DFA state visits in window   : 1: 13673, 2: 5649, 3: 2, 4: 5872, 5: 607, 6: 2811, 7: 0, 8: 0, 9: 0, 10: 2425, 11: 0, 12: 90
DFA state visits cumulative  : 1: 1148794, 2: 230671, 3: 145, 4: 278359, 5: 92730, 6: 101841, 7: 0, 8: 0, 9: 0, 10: 158519, 11: 0, 12: 2612
DFA state entries in window  : 1: 100, 2: 97, 3: 2, 4: 94, 5: 93, 6: 94, 7: 0, 8: 0, 9: 0, 10: 93, 11: 0, 12: 90
DFA state entries cumulative : 1: 7300, 2: 3961, 3: 145, 4: 3753, 5: 3401, 6: 3744, 7: 0, 8: 0, 9: 0, 10: 2964, 11: 0, 12: 2612
transitions cumulative       : 1->2: 3960, 2->3: 39, 2->4: 10, 2->6: 3744, 4->3: 74, 4->5: 3401, 4->10: 53, 5->4: 129, 5->10: 2911, 6->2: 1, 6->4: 3614, 10->3: 32, 10->12: 2612
accepted directly from s0    : 0
Gym endings cumulative       : terminated=4429, truncated=114

[Episode 7400/10000 | last 100]
success rate                : 73.0% (cumulative 36.3%)
failure rate                : 2.0% (cumulative 2.0%)
completed cycles / episode  : 0.000
synthetic task reward       : 7300.000
shaping reward              : 2959.153
learning reward             : 10259.153
episode length              : 314.9
abstract changes / episode  : 102.5
same abstract-state steps   : 67.5%
same-state shaping / episode: 0.000
changed-state shaping / ep. : 2959.153
terminal shaping / episode  : -98.170
DFA transitions / episode   : 4.70
DFA transitions in window   : 1->2: 87, 2->3: 1, 2->6: 80, 4->5: 75, 4->10: 1, 5->10: 75, 6->4: 77, 10->3: 1, 10->12: 73
epsilon (next episode)       : 0.05179
replay buffer                : 300000 samples [1: 49.2%, 2: 16.7%, 3: 0.0%, 4: 16.8%, 5: 2.8%, 6: 6.1%, 7: 0.0%, 8: 0.0%, 9: 0.0%, 10: 8.3%, 11: 0.0%, 12: 0.0%]
DFA state visits in window   : 1: 16567, 2: 4900, 3: 2, 4: 4839, 5: 1080, 6: 1990, 7: 0, 8: 0, 9: 0, 10: 2142, 11: 0, 12: 73
DFA state visits cumulative  : 1: 1165361, 2: 235571, 3: 147, 4: 283198, 5: 93810, 6: 103831, 7: 0, 8: 0, 9: 0, 10: 160661, 11: 0, 12: 2685
DFA state entries in window  : 1: 100, 2: 87, 3: 2, 4: 77, 5: 75, 6: 80, 7: 0, 8: 0, 9: 0, 10: 76, 11: 0, 12: 73
DFA state entries cumulative : 1: 7400, 2: 4048, 3: 147, 4: 3830, 5: 3476, 6: 3824, 7: 0, 8: 0, 9: 0, 10: 3040, 11: 0, 12: 2685
transitions cumulative       : 1->2: 4047, 2->3: 40, 2->4: 10, 2->6: 3824, 4->3: 74, 4->5: 3476, 4->10: 54, 5->4: 129, 5->10: 2986, 6->2: 1, 6->4: 3691, 10->3: 33, 10->12: 2685
accepted directly from s0    : 0
Gym endings cumulative       : terminated=4454, truncated=114

[Episode 7500/10000 | last 100]
success rate                : 92.0% (cumulative 37.0%)
failure rate                : 1.0% (cumulative 2.0%)
completed cycles / episode  : 0.000
synthetic task reward       : 9200.000
shaping reward              : 3699.601
learning reward             : 12899.601
episode length              : 310.8
abstract changes / episode  : 105.1
same abstract-state steps   : 66.2%
same-state shaping / episode: 0.000
changed-state shaping / ep. : 3699.601
terminal shaping / episode  : 16.188
DFA transitions / episode   : 5.56
DFA transitions in window   : 1->2: 94, 2->3: 1, 2->4: 1, 2->6: 92, 4->5: 92, 5->10: 92, 6->4: 92, 10->12: 92
epsilon (next episode)       : 0.04976
replay buffer                : 300000 samples [1: 48.3%, 2: 17.0%, 3: 0.0%, 4: 17.2%, 5: 2.7%, 6: 6.6%, 7: 0.0%, 8: 0.0%, 9: 0.0%, 10: 8.1%, 11: 0.0%, 12: 0.0%]
DFA state visits in window   : 1: 14176, 2: 5554, 3: 1, 4: 5854, 5: 577, 6: 2618, 7: 0, 8: 0, 9: 0, 10: 2308, 11: 0, 12: 92
DFA state visits cumulative  : 1: 1179537, 2: 241125, 3: 148, 4: 289052, 5: 94387, 6: 106449, 7: 0, 8: 0, 9: 0, 10: 162969, 11: 0, 12: 2777
DFA state entries in window  : 1: 100, 2: 94, 3: 1, 4: 93, 5: 92, 6: 92, 7: 0, 8: 0, 9: 0, 10: 92, 11: 0, 12: 92
DFA state entries cumulative : 1: 7500, 2: 4142, 3: 148, 4: 3923, 5: 3568, 6: 3916, 7: 0, 8: 0, 9: 0, 10: 3132, 11: 0, 12: 2777
transitions cumulative       : 1->2: 4141, 2->3: 41, 2->4: 11, 2->6: 3916, 4->3: 74, 4->5: 3568, 4->10: 54, 5->4: 129, 5->10: 3078, 6->2: 1, 6->4: 3783, 10->3: 33, 10->12: 2777
accepted directly from s0    : 0
Gym endings cumulative       : terminated=4461, truncated=114

Starting autonomous greedy evaluation at episode 7500 (1000 fixed-seed episodes)...
[Greedy evaluation at episode 7500 | 1000 fixed-seed episodes]
success=94.4%, failure=0.4%, task reward=9440.000, length=288.3
DFA transitions: 1->2: 971, 2->3: 2, 2->4: 3, 2->6: 957, 4->3: 2, 4->5: 942, 4->10: 4, 5->10: 942, 6->4: 950, 10->12: 944

[Episode 7600/10000 | last 100]
success rate                : 83.0% (cumulative 37.6%)
failure rate                : 4.0% (cumulative 2.0%)
completed cycles / episode  : 0.000
synthetic task reward       : 8300.000
shaping reward              : 3207.009
learning reward             : 11507.009
episode length              : 302.9
abstract changes / episode  : 105.6
same abstract-state steps   : 65.1%
same-state shaping / episode: 0.000
changed-state shaping / ep. : 3207.009
terminal shaping / episode  : -254.277
DFA transitions / episode   : 5.14
DFA transitions in window   : 1->2: 91, 2->3: 2, 2->4: 2, 2->6: 84, 4->3: 2, 4->5: 82, 4->10: 2, 5->10: 82, 6->4: 84, 10->12: 83
epsilon (next episode)       : 0.04781
replay buffer                : 300000 samples [1: 48.7%, 2: 16.9%, 3: 0.0%, 4: 17.1%, 5: 2.6%, 6: 6.9%, 7: 0.0%, 8: 0.0%, 9: 0.0%, 10: 7.8%, 11: 0.0%, 12: 0.0%]
DFA state visits in window   : 1: 14598, 2: 5302, 3: 4, 4: 5142, 5: 709, 6: 2311, 7: 0, 8: 0, 9: 0, 10: 2238, 11: 0, 12: 83
DFA state visits cumulative  : 1: 1194135, 2: 246427, 3: 152, 4: 294194, 5: 95096, 6: 108760, 7: 0, 8: 0, 9: 0, 10: 165207, 11: 0, 12: 2860
DFA state entries in window  : 1: 100, 2: 91, 3: 4, 4: 86, 5: 82, 6: 84, 7: 0, 8: 0, 9: 0, 10: 84, 11: 0, 12: 83
DFA state entries cumulative : 1: 7600, 2: 4233, 3: 152, 4: 4009, 5: 3650, 6: 4000, 7: 0, 8: 0, 9: 0, 10: 3216, 11: 0, 12: 2860
transitions cumulative       : 1->2: 4232, 2->3: 43, 2->4: 13, 2->6: 4000, 4->3: 76, 4->5: 3650, 4->10: 56, 5->4: 129, 5->10: 3160, 6->2: 1, 6->4: 3867, 10->3: 33, 10->12: 2860
accepted directly from s0    : 0
Gym endings cumulative       : terminated=4474, truncated=114

[Episode 7700/10000 | last 100]
success rate                : 88.0% (cumulative 38.3%)
failure rate                : 4.0% (cumulative 2.0%)
completed cycles / episode  : 0.000
synthetic task reward       : 8800.000
shaping reward              : 3323.851
learning reward             : 12123.851
episode length              : 298.8
abstract changes / episode  : 105.2
same abstract-state steps   : 64.8%
same-state shaping / episode: 0.000
changed-state shaping / ep. : 3323.851
terminal shaping / episode  : -229.936
DFA transitions / episode   : 5.34
DFA transitions in window   : 1->2: 92, 2->3: 3, 2->4: 3, 2->6: 86, 4->3: 1, 4->5: 87, 4->10: 1, 5->10: 87, 6->4: 86, 10->12: 88
epsilon (next episode)       : 0.04593
replay buffer                : 300000 samples [1: 48.6%, 2: 17.0%, 3: 0.0%, 4: 16.9%, 5: 2.6%, 6: 6.9%, 7: 0.0%, 8: 0.0%, 9: 0.0%, 10: 7.9%, 11: 0.0%, 12: 0.0%]
DFA state visits in window   : 1: 13240, 2: 5918, 3: 4, 4: 5149, 5: 872, 6: 2098, 7: 0, 8: 0, 9: 0, 10: 2615, 11: 0, 12: 88
DFA state visits cumulative  : 1: 1207375, 2: 252345, 3: 156, 4: 299343, 5: 95968, 6: 110858, 7: 0, 8: 0, 9: 0, 10: 167822, 11: 0, 12: 2948
DFA state entries in window  : 1: 100, 2: 92, 3: 4, 4: 89, 5: 87, 6: 86, 7: 0, 8: 0, 9: 0, 10: 88, 11: 0, 12: 88
DFA state entries cumulative : 1: 7700, 2: 4325, 3: 156, 4: 4098, 5: 3737, 6: 4086, 7: 0, 8: 0, 9: 0, 10: 3304, 11: 0, 12: 2948
transitions cumulative       : 1->2: 4324, 2->3: 46, 2->4: 16, 2->6: 4086, 4->3: 77, 4->5: 3737, 4->10: 57, 5->4: 129, 5->10: 3247, 6->2: 1, 6->4: 3953, 10->3: 33, 10->12: 2948
accepted directly from s0    : 0
Gym endings cumulative       : terminated=4482, truncated=114

[Episode 7800/10000 | last 100]
success rate                : 72.0% (cumulative 38.7%)
failure rate                : 2.0% (cumulative 2.0%)
completed cycles / episode  : 0.000
synthetic task reward       : 7200.000
shaping reward              : 2734.401
learning reward             : 9934.401
episode length              : 275.9
abstract changes / episode  : 94.9
same abstract-state steps   : 65.6%
same-state shaping / episode: 0.000
changed-state shaping / ep. : 2734.401
terminal shaping / episode  : -96.814
DFA transitions / episode   : 4.42
DFA transitions in window   : 1->2: 76, 2->3: 1, 2->6: 75, 4->3: 1, 4->5: 69, 4->10: 5, 5->10: 68, 6->4: 75, 10->12: 72
epsilon (next episode)       : 0.04413
replay buffer                : 300000 samples [1: 49.1%, 2: 16.9%, 3: 0.0%, 4: 16.9%, 5: 2.5%, 6: 6.9%, 7: 0.0%, 8: 0.0%, 9: 0.0%, 10: 7.7%, 11: 0.0%, 12: 0.0%]
DFA state visits in window   : 1: 14481, 2: 4194, 3: 2, 4: 4421, 5: 768, 6: 1861, 7: 0, 8: 0, 9: 0, 10: 1891, 11: 0, 12: 72
DFA state visits cumulative  : 1: 1221856, 2: 256539, 3: 158, 4: 303764, 5: 96736, 6: 112719, 7: 0, 8: 0, 9: 0, 10: 169713, 11: 0, 12: 3020
DFA state entries in window  : 1: 100, 2: 76, 3: 2, 4: 75, 5: 69, 6: 75, 7: 0, 8: 0, 9: 0, 10: 73, 11: 0, 12: 72
DFA state entries cumulative : 1: 7800, 2: 4401, 3: 158, 4: 4173, 5: 3806, 6: 4161, 7: 0, 8: 0, 9: 0, 10: 3377, 11: 0, 12: 3020
transitions cumulative       : 1->2: 4400, 2->3: 47, 2->4: 16, 2->6: 4161, 4->3: 78, 4->5: 3806, 4->10: 62, 5->4: 129, 5->10: 3315, 6->2: 1, 6->4: 4028, 10->3: 33, 10->12: 3020
accepted directly from s0    : 0
Gym endings cumulative       : terminated=4507, truncated=115

[Episode 7900/10000 | last 100]
success rate                : 81.0% (cumulative 39.3%)
failure rate                : 7.0% (cumulative 2.1%)
completed cycles / episode  : 0.000
synthetic task reward       : 8100.000
shaping reward              : 2947.049
learning reward             : 11047.049
episode length              : 288.7
abstract changes / episode  : 99.1
same abstract-state steps   : 65.7%
same-state shaping / episode: 0.000
changed-state shaping / ep. : 2947.049
terminal shaping / episode  : -564.921
DFA transitions / episode   : 5.18
DFA transitions in window   : 1->2: 94, 2->6: 88, 4->3: 7, 4->5: 79, 4->10: 2, 5->10: 79, 6->4: 88, 10->12: 81
epsilon (next episode)       : 0.04240
replay buffer                : 300000 samples [1: 49.5%, 2: 16.6%, 3: 0.0%, 4: 16.9%, 5: 2.4%, 6: 7.2%, 7: 0.0%, 8: 0.0%, 9: 0.0%, 10: 7.4%, 11: 0.0%, 12: 0.0%]
DFA state visits in window   : 1: 13494, 2: 4869, 3: 7, 4: 5206, 5: 761, 6: 2703, 7: 0, 8: 0, 9: 0, 10: 1845, 11: 0, 12: 81
DFA state visits cumulative  : 1: 1235350, 2: 261408, 3: 165, 4: 308970, 5: 97497, 6: 115422, 7: 0, 8: 0, 9: 0, 10: 171558, 11: 0, 12: 3101
DFA state entries in window  : 1: 100, 2: 94, 3: 7, 4: 88, 5: 79, 6: 88, 7: 0, 8: 0, 9: 0, 10: 81, 11: 0, 12: 81
DFA state entries cumulative : 1: 7900, 2: 4495, 3: 165, 4: 4261, 5: 3885, 6: 4249, 7: 0, 8: 0, 9: 0, 10: 3458, 11: 0, 12: 3101
transitions cumulative       : 1->2: 4494, 2->3: 47, 2->4: 16, 2->6: 4249, 4->3: 85, 4->5: 3885, 4->10: 64, 5->4: 129, 5->10: 3394, 6->2: 1, 6->4: 4116, 10->3: 33, 10->12: 3101
accepted directly from s0    : 0
Gym endings cumulative       : terminated=4519, truncated=115

[Episode 8000/10000 | last 100]
success rate                : 79.0% (cumulative 39.8%)
failure rate                : 2.0% (cumulative 2.1%)
completed cycles / episode  : 0.000
synthetic task reward       : 7900.000
shaping reward              : 3157.361
learning reward             : 11057.361
episode length              : 295.4
abstract changes / episode  : 99.7
same abstract-state steps   : 66.2%
same-state shaping / episode: 0.000
changed-state shaping / ep. : 3157.361
terminal shaping / episode  : -112.044
DFA transitions / episode   : 4.90
DFA transitions in window   : 1->2: 83, 2->6: 82, 4->3: 1, 4->5: 81, 5->10: 81, 6->4: 82, 10->3: 1, 10->12: 79
epsilon (next episode)       : 0.04074
replay buffer                : 300000 samples [1: 49.9%, 2: 16.2%, 3: 0.0%, 4: 16.8%, 5: 2.5%, 6: 7.4%, 7: 0.0%, 8: 0.0%, 9: 0.0%, 10: 7.2%, 11: 0.0%, 12: 0.0%]
DFA state visits in window   : 1: 14671, 2: 4558, 3: 2, 4: 5141, 5: 934, 6: 2456, 7: 0, 8: 0, 9: 0, 10: 1797, 11: 0, 12: 79
DFA state visits cumulative  : 1: 1250021, 2: 265966, 3: 167, 4: 314111, 5: 98431, 6: 117878, 7: 0, 8: 0, 9: 0, 10: 173355, 11: 0, 12: 3180
DFA state entries in window  : 1: 100, 2: 83, 3: 2, 4: 82, 5: 81, 6: 82, 7: 0, 8: 0, 9: 0, 10: 81, 11: 0, 12: 79
DFA state entries cumulative : 1: 8000, 2: 4578, 3: 167, 4: 4343, 5: 3966, 6: 4331, 7: 0, 8: 0, 9: 0, 10: 3539, 11: 0, 12: 3180
transitions cumulative       : 1->2: 4577, 2->3: 47, 2->4: 16, 2->6: 4331, 4->3: 86, 4->5: 3966, 4->10: 64, 5->4: 129, 5->10: 3475, 6->2: 1, 6->4: 4198, 10->3: 34, 10->12: 3180
accepted directly from s0    : 0
Gym endings cumulative       : terminated=4538, truncated=115

Starting autonomous greedy evaluation at episode 8000 (1000 fixed-seed episodes)...
[Greedy evaluation at episode 8000 | 1000 fixed-seed episodes]
success=91.9%, failure=0.7%, task reward=9190.000, length=330.0
DFA transitions: 1->2: 958, 2->3: 6, 2->4: 4, 2->6: 933, 4->3: 1, 4->5: 910, 4->10: 23, 5->10: 910, 6->4: 930, 10->12: 919

[Episode 8100/10000 | last 100]
success rate                : 76.0% (cumulative 40.2%)
failure rate                : 7.0% (cumulative 2.1%)
completed cycles / episode  : 0.000
synthetic task reward       : 7600.000
shaping reward              : 2775.931
learning reward             : 10375.931
episode length              : 296.7
abstract changes / episode  : 101.0
same abstract-state steps   : 66.0%
same-state shaping / episode: 0.000
changed-state shaping / ep. : 2775.931
terminal shaping / episode  : -553.029
DFA transitions / episode   : 4.94
DFA transitions in window   : 1->2: 88, 2->3: 1, 2->4: 2, 2->6: 81, 4->3: 2, 4->5: 78, 4->10: 3, 5->10: 78, 6->4: 81, 10->3: 4, 10->12: 76
epsilon (next episode)       : 0.03914
replay buffer                : 300000 samples [1: 48.7%, 2: 16.7%, 3: 0.0%, 4: 17.1%, 5: 2.6%, 6: 7.6%, 7: 0.0%, 8: 0.0%, 9: 0.0%, 10: 7.4%, 11: 0.0%, 12: 0.0%]
DFA state visits in window   : 1: 14233, 2: 5224, 3: 7, 4: 5074, 5: 849, 6: 1914, 7: 0, 8: 0, 9: 0, 10: 2394, 11: 0, 12: 76
DFA state visits cumulative  : 1: 1264254, 2: 271190, 3: 174, 4: 319185, 5: 99280, 6: 119792, 7: 0, 8: 0, 9: 0, 10: 175749, 11: 0, 12: 3256
DFA state entries in window  : 1: 100, 2: 88, 3: 7, 4: 83, 5: 78, 6: 81, 7: 0, 8: 0, 9: 0, 10: 81, 11: 0, 12: 76
DFA state entries cumulative : 1: 8100, 2: 4666, 3: 174, 4: 4426, 5: 4044, 6: 4412, 7: 0, 8: 0, 9: 0, 10: 3620, 11: 0, 12: 3256
transitions cumulative       : 1->2: 4665, 2->3: 48, 2->4: 18, 2->6: 4412, 4->3: 88, 4->5: 4044, 4->10: 67, 5->4: 129, 5->10: 3553, 6->2: 1, 6->4: 4279, 10->3: 38, 10->12: 3256
accepted directly from s0    : 0
Gym endings cumulative       : terminated=4555, truncated=115

[Episode 8200/10000 | last 100]
success rate                : 84.0% (cumulative 40.7%)
failure rate                : 3.0% (cumulative 2.2%)
completed cycles / episode  : 0.000
synthetic task reward       : 8400.000
shaping reward              : 3268.597
learning reward             : 11668.597
episode length              : 292.1
abstract changes / episode  : 98.2
same abstract-state steps   : 66.4%
same-state shaping / episode: 0.000
changed-state shaping / ep. : 3268.597
terminal shaping / episode  : -176.759
DFA transitions / episode   : 5.21
DFA transitions in window   : 1->2: 90, 2->3: 1, 2->4: 1, 2->6: 87, 4->3: 2, 4->5: 84, 4->10: 2, 5->10: 83, 6->4: 87, 10->12: 84
epsilon (next episode)       : 0.03760
replay buffer                : 300000 samples [1: 47.9%, 2: 17.3%, 3: 0.0%, 4: 17.4%, 5: 2.6%, 6: 7.4%, 7: 0.0%, 8: 0.0%, 9: 0.0%, 10: 7.4%, 11: 0.0%, 12: 0.0%]
DFA state visits in window   : 1: 13952, 2: 5637, 3: 3, 4: 5224, 5: 507, 6: 1318, 7: 0, 8: 0, 9: 0, 10: 2583, 11: 0, 12: 84
DFA state visits cumulative  : 1: 1278206, 2: 276827, 3: 177, 4: 324409, 5: 99787, 6: 121110, 7: 0, 8: 0, 9: 0, 10: 178332, 11: 0, 12: 3340
DFA state entries in window  : 1: 100, 2: 90, 3: 3, 4: 88, 5: 84, 6: 87, 7: 0, 8: 0, 9: 0, 10: 85, 11: 0, 12: 84
DFA state entries cumulative : 1: 8200, 2: 4756, 3: 177, 4: 4514, 5: 4128, 6: 4499, 7: 0, 8: 0, 9: 0, 10: 3705, 11: 0, 12: 3340
transitions cumulative       : 1->2: 4755, 2->3: 49, 2->4: 19, 2->6: 4499, 4->3: 90, 4->5: 4128, 4->10: 69, 5->4: 129, 5->10: 3636, 6->2: 1, 6->4: 4366, 10->3: 38, 10->12: 3340
accepted directly from s0    : 0
Gym endings cumulative       : terminated=4568, truncated=115

[Episode 8300/10000 | last 100]
success rate                : 82.0% (cumulative 41.2%)
failure rate                : 8.0% (cumulative 2.2%)
completed cycles / episode  : 0.000
synthetic task reward       : 8200.000
shaping reward              : 2936.094
learning reward             : 11136.094
episode length              : 315.2
abstract changes / episode  : 100.5
same abstract-state steps   : 68.1%
same-state shaping / episode: 0.000
changed-state shaping / ep. : 2936.094
terminal shaping / episode  : -656.575
DFA transitions / episode   : 5.19
DFA transitions in window   : 1->2: 93, 2->6: 93, 4->3: 8, 4->5: 67, 4->10: 17, 5->10: 67, 6->4: 92, 10->12: 82
epsilon (next episode)       : 0.03613
replay buffer                : 300000 samples [1: 48.4%, 2: 17.1%, 3: 0.0%, 4: 17.4%, 5: 2.5%, 6: 7.1%, 7: 0.0%, 8: 0.0%, 9: 0.0%, 10: 7.5%, 11: 0.0%, 12: 0.0%]
DFA state visits in window   : 1: 15728, 2: 5075, 3: 8, 4: 5761, 5: 502, 6: 1815, 7: 0, 8: 0, 9: 0, 10: 2645, 11: 0, 12: 82
DFA state visits cumulative  : 1: 1293934, 2: 281902, 3: 185, 4: 330170, 5: 100289, 6: 122925, 7: 0, 8: 0, 9: 0, 10: 180977, 11: 0, 12: 3422
DFA state entries in window  : 1: 100, 2: 93, 3: 8, 4: 92, 5: 67, 6: 93, 7: 0, 8: 0, 9: 0, 10: 84, 11: 0, 12: 82
DFA state entries cumulative : 1: 8300, 2: 4849, 3: 185, 4: 4606, 5: 4195, 6: 4592, 7: 0, 8: 0, 9: 0, 10: 3789, 11: 0, 12: 3422
transitions cumulative       : 1->2: 4848, 2->3: 49, 2->4: 19, 2->6: 4592, 4->3: 98, 4->5: 4195, 4->10: 86, 5->4: 129, 5->10: 3703, 6->2: 1, 6->4: 4458, 10->3: 38, 10->12: 3422
accepted directly from s0    : 0
Gym endings cumulative       : terminated=4578, truncated=115

[Episode 8400/10000 | last 100]
success rate                : 79.0% (cumulative 41.7%)
failure rate                : 9.0% (cumulative 2.3%)
completed cycles / episode  : 0.000
synthetic task reward       : 7900.000
shaping reward              : 2807.268
learning reward             : 10707.268
episode length              : 320.9
abstract changes / episode  : 102.8
same abstract-state steps   : 68.0%
same-state shaping / episode: 0.000
changed-state shaping / ep. : 2807.268
terminal shaping / episode  : -717.636
DFA transitions / episode   : 5.20
DFA transitions in window   : 1->2: 94, 2->3: 2, 2->4: 1, 2->6: 89, 4->3: 7, 4->5: 78, 4->10: 4, 5->10: 78, 6->4: 88, 10->12: 79
epsilon (next episode)       : 0.03471
replay buffer                : 300000 samples [1: 48.3%, 2: 17.4%, 3: 0.0%, 4: 17.4%, 5: 2.3%, 6: 6.9%, 7: 0.0%, 8: 0.0%, 9: 0.0%, 10: 7.7%, 11: 0.0%, 12: 0.0%]
DFA state visits in window   : 1: 16443, 2: 5682, 3: 9, 4: 5243, 5: 532, 6: 1504, 7: 0, 8: 0, 9: 0, 10: 2699, 11: 0, 12: 79
DFA state visits cumulative  : 1: 1310377, 2: 287584, 3: 194, 4: 335413, 5: 100821, 6: 124429, 7: 0, 8: 0, 9: 0, 10: 183676, 11: 0, 12: 3501
DFA state entries in window  : 1: 100, 2: 94, 3: 9, 4: 89, 5: 78, 6: 89, 7: 0, 8: 0, 9: 0, 10: 82, 11: 0, 12: 79
DFA state entries cumulative : 1: 8400, 2: 4943, 3: 194, 4: 4695, 5: 4273, 6: 4681, 7: 0, 8: 0, 9: 0, 10: 3871, 11: 0, 12: 3501
transitions cumulative       : 1->2: 4942, 2->3: 51, 2->4: 20, 2->6: 4681, 4->3: 105, 4->5: 4273, 4->10: 90, 5->4: 129, 5->10: 3781, 6->2: 1, 6->4: 4546, 10->3: 38, 10->12: 3501
accepted directly from s0    : 0
Gym endings cumulative       : terminated=4590, truncated=115

[Episode 8500/10000 | last 100]
success rate                : 74.0% (cumulative 42.1%)
failure rate                : 8.0% (cumulative 2.4%)
completed cycles / episode  : 0.000
synthetic task reward       : 7400.000
shaping reward              : 2728.801
learning reward             : 10128.801
episode length              : 299.3
abstract changes / episode  : 101.1
same abstract-state steps   : 66.2%
same-state shaping / episode: 0.000
changed-state shaping / ep. : 2728.801
terminal shaping / episode  : -648.117
DFA transitions / episode   : 4.94
DFA transitions in window   : 1->2: 94, 2->3: 1, 2->6: 86, 4->3: 6, 4->5: 69, 4->10: 9, 5->10: 69, 6->4: 85, 10->3: 1, 10->12: 74
epsilon (next episode)       : 0.03335
replay buffer                : 300000 samples [1: 48.3%, 2: 17.4%, 3: 0.0%, 4: 17.1%, 5: 2.4%, 6: 6.6%, 7: 0.0%, 8: 0.0%, 9: 0.0%, 10: 8.2%, 11: 0.0%, 12: 0.0%]
DFA state visits in window   : 1: 13338, 2: 5606, 3: 8, 4: 4721, 5: 607, 6: 1885, 7: 0, 8: 0, 9: 0, 10: 3793, 11: 0, 12: 74
DFA state visits cumulative  : 1: 1323715, 2: 293190, 3: 202, 4: 340134, 5: 101428, 6: 126314, 7: 0, 8: 0, 9: 0, 10: 187469, 11: 0, 12: 3575
DFA state entries in window  : 1: 100, 2: 94, 3: 8, 4: 85, 5: 69, 6: 86, 7: 0, 8: 0, 9: 0, 10: 78, 11: 0, 12: 74
DFA state entries cumulative : 1: 8500, 2: 5037, 3: 202, 4: 4780, 5: 4342, 6: 4767, 7: 0, 8: 0, 9: 0, 10: 3949, 11: 0, 12: 3575
transitions cumulative       : 1->2: 5036, 2->3: 52, 2->4: 20, 2->6: 4767, 4->3: 111, 4->5: 4342, 4->10: 99, 5->4: 129, 5->10: 3850, 6->2: 1, 6->4: 4631, 10->3: 39, 10->12: 3575
accepted directly from s0    : 0
Gym endings cumulative       : terminated=4607, truncated=116

Starting autonomous greedy evaluation at episode 8500 (1000 fixed-seed episodes)...
[Greedy evaluation at episode 8500 | 1000 fixed-seed episodes]
success=62.9%, failure=34.5%, task reward=6290.000, length=294.7
DFA transitions: 1->2: 988, 2->3: 7, 2->6: 969, 4->3: 338, 4->5: 465, 4->10: 165, 5->10: 465, 6->4: 969, 10->12: 629

[Episode 8600/10000 | last 100]
success rate                : 88.0% (cumulative 42.6%)
failure rate                : 6.0% (cumulative 2.4%)
completed cycles / episode  : 0.000
synthetic task reward       : 8800.000
shaping reward              : 3322.482
learning reward             : 12122.482
episode length              : 294.4
abstract changes / episode  : 102.1
same abstract-state steps   : 65.3%
same-state shaping / episode: 0.000
changed-state shaping / ep. : 3322.482
terminal shaping / episode  : -468.491
DFA transitions / episode   : 5.64
DFA transitions in window   : 1->2: 98, 2->6: 96, 4->3: 5, 4->5: 89, 4->10: 2, 5->10: 89, 6->4: 96, 10->3: 1, 10->12: 88
epsilon (next episode)       : 0.03204
replay buffer                : 300000 samples [1: 47.4%, 2: 17.7%, 3: 0.0%, 4: 17.3%, 5: 2.3%, 6: 6.6%, 7: 0.0%, 8: 0.0%, 9: 0.0%, 10: 8.6%, 11: 0.0%, 12: 0.0%]
DFA state visits in window   : 1: 11940, 2: 6060, 3: 6, 4: 5466, 5: 610, 6: 2034, 7: 0, 8: 0, 9: 0, 10: 3340, 11: 0, 12: 88
DFA state visits cumulative  : 1: 1335655, 2: 299250, 3: 208, 4: 345600, 5: 102038, 6: 128348, 7: 0, 8: 0, 9: 0, 10: 190809, 11: 0, 12: 3663
DFA state entries in window  : 1: 100, 2: 98, 3: 6, 4: 96, 5: 89, 6: 96, 7: 0, 8: 0, 9: 0, 10: 91, 11: 0, 12: 88
DFA state entries cumulative : 1: 8600, 2: 5135, 3: 208, 4: 4876, 5: 4431, 6: 4863, 7: 0, 8: 0, 9: 0, 10: 4040, 11: 0, 12: 3663
transitions cumulative       : 1->2: 5134, 2->3: 52, 2->4: 20, 2->6: 4863, 4->3: 116, 4->5: 4431, 4->10: 101, 5->4: 129, 5->10: 3939, 6->2: 1, 6->4: 4727, 10->3: 40, 10->12: 3663
accepted directly from s0    : 0
Gym endings cumulative       : terminated=4613, truncated=116

[Episode 8700/10000 | last 100]
success rate                : 96.0% (cumulative 43.2%)
failure rate                : 1.0% (cumulative 2.4%)
completed cycles / episode  : 0.000
synthetic task reward       : 9600.000
shaping reward              : 3926.351
learning reward             : 13526.351
episode length              : 313.0
abstract changes / episode  : 105.1
same abstract-state steps   : 66.4%
same-state shaping / episode: 0.000
changed-state shaping / ep. : 3926.351
terminal shaping / episode  : 3.726
DFA transitions / episode   : 5.85
DFA transitions in window   : 1->2: 99, 2->6: 99, 4->3: 1, 4->5: 94, 4->10: 3, 5->10: 94, 6->4: 99, 10->12: 96
epsilon (next episode)       : 0.03079
replay buffer                : 300000 samples [1: 47.3%, 2: 17.7%, 3: 0.0%, 4: 17.3%, 5: 2.3%, 6: 6.4%, 7: 0.0%, 8: 0.0%, 9: 0.0%, 10: 8.9%, 11: 0.0%, 12: 0.0%]
DFA state visits in window   : 1: 13262, 2: 6108, 3: 1, 4: 5605, 5: 909, 6: 1748, 7: 0, 8: 0, 9: 0, 10: 3670, 11: 0, 12: 96
DFA state visits cumulative  : 1: 1348917, 2: 305358, 3: 209, 4: 351205, 5: 102947, 6: 130096, 7: 0, 8: 0, 9: 0, 10: 194479, 11: 0, 12: 3759
DFA state entries in window  : 1: 100, 2: 99, 3: 1, 4: 99, 5: 94, 6: 99, 7: 0, 8: 0, 9: 0, 10: 97, 11: 0, 12: 96
DFA state entries cumulative : 1: 8700, 2: 5234, 3: 209, 4: 4975, 5: 4525, 6: 4962, 7: 0, 8: 0, 9: 0, 10: 4137, 11: 0, 12: 3759
transitions cumulative       : 1->2: 5233, 2->3: 52, 2->4: 20, 2->6: 4962, 4->3: 117, 4->5: 4525, 4->10: 104, 5->4: 129, 5->10: 4033, 6->2: 1, 6->4: 4826, 10->3: 40, 10->12: 3759
accepted directly from s0    : 0
Gym endings cumulative       : terminated=4615, truncated=117

[Episode 8800/10000 | last 100]
success rate                : 93.0% (cumulative 43.8%)
failure rate                : 2.0% (cumulative 2.4%)
completed cycles / episode  : 0.000
synthetic task reward       : 9300.000
shaping reward              : 3798.813
learning reward             : 13098.813
episode length              : 313.1
abstract changes / episode  : 104.5
same abstract-state steps   : 66.6%
same-state shaping / episode: 0.000
changed-state shaping / ep. : 3798.813
terminal shaping / episode  : -65.923
DFA transitions / episode   : 5.81
DFA transitions in window   : 1->2: 98, 2->3: 1, 2->6: 97, 4->5: 97, 5->10: 97, 6->4: 97, 10->3: 1, 10->12: 93
epsilon (next episode)       : 0.02958
replay buffer                : 300000 samples [1: 46.3%, 2: 18.2%, 3: 0.0%, 4: 17.5%, 5: 2.4%, 6: 6.2%, 7: 0.0%, 8: 0.0%, 9: 0.0%, 10: 9.5%, 11: 0.0%, 12: 0.0%]
DFA state visits in window   : 1: 13160, 2: 6203, 3: 2, 4: 5646, 5: 908, 6: 1511, 7: 0, 8: 0, 9: 0, 10: 3885, 11: 0, 12: 93
DFA state visits cumulative  : 1: 1362077, 2: 311561, 3: 211, 4: 356851, 5: 103855, 6: 131607, 7: 0, 8: 0, 9: 0, 10: 198364, 11: 0, 12: 3852
DFA state entries in window  : 1: 100, 2: 98, 3: 2, 4: 97, 5: 97, 6: 97, 7: 0, 8: 0, 9: 0, 10: 97, 11: 0, 12: 93
DFA state entries cumulative : 1: 8800, 2: 5332, 3: 211, 4: 5072, 5: 4622, 6: 5059, 7: 0, 8: 0, 9: 0, 10: 4234, 11: 0, 12: 3852
transitions cumulative       : 1->2: 5331, 2->3: 53, 2->4: 20, 2->6: 5059, 4->3: 117, 4->5: 4622, 4->10: 104, 5->4: 129, 5->10: 4130, 6->2: 1, 6->4: 4923, 10->3: 41, 10->12: 3852
accepted directly from s0    : 0
Gym endings cumulative       : terminated=4620, truncated=117

[Episode 8900/10000 | last 100]
success rate                : 85.0% (cumulative 44.2%)
failure rate                : 5.0% (cumulative 2.4%)
completed cycles / episode  : 0.000
synthetic task reward       : 8500.000
shaping reward              : 3345.859
learning reward             : 11845.859
episode length              : 314.9
abstract changes / episode  : 103.3
same abstract-state steps   : 67.2%
same-state shaping / episode: 0.000
changed-state shaping / ep. : 3345.859
terminal shaping / episode  : -311.113
DFA transitions / episode   : 5.46
DFA transitions in window   : 1->2: 95, 2->3: 4, 2->6: 91, 4->5: 90, 5->10: 90, 6->4: 90, 10->3: 1, 10->12: 85
epsilon (next episode)       : 0.02842
replay buffer                : 300000 samples [1: 46.3%, 2: 18.3%, 3: 0.0%, 4: 17.5%, 5: 2.3%, 6: 5.7%, 7: 0.0%, 8: 0.0%, 9: 0.0%, 10: 9.8%, 11: 0.0%, 12: 0.0%]
DFA state visits in window   : 1: 15402, 2: 5513, 3: 5, 4: 5582, 5: 667, 6: 1373, 7: 0, 8: 0, 9: 0, 10: 2958, 11: 0, 12: 85
DFA state visits cumulative  : 1: 1377479, 2: 317074, 3: 216, 4: 362433, 5: 104522, 6: 132980, 7: 0, 8: 0, 9: 0, 10: 201322, 11: 0, 12: 3937
DFA state entries in window  : 1: 100, 2: 95, 3: 5, 4: 90, 5: 90, 6: 91, 7: 0, 8: 0, 9: 0, 10: 90, 11: 0, 12: 85
DFA state entries cumulative : 1: 8900, 2: 5427, 3: 216, 4: 5162, 5: 4712, 6: 5150, 7: 0, 8: 0, 9: 0, 10: 4324, 11: 0, 12: 3937
transitions cumulative       : 1->2: 5426, 2->3: 57, 2->4: 20, 2->6: 5150, 4->3: 117, 4->5: 4712, 4->10: 104, 5->4: 129, 5->10: 4220, 6->2: 1, 6->4: 5013, 10->3: 42, 10->12: 3937
accepted directly from s0    : 0
Gym endings cumulative       : terminated=4630, truncated=117

[Episode 9000/10000 | last 100]
success rate                : 78.0% (cumulative 44.6%)
failure rate                : 11.0% (cumulative 2.5%)
completed cycles / episode  : 0.000
synthetic task reward       : 7800.000
shaping reward              : 2837.218
learning reward             : 10637.218
episode length              : 322.8
abstract changes / episode  : 105.6
same abstract-state steps   : 67.3%
same-state shaping / episode: 0.000
changed-state shaping / ep. : 2837.218
terminal shaping / episode  : -866.088
DFA transitions / episode   : 5.46
DFA transitions in window   : 1->2: 99, 2->3: 4, 2->4: 1, 2->6: 94, 4->3: 6, 4->5: 85, 4->10: 2, 5->10: 84, 6->4: 92, 10->3: 1, 10->12: 78
epsilon (next episode)       : 0.02730
replay buffer                : 300000 samples [1: 46.2%, 2: 18.4%, 3: 0.0%, 4: 17.4%, 5: 2.2%, 6: 5.5%, 7: 0.0%, 8: 0.0%, 9: 0.0%, 10: 10.3%, 11: 0.0%, 12: 0.0%]
DFA state visits in window   : 1: 15320, 2: 5462, 3: 11, 4: 5404, 5: 716, 6: 1984, 7: 0, 8: 0, 9: 0, 10: 3400, 11: 0, 12: 78
DFA state visits cumulative  : 1: 1392799, 2: 322536, 3: 227, 4: 367837, 5: 105238, 6: 134964, 7: 0, 8: 0, 9: 0, 10: 204722, 11: 0, 12: 4015
DFA state entries in window  : 1: 100, 2: 99, 3: 11, 4: 93, 5: 85, 6: 94, 7: 0, 8: 0, 9: 0, 10: 86, 11: 0, 12: 78
DFA state entries cumulative : 1: 9000, 2: 5526, 3: 227, 4: 5255, 5: 4797, 6: 5244, 7: 0, 8: 0, 9: 0, 10: 4410, 11: 0, 12: 4015
transitions cumulative       : 1->2: 5525, 2->3: 61, 2->4: 21, 2->6: 5244, 4->3: 123, 4->5: 4797, 4->10: 106, 5->4: 129, 5->10: 4304, 6->2: 1, 6->4: 5105, 10->3: 43, 10->12: 4015
accepted directly from s0    : 0
Gym endings cumulative       : terminated=4641, truncated=117

Starting autonomous greedy evaluation at episode 9000 (1000 fixed-seed episodes)...
[Greedy evaluation at episode 9000 | 1000 fixed-seed episodes]
success=67.0%, failure=30.1%, task reward=6700.000, length=309.7
DFA transitions: 1->2: 971, 2->3: 296, 2->4: 30, 2->6: 645, 4->3: 5, 4->5: 574, 4->10: 96, 5->10: 574, 6->4: 645, 10->12: 670

[Episode 9100/10000 | last 100]
success rate                : 94.0% (cumulative 45.2%)
failure rate                : 5.0% (cumulative 2.5%)
completed cycles / episode  : 0.000
synthetic task reward       : 9400.000
shaping reward              : 3562.654
learning reward             : 12962.654
episode length              : 311.9
abstract changes / episode  : 105.1
same abstract-state steps   : 66.3%
same-state shaping / episode: 0.000
changed-state shaping / ep. : 3562.654
terminal shaping / episode  : -279.601
DFA transitions / episode   : 5.74
DFA transitions in window   : 1->2: 100, 2->3: 5, 2->6: 94, 4->5: 93, 4->10: 1, 5->10: 93, 6->4: 94, 10->12: 94
epsilon (next episode)       : 0.02623
replay buffer                : 300000 samples [1: 46.0%, 2: 18.2%, 3: 0.0%, 4: 17.6%, 5: 2.1%, 6: 5.9%, 7: 0.0%, 8: 0.0%, 9: 0.0%, 10: 10.3%, 11: 0.0%, 12: 0.0%]
DFA state visits in window   : 1: 13945, 2: 5132, 3: 5, 4: 5814, 5: 579, 6: 3026, 7: 0, 8: 0, 9: 0, 10: 2693, 11: 0, 12: 94
DFA state visits cumulative  : 1: 1406744, 2: 327668, 3: 232, 4: 373651, 5: 105817, 6: 137990, 7: 0, 8: 0, 9: 0, 10: 207415, 11: 0, 12: 4109
DFA state entries in window  : 1: 100, 2: 100, 3: 5, 4: 94, 5: 93, 6: 94, 7: 0, 8: 0, 9: 0, 10: 94, 11: 0, 12: 94
DFA state entries cumulative : 1: 9100, 2: 5626, 3: 232, 4: 5349, 5: 4890, 6: 5338, 7: 0, 8: 0, 9: 0, 10: 4504, 11: 0, 12: 4109
transitions cumulative       : 1->2: 5625, 2->3: 66, 2->4: 21, 2->6: 5338, 4->3: 123, 4->5: 4890, 4->10: 107, 5->4: 129, 5->10: 4397, 6->2: 1, 6->4: 5199, 10->3: 43, 10->12: 4109
accepted directly from s0    : 0
Gym endings cumulative       : terminated=4642, truncated=117

[Episode 9200/10000 | last 100]
success rate                : 88.0% (cumulative 45.6%)
failure rate                : 2.0% (cumulative 2.5%)
completed cycles / episode  : 0.000
synthetic task reward       : 8800.000
shaping reward              : 3530.205
learning reward             : 12330.205
episode length              : 296.0
abstract changes / episode  : 101.8
same abstract-state steps   : 65.6%
same-state shaping / episode: 0.000
changed-state shaping / ep. : 3530.205
terminal shaping / episode  : -78.992
DFA transitions / episode   : 5.41
DFA transitions in window   : 1->2: 95, 2->3: 1, 2->6: 92, 4->3: 1, 4->5: 85, 4->10: 4, 5->10: 84, 6->4: 91, 10->12: 88
epsilon (next episode)       : 0.02520
replay buffer                : 300000 samples [1: 45.2%, 2: 18.3%, 3: 0.0%, 4: 17.6%, 5: 2.2%, 6: 6.4%, 7: 0.0%, 8: 0.0%, 9: 0.0%, 10: 10.5%, 11: 0.0%, 12: 0.0%]
DFA state visits in window   : 1: 12107, 2: 5646, 3: 2, 4: 5315, 5: 638, 6: 2763, 7: 0, 8: 0, 9: 0, 10: 3142, 11: 0, 12: 88
DFA state visits cumulative  : 1: 1418851, 2: 333314, 3: 234, 4: 378966, 5: 106455, 6: 140753, 7: 0, 8: 0, 9: 0, 10: 210557, 11: 0, 12: 4197
DFA state entries in window  : 1: 100, 2: 95, 3: 2, 4: 91, 5: 85, 6: 92, 7: 0, 8: 0, 9: 0, 10: 88, 11: 0, 12: 88
DFA state entries cumulative : 1: 9200, 2: 5721, 3: 234, 4: 5440, 5: 4975, 6: 5430, 7: 0, 8: 0, 9: 0, 10: 4592, 11: 0, 12: 4197
transitions cumulative       : 1->2: 5720, 2->3: 67, 2->4: 21, 2->6: 5430, 4->3: 124, 4->5: 4975, 4->10: 111, 5->4: 129, 5->10: 4481, 6->2: 1, 6->4: 5290, 10->3: 43, 10->12: 4197
accepted directly from s0    : 0
Gym endings cumulative       : terminated=4652, truncated=117

[Episode 9300/10000 | last 100]
success rate                : 77.0% (cumulative 46.0%)
failure rate                : 1.0% (cumulative 2.5%)
completed cycles / episode  : 0.000
synthetic task reward       : 7700.000
shaping reward              : 3113.402
learning reward             : 10813.402
episode length              : 275.9
abstract changes / episode  : 94.2
same abstract-state steps   : 65.9%
same-state shaping / episode: 0.000
changed-state shaping / ep. : 3113.402
terminal shaping / episode  : -20.239
DFA transitions / episode   : 4.87
DFA transitions in window   : 1->2: 84, 2->6: 83, 4->5: 80, 4->10: 1, 5->10: 79, 6->4: 82, 10->3: 1, 10->12: 77
epsilon (next episode)       : 0.02422
replay buffer                : 300000 samples [1: 44.8%, 2: 18.5%, 3: 0.0%, 4: 17.5%, 5: 2.2%, 6: 6.5%, 7: 0.0%, 8: 0.0%, 9: 0.0%, 10: 10.6%, 11: 0.0%, 12: 0.0%]
DFA state visits in window   : 1: 12394, 2: 5169, 3: 1, 4: 4709, 5: 499, 6: 2116, 7: 0, 8: 0, 9: 0, 10: 2730, 11: 0, 12: 77
DFA state visits cumulative  : 1: 1431245, 2: 338483, 3: 235, 4: 383675, 5: 106954, 6: 142869, 7: 0, 8: 0, 9: 0, 10: 213287, 11: 0, 12: 4274
DFA state entries in window  : 1: 100, 2: 84, 3: 1, 4: 82, 5: 80, 6: 83, 7: 0, 8: 0, 9: 0, 10: 80, 11: 0, 12: 77
DFA state entries cumulative : 1: 9300, 2: 5805, 3: 235, 4: 5522, 5: 5055, 6: 5513, 7: 0, 8: 0, 9: 0, 10: 4672, 11: 0, 12: 4274
transitions cumulative       : 1->2: 5804, 2->3: 67, 2->4: 21, 2->6: 5513, 4->3: 124, 4->5: 5055, 4->10: 112, 5->4: 129, 5->10: 4560, 6->2: 1, 6->4: 5372, 10->3: 44, 10->12: 4274
accepted directly from s0    : 0
Gym endings cumulative       : terminated=4674, truncated=117

[Episode 9400/10000 | last 100]
success rate                : 84.0% (cumulative 46.4%)
failure rate                : 2.0% (cumulative 2.5%)
completed cycles / episode  : 0.000
synthetic task reward       : 8400.000
shaping reward              : 3517.867
learning reward             : 11917.867
episode length              : 292.3
abstract changes / episode  : 100.0
same abstract-state steps   : 65.8%
same-state shaping / episode: 0.000
changed-state shaping / ep. : 3517.867
terminal shaping / episode  : -99.534
DFA transitions / episode   : 5.33
DFA transitions in window   : 1->2: 91, 2->6: 91, 4->3: 2, 4->5: 86, 4->10: 3, 5->10: 85, 6->4: 91, 10->12: 84
epsilon (next episode)       : 0.02327
replay buffer                : 300000 samples [1: 44.1%, 2: 18.6%, 3: 0.0%, 4: 17.6%, 5: 2.2%, 6: 6.7%, 7: 0.0%, 8: 0.0%, 9: 0.0%, 10: 10.7%, 11: 0.0%, 12: 0.0%]
DFA state visits in window   : 1: 13361, 2: 5600, 3: 2, 4: 5038, 5: 580, 6: 1778, 7: 0, 8: 0, 9: 0, 10: 2886, 11: 0, 12: 84
DFA state visits cumulative  : 1: 1444606, 2: 344083, 3: 237, 4: 388713, 5: 107534, 6: 144647, 7: 0, 8: 0, 9: 0, 10: 216173, 11: 0, 12: 4358
DFA state entries in window  : 1: 100, 2: 91, 3: 2, 4: 91, 5: 86, 6: 91, 7: 0, 8: 0, 9: 0, 10: 88, 11: 0, 12: 84
DFA state entries cumulative : 1: 9400, 2: 5896, 3: 237, 4: 5613, 5: 5141, 6: 5604, 7: 0, 8: 0, 9: 0, 10: 4760, 11: 0, 12: 4358
transitions cumulative       : 1->2: 5895, 2->3: 67, 2->4: 21, 2->6: 5604, 4->3: 126, 4->5: 5141, 4->10: 115, 5->4: 129, 5->10: 4645, 6->2: 1, 6->4: 5463, 10->3: 44, 10->12: 4358
accepted directly from s0    : 0
Gym endings cumulative       : terminated=4688, truncated=117

[Episode 9500/10000 | last 100]
success rate                : 86.0% (cumulative 46.8%)
failure rate                : 3.0% (cumulative 2.5%)
completed cycles / episode  : 0.000
synthetic task reward       : 8600.000
shaping reward              : 3463.291
learning reward             : 12063.291
episode length              : 290.6
abstract changes / episode  : 97.2
same abstract-state steps   : 66.5%
same-state shaping / episode: 0.000
changed-state shaping / ep. : 3463.291
terminal shaping / episode  : -168.306
DFA transitions / episode   : 5.36
DFA transitions in window   : 1->2: 95, 2->3: 1, 2->4: 1, 2->6: 90, 4->3: 1, 4->5: 84, 4->10: 5, 5->10: 82, 6->4: 90, 10->3: 1, 10->12: 86
epsilon (next episode)       : 0.02235
replay buffer                : 300000 samples [1: 44.3%, 2: 18.7%, 3: 0.0%, 4: 17.8%, 5: 2.2%, 6: 6.6%, 7: 0.0%, 8: 0.0%, 9: 0.0%, 10: 10.4%, 11: 0.0%, 12: 0.0%]
DFA state visits in window   : 1: 13094, 2: 5674, 3: 3, 4: 5422, 5: 445, 6: 1700, 7: 0, 8: 0, 9: 0, 10: 2736, 11: 0, 12: 86
DFA state visits cumulative  : 1: 1457700, 2: 349757, 3: 240, 4: 394135, 5: 107979, 6: 146347, 7: 0, 8: 0, 9: 0, 10: 218909, 11: 0, 12: 4444
DFA state entries in window  : 1: 100, 2: 95, 3: 3, 4: 91, 5: 84, 6: 90, 7: 0, 8: 0, 9: 0, 10: 87, 11: 0, 12: 86
DFA state entries cumulative : 1: 9500, 2: 5991, 3: 240, 4: 5704, 5: 5225, 6: 5694, 7: 0, 8: 0, 9: 0, 10: 4847, 11: 0, 12: 4444
transitions cumulative       : 1->2: 5990, 2->3: 68, 2->4: 22, 2->6: 5694, 4->3: 127, 4->5: 5225, 4->10: 120, 5->4: 129, 5->10: 4727, 6->2: 1, 6->4: 5553, 10->3: 45, 10->12: 4444
accepted directly from s0    : 0
Gym endings cumulative       : terminated=4699, truncated=117

Starting autonomous greedy evaluation at episode 9500 (1000 fixed-seed episodes)...
[Greedy evaluation at episode 9500 | 1000 fixed-seed episodes]
success=79.1%, failure=19.8%, task reward=7910.000, length=328.9
DFA transitions: 1->2: 993, 2->3: 20, 2->4: 1, 2->6: 972, 4->3: 178, 4->5: 658, 4->10: 136, 5->10: 657, 6->4: 972, 10->12: 791

[Episode 9600/10000 | last 100]
success rate                : 73.0% (cumulative 47.1%)
failure rate                : 3.0% (cumulative 2.5%)
completed cycles / episode  : 0.000
synthetic task reward       : 7300.000
shaping reward              : 3016.803
learning reward             : 10316.803
episode length              : 265.1
abstract changes / episode  : 90.9
same abstract-state steps   : 65.7%
same-state shaping / episode: 0.000
changed-state shaping / ep. : 3016.803
terminal shaping / episode  : -188.022
DFA transitions / episode   : 4.64
DFA transitions in window   : 1->2: 90, 2->3: 1, 2->6: 79, 4->3: 2, 4->5: 66, 4->10: 9, 5->10: 66, 6->4: 78, 10->12: 73
epsilon (next episode)       : 0.02148
replay buffer                : 300000 samples [1: 44.6%, 2: 18.8%, 3: 0.0%, 4: 17.7%, 5: 2.2%, 6: 6.5%, 7: 0.0%, 8: 0.0%, 9: 0.0%, 10: 10.4%, 11: 0.0%, 12: 0.0%]
DFA state visits in window   : 1: 11551, 2: 5694, 3: 3, 4: 4472, 5: 518, 6: 1348, 7: 0, 8: 0, 9: 0, 10: 2956, 11: 0, 12: 73
DFA state visits cumulative  : 1: 1469251, 2: 355451, 3: 243, 4: 398607, 5: 108497, 6: 147695, 7: 0, 8: 0, 9: 0, 10: 221865, 11: 0, 12: 4517
DFA state entries in window  : 1: 100, 2: 90, 3: 3, 4: 78, 5: 66, 6: 79, 7: 0, 8: 0, 9: 0, 10: 75, 11: 0, 12: 73
DFA state entries cumulative : 1: 9600, 2: 6081, 3: 243, 4: 5782, 5: 5291, 6: 5773, 7: 0, 8: 0, 9: 0, 10: 4922, 11: 0, 12: 4517
transitions cumulative       : 1->2: 6080, 2->3: 69, 2->4: 22, 2->6: 5773, 4->3: 129, 4->5: 5291, 4->10: 129, 5->4: 129, 5->10: 4793, 6->2: 1, 6->4: 5631, 10->3: 45, 10->12: 4517
accepted directly from s0    : 0
Gym endings cumulative       : terminated=4723, truncated=117

[Episode 9700/10000 | last 100]
success rate                : 71.0% (cumulative 47.3%)
failure rate                : 9.0% (cumulative 2.6%)
completed cycles / episode  : 0.000
synthetic task reward       : 7100.000
shaping reward              : 2475.041
learning reward             : 9575.041
episode length              : 270.2
abstract changes / episode  : 91.5
same abstract-state steps   : 66.1%
same-state shaping / episode: 0.000
changed-state shaping / ep. : 2475.041
terminal shaping / episode  : -766.858
DFA transitions / episode   : 4.61
DFA transitions in window   : 1->2: 85, 2->6: 82, 4->3: 8, 4->5: 59, 4->10: 14, 5->10: 59, 6->4: 82, 10->3: 1, 10->12: 71
epsilon (next episode)       : 0.02063
replay buffer                : 300000 samples [1: 45.0%, 2: 18.6%, 3: 0.0%, 4: 17.6%, 5: 2.0%, 6: 6.6%, 7: 0.0%, 8: 0.0%, 9: 0.0%, 10: 10.1%, 11: 0.0%, 12: 0.0%]
DFA state visits in window   : 1: 12695, 2: 4991, 3: 9, 4: 4676, 5: 431, 6: 1808, 7: 0, 8: 0, 9: 0, 10: 2440, 11: 0, 12: 71
DFA state visits cumulative  : 1: 1481946, 2: 360442, 3: 252, 4: 403283, 5: 108928, 6: 149503, 7: 0, 8: 0, 9: 0, 10: 224305, 11: 0, 12: 4588
DFA state entries in window  : 1: 100, 2: 85, 3: 9, 4: 82, 5: 59, 6: 82, 7: 0, 8: 0, 9: 0, 10: 73, 11: 0, 12: 71
DFA state entries cumulative : 1: 9700, 2: 6166, 3: 252, 4: 5864, 5: 5350, 6: 5855, 7: 0, 8: 0, 9: 0, 10: 4995, 11: 0, 12: 4588
transitions cumulative       : 1->2: 6165, 2->3: 69, 2->4: 22, 2->6: 5855, 4->3: 137, 4->5: 5350, 4->10: 143, 5->4: 129, 5->10: 4852, 6->2: 1, 6->4: 5713, 10->3: 46, 10->12: 4588
accepted directly from s0    : 0
Gym endings cumulative       : terminated=4742, truncated=118

[Episode 9800/10000 | last 100]
success rate                : 76.0% (cumulative 47.6%)
failure rate                : 4.0% (cumulative 2.6%)
completed cycles / episode  : 0.000
synthetic task reward       : 7600.000
shaping reward              : 2957.056
learning reward             : 10557.056
episode length              : 287.0
abstract changes / episode  : 91.2
same abstract-state steps   : 68.2%
same-state shaping / episode: 0.000
changed-state shaping / ep. : 2957.056
terminal shaping / episode  : -278.708
DFA transitions / episode   : 4.72
DFA transitions in window   : 1->2: 85, 2->3: 1, 2->6: 80, 4->3: 3, 4->5: 71, 4->10: 6, 5->10: 70, 6->4: 80, 10->12: 76
epsilon (next episode)       : 0.01983
replay buffer                : 300000 samples [1: 45.7%, 2: 18.4%, 3: 0.0%, 4: 17.6%, 5: 1.9%, 6: 6.7%, 7: 0.0%, 8: 0.0%, 9: 0.0%, 10: 9.7%, 11: 0.0%, 12: 0.0%]
DFA state visits in window   : 1: 14311, 2: 4990, 3: 4, 4: 5209, 5: 433, 6: 1799, 7: 0, 8: 0, 9: 0, 10: 1974, 11: 0, 12: 76
DFA state visits cumulative  : 1: 1496257, 2: 365432, 3: 256, 4: 408492, 5: 109361, 6: 151302, 7: 0, 8: 0, 9: 0, 10: 226279, 11: 0, 12: 4664
DFA state entries in window  : 1: 100, 2: 85, 3: 4, 4: 80, 5: 71, 6: 80, 7: 0, 8: 0, 9: 0, 10: 76, 11: 0, 12: 76
DFA state entries cumulative : 1: 9800, 2: 6251, 3: 256, 4: 5944, 5: 5421, 6: 5935, 7: 0, 8: 0, 9: 0, 10: 5071, 11: 0, 12: 4664
transitions cumulative       : 1->2: 6250, 2->3: 70, 2->4: 22, 2->6: 5935, 4->3: 140, 4->5: 5421, 4->10: 149, 5->4: 129, 5->10: 4922, 6->2: 1, 6->4: 5793, 10->3: 46, 10->12: 4664
accepted directly from s0    : 0
Gym endings cumulative       : terminated=4762, truncated=118

[Episode 9900/10000 | last 100]
success rate                : 85.0% (cumulative 48.0%)
failure rate                : 6.0% (cumulative 2.6%)
completed cycles / episode  : 0.000
synthetic task reward       : 8500.000
shaping reward              : 3170.794
learning reward             : 11670.794
episode length              : 284.7
abstract changes / episode  : 94.1
same abstract-state steps   : 67.0%
same-state shaping / episode: 0.000
changed-state shaping / ep. : 3170.794
terminal shaping / episode  : -436.223
DFA transitions / episode   : 5.26
DFA transitions in window   : 1->2: 93, 2->3: 2, 2->4: 2, 2->6: 87, 4->3: 4, 4->5: 81, 4->10: 4, 5->10: 81, 6->4: 87, 10->12: 85
epsilon (next episode)       : 0.01905
replay buffer                : 300000 samples [1: 45.7%, 2: 18.5%, 3: 0.0%, 4: 17.7%, 5: 1.8%, 6: 6.7%, 7: 0.0%, 8: 0.0%, 9: 0.0%, 10: 9.5%, 11: 0.0%, 12: 0.0%]
DFA state visits in window   : 1: 13246, 2: 5528, 3: 6, 4: 5423, 5: 388, 6: 1347, 7: 0, 8: 0, 9: 0, 10: 2550, 11: 0, 12: 85
DFA state visits cumulative  : 1: 1509503, 2: 370960, 3: 262, 4: 413915, 5: 109749, 6: 152649, 7: 0, 8: 0, 9: 0, 10: 228829, 11: 0, 12: 4749
DFA state entries in window  : 1: 100, 2: 93, 3: 6, 4: 89, 5: 81, 6: 87, 7: 0, 8: 0, 9: 0, 10: 85, 11: 0, 12: 85
DFA state entries cumulative : 1: 9900, 2: 6344, 3: 262, 4: 6033, 5: 5502, 6: 6022, 7: 0, 8: 0, 9: 0, 10: 5156, 11: 0, 12: 4749
transitions cumulative       : 1->2: 6343, 2->3: 72, 2->4: 24, 2->6: 6022, 4->3: 144, 4->5: 5502, 4->10: 153, 5->4: 129, 5->10: 5003, 6->2: 1, 6->4: 5880, 10->3: 46, 10->12: 4749
accepted directly from s0    : 0
Gym endings cumulative       : terminated=4771, truncated=118

[Episode 10000/10000 | last 100]
success rate                : 87.0% (cumulative 48.4%)
failure rate                : 4.0% (cumulative 2.7%)
completed cycles / episode  : 0.000
synthetic task reward       : 8700.000
shaping reward              : 3411.415
learning reward             : 12111.415
episode length              : 306.2
abstract changes / episode  : 101.3
same abstract-state steps   : 66.9%
same-state shaping / episode: 0.000
changed-state shaping / ep. : 3411.415
terminal shaping / episode  : -248.493
DFA transitions / episode   : 5.38
DFA transitions in window   : 1->2: 94, 2->3: 2, 2->4: 1, 2->6: 90, 4->3: 2, 4->5: 83, 4->10: 6, 5->10: 83, 6->4: 90, 10->12: 87
epsilon (next episode)       : 0.01830
replay buffer                : 300000 samples [1: 46.0%, 2: 18.8%, 3: 0.0%, 4: 17.8%, 5: 1.7%, 6: 6.6%, 7: 0.0%, 8: 0.0%, 9: 0.0%, 10: 9.1%, 11: 0.0%, 12: 0.0%]
DFA state visits in window   : 1: 14986, 2: 5763, 3: 4, 4: 5369, 5: 509, 6: 1553, 7: 0, 8: 0, 9: 0, 10: 2448, 11: 0, 12: 87
DFA state visits cumulative  : 1: 1524489, 2: 376723, 3: 266, 4: 419284, 5: 110258, 6: 154202, 7: 0, 8: 0, 9: 0, 10: 231277, 11: 0, 12: 4836
DFA state entries in window  : 1: 100, 2: 94, 3: 4, 4: 91, 5: 83, 6: 90, 7: 0, 8: 0, 9: 0, 10: 89, 11: 0, 12: 87
DFA state entries cumulative : 1: 10000, 2: 6438, 3: 266, 4: 6124, 5: 5585, 6: 6112, 7: 0, 8: 0, 9: 0, 10: 5245, 11: 0, 12: 4836
transitions cumulative       : 1->2: 6437, 2->3: 74, 2->4: 25, 2->6: 6112, 4->3: 146, 4->5: 5585, 4->10: 159, 5->4: 129, 5->10: 5086, 6->2: 1, 6->4: 5970, 10->3: 46, 10->12: 4836
accepted directly from s0    : 0
Gym endings cumulative       : terminated=4780, truncated=118

Starting autonomous greedy evaluation at episode 10000 (1000 fixed-seed episodes)...
[Greedy evaluation at episode 10000 | 1000 fixed-seed episodes]
success=44.6%, failure=31.7%, task reward=4460.000, length=306.1
DFA transitions: 1->2: 780, 2->3: 2, 2->4: 6, 2->6: 762, 4->3: 315, 4->5: 218, 4->10: 234, 5->10: 218, 6->4: 762, 10->12: 446
Last policy saved after episode 10000. Best greedy evaluation: episode 6000, mean task reward=9900.000
