
=== NEW RUN ===
episodes=12000, shaping=True, goal_reward=10000.0, gamma=0.99
gamma_shaping=1.0, shaping_formula=gamma_shaping*Phi(next)-Phi(state)
ground_unbiased_learner=False
eval_interval=500, eval_episodes=1000, eval_seed=100000
inter_level_shaping=False, inter_level_formula=gamma*Phi(next)-Phi(state)
task_type=ltlf, task=F(wp1 & X(F(wp2 & X(F(wp3 & X(F(g1)))))))
regions={wp1: {'center': [-0.75, 1.0625], 'radius': 0.1}, wp2: {'center': [0, 0.6875], 'radius': 0.1}, wp3: {'center': [0, 1.0625], 'radius': 0.1}, g1: {'center': [0.75, 1.0625], 'radius': 0.1}}
dfa_states=[1, 2, 3, 4, 5], pre_trace=1, accepting=[5], failure=[]

[Episode 1/12000 | last 1]
success rate                : 0.0% (cumulative 0.0%)
failure rate                : 0.0% (cumulative 0.0%)
completed cycles / episode  : 0.000
synthetic task reward       : 0.000
shaping reward              : -686.995
learning reward             : -686.995
episode length              : 119.0
abstract changes / episode  : 97.0
same abstract-state steps   : 18.5%
same-state shaping / episode: 0.000
changed-state shaping / ep. : -686.995
terminal shaping / episode  : 0.000
DFA transitions / episode   : 0.00
DFA transitions in window   : none
epsilon (next episode)       : 0.99980
replay buffer                : 119 samples [1: 100.0%, 2: 0.0%, 3: 0.0%, 4: 0.0%, 5: 0.0%]
DFA state visits in window   : 1: 120, 2: 0, 3: 0, 4: 0, 5: 0
DFA state visits cumulative  : 1: 120, 2: 0, 3: 0, 4: 0, 5: 0
DFA state entries in window  : 1: 1, 2: 0, 3: 0, 4: 0, 5: 0
DFA state entries cumulative : 1: 1, 2: 0, 3: 0, 4: 0, 5: 0
transitions cumulative       : none
accepted directly from s0    : 0
Gym endings cumulative       : terminated=1, truncated=0

[Episode 100/12000 | last 100]
success rate                : 0.0% (cumulative 0.0%)
failure rate                : 0.0% (cumulative 0.0%)
completed cycles / episode  : 0.000
synthetic task reward       : 0.000
shaping reward              : -675.918
learning reward             : -675.918
episode length              : 91.1
abstract changes / episode  : 82.0
same abstract-state steps   : 10.0%
same-state shaping / episode: 0.000
changed-state shaping / ep. : -675.918
terminal shaping / episode  : -5.984
DFA transitions / episode   : 0.01
DFA transitions in window   : 1->2: 1
epsilon (next episode)       : 0.98020
replay buffer                : 9110 samples [1: 99.8%, 2: 0.2%, 3: 0.0%, 4: 0.0%, 5: 0.0%]
DFA state visits in window   : 1: 9191, 2: 19, 3: 0, 4: 0, 5: 0
DFA state visits cumulative  : 1: 9191, 2: 19, 3: 0, 4: 0, 5: 0
DFA state entries in window  : 1: 100, 2: 1, 3: 0, 4: 0, 5: 0
DFA state entries cumulative : 1: 100, 2: 1, 3: 0, 4: 0, 5: 0
transitions cumulative       : 1->2: 1
accepted directly from s0    : 0
Gym endings cumulative       : terminated=100, truncated=0

[Episode 200/12000 | last 100]
success rate                : 0.0% (cumulative 0.0%)
failure rate                : 0.0% (cumulative 0.0%)
completed cycles / episode  : 0.000
synthetic task reward       : 0.000
shaping reward              : -650.508
learning reward             : -650.508
episode length              : 94.1
abstract changes / episode  : 83.5
same abstract-state steps   : 11.3%
same-state shaping / episode: 0.000
changed-state shaping / ep. : -650.508
terminal shaping / episode  : -5.316
DFA transitions / episode   : 0.01
DFA transitions in window   : 1->2: 1
epsilon (next episode)       : 0.96079
replay buffer                : 18524 samples [1: 99.7%, 2: 0.3%, 3: 0.0%, 4: 0.0%, 5: 0.0%]
DFA state visits in window   : 1: 9480, 2: 34, 3: 0, 4: 0, 5: 0
DFA state visits cumulative  : 1: 18671, 2: 53, 3: 0, 4: 0, 5: 0
DFA state entries in window  : 1: 100, 2: 1, 3: 0, 4: 0, 5: 0
DFA state entries cumulative : 1: 200, 2: 2, 3: 0, 4: 0, 5: 0
transitions cumulative       : 1->2: 2
accepted directly from s0    : 0
Gym endings cumulative       : terminated=200, truncated=0

[Episode 300/12000 | last 100]
success rate                : 0.0% (cumulative 0.0%)
failure rate                : 0.0% (cumulative 0.0%)
completed cycles / episode  : 0.000
synthetic task reward       : 0.000
shaping reward              : -638.232
learning reward             : -638.232
episode length              : 94.7
abstract changes / episode  : 84.8
same abstract-state steps   : 10.5%
same-state shaping / episode: 0.000
changed-state shaping / ep. : -638.232
terminal shaping / episode  : -5.379
DFA transitions / episode   : 0.03
DFA transitions in window   : 1->2: 3
epsilon (next episode)       : 0.94176
replay buffer                : 27996 samples [1: 99.5%, 2: 0.5%, 3: 0.0%, 4: 0.0%, 5: 0.0%]
DFA state visits in window   : 1: 9491, 2: 81, 3: 0, 4: 0, 5: 0
DFA state visits cumulative  : 1: 28162, 2: 134, 3: 0, 4: 0, 5: 0
DFA state entries in window  : 1: 100, 2: 3, 3: 0, 4: 0, 5: 0
DFA state entries cumulative : 1: 300, 2: 5, 3: 0, 4: 0, 5: 0
transitions cumulative       : 1->2: 5
accepted directly from s0    : 0
Gym endings cumulative       : terminated=300, truncated=0

[Episode 400/12000 | last 100]
success rate                : 0.0% (cumulative 0.0%)
failure rate                : 0.0% (cumulative 0.0%)
completed cycles / episode  : 0.000
synthetic task reward       : 0.000
shaping reward              : -639.832
learning reward             : -639.832
episode length              : 100.1
abstract changes / episode  : 87.5
same abstract-state steps   : 12.5%
same-state shaping / episode: 0.000
changed-state shaping / ep. : -639.832
terminal shaping / episode  : -5.272
DFA transitions / episode   : 0.02
DFA transitions in window   : 1->2: 2
epsilon (next episode)       : 0.92311
replay buffer                : 38002 samples [1: 99.6%, 2: 0.4%, 3: 0.0%, 4: 0.0%, 5: 0.0%]
DFA state visits in window   : 1: 10072, 2: 34, 3: 0, 4: 0, 5: 0
DFA state visits cumulative  : 1: 38234, 2: 168, 3: 0, 4: 0, 5: 0
DFA state entries in window  : 1: 100, 2: 2, 3: 0, 4: 0, 5: 0
DFA state entries cumulative : 1: 400, 2: 7, 3: 0, 4: 0, 5: 0
transitions cumulative       : 1->2: 7
accepted directly from s0    : 0
Gym endings cumulative       : terminated=400, truncated=0

[Episode 500/12000 | last 100]
success rate                : 0.0% (cumulative 0.0%)
failure rate                : 0.0% (cumulative 0.0%)
completed cycles / episode  : 0.000
synthetic task reward       : 0.000
shaping reward              : -624.382
learning reward             : -624.382
episode length              : 98.5
abstract changes / episode  : 86.1
same abstract-state steps   : 12.6%
same-state shaping / episode: 0.000
changed-state shaping / ep. : -624.382
terminal shaping / episode  : -4.881
DFA transitions / episode   : 0.03
DFA transitions in window   : 1->2: 3
epsilon (next episode)       : 0.90483
replay buffer                : 47848 samples [1: 99.5%, 2: 0.5%, 3: 0.0%, 4: 0.0%, 5: 0.0%]
DFA state visits in window   : 1: 9873, 2: 73, 3: 0, 4: 0, 5: 0
DFA state visits cumulative  : 1: 48107, 2: 241, 3: 0, 4: 0, 5: 0
DFA state entries in window  : 1: 100, 2: 3, 3: 0, 4: 0, 5: 0
DFA state entries cumulative : 1: 500, 2: 10, 3: 0, 4: 0, 5: 0
transitions cumulative       : 1->2: 10
accepted directly from s0    : 0
Gym endings cumulative       : terminated=500, truncated=0

Starting autonomous greedy evaluation at episode 500 (1000 fixed-seed episodes)...
[Greedy evaluation at episode 500 | 1000 fixed-seed episodes]
success=0.0%, failure=0.0%, task reward=0.000, length=151.9
DFA transitions: none
Best policy updated from autonomous greedy evaluation at episode 500.

[Episode 600/12000 | last 100]
success rate                : 0.0% (cumulative 0.0%)
failure rate                : 0.0% (cumulative 0.0%)
completed cycles / episode  : 0.000
synthetic task reward       : 0.000
shaping reward              : -651.059
learning reward             : -651.059
episode length              : 99.8
abstract changes / episode  : 88.0
same abstract-state steps   : 11.8%
same-state shaping / episode: 0.000
changed-state shaping / ep. : -651.059
terminal shaping / episode  : -6.618
DFA transitions / episode   : 0.03
DFA transitions in window   : 1->2: 3
epsilon (next episode)       : 0.88691
replay buffer                : 57832 samples [1: 99.4%, 2: 0.6%, 3: 0.0%, 4: 0.0%, 5: 0.0%]
DFA state visits in window   : 1: 9978, 2: 106, 3: 0, 4: 0, 5: 0
DFA state visits cumulative  : 1: 58085, 2: 347, 3: 0, 4: 0, 5: 0
DFA state entries in window  : 1: 100, 2: 3, 3: 0, 4: 0, 5: 0
DFA state entries cumulative : 1: 600, 2: 13, 3: 0, 4: 0, 5: 0
transitions cumulative       : 1->2: 13
accepted directly from s0    : 0
Gym endings cumulative       : terminated=600, truncated=0

[Episode 700/12000 | last 100]
success rate                : 0.0% (cumulative 0.0%)
failure rate                : 0.0% (cumulative 0.0%)
completed cycles / episode  : 0.000
synthetic task reward       : 0.000
shaping reward              : -622.612
learning reward             : -622.612
episode length              : 98.0
abstract changes / episode  : 85.8
same abstract-state steps   : 12.5%
same-state shaping / episode: 0.000
changed-state shaping / ep. : -622.612
terminal shaping / episode  : -6.321
DFA transitions / episode   : 0.04
DFA transitions in window   : 1->2: 4
epsilon (next episode)       : 0.86935
replay buffer                : 67633 samples [1: 99.4%, 2: 0.6%, 3: 0.0%, 4: 0.0%, 5: 0.0%]
DFA state visits in window   : 1: 9809, 2: 92, 3: 0, 4: 0, 5: 0
DFA state visits cumulative  : 1: 67894, 2: 439, 3: 0, 4: 0, 5: 0
DFA state entries in window  : 1: 100, 2: 4, 3: 0, 4: 0, 5: 0
DFA state entries cumulative : 1: 700, 2: 17, 3: 0, 4: 0, 5: 0
transitions cumulative       : 1->2: 17
accepted directly from s0    : 0
Gym endings cumulative       : terminated=700, truncated=0

[Episode 800/12000 | last 100]
success rate                : 0.0% (cumulative 0.0%)
failure rate                : 0.0% (cumulative 0.0%)
completed cycles / episode  : 0.000
synthetic task reward       : 0.000
shaping reward              : -643.493
learning reward             : -643.493
episode length              : 102.8
abstract changes / episode  : 91.7
same abstract-state steps   : 10.8%
same-state shaping / episode: 0.000
changed-state shaping / ep. : -643.493
terminal shaping / episode  : -5.037
DFA transitions / episode   : 0.02
DFA transitions in window   : 1->2: 2
epsilon (next episode)       : 0.85213
replay buffer                : 77914 samples [1: 99.4%, 2: 0.6%, 3: 0.0%, 4: 0.0%, 5: 0.0%]
DFA state visits in window   : 1: 10331, 2: 50, 3: 0, 4: 0, 5: 0
DFA state visits cumulative  : 1: 78225, 2: 489, 3: 0, 4: 0, 5: 0
DFA state entries in window  : 1: 100, 2: 2, 3: 0, 4: 0, 5: 0
DFA state entries cumulative : 1: 800, 2: 19, 3: 0, 4: 0, 5: 0
transitions cumulative       : 1->2: 19
accepted directly from s0    : 0
Gym endings cumulative       : terminated=800, truncated=0

[Episode 900/12000 | last 100]
success rate                : 0.0% (cumulative 0.0%)
failure rate                : 0.0% (cumulative 0.0%)
completed cycles / episode  : 0.000
synthetic task reward       : 0.000
shaping reward              : -659.249
learning reward             : -659.249
episode length              : 104.7
abstract changes / episode  : 89.4
same abstract-state steps   : 14.6%
same-state shaping / episode: 0.000
changed-state shaping / ep. : -659.249
terminal shaping / episode  : -6.182
DFA transitions / episode   : 0.01
DFA transitions in window   : 1->2: 1
epsilon (next episode)       : 0.83526
replay buffer                : 88387 samples [1: 99.4%, 2: 0.6%, 3: 0.0%, 4: 0.0%, 5: 0.0%]
DFA state visits in window   : 1: 10552, 2: 21, 3: 0, 4: 0, 5: 0
DFA state visits cumulative  : 1: 88777, 2: 510, 3: 0, 4: 0, 5: 0
DFA state entries in window  : 1: 100, 2: 1, 3: 0, 4: 0, 5: 0
DFA state entries cumulative : 1: 900, 2: 20, 3: 0, 4: 0, 5: 0
transitions cumulative       : 1->2: 20
accepted directly from s0    : 0
Gym endings cumulative       : terminated=900, truncated=0

[Episode 1000/12000 | last 100]
success rate                : 0.0% (cumulative 0.0%)
failure rate                : 0.0% (cumulative 0.0%)
completed cycles / episode  : 0.000
synthetic task reward       : 0.000
shaping reward              : -532.197
learning reward             : -532.197
episode length              : 105.8
abstract changes / episode  : 90.5
same abstract-state steps   : 14.5%
same-state shaping / episode: 0.000
changed-state shaping / ep. : -532.197
terminal shaping / episode  : -8.975
DFA transitions / episode   : 0.06
DFA transitions in window   : 1->2: 6
epsilon (next episode)       : 0.81871
replay buffer                : 98965 samples [1: 99.4%, 2: 0.6%, 3: 0.0%, 4: 0.0%, 5: 0.0%]
DFA state visits in window   : 1: 10564, 2: 114, 3: 0, 4: 0, 5: 0
DFA state visits cumulative  : 1: 99341, 2: 624, 3: 0, 4: 0, 5: 0
DFA state entries in window  : 1: 100, 2: 6, 3: 0, 4: 0, 5: 0
DFA state entries cumulative : 1: 1000, 2: 26, 3: 0, 4: 0, 5: 0
transitions cumulative       : 1->2: 26
accepted directly from s0    : 0
Gym endings cumulative       : terminated=1000, truncated=0

Starting autonomous greedy evaluation at episode 1000 (1000 fixed-seed episodes)...
[Greedy evaluation at episode 1000 | 1000 fixed-seed episodes]
success=0.0%, failure=0.0%, task reward=0.000, length=129.6
DFA transitions: 1->2: 35
Best policy updated from autonomous greedy evaluation at episode 1000.

[Episode 1100/12000 | last 100]
success rate                : 0.0% (cumulative 0.0%)
failure rate                : 0.0% (cumulative 0.0%)
completed cycles / episode  : 0.000
synthetic task reward       : 0.000
shaping reward              : -641.879
learning reward             : -641.879
episode length              : 110.0
abstract changes / episode  : 95.1
same abstract-state steps   : 13.5%
same-state shaping / episode: 0.000
changed-state shaping / ep. : -641.879
terminal shaping / episode  : -4.342
DFA transitions / episode   : 0.02
DFA transitions in window   : 1->2: 2
epsilon (next episode)       : 0.80250
replay buffer                : 109969 samples [1: 99.4%, 2: 0.6%, 3: 0.0%, 4: 0.0%, 5: 0.0%]
DFA state visits in window   : 1: 11049, 2: 55, 3: 0, 4: 0, 5: 0
DFA state visits cumulative  : 1: 110390, 2: 679, 3: 0, 4: 0, 5: 0
DFA state entries in window  : 1: 100, 2: 2, 3: 0, 4: 0, 5: 0
DFA state entries cumulative : 1: 1100, 2: 28, 3: 0, 4: 0, 5: 0
transitions cumulative       : 1->2: 28
accepted directly from s0    : 0
Gym endings cumulative       : terminated=1100, truncated=0

[Episode 1200/12000 | last 100]
success rate                : 0.0% (cumulative 0.0%)
failure rate                : 0.0% (cumulative 0.0%)
completed cycles / episode  : 0.000
synthetic task reward       : 0.000
shaping reward              : -631.297
learning reward             : -631.297
episode length              : 107.4
abstract changes / episode  : 92.7
same abstract-state steps   : 13.7%
same-state shaping / episode: 0.000
changed-state shaping / ep. : -631.297
terminal shaping / episode  : -2.817
DFA transitions / episode   : 0.02
DFA transitions in window   : 1->2: 2
epsilon (next episode)       : 0.78661
replay buffer                : 120707 samples [1: 99.4%, 2: 0.6%, 3: 0.0%, 4: 0.0%, 5: 0.0%]
DFA state visits in window   : 1: 10779, 2: 59, 3: 0, 4: 0, 5: 0
DFA state visits cumulative  : 1: 121169, 2: 738, 3: 0, 4: 0, 5: 0
DFA state entries in window  : 1: 100, 2: 2, 3: 0, 4: 0, 5: 0
DFA state entries cumulative : 1: 1200, 2: 30, 3: 0, 4: 0, 5: 0
transitions cumulative       : 1->2: 30
accepted directly from s0    : 0
Gym endings cumulative       : terminated=1200, truncated=0

[Episode 1300/12000 | last 100]
success rate                : 0.0% (cumulative 0.0%)
failure rate                : 0.0% (cumulative 0.0%)
completed cycles / episode  : 0.000
synthetic task reward       : 0.000
shaping reward              : -660.675
learning reward             : -660.675
episode length              : 116.5
abstract changes / episode  : 97.4
same abstract-state steps   : 16.4%
same-state shaping / episode: 0.000
changed-state shaping / ep. : -660.675
terminal shaping / episode  : -4.706
DFA transitions / episode   : 0.03
DFA transitions in window   : 1->2: 3
epsilon (next episode)       : 0.77103
replay buffer                : 132361 samples [1: 99.4%, 2: 0.6%, 3: 0.0%, 4: 0.0%, 5: 0.0%]
DFA state visits in window   : 1: 11619, 2: 135, 3: 0, 4: 0, 5: 0
DFA state visits cumulative  : 1: 132788, 2: 873, 3: 0, 4: 0, 5: 0
DFA state entries in window  : 1: 100, 2: 3, 3: 0, 4: 0, 5: 0
DFA state entries cumulative : 1: 1300, 2: 33, 3: 0, 4: 0, 5: 0
transitions cumulative       : 1->2: 33
accepted directly from s0    : 0
Gym endings cumulative       : terminated=1300, truncated=0

[Episode 1400/12000 | last 100]
success rate                : 0.0% (cumulative 0.0%)
failure rate                : 0.0% (cumulative 0.0%)
completed cycles / episode  : 0.000
synthetic task reward       : 0.000
shaping reward              : -672.721
learning reward             : -672.721
episode length              : 115.2
abstract changes / episode  : 96.5
same abstract-state steps   : 16.2%
same-state shaping / episode: 0.000
changed-state shaping / ep. : -672.721
terminal shaping / episode  : -4.353
DFA transitions / episode   : 0.02
DFA transitions in window   : 1->2: 2
epsilon (next episode)       : 0.75576
replay buffer                : 143884 samples [1: 99.4%, 2: 0.6%, 3: 0.0%, 4: 0.0%, 5: 0.0%]
DFA state visits in window   : 1: 11536, 2: 87, 3: 0, 4: 0, 5: 0
DFA state visits cumulative  : 1: 144324, 2: 960, 3: 0, 4: 0, 5: 0
DFA state entries in window  : 1: 100, 2: 2, 3: 0, 4: 0, 5: 0
DFA state entries cumulative : 1: 1400, 2: 35, 3: 0, 4: 0, 5: 0
transitions cumulative       : 1->2: 35
accepted directly from s0    : 0
Gym endings cumulative       : terminated=1400, truncated=0

[Episode 1500/12000 | last 100]
success rate                : 0.0% (cumulative 0.0%)
failure rate                : 0.0% (cumulative 0.0%)
completed cycles / episode  : 0.000
synthetic task reward       : 0.000
shaping reward              : -678.806
learning reward             : -678.806
episode length              : 125.1
abstract changes / episode  : 102.3
same abstract-state steps   : 18.2%
same-state shaping / episode: 0.000
changed-state shaping / ep. : -678.806
terminal shaping / episode  : -5.261
DFA transitions / episode   : 0.03
DFA transitions in window   : 1->2: 3
epsilon (next episode)       : 0.74080
replay buffer                : 156392 samples [1: 99.3%, 2: 0.7%, 3: 0.0%, 4: 0.0%, 5: 0.0%]
DFA state visits in window   : 1: 12437, 2: 171, 3: 0, 4: 0, 5: 0
DFA state visits cumulative  : 1: 156761, 2: 1131, 3: 0, 4: 0, 5: 0
DFA state entries in window  : 1: 100, 2: 3, 3: 0, 4: 0, 5: 0
DFA state entries cumulative : 1: 1500, 2: 38, 3: 0, 4: 0, 5: 0
transitions cumulative       : 1->2: 38
accepted directly from s0    : 0
Gym endings cumulative       : terminated=1500, truncated=0

Starting autonomous greedy evaluation at episode 1500 (1000 fixed-seed episodes)...
[Greedy evaluation at episode 1500 | 1000 fixed-seed episodes]
success=0.0%, failure=0.0%, task reward=0.000, length=139.7
DFA transitions: none

[Episode 1600/12000 | last 100]
success rate                : 0.0% (cumulative 0.0%)
failure rate                : 0.0% (cumulative 0.0%)
completed cycles / episode  : 0.000
synthetic task reward       : 0.000
shaping reward              : -633.102
learning reward             : -633.102
episode length              : 122.1
abstract changes / episode  : 103.0
same abstract-state steps   : 15.6%
same-state shaping / episode: 0.000
changed-state shaping / ep. : -633.102
terminal shaping / episode  : -3.737
DFA transitions / episode   : 0.06
DFA transitions in window   : 1->2: 6
epsilon (next episode)       : 0.72613
replay buffer                : 168602 samples [1: 99.2%, 2: 0.8%, 3: 0.0%, 4: 0.0%, 5: 0.0%]
DFA state visits in window   : 1: 12043, 2: 267, 3: 0, 4: 0, 5: 0
DFA state visits cumulative  : 1: 168804, 2: 1398, 3: 0, 4: 0, 5: 0
DFA state entries in window  : 1: 100, 2: 6, 3: 0, 4: 0, 5: 0
DFA state entries cumulative : 1: 1600, 2: 44, 3: 0, 4: 0, 5: 0
transitions cumulative       : 1->2: 44
accepted directly from s0    : 0
Gym endings cumulative       : terminated=1600, truncated=0

[Episode 1700/12000 | last 100]
success rate                : 0.0% (cumulative 0.0%)
failure rate                : 0.0% (cumulative 0.0%)
completed cycles / episode  : 0.000
synthetic task reward       : 0.000
shaping reward              : -701.151
learning reward             : -701.151
episode length              : 132.9
abstract changes / episode  : 110.8
same abstract-state steps   : 16.6%
same-state shaping / episode: 0.000
changed-state shaping / ep. : -701.151
terminal shaping / episode  : -3.086
DFA transitions / episode   : 0.01
DFA transitions in window   : 1->2: 1
epsilon (next episode)       : 0.71175
replay buffer                : 181891 samples [1: 99.2%, 2: 0.8%, 3: 0.0%, 4: 0.0%, 5: 0.0%]
DFA state visits in window   : 1: 13333, 2: 56, 3: 0, 4: 0, 5: 0
DFA state visits cumulative  : 1: 182137, 2: 1454, 3: 0, 4: 0, 5: 0
DFA state entries in window  : 1: 100, 2: 1, 3: 0, 4: 0, 5: 0
DFA state entries cumulative : 1: 1700, 2: 45, 3: 0, 4: 0, 5: 0
transitions cumulative       : 1->2: 45
accepted directly from s0    : 0
Gym endings cumulative       : terminated=1700, truncated=0

[Episode 1800/12000 | last 100]
success rate                : 0.0% (cumulative 0.0%)
failure rate                : 0.0% (cumulative 0.0%)
completed cycles / episode  : 0.000
synthetic task reward       : 0.000
shaping reward              : -659.092
learning reward             : -659.092
episode length              : 132.3
abstract changes / episode  : 110.9
same abstract-state steps   : 16.2%
same-state shaping / episode: 0.000
changed-state shaping / ep. : -659.092
terminal shaping / episode  : -3.942
DFA transitions / episode   : 0.03
DFA transitions in window   : 1->2: 3
epsilon (next episode)       : 0.69765
replay buffer                : 195121 samples [1: 99.2%, 2: 0.8%, 3: 0.0%, 4: 0.0%, 5: 0.0%]
DFA state visits in window   : 1: 13156, 2: 174, 3: 0, 4: 0, 5: 0
DFA state visits cumulative  : 1: 195293, 2: 1628, 3: 0, 4: 0, 5: 0
DFA state entries in window  : 1: 100, 2: 3, 3: 0, 4: 0, 5: 0
DFA state entries cumulative : 1: 1800, 2: 48, 3: 0, 4: 0, 5: 0
transitions cumulative       : 1->2: 48
accepted directly from s0    : 0
Gym endings cumulative       : terminated=1800, truncated=0

[Episode 1900/12000 | last 100]
success rate                : 0.0% (cumulative 0.0%)
failure rate                : 0.0% (cumulative 0.0%)
completed cycles / episode  : 0.000
synthetic task reward       : 0.000
shaping reward              : -699.999
learning reward             : -699.999
episode length              : 130.9
abstract changes / episode  : 109.6
same abstract-state steps   : 16.3%
same-state shaping / episode: 0.000
changed-state shaping / ep. : -699.999
terminal shaping / episode  : -3.012
DFA transitions / episode   : 0.01
DFA transitions in window   : 1->2: 1
epsilon (next episode)       : 0.68384
replay buffer                : 208213 samples [1: 99.2%, 2: 0.8%, 3: 0.0%, 4: 0.0%, 5: 0.0%]
DFA state visits in window   : 1: 13123, 2: 69, 3: 0, 4: 0, 5: 0
DFA state visits cumulative  : 1: 208416, 2: 1697, 3: 0, 4: 0, 5: 0
DFA state entries in window  : 1: 100, 2: 1, 3: 0, 4: 0, 5: 0
DFA state entries cumulative : 1: 1900, 2: 49, 3: 0, 4: 0, 5: 0
transitions cumulative       : 1->2: 49
accepted directly from s0    : 0
Gym endings cumulative       : terminated=1900, truncated=0

[Episode 2000/12000 | last 100]
success rate                : 0.0% (cumulative 0.0%)
failure rate                : 0.0% (cumulative 0.0%)
completed cycles / episode  : 0.000
synthetic task reward       : 0.000
shaping reward              : -679.939
learning reward             : -679.939
episode length              : 115.7
abstract changes / episode  : 103.7
same abstract-state steps   : 10.4%
same-state shaping / episode: 0.000
changed-state shaping / ep. : -679.939
terminal shaping / episode  : -3.056
DFA transitions / episode   : 0.00
DFA transitions in window   : none
epsilon (next episode)       : 0.67029
replay buffer                : 219783 samples [1: 99.3%, 2: 0.7%, 3: 0.0%, 4: 0.0%, 5: 0.0%]
DFA state visits in window   : 1: 11670, 2: 0, 3: 0, 4: 0, 5: 0
DFA state visits cumulative  : 1: 220086, 2: 1697, 3: 0, 4: 0, 5: 0
DFA state entries in window  : 1: 100, 2: 0, 3: 0, 4: 0, 5: 0
DFA state entries cumulative : 1: 2000, 2: 49, 3: 0, 4: 0, 5: 0
transitions cumulative       : 1->2: 49
accepted directly from s0    : 0
Gym endings cumulative       : terminated=2000, truncated=0

Starting autonomous greedy evaluation at episode 2000 (1000 fixed-seed episodes)...
[Greedy evaluation at episode 2000 | 1000 fixed-seed episodes]
success=0.0%, failure=0.0%, task reward=0.000, length=266.9
DFA transitions: 1->2: 292

[Episode 2100/12000 | last 100]
success rate                : 0.0% (cumulative 0.0%)
failure rate                : 0.0% (cumulative 0.0%)
completed cycles / episode  : 0.000
synthetic task reward       : 0.000
shaping reward              : -685.100
learning reward             : -685.100
episode length              : 107.4
abstract changes / episode  : 95.1
same abstract-state steps   : 11.5%
same-state shaping / episode: 0.000
changed-state shaping / ep. : -685.100
terminal shaping / episode  : -3.138
DFA transitions / episode   : 0.00
DFA transitions in window   : none
epsilon (next episode)       : 0.65702
replay buffer                : 230526 samples [1: 99.3%, 2: 0.7%, 3: 0.0%, 4: 0.0%, 5: 0.0%]
DFA state visits in window   : 1: 10843, 2: 0, 3: 0, 4: 0, 5: 0
DFA state visits cumulative  : 1: 230929, 2: 1697, 3: 0, 4: 0, 5: 0
DFA state entries in window  : 1: 100, 2: 0, 3: 0, 4: 0, 5: 0
DFA state entries cumulative : 1: 2100, 2: 49, 3: 0, 4: 0, 5: 0
transitions cumulative       : 1->2: 49
accepted directly from s0    : 0
Gym endings cumulative       : terminated=2100, truncated=0

[Episode 2200/12000 | last 100]
success rate                : 0.0% (cumulative 0.0%)
failure rate                : 0.0% (cumulative 0.0%)
completed cycles / episode  : 0.000
synthetic task reward       : 0.000
shaping reward              : -677.821
learning reward             : -677.821
episode length              : 103.2
abstract changes / episode  : 92.4
same abstract-state steps   : 10.5%
same-state shaping / episode: 0.000
changed-state shaping / ep. : -677.821
terminal shaping / episode  : -2.243
DFA transitions / episode   : 0.00
DFA transitions in window   : none
epsilon (next episode)       : 0.64401
replay buffer                : 240846 samples [1: 99.3%, 2: 0.7%, 3: 0.0%, 4: 0.0%, 5: 0.0%]
DFA state visits in window   : 1: 10420, 2: 0, 3: 0, 4: 0, 5: 0
DFA state visits cumulative  : 1: 241349, 2: 1697, 3: 0, 4: 0, 5: 0
DFA state entries in window  : 1: 100, 2: 0, 3: 0, 4: 0, 5: 0
DFA state entries cumulative : 1: 2200, 2: 49, 3: 0, 4: 0, 5: 0
transitions cumulative       : 1->2: 49
accepted directly from s0    : 0
Gym endings cumulative       : terminated=2200, truncated=0

[Episode 2300/12000 | last 100]
success rate                : 0.0% (cumulative 0.0%)
failure rate                : 0.0% (cumulative 0.0%)
completed cycles / episode  : 0.000
synthetic task reward       : 0.000
shaping reward              : -653.577
learning reward             : -653.577
episode length              : 121.9
abstract changes / episode  : 101.8
same abstract-state steps   : 16.5%
same-state shaping / episode: 0.000
changed-state shaping / ep. : -653.577
terminal shaping / episode  : -2.299
DFA transitions / episode   : 0.02
DFA transitions in window   : 1->2: 2
epsilon (next episode)       : 0.63125
replay buffer                : 253036 samples [1: 99.3%, 2: 0.7%, 3: 0.0%, 4: 0.0%, 5: 0.0%]
DFA state visits in window   : 1: 12229, 2: 61, 3: 0, 4: 0, 5: 0
DFA state visits cumulative  : 1: 253578, 2: 1758, 3: 0, 4: 0, 5: 0
DFA state entries in window  : 1: 100, 2: 2, 3: 0, 4: 0, 5: 0
DFA state entries cumulative : 1: 2300, 2: 51, 3: 0, 4: 0, 5: 0
transitions cumulative       : 1->2: 51
accepted directly from s0    : 0
Gym endings cumulative       : terminated=2300, truncated=0

[Episode 2400/12000 | last 100]
success rate                : 0.0% (cumulative 0.0%)
failure rate                : 0.0% (cumulative 0.0%)
completed cycles / episode  : 0.000
synthetic task reward       : 0.000
shaping reward              : -678.901
learning reward             : -678.901
episode length              : 119.3
abstract changes / episode  : 101.6
same abstract-state steps   : 14.9%
same-state shaping / episode: 0.000
changed-state shaping / ep. : -678.901
terminal shaping / episode  : -3.051
DFA transitions / episode   : 0.00
DFA transitions in window   : none
epsilon (next episode)       : 0.61875
replay buffer                : 264970 samples [1: 99.4%, 2: 0.6%, 3: 0.0%, 4: 0.0%, 5: 0.0%]
DFA state visits in window   : 1: 12034, 2: 0, 3: 0, 4: 0, 5: 0
DFA state visits cumulative  : 1: 265612, 2: 1758, 3: 0, 4: 0, 5: 0
DFA state entries in window  : 1: 100, 2: 0, 3: 0, 4: 0, 5: 0
DFA state entries cumulative : 1: 2400, 2: 51, 3: 0, 4: 0, 5: 0
transitions cumulative       : 1->2: 51
accepted directly from s0    : 0
Gym endings cumulative       : terminated=2400, truncated=0

[Episode 2500/12000 | last 100]
success rate                : 0.0% (cumulative 0.0%)
failure rate                : 0.0% (cumulative 0.0%)
completed cycles / episode  : 0.000
synthetic task reward       : 0.000
shaping reward              : -670.864
learning reward             : -670.864
episode length              : 108.8
abstract changes / episode  : 93.2
same abstract-state steps   : 14.4%
same-state shaping / episode: 0.000
changed-state shaping / ep. : -670.864
terminal shaping / episode  : -4.039
DFA transitions / episode   : 0.00
DFA transitions in window   : none
epsilon (next episode)       : 0.60650
replay buffer                : 275852 samples [1: 99.4%, 2: 0.6%, 3: 0.0%, 4: 0.0%, 5: 0.0%]
DFA state visits in window   : 1: 10982, 2: 0, 3: 0, 4: 0, 5: 0
DFA state visits cumulative  : 1: 276594, 2: 1758, 3: 0, 4: 0, 5: 0
DFA state entries in window  : 1: 100, 2: 0, 3: 0, 4: 0, 5: 0
DFA state entries cumulative : 1: 2500, 2: 51, 3: 0, 4: 0, 5: 0
transitions cumulative       : 1->2: 51
accepted directly from s0    : 0
Gym endings cumulative       : terminated=2499, truncated=1

Starting autonomous greedy evaluation at episode 2500 (1000 fixed-seed episodes)...
[Greedy evaluation at episode 2500 | 1000 fixed-seed episodes]
success=0.0%, failure=0.0%, task reward=0.000, length=996.8
DFA transitions: none

[Episode 2600/12000 | last 100]
success rate                : 0.0% (cumulative 0.0%)
failure rate                : 0.0% (cumulative 0.0%)
completed cycles / episode  : 0.000
synthetic task reward       : 0.000
shaping reward              : -681.361
learning reward             : -681.361
episode length              : 102.5
abstract changes / episode  : 90.8
same abstract-state steps   : 11.4%
same-state shaping / episode: 0.000
changed-state shaping / ep. : -681.361
terminal shaping / episode  : -3.546
DFA transitions / episode   : 0.00
DFA transitions in window   : none
epsilon (next episode)       : 0.59449
replay buffer                : 286098 samples [1: 99.4%, 2: 0.6%, 3: 0.0%, 4: 0.0%, 5: 0.0%]
DFA state visits in window   : 1: 10346, 2: 0, 3: 0, 4: 0, 5: 0
DFA state visits cumulative  : 1: 286940, 2: 1758, 3: 0, 4: 0, 5: 0
DFA state entries in window  : 1: 100, 2: 0, 3: 0, 4: 0, 5: 0
DFA state entries cumulative : 1: 2600, 2: 51, 3: 0, 4: 0, 5: 0
transitions cumulative       : 1->2: 51
accepted directly from s0    : 0
Gym endings cumulative       : terminated=2599, truncated=1

[Episode 2700/12000 | last 100]
success rate                : 0.0% (cumulative 0.0%)
failure rate                : 0.0% (cumulative 0.0%)
completed cycles / episode  : 0.000
synthetic task reward       : 0.000
shaping reward              : -654.727
learning reward             : -654.727
episode length              : 105.4
abstract changes / episode  : 88.3
same abstract-state steps   : 16.2%
same-state shaping / episode: 0.000
changed-state shaping / ep. : -654.727
terminal shaping / episode  : -4.671
DFA transitions / episode   : 0.02
DFA transitions in window   : 1->2: 2
epsilon (next episode)       : 0.58272
replay buffer                : 296636 samples [1: 99.4%, 2: 0.6%, 3: 0.0%, 4: 0.0%, 5: 0.0%]
DFA state visits in window   : 1: 10590, 2: 48, 3: 0, 4: 0, 5: 0
DFA state visits cumulative  : 1: 297530, 2: 1806, 3: 0, 4: 0, 5: 0
DFA state entries in window  : 1: 100, 2: 2, 3: 0, 4: 0, 5: 0
DFA state entries cumulative : 1: 2700, 2: 53, 3: 0, 4: 0, 5: 0
transitions cumulative       : 1->2: 53
accepted directly from s0    : 0
Gym endings cumulative       : terminated=2698, truncated=2

[Episode 2800/12000 | last 100]
success rate                : 0.0% (cumulative 0.0%)
failure rate                : 0.0% (cumulative 0.0%)
completed cycles / episode  : 0.000
synthetic task reward       : 0.000
shaping reward              : -675.651
learning reward             : -675.651
episode length              : 115.3
abstract changes / episode  : 91.6
same abstract-state steps   : 20.6%
same-state shaping / episode: 0.000
changed-state shaping / ep. : -675.651
terminal shaping / episode  : -4.015
DFA transitions / episode   : 0.00
DFA transitions in window   : none
epsilon (next episode)       : 0.57118
replay buffer                : 300000 samples [1: 99.4%, 2: 0.6%, 3: 0.0%, 4: 0.0%, 5: 0.0%]
DFA state visits in window   : 1: 11633, 2: 0, 3: 0, 4: 0, 5: 0
DFA state visits cumulative  : 1: 309163, 2: 1806, 3: 0, 4: 0, 5: 0
DFA state entries in window  : 1: 100, 2: 0, 3: 0, 4: 0, 5: 0
DFA state entries cumulative : 1: 2800, 2: 53, 3: 0, 4: 0, 5: 0
transitions cumulative       : 1->2: 53
accepted directly from s0    : 0
Gym endings cumulative       : terminated=2796, truncated=4

[Episode 2900/12000 | last 100]
success rate                : 0.0% (cumulative 0.0%)
failure rate                : 0.0% (cumulative 0.0%)
completed cycles / episode  : 0.000
synthetic task reward       : 0.000
shaping reward              : -692.586
learning reward             : -692.586
episode length              : 137.7
abstract changes / episode  : 98.4
same abstract-state steps   : 28.5%
same-state shaping / episode: 0.000
changed-state shaping / ep. : -692.586
terminal shaping / episode  : -1.694
DFA transitions / episode   : 0.00
DFA transitions in window   : none
epsilon (next episode)       : 0.55987
replay buffer                : 300000 samples [1: 99.4%, 2: 0.6%, 3: 0.0%, 4: 0.0%, 5: 0.0%]
DFA state visits in window   : 1: 13865, 2: 0, 3: 0, 4: 0, 5: 0
DFA state visits cumulative  : 1: 323028, 2: 1806, 3: 0, 4: 0, 5: 0
DFA state entries in window  : 1: 100, 2: 0, 3: 0, 4: 0, 5: 0
DFA state entries cumulative : 1: 2900, 2: 53, 3: 0, 4: 0, 5: 0
transitions cumulative       : 1->2: 53
accepted directly from s0    : 0
Gym endings cumulative       : terminated=2893, truncated=7

[Episode 3000/12000 | last 100]
success rate                : 0.0% (cumulative 0.0%)
failure rate                : 0.0% (cumulative 0.0%)
completed cycles / episode  : 0.000
synthetic task reward       : 0.000
shaping reward              : -687.534
learning reward             : -687.534
episode length              : 129.6
abstract changes / episode  : 98.2
same abstract-state steps   : 24.2%
same-state shaping / episode: 0.000
changed-state shaping / ep. : -687.534
terminal shaping / episode  : -2.213
DFA transitions / episode   : 0.00
DFA transitions in window   : none
epsilon (next episode)       : 0.54878
replay buffer                : 300000 samples [1: 99.5%, 2: 0.5%, 3: 0.0%, 4: 0.0%, 5: 0.0%]
DFA state visits in window   : 1: 13059, 2: 0, 3: 0, 4: 0, 5: 0
DFA state visits cumulative  : 1: 336087, 2: 1806, 3: 0, 4: 0, 5: 0
DFA state entries in window  : 1: 100, 2: 0, 3: 0, 4: 0, 5: 0
DFA state entries cumulative : 1: 3000, 2: 53, 3: 0, 4: 0, 5: 0
transitions cumulative       : 1->2: 53
accepted directly from s0    : 0
Gym endings cumulative       : terminated=2990, truncated=10

Starting autonomous greedy evaluation at episode 3000 (1000 fixed-seed episodes)...
[Greedy evaluation at episode 3000 | 1000 fixed-seed episodes]
success=0.0%, failure=0.0%, task reward=0.000, length=925.7
DFA transitions: none

[Episode 3100/12000 | last 100]
success rate                : 0.0% (cumulative 0.0%)
failure rate                : 0.0% (cumulative 0.0%)
completed cycles / episode  : 0.000
synthetic task reward       : 0.000
shaping reward              : -685.372
learning reward             : -685.372
episode length              : 147.3
abstract changes / episode  : 105.5
same abstract-state steps   : 28.4%
same-state shaping / episode: 0.000
changed-state shaping / ep. : -685.372
terminal shaping / episode  : -1.877
DFA transitions / episode   : 0.00
DFA transitions in window   : none
epsilon (next episode)       : 0.53791
replay buffer                : 300000 samples [1: 99.5%, 2: 0.5%, 3: 0.0%, 4: 0.0%, 5: 0.0%]
DFA state visits in window   : 1: 14831, 2: 0, 3: 0, 4: 0, 5: 0
DFA state visits cumulative  : 1: 350918, 2: 1806, 3: 0, 4: 0, 5: 0
DFA state entries in window  : 1: 100, 2: 0, 3: 0, 4: 0, 5: 0
DFA state entries cumulative : 1: 3100, 2: 53, 3: 0, 4: 0, 5: 0
transitions cumulative       : 1->2: 53
accepted directly from s0    : 0
Gym endings cumulative       : terminated=3087, truncated=13

[Episode 3200/12000 | last 100]
success rate                : 0.0% (cumulative 0.0%)
failure rate                : 0.0% (cumulative 0.0%)
completed cycles / episode  : 0.000
synthetic task reward       : 0.000
shaping reward              : -689.498
learning reward             : -689.498
episode length              : 150.9
abstract changes / episode  : 109.2
same abstract-state steps   : 27.6%
same-state shaping / episode: 0.000
changed-state shaping / ep. : -689.498
terminal shaping / episode  : -1.835
DFA transitions / episode   : 0.00
DFA transitions in window   : none
epsilon (next episode)       : 0.52726
replay buffer                : 300000 samples [1: 99.5%, 2: 0.5%, 3: 0.0%, 4: 0.0%, 5: 0.0%]
DFA state visits in window   : 1: 15188, 2: 0, 3: 0, 4: 0, 5: 0
DFA state visits cumulative  : 1: 366106, 2: 1806, 3: 0, 4: 0, 5: 0
DFA state entries in window  : 1: 100, 2: 0, 3: 0, 4: 0, 5: 0
DFA state entries cumulative : 1: 3200, 2: 53, 3: 0, 4: 0, 5: 0
transitions cumulative       : 1->2: 53
accepted directly from s0    : 0
Gym endings cumulative       : terminated=3184, truncated=16

[Episode 3300/12000 | last 100]
success rate                : 0.0% (cumulative 0.0%)
failure rate                : 0.0% (cumulative 0.0%)
completed cycles / episode  : 0.000
synthetic task reward       : 0.000
shaping reward              : -685.485
learning reward             : -685.485
episode length              : 137.8
abstract changes / episode  : 108.6
same abstract-state steps   : 21.2%
same-state shaping / episode: 0.000
changed-state shaping / ep. : -685.485
terminal shaping / episode  : -2.345
DFA transitions / episode   : 0.00
DFA transitions in window   : none
epsilon (next episode)       : 0.51682
replay buffer                : 300000 samples [1: 99.6%, 2: 0.4%, 3: 0.0%, 4: 0.0%, 5: 0.0%]
DFA state visits in window   : 1: 13876, 2: 0, 3: 0, 4: 0, 5: 0
DFA state visits cumulative  : 1: 379982, 2: 1806, 3: 0, 4: 0, 5: 0
DFA state entries in window  : 1: 100, 2: 0, 3: 0, 4: 0, 5: 0
DFA state entries cumulative : 1: 3300, 2: 53, 3: 0, 4: 0, 5: 0
transitions cumulative       : 1->2: 53
accepted directly from s0    : 0
Gym endings cumulative       : terminated=3282, truncated=18

[Episode 3400/12000 | last 100]
success rate                : 0.0% (cumulative 0.0%)
failure rate                : 0.0% (cumulative 0.0%)
completed cycles / episode  : 0.000
synthetic task reward       : 0.000
shaping reward              : -687.618
learning reward             : -687.618
episode length              : 148.1
abstract changes / episode  : 122.1
same abstract-state steps   : 17.5%
same-state shaping / episode: 0.000
changed-state shaping / ep. : -687.618
terminal shaping / episode  : -2.028
DFA transitions / episode   : 0.00
DFA transitions in window   : none
epsilon (next episode)       : 0.50658
replay buffer                : 300000 samples [1: 99.6%, 2: 0.4%, 3: 0.0%, 4: 0.0%, 5: 0.0%]
DFA state visits in window   : 1: 14905, 2: 0, 3: 0, 4: 0, 5: 0
DFA state visits cumulative  : 1: 394887, 2: 1806, 3: 0, 4: 0, 5: 0
DFA state entries in window  : 1: 100, 2: 0, 3: 0, 4: 0, 5: 0
DFA state entries cumulative : 1: 3400, 2: 53, 3: 0, 4: 0, 5: 0
transitions cumulative       : 1->2: 53
accepted directly from s0    : 0
Gym endings cumulative       : terminated=3382, truncated=18

[Episode 3500/12000 | last 100]
success rate                : 0.0% (cumulative 0.0%)
failure rate                : 0.0% (cumulative 0.0%)
completed cycles / episode  : 0.000
synthetic task reward       : 0.000
shaping reward              : -680.626
learning reward             : -680.626
episode length              : 161.3
abstract changes / episode  : 134.3
same abstract-state steps   : 16.7%
same-state shaping / episode: 0.000
changed-state shaping / ep. : -680.626
terminal shaping / episode  : -1.280
DFA transitions / episode   : 0.00
DFA transitions in window   : none
epsilon (next episode)       : 0.49655
replay buffer                : 300000 samples [1: 99.6%, 2: 0.4%, 3: 0.0%, 4: 0.0%, 5: 0.0%]
DFA state visits in window   : 1: 16232, 2: 0, 3: 0, 4: 0, 5: 0
DFA state visits cumulative  : 1: 411119, 2: 1806, 3: 0, 4: 0, 5: 0
DFA state entries in window  : 1: 100, 2: 0, 3: 0, 4: 0, 5: 0
DFA state entries cumulative : 1: 3500, 2: 53, 3: 0, 4: 0, 5: 0
transitions cumulative       : 1->2: 53
accepted directly from s0    : 0
Gym endings cumulative       : terminated=3481, truncated=19

Starting autonomous greedy evaluation at episode 3500 (1000 fixed-seed episodes)...
[Greedy evaluation at episode 3500 | 1000 fixed-seed episodes]
success=0.0%, failure=0.0%, task reward=0.000, length=542.9
DFA transitions: 1->2: 494, 2->3: 84

[Episode 3600/12000 | last 100]
success rate                : 0.0% (cumulative 0.0%)
failure rate                : 0.0% (cumulative 0.0%)
completed cycles / episode  : 0.000
synthetic task reward       : 0.000
shaping reward              : -682.648
learning reward             : -682.648
episode length              : 185.4
abstract changes / episode  : 140.8
same abstract-state steps   : 24.0%
same-state shaping / episode: 0.000
changed-state shaping / ep. : -682.648
terminal shaping / episode  : -1.585
DFA transitions / episode   : 0.01
DFA transitions in window   : 1->2: 1
epsilon (next episode)       : 0.48672
replay buffer                : 300000 samples [1: 99.7%, 2: 0.3%, 3: 0.0%, 4: 0.0%, 5: 0.0%]
DFA state visits in window   : 1: 18596, 2: 46, 3: 0, 4: 0, 5: 0
DFA state visits cumulative  : 1: 429715, 2: 1852, 3: 0, 4: 0, 5: 0
DFA state entries in window  : 1: 100, 2: 1, 3: 0, 4: 0, 5: 0
DFA state entries cumulative : 1: 3600, 2: 54, 3: 0, 4: 0, 5: 0
transitions cumulative       : 1->2: 54
accepted directly from s0    : 0
Gym endings cumulative       : terminated=3579, truncated=21

[Episode 3700/12000 | last 100]
success rate                : 0.0% (cumulative 0.0%)
failure rate                : 0.0% (cumulative 0.0%)
completed cycles / episode  : 0.000
synthetic task reward       : 0.000
shaping reward              : -536.675
learning reward             : -536.675
episode length              : 181.6
abstract changes / episode  : 139.5
same abstract-state steps   : 23.2%
same-state shaping / episode: 0.000
changed-state shaping / ep. : -536.675
terminal shaping / episode  : -2.444
DFA transitions / episode   : 0.07
DFA transitions in window   : 1->2: 7
epsilon (next episode)       : 0.47708
replay buffer                : 300000 samples [1: 99.6%, 2: 0.4%, 3: 0.0%, 4: 0.0%, 5: 0.0%]
DFA state visits in window   : 1: 17801, 2: 461, 3: 0, 4: 0, 5: 0
DFA state visits cumulative  : 1: 447516, 2: 2313, 3: 0, 4: 0, 5: 0
DFA state entries in window  : 1: 100, 2: 7, 3: 0, 4: 0, 5: 0
DFA state entries cumulative : 1: 3700, 2: 61, 3: 0, 4: 0, 5: 0
transitions cumulative       : 1->2: 61
accepted directly from s0    : 0
Gym endings cumulative       : terminated=3678, truncated=22

[Episode 3800/12000 | last 100]
success rate                : 0.0% (cumulative 0.0%)
failure rate                : 0.0% (cumulative 0.0%)
completed cycles / episode  : 0.000
synthetic task reward       : 0.000
shaping reward              : -601.406
learning reward             : -601.406
episode length              : 162.5
abstract changes / episode  : 125.1
same abstract-state steps   : 23.0%
same-state shaping / episode: 0.000
changed-state shaping / ep. : -601.406
terminal shaping / episode  : -4.035
DFA transitions / episode   : 0.00
DFA transitions in window   : none
epsilon (next episode)       : 0.46763
replay buffer                : 300000 samples [1: 99.7%, 2: 0.3%, 3: 0.0%, 4: 0.0%, 5: 0.0%]
DFA state visits in window   : 1: 16352, 2: 0, 3: 0, 4: 0, 5: 0
DFA state visits cumulative  : 1: 463868, 2: 2313, 3: 0, 4: 0, 5: 0
DFA state entries in window  : 1: 100, 2: 0, 3: 0, 4: 0, 5: 0
DFA state entries cumulative : 1: 3800, 2: 61, 3: 0, 4: 0, 5: 0
transitions cumulative       : 1->2: 61
accepted directly from s0    : 0
Gym endings cumulative       : terminated=3778, truncated=22

[Episode 3900/12000 | last 100]
success rate                : 0.0% (cumulative 0.0%)
failure rate                : 0.0% (cumulative 0.0%)
completed cycles / episode  : 0.000
synthetic task reward       : 0.000
shaping reward              : -709.744
learning reward             : -709.744
episode length              : 138.3
abstract changes / episode  : 119.3
same abstract-state steps   : 13.8%
same-state shaping / episode: 0.000
changed-state shaping / ep. : -709.744
terminal shaping / episode  : -2.699
DFA transitions / episode   : 0.01
DFA transitions in window   : 1->2: 1
epsilon (next episode)       : 0.45837
replay buffer                : 300000 samples [1: 99.7%, 2: 0.3%, 3: 0.0%, 4: 0.0%, 5: 0.0%]
DFA state visits in window   : 1: 13877, 2: 55, 3: 0, 4: 0, 5: 0
DFA state visits cumulative  : 1: 477745, 2: 2368, 3: 0, 4: 0, 5: 0
DFA state entries in window  : 1: 100, 2: 1, 3: 0, 4: 0, 5: 0
DFA state entries cumulative : 1: 3900, 2: 62, 3: 0, 4: 0, 5: 0
transitions cumulative       : 1->2: 62
accepted directly from s0    : 0
Gym endings cumulative       : terminated=3878, truncated=22

[Episode 4000/12000 | last 100]
success rate                : 0.0% (cumulative 0.0%)
failure rate                : 0.0% (cumulative 0.0%)
completed cycles / episode  : 0.000
synthetic task reward       : 0.000
shaping reward              : -726.741
learning reward             : -726.741
episode length              : 192.7
abstract changes / episode  : 143.4
same abstract-state steps   : 25.6%
same-state shaping / episode: 0.000
changed-state shaping / ep. : -726.741
terminal shaping / episode  : -2.802
DFA transitions / episode   : 0.00
DFA transitions in window   : none
epsilon (next episode)       : 0.44929
replay buffer                : 300000 samples [1: 99.8%, 2: 0.2%, 3: 0.0%, 4: 0.0%, 5: 0.0%]
DFA state visits in window   : 1: 19369, 2: 0, 3: 0, 4: 0, 5: 0
DFA state visits cumulative  : 1: 497114, 2: 2368, 3: 0, 4: 0, 5: 0
DFA state entries in window  : 1: 100, 2: 0, 3: 0, 4: 0, 5: 0
DFA state entries cumulative : 1: 4000, 2: 62, 3: 0, 4: 0, 5: 0
transitions cumulative       : 1->2: 62
accepted directly from s0    : 0
Gym endings cumulative       : terminated=3976, truncated=24

Starting autonomous greedy evaluation at episode 4000 (1000 fixed-seed episodes)...
[Greedy evaluation at episode 4000 | 1000 fixed-seed episodes]
success=0.0%, failure=0.0%, task reward=0.000, length=850.5
DFA transitions: 1->2: 166

[Episode 4100/12000 | last 100]
success rate                : 0.0% (cumulative 0.0%)
failure rate                : 0.0% (cumulative 0.0%)
completed cycles / episode  : 0.000
synthetic task reward       : 0.000
shaping reward              : -342.732
learning reward             : -342.732
episode length              : 158.6
abstract changes / episode  : 120.5
same abstract-state steps   : 24.0%
same-state shaping / episode: 0.000
changed-state shaping / ep. : -342.732
terminal shaping / episode  : -0.719
DFA transitions / episode   : 0.01
DFA transitions in window   : 1->2: 1
epsilon (next episode)       : 0.44040
replay buffer                : 300000 samples [1: 99.5%, 2: 0.5%, 3: 0.0%, 4: 0.0%, 5: 0.0%]
DFA state visits in window   : 1: 15260, 2: 699, 3: 0, 4: 0, 5: 0
DFA state visits cumulative  : 1: 512374, 2: 3067, 3: 0, 4: 0, 5: 0
DFA state entries in window  : 1: 100, 2: 1, 3: 0, 4: 0, 5: 0
DFA state entries cumulative : 1: 4100, 2: 63, 3: 0, 4: 0, 5: 0
transitions cumulative       : 1->2: 63
accepted directly from s0    : 0
Gym endings cumulative       : terminated=4076, truncated=24

[Episode 4200/12000 | last 100]
success rate                : 0.0% (cumulative 0.0%)
failure rate                : 0.0% (cumulative 0.0%)
completed cycles / episode  : 0.000
synthetic task reward       : 0.000
shaping reward              : -297.042
learning reward             : -297.042
episode length              : 186.9
abstract changes / episode  : 136.5
same abstract-state steps   : 27.0%
same-state shaping / episode: 0.000
changed-state shaping / ep. : -297.042
terminal shaping / episode  : -2.393
DFA transitions / episode   : 0.06
DFA transitions in window   : 1->2: 6
epsilon (next episode)       : 0.43167
replay buffer                : 300000 samples [1: 99.4%, 2: 0.6%, 3: 0.0%, 4: 0.0%, 5: 0.0%]
DFA state visits in window   : 1: 18468, 2: 327, 3: 0, 4: 0, 5: 0
DFA state visits cumulative  : 1: 530842, 2: 3394, 3: 0, 4: 0, 5: 0
DFA state entries in window  : 1: 100, 2: 6, 3: 0, 4: 0, 5: 0
DFA state entries cumulative : 1: 4200, 2: 69, 3: 0, 4: 0, 5: 0
transitions cumulative       : 1->2: 69
accepted directly from s0    : 0
Gym endings cumulative       : terminated=4176, truncated=24

[Episode 4300/12000 | last 100]
success rate                : 0.0% (cumulative 0.0%)
failure rate                : 0.0% (cumulative 0.0%)
completed cycles / episode  : 0.000
synthetic task reward       : 0.000
shaping reward              : -669.870
learning reward             : -669.870
episode length              : 283.8
abstract changes / episode  : 211.6
same abstract-state steps   : 25.5%
same-state shaping / episode: 0.000
changed-state shaping / ep. : -669.870
terminal shaping / episode  : -1.571
DFA transitions / episode   : 0.01
DFA transitions in window   : 1->2: 1
epsilon (next episode)       : 0.42313
replay buffer                : 300000 samples [1: 99.4%, 2: 0.6%, 3: 0.0%, 4: 0.0%, 5: 0.0%]
DFA state visits in window   : 1: 28402, 2: 79, 3: 0, 4: 0, 5: 0
DFA state visits cumulative  : 1: 559244, 2: 3473, 3: 0, 4: 0, 5: 0
DFA state entries in window  : 1: 100, 2: 1, 3: 0, 4: 0, 5: 0
DFA state entries cumulative : 1: 4300, 2: 70, 3: 0, 4: 0, 5: 0
transitions cumulative       : 1->2: 70
accepted directly from s0    : 0
Gym endings cumulative       : terminated=4268, truncated=32

[Episode 4400/12000 | last 100]
success rate                : 0.0% (cumulative 0.0%)
failure rate                : 0.0% (cumulative 0.0%)
completed cycles / episode  : 0.000
synthetic task reward       : 0.000
shaping reward              : -681.313
learning reward             : -681.313
episode length              : 274.8
abstract changes / episode  : 195.0
same abstract-state steps   : 29.0%
same-state shaping / episode: 0.000
changed-state shaping / ep. : -681.313
terminal shaping / episode  : -2.508
DFA transitions / episode   : 0.00
DFA transitions in window   : none
epsilon (next episode)       : 0.41475
replay buffer                : 300000 samples [1: 99.4%, 2: 0.6%, 3: 0.0%, 4: 0.0%, 5: 0.0%]
DFA state visits in window   : 1: 27578, 2: 0, 3: 0, 4: 0, 5: 0
DFA state visits cumulative  : 1: 586822, 2: 3473, 3: 0, 4: 0, 5: 0
DFA state entries in window  : 1: 100, 2: 0, 3: 0, 4: 0, 5: 0
DFA state entries cumulative : 1: 4400, 2: 70, 3: 0, 4: 0, 5: 0
transitions cumulative       : 1->2: 70
accepted directly from s0    : 0
Gym endings cumulative       : terminated=4364, truncated=36

[Episode 4500/12000 | last 100]
success rate                : 0.0% (cumulative 0.0%)
failure rate                : 0.0% (cumulative 0.0%)
completed cycles / episode  : 0.000
synthetic task reward       : 0.000
shaping reward              : -594.513
learning reward             : -594.513
episode length              : 225.3
abstract changes / episode  : 160.1
same abstract-state steps   : 28.9%
same-state shaping / episode: 0.000
changed-state shaping / ep. : -594.513
terminal shaping / episode  : -2.520
DFA transitions / episode   : 0.06
DFA transitions in window   : 1->2: 6
epsilon (next episode)       : 0.40653
replay buffer                : 300000 samples [1: 99.3%, 2: 0.7%, 3: 0.0%, 4: 0.0%, 5: 0.0%]
DFA state visits in window   : 1: 22158, 2: 470, 3: 0, 4: 0, 5: 0
DFA state visits cumulative  : 1: 608980, 2: 3943, 3: 0, 4: 0, 5: 0
DFA state entries in window  : 1: 100, 2: 6, 3: 0, 4: 0, 5: 0
DFA state entries cumulative : 1: 4500, 2: 76, 3: 0, 4: 0, 5: 0
transitions cumulative       : 1->2: 76
accepted directly from s0    : 0
Gym endings cumulative       : terminated=4460, truncated=40

Starting autonomous greedy evaluation at episode 4500 (1000 fixed-seed episodes)...
[Greedy evaluation at episode 4500 | 1000 fixed-seed episodes]
success=0.0%, failure=0.0%, task reward=0.000, length=344.9
DFA transitions: 1->2: 10

[Episode 4600/12000 | last 100]
success rate                : 0.0% (cumulative 0.0%)
failure rate                : 0.0% (cumulative 0.0%)
completed cycles / episode  : 0.000
synthetic task reward       : 0.000
shaping reward              : -597.945
learning reward             : -597.945
episode length              : 266.0
abstract changes / episode  : 185.1
same abstract-state steps   : 30.4%
same-state shaping / episode: 0.000
changed-state shaping / ep. : -597.945
terminal shaping / episode  : -3.495
DFA transitions / episode   : 0.03
DFA transitions in window   : 1->2: 3
epsilon (next episode)       : 0.39848
replay buffer                : 300000 samples [1: 99.1%, 2: 0.9%, 3: 0.0%, 4: 0.0%, 5: 0.0%]
DFA state visits in window   : 1: 26237, 2: 459, 3: 0, 4: 0, 5: 0
DFA state visits cumulative  : 1: 635217, 2: 4402, 3: 0, 4: 0, 5: 0
DFA state entries in window  : 1: 100, 2: 3, 3: 0, 4: 0, 5: 0
DFA state entries cumulative : 1: 4600, 2: 79, 3: 0, 4: 0, 5: 0
transitions cumulative       : 1->2: 79
accepted directly from s0    : 0
Gym endings cumulative       : terminated=4558, truncated=42

[Episode 4700/12000 | last 100]
success rate                : 0.0% (cumulative 0.0%)
failure rate                : 0.0% (cumulative 0.0%)
completed cycles / episode  : 0.000
synthetic task reward       : 0.000
shaping reward              : -417.879
learning reward             : -417.879
episode length              : 299.9
abstract changes / episode  : 225.6
same abstract-state steps   : 24.8%
same-state shaping / episode: 0.000
changed-state shaping / ep. : -417.879
terminal shaping / episode  : -2.331
DFA transitions / episode   : 0.20
DFA transitions in window   : 1->2: 19, 2->3: 1
epsilon (next episode)       : 0.39059
replay buffer                : 300000 samples [1: 98.1%, 2: 1.9%, 3: 0.1%, 4: 0.0%, 5: 0.0%]
DFA state visits in window   : 1: 26821, 2: 3064, 3: 202, 4: 0, 5: 0
DFA state visits cumulative  : 1: 662038, 2: 7466, 3: 202, 4: 0, 5: 0
DFA state entries in window  : 1: 100, 2: 19, 3: 1, 4: 0, 5: 0
DFA state entries cumulative : 1: 4700, 2: 98, 3: 1, 4: 0, 5: 0
transitions cumulative       : 1->2: 98, 2->3: 1
accepted directly from s0    : 0
Gym endings cumulative       : terminated=4654, truncated=46

[Episode 4800/12000 | last 100]
success rate                : 0.0% (cumulative 0.0%)
failure rate                : 0.0% (cumulative 0.0%)
completed cycles / episode  : 0.000
synthetic task reward       : 0.000
shaping reward              : -577.257
learning reward             : -577.257
episode length              : 305.2
abstract changes / episode  : 228.5
same abstract-state steps   : 25.1%
same-state shaping / episode: 0.000
changed-state shaping / ep. : -577.257
terminal shaping / episode  : -1.656
DFA transitions / episode   : 0.08
DFA transitions in window   : 1->2: 8
epsilon (next episode)       : 0.38286
replay buffer                : 300000 samples [1: 97.5%, 2: 2.4%, 3: 0.1%, 4: 0.0%, 5: 0.0%]
DFA state visits in window   : 1: 28954, 2: 1663, 3: 0, 4: 0, 5: 0
DFA state visits cumulative  : 1: 690992, 2: 9129, 3: 202, 4: 0, 5: 0
DFA state entries in window  : 1: 100, 2: 8, 3: 0, 4: 0, 5: 0
DFA state entries cumulative : 1: 4800, 2: 106, 3: 1, 4: 0, 5: 0
transitions cumulative       : 1->2: 106, 2->3: 1
accepted directly from s0    : 0
Gym endings cumulative       : terminated=4751, truncated=49

[Episode 4900/12000 | last 100]
success rate                : 0.0% (cumulative 0.0%)
failure rate                : 0.0% (cumulative 0.0%)
completed cycles / episode  : 0.000
synthetic task reward       : 0.000
shaping reward              : -261.162
learning reward             : -261.162
episode length              : 274.4
abstract changes / episode  : 185.7
same abstract-state steps   : 32.3%
same-state shaping / episode: 0.000
changed-state shaping / ep. : -261.162
terminal shaping / episode  : -5.097
DFA transitions / episode   : 0.24
DFA transitions in window   : 1->2: 24
epsilon (next episode)       : 0.37527
replay buffer                : 300000 samples [1: 96.2%, 2: 3.7%, 3: 0.1%, 4: 0.0%, 5: 0.0%]
DFA state visits in window   : 1: 23713, 2: 3824, 3: 0, 4: 0, 5: 0
DFA state visits cumulative  : 1: 714705, 2: 12953, 3: 202, 4: 0, 5: 0
DFA state entries in window  : 1: 100, 2: 24, 3: 0, 4: 0, 5: 0
DFA state entries cumulative : 1: 4900, 2: 130, 3: 1, 4: 0, 5: 0
transitions cumulative       : 1->2: 130, 2->3: 1
accepted directly from s0    : 0
Gym endings cumulative       : terminated=4850, truncated=50

[Episode 5000/12000 | last 100]
success rate                : 0.0% (cumulative 0.0%)
failure rate                : 0.0% (cumulative 0.0%)
completed cycles / episode  : 0.000
synthetic task reward       : 0.000
shaping reward              : 24.957
learning reward             : 24.957
episode length              : 375.6
abstract changes / episode  : 239.1
same abstract-state steps   : 36.4%
same-state shaping / episode: 0.000
changed-state shaping / ep. : 24.957
terminal shaping / episode  : -5.602
DFA transitions / episode   : 0.34
DFA transitions in window   : 1->2: 31, 2->3: 2, 3->4: 1
epsilon (next episode)       : 0.36784
replay buffer                : 300000 samples [1: 94.9%, 2: 4.9%, 3: 0.1%, 4: 0.0%, 5: 0.0%]
DFA state visits in window   : 1: 33206, 2: 4236, 3: 194, 4: 28, 5: 0
DFA state visits cumulative  : 1: 747911, 2: 17189, 3: 396, 4: 28, 5: 0
DFA state entries in window  : 1: 100, 2: 31, 3: 2, 4: 1, 5: 0
DFA state entries cumulative : 1: 5000, 2: 161, 3: 3, 4: 1, 5: 0
transitions cumulative       : 1->2: 161, 2->3: 3, 3->4: 1
accepted directly from s0    : 0
Gym endings cumulative       : terminated=4949, truncated=51

Starting autonomous greedy evaluation at episode 5000 (1000 fixed-seed episodes)...
[Greedy evaluation at episode 5000 | 1000 fixed-seed episodes]
success=0.0%, failure=0.0%, task reward=0.000, length=264.0
DFA transitions: 1->2: 137

[Episode 5100/12000 | last 100]
success rate                : 0.0% (cumulative 0.0%)
failure rate                : 0.0% (cumulative 0.0%)
completed cycles / episode  : 0.000
synthetic task reward       : 0.000
shaping reward              : -84.940
learning reward             : -84.940
episode length              : 306.0
abstract changes / episode  : 219.7
same abstract-state steps   : 28.2%
same-state shaping / episode: 0.000
changed-state shaping / ep. : -84.940
terminal shaping / episode  : -5.127
DFA transitions / episode   : 0.35
DFA transitions in window   : 1->2: 33, 2->3: 2
epsilon (next episode)       : 0.36056
replay buffer                : 300000 samples [1: 93.1%, 2: 6.7%, 3: 0.2%, 4: 0.0%, 5: 0.0%]
DFA state visits in window   : 1: 25078, 2: 5370, 3: 256, 4: 0, 5: 0
DFA state visits cumulative  : 1: 772989, 2: 22559, 3: 652, 4: 28, 5: 0
DFA state entries in window  : 1: 100, 2: 33, 3: 2, 4: 0, 5: 0
DFA state entries cumulative : 1: 5100, 2: 194, 3: 5, 4: 1, 5: 0
transitions cumulative       : 1->2: 194, 2->3: 5, 3->4: 1
accepted directly from s0    : 0
Gym endings cumulative       : terminated=5047, truncated=53

[Episode 5200/12000 | last 100]
success rate                : 0.0% (cumulative 0.0%)
failure rate                : 0.0% (cumulative 0.0%)
completed cycles / episode  : 0.000
synthetic task reward       : 0.000
shaping reward              : -79.825
learning reward             : -79.825
episode length              : 337.8
abstract changes / episode  : 249.2
same abstract-state steps   : 26.2%
same-state shaping / episode: 0.000
changed-state shaping / ep. : -79.825
terminal shaping / episode  : -5.475
DFA transitions / episode   : 0.33
DFA transitions in window   : 1->2: 27, 2->3: 5, 3->4: 1
epsilon (next episode)       : 0.35342
replay buffer                : 300000 samples [1: 91.0%, 2: 8.4%, 3: 0.6%, 4: 0.0%, 5: 0.0%]
DFA state visits in window   : 1: 26775, 2: 5957, 3: 1105, 4: 42, 5: 0
DFA state visits cumulative  : 1: 799764, 2: 28516, 3: 1757, 4: 70, 5: 0
DFA state entries in window  : 1: 100, 2: 27, 3: 5, 4: 1, 5: 0
DFA state entries cumulative : 1: 5200, 2: 221, 3: 10, 4: 2, 5: 0
transitions cumulative       : 1->2: 221, 2->3: 10, 3->4: 2
accepted directly from s0    : 0
Gym endings cumulative       : terminated=5146, truncated=54

[Episode 5300/12000 | last 100]
success rate                : 0.0% (cumulative 0.0%)
failure rate                : 0.0% (cumulative 0.0%)
completed cycles / episode  : 0.000
synthetic task reward       : 0.000
shaping reward              : 200.378
learning reward             : 200.378
episode length              : 483.6
abstract changes / episode  : 343.6
same abstract-state steps   : 29.0%
same-state shaping / episode: 0.000
changed-state shaping / ep. : 200.378
terminal shaping / episode  : -5.847
DFA transitions / episode   : 0.61
DFA transitions in window   : 1->2: 47, 2->3: 13, 3->4: 1
epsilon (next episode)       : 0.34642
replay buffer                : 300000 samples [1: 85.6%, 2: 12.7%, 3: 1.7%, 4: 0.0%, 5: 0.0%]
DFA state visits in window   : 1: 31841, 2: 13342, 3: 3244, 4: 36, 5: 0
DFA state visits cumulative  : 1: 831605, 2: 41858, 3: 5001, 4: 106, 5: 0
DFA state entries in window  : 1: 100, 2: 47, 3: 13, 4: 1, 5: 0
DFA state entries cumulative : 1: 5300, 2: 268, 3: 23, 4: 3, 5: 0
transitions cumulative       : 1->2: 268, 2->3: 23, 3->4: 3
accepted directly from s0    : 0
Gym endings cumulative       : terminated=5234, truncated=67

[Episode 5400/12000 | last 100]
success rate                : 0.0% (cumulative 0.0%)
failure rate                : 0.0% (cumulative 0.0%)
completed cycles / episode  : 0.000
synthetic task reward       : 0.000
shaping reward              : 420.095
learning reward             : 420.095
episode length              : 459.6
abstract changes / episode  : 328.6
same abstract-state steps   : 28.5%
same-state shaping / episode: 0.000
changed-state shaping / ep. : 420.095
terminal shaping / episode  : -3.079
DFA transitions / episode   : 0.81
DFA transitions in window   : 1->2: 51, 2->3: 24, 3->4: 6
epsilon (next episode)       : 0.33956
replay buffer                : 300000 samples [1: 78.5%, 2: 17.5%, 3: 3.8%, 4: 0.2%, 5: 0.0%]
DFA state visits in window   : 1: 24143, 2: 14999, 3: 6338, 4: 575, 5: 0
DFA state visits cumulative  : 1: 855748, 2: 56857, 3: 11339, 4: 681, 5: 0
DFA state entries in window  : 1: 100, 2: 51, 3: 24, 4: 6, 5: 0
DFA state entries cumulative : 1: 5400, 2: 319, 3: 47, 4: 9, 5: 0
transitions cumulative       : 1->2: 319, 2->3: 47, 3->4: 9
accepted directly from s0    : 0
Gym endings cumulative       : terminated=5322, truncated=79

[Episode 5500/12000 | last 100]
success rate                : 0.0% (cumulative 0.0%)
failure rate                : 0.0% (cumulative 0.0%)
completed cycles / episode  : 0.000
synthetic task reward       : 0.000
shaping reward              : 659.244
learning reward             : 659.244
episode length              : 528.2
abstract changes / episode  : 369.6
same abstract-state steps   : 30.0%
same-state shaping / episode: 0.000
changed-state shaping / ep. : 659.244
terminal shaping / episode  : -2.609
DFA transitions / episode   : 1.12
DFA transitions in window   : 1->2: 66, 2->3: 36, 3->4: 10
epsilon (next episode)       : 0.33283
replay buffer                : 300000 samples [1: 70.3%, 2: 22.5%, 3: 6.6%, 4: 0.6%, 5: 0.0%]
DFA state visits in window   : 1: 24066, 2: 18922, 3: 8870, 4: 1064, 5: 0
DFA state visits cumulative  : 1: 879814, 2: 75779, 3: 20209, 4: 1745, 5: 0
DFA state entries in window  : 1: 100, 2: 66, 3: 36, 4: 10, 5: 0
DFA state entries cumulative : 1: 5500, 2: 385, 3: 83, 4: 19, 5: 0
transitions cumulative       : 1->2: 385, 2->3: 83, 3->4: 19
accepted directly from s0    : 0
Gym endings cumulative       : terminated=5403, truncated=98

Starting autonomous greedy evaluation at episode 5500 (1000 fixed-seed episodes)...
[Greedy evaluation at episode 5500 | 1000 fixed-seed episodes]
success=0.0%, failure=0.0%, task reward=0.000, length=752.5
DFA transitions: 1->2: 708, 2->3: 629, 3->4: 39

[Episode 5600/12000 | last 100]
success rate                : 0.0% (cumulative 0.0%)
failure rate                : 0.0% (cumulative 0.0%)
completed cycles / episode  : 0.000
synthetic task reward       : 0.000
shaping reward              : 822.127
learning reward             : 822.127
episode length              : 479.7
abstract changes / episode  : 348.2
same abstract-state steps   : 27.4%
same-state shaping / episode: 0.000
changed-state shaping / ep. : 822.127
terminal shaping / episode  : -1.677
DFA transitions / episode   : 0.99
DFA transitions in window   : 1->2: 56, 2->3: 33, 3->4: 10
epsilon (next episode)       : 0.32624
replay buffer                : 300000 samples [1: 63.9%, 2: 25.5%, 3: 9.4%, 4: 1.2%, 5: 0.0%]
DFA state visits in window   : 1: 24267, 2: 13611, 3: 8294, 4: 1902, 5: 0
DFA state visits cumulative  : 1: 904081, 2: 89390, 3: 28503, 4: 3647, 5: 0
DFA state entries in window  : 1: 100, 2: 56, 3: 33, 4: 10, 5: 0
DFA state entries cumulative : 1: 5600, 2: 441, 3: 116, 4: 29, 5: 0
transitions cumulative       : 1->2: 441, 2->3: 116, 3->4: 29
accepted directly from s0    : 0
Gym endings cumulative       : terminated=5490, truncated=111

[Episode 5700/12000 | last 100]
success rate                : 0.0% (cumulative 0.0%)
failure rate                : 0.0% (cumulative 0.0%)
completed cycles / episode  : 0.000
synthetic task reward       : 0.000
shaping reward              : 855.922
learning reward             : 855.922
episode length              : 520.9
abstract changes / episode  : 381.3
same abstract-state steps   : 26.8%
same-state shaping / episode: 0.000
changed-state shaping / ep. : 855.922
terminal shaping / episode  : -2.543
DFA transitions / episode   : 0.92
DFA transitions in window   : 1->2: 50, 2->3: 31, 3->4: 11
epsilon (next episode)       : 0.31978
replay buffer                : 300000 samples [1: 57.5%, 2: 28.9%, 3: 11.5%, 4: 2.0%, 5: 0.0%]
DFA state visits in window   : 1: 26307, 2: 16668, 3: 6784, 4: 2429, 5: 0
DFA state visits cumulative  : 1: 930388, 2: 106058, 3: 35287, 4: 6076, 5: 0
DFA state entries in window  : 1: 100, 2: 50, 3: 31, 4: 11, 5: 0
DFA state entries cumulative : 1: 5700, 2: 491, 3: 147, 4: 40, 5: 0
transitions cumulative       : 1->2: 491, 2->3: 147, 3->4: 40
accepted directly from s0    : 0
Gym endings cumulative       : terminated=5564, truncated=137

[Episode 5800/12000 | last 100]
success rate                : 3.0% (cumulative 0.1%)
failure rate                : 0.0% (cumulative 0.0%)
completed cycles / episode  : 0.000
synthetic task reward       : 300.000
shaping reward              : 1311.149
learning reward             : 1611.149
episode length              : 555.7
abstract changes / episode  : 413.1
same abstract-state steps   : 25.7%
same-state shaping / episode: 0.000
changed-state shaping / ep. : 1311.149
terminal shaping / episode  : 1.073
DFA transitions / episode   : 1.19
DFA transitions in window   : 1->2: 54, 2->3: 42, 3->4: 20, 4->5: 3
epsilon (next episode)       : 0.31345
replay buffer                : 300000 samples [1: 51.6%, 2: 30.5%, 3: 14.5%, 4: 3.4%, 5: 0.0%]
DFA state visits in window   : 1: 26574, 2: 14661, 3: 10040, 4: 4394, 5: 3
DFA state visits cumulative  : 1: 956962, 2: 120719, 3: 45327, 4: 10470, 5: 3
DFA state entries in window  : 1: 100, 2: 54, 3: 42, 4: 20, 5: 3
DFA state entries cumulative : 1: 5800, 2: 545, 3: 189, 4: 60, 5: 3
transitions cumulative       : 1->2: 545, 2->3: 189, 3->4: 60, 4->5: 3
accepted directly from s0    : 0
Gym endings cumulative       : terminated=5636, truncated=162

[Episode 5900/12000 | last 100]
success rate                : 8.0% (cumulative 0.2%)
failure rate                : 0.0% (cumulative 0.0%)
completed cycles / episode  : 0.000
synthetic task reward       : 800.000
shaping reward              : 1742.730
learning reward             : 2542.730
episode length              : 560.9
abstract changes / episode  : 412.6
same abstract-state steps   : 26.4%
same-state shaping / episode: 0.000
changed-state shaping / ep. : 1742.730
terminal shaping / episode  : 8.036
DFA transitions / episode   : 1.25
DFA transitions in window   : 1->2: 56, 2->3: 39, 3->4: 22, 4->5: 8
epsilon (next episode)       : 0.30724
replay buffer                : 300000 samples [1: 48.8%, 2: 30.0%, 3: 16.1%, 4: 5.1%, 5: 0.0%]
DFA state visits in window   : 1: 27642, 2: 14829, 3: 8692, 4: 5022, 5: 8
DFA state visits cumulative  : 1: 984604, 2: 135548, 3: 54019, 4: 15492, 5: 11
DFA state entries in window  : 1: 100, 2: 56, 3: 39, 4: 22, 5: 8
DFA state entries cumulative : 1: 5900, 2: 601, 3: 228, 4: 82, 5: 11
transitions cumulative       : 1->2: 601, 2->3: 228, 3->4: 82, 4->5: 11
accepted directly from s0    : 0
Gym endings cumulative       : terminated=5704, truncated=186

[Episode 6000/12000 | last 100]
success rate                : 15.0% (cumulative 0.4%)
failure rate                : 0.0% (cumulative 0.0%)
completed cycles / episode  : 0.000
synthetic task reward       : 1500.000
shaping reward              : 2286.237
learning reward             : 3786.237
episode length              : 517.3
abstract changes / episode  : 364.9
same abstract-state steps   : 29.5%
same-state shaping / episode: 0.000
changed-state shaping / ep. : 2286.237
terminal shaping / episode  : 13.271
DFA transitions / episode   : 1.45
DFA transitions in window   : 1->2: 60, 2->3: 40, 3->4: 30, 4->5: 15
epsilon (next episode)       : 0.30116
replay buffer                : 300000 samples [1: 48.2%, 2: 28.6%, 3: 16.0%, 4: 7.2%, 5: 0.0%]
DFA state visits in window   : 1: 22681, 2: 12977, 3: 9017, 4: 7142, 5: 15
DFA state visits cumulative  : 1: 1007285, 2: 148525, 3: 63036, 4: 22634, 5: 26
DFA state entries in window  : 1: 100, 2: 60, 3: 40, 4: 30, 5: 15
DFA state entries cumulative : 1: 6000, 2: 661, 3: 268, 4: 112, 5: 26
transitions cumulative       : 1->2: 661, 2->3: 268, 3->4: 112, 4->5: 26
accepted directly from s0    : 0
Gym endings cumulative       : terminated=5776, truncated=199

Starting autonomous greedy evaluation at episode 6000 (1000 fixed-seed episodes)...
[Greedy evaluation at episode 6000 | 1000 fixed-seed episodes]
success=0.0%, failure=0.0%, task reward=0.000, length=1000.0
DFA transitions: 1->2: 572, 2->3: 562, 3->4: 527

[Episode 6100/12000 | last 100]
success rate                : 17.0% (cumulative 0.7%)
failure rate                : 0.0% (cumulative 0.0%)
completed cycles / episode  : 0.000
synthetic task reward       : 1700.000
shaping reward              : 1875.468
learning reward             : 3575.468
episode length              : 455.6
abstract changes / episode  : 340.2
same abstract-state steps   : 25.3%
same-state shaping / episode: 0.000
changed-state shaping / ep. : 1875.468
terminal shaping / episode  : 15.596
DFA transitions / episode   : 1.28
DFA transitions in window   : 1->2: 52, 2->3: 34, 3->4: 25, 4->5: 17
epsilon (next episode)       : 0.29519
replay buffer                : 300000 samples [1: 48.2%, 2: 27.3%, 3: 16.5%, 4: 8.1%, 5: 0.0%]
DFA state visits in window   : 1: 21532, 2: 12287, 3: 8132, 4: 3697, 5: 17
DFA state visits cumulative  : 1: 1028817, 2: 160812, 3: 71168, 4: 26331, 5: 43
DFA state entries in window  : 1: 100, 2: 52, 3: 34, 4: 25, 5: 17
DFA state entries cumulative : 1: 6100, 2: 713, 3: 302, 4: 137, 5: 43
transitions cumulative       : 1->2: 713, 2->3: 302, 3->4: 137, 4->5: 43
accepted directly from s0    : 0
Gym endings cumulative       : terminated=5853, truncated=205

[Episode 6200/12000 | last 100]
success rate                : 21.0% (cumulative 1.0%)
failure rate                : 0.0% (cumulative 0.0%)
completed cycles / episode  : 0.000
synthetic task reward       : 2100.000
shaping reward              : 2545.476
learning reward             : 4645.476
episode length              : 476.1
abstract changes / episode  : 355.3
same abstract-state steps   : 25.4%
same-state shaping / episode: 0.000
changed-state shaping / ep. : 2545.476
terminal shaping / episode  : 19.394
DFA transitions / episode   : 1.52
DFA transitions in window   : 1->2: 57, 2->3: 43, 3->4: 31, 4->5: 21
epsilon (next episode)       : 0.28935
replay buffer                : 300000 samples [1: 47.4%, 2: 26.5%, 3: 17.0%, 4: 9.0%, 5: 0.0%]
DFA state visits in window   : 1: 21065, 2: 12663, 3: 9464, 4: 4497, 5: 21
DFA state visits cumulative  : 1: 1049882, 2: 173475, 3: 80632, 4: 30828, 5: 64
DFA state entries in window  : 1: 100, 2: 57, 3: 43, 4: 31, 5: 21
DFA state entries cumulative : 1: 6200, 2: 770, 3: 345, 4: 168, 5: 64
transitions cumulative       : 1->2: 770, 2->3: 345, 3->4: 168, 4->5: 64
accepted directly from s0    : 0
Gym endings cumulative       : terminated=5923, truncated=214

[Episode 6300/12000 | last 100]
success rate                : 17.0% (cumulative 1.3%)
failure rate                : 0.0% (cumulative 0.0%)
completed cycles / episode  : 0.000
synthetic task reward       : 1700.000
shaping reward              : 2343.769
learning reward             : 4043.769
episode length              : 486.8
abstract changes / episode  : 367.0
same abstract-state steps   : 24.6%
same-state shaping / episode: 0.000
changed-state shaping / ep. : 2343.769
terminal shaping / episode  : 16.120
DFA transitions / episode   : 1.44
DFA transitions in window   : 1->2: 57, 2->3: 40, 3->4: 30, 4->5: 17
epsilon (next episode)       : 0.28362
replay buffer                : 300000 samples [1: 45.8%, 2: 26.5%, 3: 18.1%, 4: 9.7%, 5: 0.0%]
DFA state visits in window   : 1: 20934, 2: 13489, 3: 9750, 4: 4591, 5: 17
DFA state visits cumulative  : 1: 1070816, 2: 186964, 3: 90382, 4: 35419, 5: 81
DFA state entries in window  : 1: 100, 2: 57, 3: 40, 4: 30, 5: 17
DFA state entries cumulative : 1: 6300, 2: 827, 3: 385, 4: 198, 5: 81
transitions cumulative       : 1->2: 827, 2->3: 385, 3->4: 198, 4->5: 81
accepted directly from s0    : 0
Gym endings cumulative       : terminated=5998, truncated=222

[Episode 6400/12000 | last 100]
success rate                : 28.0% (cumulative 1.7%)
failure rate                : 0.0% (cumulative 0.0%)
completed cycles / episode  : 0.000
synthetic task reward       : 2800.000
shaping reward              : 3245.609
learning reward             : 6045.609
episode length              : 530.1
abstract changes / episode  : 397.0
same abstract-state steps   : 25.1%
same-state shaping / episode: 0.000
changed-state shaping / ep. : 3245.609
terminal shaping / episode  : 27.397
DFA transitions / episode   : 1.77
DFA transitions in window   : 1->2: 61, 2->3: 49, 3->4: 39, 4->5: 28
epsilon (next episode)       : 0.27800
replay buffer                : 300000 samples [1: 44.2%, 2: 26.7%, 3: 19.2%, 4: 9.9%, 5: 0.0%]
DFA state visits in window   : 1: 20686, 2: 14197, 3: 12729, 4: 5473, 5: 28
DFA state visits cumulative  : 1: 1091502, 2: 201161, 3: 103111, 4: 40892, 5: 109
DFA state entries in window  : 1: 100, 2: 61, 3: 49, 4: 39, 5: 28
DFA state entries cumulative : 1: 6400, 2: 888, 3: 434, 4: 237, 5: 109
transitions cumulative       : 1->2: 888, 2->3: 434, 3->4: 237, 4->5: 109
accepted directly from s0    : 0
Gym endings cumulative       : terminated=6055, truncated=237

[Episode 6500/12000 | last 100]
success rate                : 28.0% (cumulative 2.1%)
failure rate                : 0.0% (cumulative 0.0%)
completed cycles / episode  : 0.000
synthetic task reward       : 2800.000
shaping reward              : 3446.194
learning reward             : 6246.194
episode length              : 649.9
abstract changes / episode  : 488.7
same abstract-state steps   : 24.8%
same-state shaping / episode: 0.000
changed-state shaping / ep. : 3446.194
terminal shaping / episode  : 26.548
DFA transitions / episode   : 2.05
DFA transitions in window   : 1->2: 76, 2->3: 54, 3->4: 47, 4->5: 28
epsilon (next episode)       : 0.27250
replay buffer                : 300000 samples [1: 42.0%, 2: 27.9%, 3: 19.7%, 4: 10.3%, 5: 0.0%]
DFA state visits in window   : 1: 24579, 2: 21108, 3: 12223, 4: 7148, 5: 28
DFA state visits cumulative  : 1: 1116081, 2: 222269, 3: 115334, 4: 48040, 5: 137
DFA state entries in window  : 1: 100, 2: 76, 3: 54, 4: 47, 5: 28
DFA state entries cumulative : 1: 6500, 2: 964, 3: 488, 4: 284, 5: 137
transitions cumulative       : 1->2: 964, 2->3: 488, 3->4: 284, 4->5: 137
accepted directly from s0    : 0
Gym endings cumulative       : terminated=6099, truncated=265

Starting autonomous greedy evaluation at episode 6500 (1000 fixed-seed episodes)...
[Greedy evaluation at episode 6500 | 1000 fixed-seed episodes]
success=96.8%, failure=0.0%, task reward=9680.000, length=518.1
DFA transitions: 1->2: 969, 2->3: 968, 3->4: 968, 4->5: 968
Best policy updated from autonomous greedy evaluation at episode 6500.

[Episode 6600/12000 | last 100]
success rate                : 43.0% (cumulative 2.7%)
failure rate                : 0.0% (cumulative 0.0%)
completed cycles / episode  : 0.000
synthetic task reward       : 4300.000
shaping reward              : 4403.732
learning reward             : 8703.732
episode length              : 619.9
abstract changes / episode  : 463.7
same abstract-state steps   : 25.2%
same-state shaping / episode: 0.000
changed-state shaping / ep. : 4403.732
terminal shaping / episode  : 40.458
DFA transitions / episode   : 2.44
DFA transitions in window   : 1->2: 77, 2->3: 68, 3->4: 56, 4->5: 43
epsilon (next episode)       : 0.26710
replay buffer                : 300000 samples [1: 40.9%, 2: 28.6%, 3: 20.0%, 4: 10.5%, 5: 0.0%]
DFA state visits in window   : 1: 25219, 2: 16668, 3: 11885, 4: 8270, 5: 43
DFA state visits cumulative  : 1: 1141300, 2: 238937, 3: 127219, 4: 56310, 5: 180
DFA state entries in window  : 1: 100, 2: 77, 3: 68, 4: 56, 5: 43
DFA state entries cumulative : 1: 6600, 2: 1041, 3: 556, 4: 340, 5: 180
transitions cumulative       : 1->2: 1041, 2->3: 556, 3->4: 340, 4->5: 180
accepted directly from s0    : 0
Gym endings cumulative       : terminated=6139, truncated=282

[Episode 6700/12000 | last 100]
success rate                : 30.0% (cumulative 3.1%)
failure rate                : 0.0% (cumulative 0.0%)
completed cycles / episode  : 0.000
synthetic task reward       : 3000.000
shaping reward              : 3591.804
learning reward             : 6591.804
episode length              : 596.2
abstract changes / episode  : 444.6
same abstract-state steps   : 25.4%
same-state shaping / episode: 0.000
changed-state shaping / ep. : 3591.804
terminal shaping / episode  : 25.295
DFA transitions / episode   : 2.06
DFA transitions in window   : 1->2: 74, 2->3: 57, 3->4: 45, 4->5: 30
epsilon (next episode)       : 0.26181
replay buffer                : 300000 samples [1: 40.6%, 2: 28.2%, 3: 20.5%, 4: 10.7%, 5: 0.0%]
DFA state visits in window   : 1: 24091, 2: 16882, 3: 12808, 4: 5910, 5: 30
DFA state visits cumulative  : 1: 1165391, 2: 255819, 3: 140027, 4: 62220, 5: 210
DFA state entries in window  : 1: 100, 2: 74, 3: 57, 4: 45, 5: 30
DFA state entries cumulative : 1: 6700, 2: 1115, 3: 613, 4: 385, 5: 210
transitions cumulative       : 1->2: 1115, 2->3: 613, 3->4: 385, 4->5: 210
accepted directly from s0    : 0
Gym endings cumulative       : terminated=6191, truncated=300

[Episode 6800/12000 | last 100]
success rate                : 26.0% (cumulative 3.5%)
failure rate                : 0.0% (cumulative 0.0%)
completed cycles / episode  : 0.000
synthetic task reward       : 2600.000
shaping reward              : 3827.031
learning reward             : 6427.031
episode length              : 598.9
abstract changes / episode  : 445.5
same abstract-state steps   : 25.6%
same-state shaping / episode: 0.000
changed-state shaping / ep. : 3827.031
terminal shaping / episode  : 25.511
DFA transitions / episode   : 2.12
DFA transitions in window   : 1->2: 75, 2->3: 63, 3->4: 48, 4->5: 26
epsilon (next episode)       : 0.25663
replay buffer                : 300000 samples [1: 39.0%, 2: 28.0%, 3: 21.9%, 4: 11.0%, 5: 0.0%]
DFA state visits in window   : 1: 22666, 2: 15351, 3: 15572, 4: 6377, 5: 26
DFA state visits cumulative  : 1: 1188057, 2: 271170, 3: 155599, 4: 68597, 5: 236
DFA state entries in window  : 1: 100, 2: 75, 3: 63, 4: 48, 5: 26
DFA state entries cumulative : 1: 6800, 2: 1190, 3: 676, 4: 433, 5: 236
transitions cumulative       : 1->2: 1190, 2->3: 676, 3->4: 433, 4->5: 236
accepted directly from s0    : 0
Gym endings cumulative       : terminated=6245, truncated=320

[Episode 6900/12000 | last 100]
success rate                : 24.0% (cumulative 3.8%)
failure rate                : 0.0% (cumulative 0.0%)
completed cycles / episode  : 0.000
synthetic task reward       : 2400.000
shaping reward              : 3497.588
learning reward             : 5897.588
episode length              : 530.5
abstract changes / episode  : 400.2
same abstract-state steps   : 24.6%
same-state shaping / episode: 0.000
changed-state shaping / ep. : 3497.588
terminal shaping / episode  : 24.722
DFA transitions / episode   : 1.92
DFA transitions in window   : 1->2: 65, 2->3: 56, 3->4: 47, 4->5: 24
epsilon (next episode)       : 0.25154
replay buffer                : 300000 samples [1: 38.3%, 2: 27.8%, 3: 22.4%, 4: 11.5%, 5: 0.0%]
DFA state visits in window   : 1: 18026, 2: 13565, 3: 14648, 4: 6884, 5: 24
DFA state visits cumulative  : 1: 1206083, 2: 284735, 3: 170247, 4: 75481, 5: 260
DFA state entries in window  : 1: 100, 2: 65, 3: 56, 4: 47, 5: 24
DFA state entries cumulative : 1: 6900, 2: 1255, 3: 732, 4: 480, 5: 260
transitions cumulative       : 1->2: 1255, 2->3: 732, 3->4: 480, 4->5: 260
accepted directly from s0    : 0
Gym endings cumulative       : terminated=6309, truncated=332

[Episode 7000/12000 | last 100]
success rate                : 27.0% (cumulative 4.1%)
failure rate                : 0.0% (cumulative 0.0%)
completed cycles / episode  : 0.000
synthetic task reward       : 2700.000
shaping reward              : 3273.575
learning reward             : 5973.575
episode length              : 442.8
abstract changes / episode  : 340.2
same abstract-state steps   : 23.2%
same-state shaping / episode: 0.000
changed-state shaping / ep. : 3273.575
terminal shaping / episode  : 25.884
DFA transitions / episode   : 1.70
DFA transitions in window   : 1->2: 59, 2->3: 45, 3->4: 39, 4->5: 27
epsilon (next episode)       : 0.24656
replay buffer                : 300000 samples [1: 37.3%, 2: 27.1%, 3: 23.3%, 4: 12.2%, 5: 0.0%]
DFA state visits in window   : 1: 16624, 2: 12166, 3: 9578, 4: 5982, 5: 27
DFA state visits cumulative  : 1: 1222707, 2: 296901, 3: 179825, 4: 81463, 5: 287
DFA state entries in window  : 1: 100, 2: 59, 3: 45, 4: 39, 5: 27
DFA state entries cumulative : 1: 7000, 2: 1314, 3: 777, 4: 519, 5: 287
transitions cumulative       : 1->2: 1314, 2->3: 777, 3->4: 519, 4->5: 287
accepted directly from s0    : 0
Gym endings cumulative       : terminated=6375, truncated=339

Starting autonomous greedy evaluation at episode 7000 (1000 fixed-seed episodes)...
[Greedy evaluation at episode 7000 | 1000 fixed-seed episodes]
success=71.8%, failure=0.0%, task reward=7180.000, length=709.1
DFA transitions: 1->2: 994, 2->3: 984, 3->4: 765, 4->5: 718

[Episode 7100/12000 | last 100]
success rate                : 26.0% (cumulative 4.4%)
failure rate                : 0.0% (cumulative 0.0%)
completed cycles / episode  : 0.000
synthetic task reward       : 2600.000
shaping reward              : 3118.050
learning reward             : 5718.050
episode length              : 527.3
abstract changes / episode  : 412.0
same abstract-state steps   : 21.9%
same-state shaping / episode: 0.000
changed-state shaping / ep. : 3118.050
terminal shaping / episode  : 24.922
DFA transitions / episode   : 1.82
DFA transitions in window   : 1->2: 65, 2->3: 51, 3->4: 40, 4->5: 26
epsilon (next episode)       : 0.24168
replay buffer                : 300000 samples [1: 38.4%, 2: 26.5%, 3: 24.3%, 4: 10.8%, 5: 0.0%]
DFA state visits in window   : 1: 18232, 2: 15246, 3: 14412, 4: 4915, 5: 26
DFA state visits cumulative  : 1: 1240939, 2: 312147, 3: 194237, 4: 86378, 5: 313
DFA state entries in window  : 1: 100, 2: 65, 3: 51, 4: 40, 5: 26
DFA state entries cumulative : 1: 7100, 2: 1379, 3: 828, 4: 559, 5: 313
transitions cumulative       : 1->2: 1379, 2->3: 828, 3->4: 559, 4->5: 313
accepted directly from s0    : 0
Gym endings cumulative       : terminated=6436, truncated=352

[Episode 7200/12000 | last 100]
success rate                : 19.0% (cumulative 4.6%)
failure rate                : 0.0% (cumulative 0.0%)
completed cycles / episode  : 0.000
synthetic task reward       : 1900.000
shaping reward              : 2638.409
learning reward             : 4538.409
episode length              : 477.8
abstract changes / episode  : 368.6
same abstract-state steps   : 22.8%
same-state shaping / episode: 0.000
changed-state shaping / ep. : 2638.409
terminal shaping / episode  : 19.380
DFA transitions / episode   : 1.49
DFA transitions in window   : 1->2: 57, 2->3: 42, 3->4: 31, 4->5: 19
epsilon (next episode)       : 0.23689
replay buffer                : 300000 samples [1: 38.0%, 2: 26.8%, 3: 24.5%, 4: 10.7%, 5: 0.0%]
DFA state visits in window   : 1: 20469, 2: 12639, 3: 10770, 4: 3983, 5: 19
DFA state visits cumulative  : 1: 1261408, 2: 324786, 3: 205007, 4: 90361, 5: 332
DFA state entries in window  : 1: 100, 2: 57, 3: 42, 4: 31, 5: 19
DFA state entries cumulative : 1: 7200, 2: 1436, 3: 870, 4: 590, 5: 332
transitions cumulative       : 1->2: 1436, 2->3: 870, 3->4: 590, 4->5: 332
accepted directly from s0    : 0
Gym endings cumulative       : terminated=6509, truncated=360

[Episode 7300/12000 | last 100]
success rate                : 28.0% (cumulative 4.9%)
failure rate                : 0.0% (cumulative 0.0%)
completed cycles / episode  : 0.000
synthetic task reward       : 2800.000
shaping reward              : 3363.953
learning reward             : 6163.953
episode length              : 513.9
abstract changes / episode  : 381.1
same abstract-state steps   : 25.8%
same-state shaping / episode: 0.000
changed-state shaping / ep. : 3363.953
terminal shaping / episode  : 27.206
DFA transitions / episode   : 1.84
DFA transitions in window   : 1->2: 65, 2->3: 53, 3->4: 38, 4->5: 28
epsilon (next episode)       : 0.23220
replay buffer                : 300000 samples [1: 38.0%, 2: 26.9%, 3: 24.5%, 4: 10.5%, 5: 0.0%]
DFA state visits in window   : 1: 21807, 2: 14200, 3: 11000, 4: 4450, 5: 28
DFA state visits cumulative  : 1: 1283215, 2: 338986, 3: 216007, 4: 94811, 5: 360
DFA state entries in window  : 1: 100, 2: 65, 3: 53, 4: 38, 5: 28
DFA state entries cumulative : 1: 7300, 2: 1501, 3: 923, 4: 628, 5: 360
transitions cumulative       : 1->2: 1501, 2->3: 923, 3->4: 628, 4->5: 360
accepted directly from s0    : 0
Gym endings cumulative       : terminated=6567, truncated=374

[Episode 7400/12000 | last 100]
success rate                : 39.0% (cumulative 5.4%)
failure rate                : 0.0% (cumulative 0.0%)
completed cycles / episode  : 0.000
synthetic task reward       : 3900.000
shaping reward              : 4250.617
learning reward             : 8150.617
episode length              : 514.9
abstract changes / episode  : 366.1
same abstract-state steps   : 28.9%
same-state shaping / episode: 0.000
changed-state shaping / ep. : 4250.617
terminal shaping / episode  : 34.985
DFA transitions / episode   : 2.23
DFA transitions in window   : 1->2: 73, 2->3: 59, 3->4: 52, 4->5: 39
epsilon (next episode)       : 0.22760
replay buffer                : 300000 samples [1: 38.4%, 2: 27.2%, 3: 23.8%, 4: 10.6%, 5: 0.0%]
DFA state visits in window   : 1: 20264, 2: 13967, 3: 11666, 4: 5658, 5: 39
DFA state visits cumulative  : 1: 1303479, 2: 352953, 3: 227673, 4: 100469, 5: 399
DFA state entries in window  : 1: 100, 2: 73, 3: 59, 4: 52, 5: 39
DFA state entries cumulative : 1: 7400, 2: 1574, 3: 982, 4: 680, 5: 399
transitions cumulative       : 1->2: 1574, 2->3: 982, 3->4: 680, 4->5: 399
accepted directly from s0    : 0
Gym endings cumulative       : terminated=6618, truncated=384

[Episode 7500/12000 | last 100]
success rate                : 30.0% (cumulative 5.7%)
failure rate                : 0.0% (cumulative 0.0%)
completed cycles / episode  : 0.000
synthetic task reward       : 3000.000
shaping reward              : 3840.374
learning reward             : 6840.374
episode length              : 465.1
abstract changes / episode  : 339.0
same abstract-state steps   : 27.1%
same-state shaping / episode: 0.000
changed-state shaping / ep. : 3840.374
terminal shaping / episode  : 25.704
DFA transitions / episode   : 2.09
DFA transitions in window   : 1->2: 74, 2->3: 58, 3->4: 47, 4->5: 30
epsilon (next episode)       : 0.22310
replay buffer                : 300000 samples [1: 39.9%, 2: 26.6%, 3: 23.3%, 4: 10.2%, 5: 0.0%]
DFA state visits in window   : 1: 19268, 2: 10226, 3: 12076, 4: 5013, 5: 30
DFA state visits cumulative  : 1: 1322747, 2: 363179, 3: 239749, 4: 105482, 5: 429
DFA state entries in window  : 1: 100, 2: 74, 3: 58, 4: 47, 5: 30
DFA state entries cumulative : 1: 7500, 2: 1648, 3: 1040, 4: 727, 5: 429
transitions cumulative       : 1->2: 1648, 2->3: 1040, 3->4: 727, 4->5: 429
accepted directly from s0    : 0
Gym endings cumulative       : terminated=6684, truncated=388

Starting autonomous greedy evaluation at episode 7500 (1000 fixed-seed episodes)...
[Greedy evaluation at episode 7500 | 1000 fixed-seed episodes]
success=2.0%, failure=0.0%, task reward=200.000, length=582.6
DFA transitions: 1->2: 702, 2->3: 652, 3->4: 455, 4->5: 20

[Episode 7600/12000 | last 100]
success rate                : 28.0% (cumulative 6.0%)
failure rate                : 0.0% (cumulative 0.0%)
completed cycles / episode  : 0.000
synthetic task reward       : 2800.000
shaping reward              : 4048.447
learning reward             : 6848.447
episode length              : 524.3
abstract changes / episode  : 393.0
same abstract-state steps   : 25.0%
same-state shaping / episode: 0.000
changed-state shaping / ep. : 4048.447
terminal shaping / episode  : 22.511
DFA transitions / episode   : 2.16
DFA transitions in window   : 1->2: 72, 2->3: 65, 3->4: 51, 4->5: 28
epsilon (next episode)       : 0.21868
replay buffer                : 300000 samples [1: 40.7%, 2: 25.4%, 3: 24.4%, 4: 9.5%, 5: 0.0%]
DFA state visits in window   : 1: 22943, 2: 10807, 3: 13917, 4: 4833, 5: 28
DFA state visits cumulative  : 1: 1345690, 2: 373986, 3: 253666, 4: 110315, 5: 457
DFA state entries in window  : 1: 100, 2: 72, 3: 65, 4: 51, 5: 28
DFA state entries cumulative : 1: 7600, 2: 1720, 3: 1105, 4: 778, 5: 457
transitions cumulative       : 1->2: 1720, 2->3: 1105, 3->4: 778, 4->5: 457
accepted directly from s0    : 0
Gym endings cumulative       : terminated=6746, truncated=398

[Episode 7700/12000 | last 100]
success rate                : 31.0% (cumulative 6.3%)
failure rate                : 0.0% (cumulative 0.0%)
completed cycles / episode  : 0.000
synthetic task reward       : 3100.000
shaping reward              : 3912.671
learning reward             : 7012.671
episode length              : 490.9
abstract changes / episode  : 363.1
same abstract-state steps   : 26.0%
same-state shaping / episode: 0.000
changed-state shaping / ep. : 3912.671
terminal shaping / episode  : 25.200
DFA transitions / episode   : 2.18
DFA transitions in window   : 1->2: 77, 2->3: 63, 3->4: 47, 4->5: 31
epsilon (next episode)       : 0.21435
replay buffer                : 300000 samples [1: 40.9%, 2: 25.1%, 3: 24.4%, 4: 9.6%, 5: 0.0%]
DFA state visits in window   : 1: 17879, 2: 12839, 3: 13756, 4: 4682, 5: 31
DFA state visits cumulative  : 1: 1363569, 2: 386825, 3: 267422, 4: 114997, 5: 488
DFA state entries in window  : 1: 100, 2: 77, 3: 63, 4: 47, 5: 31
DFA state entries cumulative : 1: 7700, 2: 1797, 3: 1168, 4: 825, 5: 488
transitions cumulative       : 1->2: 1797, 2->3: 1168, 3->4: 825, 4->5: 488
accepted directly from s0    : 0
Gym endings cumulative       : terminated=6807, truncated=406

[Episode 7800/12000 | last 100]
success rate                : 37.0% (cumulative 6.7%)
failure rate                : 0.0% (cumulative 0.0%)
completed cycles / episode  : 0.000
synthetic task reward       : 3700.000
shaping reward              : 3696.160
learning reward             : 7396.160
episode length              : 423.1
abstract changes / episode  : 320.2
same abstract-state steps   : 24.3%
same-state shaping / episode: 0.000
changed-state shaping / ep. : 3696.160
terminal shaping / episode  : 34.665
DFA transitions / episode   : 2.01
DFA transitions in window   : 1->2: 64, 2->3: 55, 3->4: 45, 4->5: 37
epsilon (next episode)       : 0.21010
replay buffer                : 300000 samples [1: 41.6%, 2: 24.1%, 3: 24.5%, 4: 9.8%, 5: 0.0%]
DFA state visits in window   : 1: 19272, 2: 8434, 3: 10325, 4: 4337, 5: 37
DFA state visits cumulative  : 1: 1382841, 2: 395259, 3: 277747, 4: 119334, 5: 525
DFA state entries in window  : 1: 100, 2: 64, 3: 55, 4: 45, 5: 37
DFA state entries cumulative : 1: 7800, 2: 1861, 3: 1223, 4: 870, 5: 525
transitions cumulative       : 1->2: 1861, 2->3: 1223, 3->4: 870, 4->5: 525
accepted directly from s0    : 0
Gym endings cumulative       : terminated=6868, truncated=408

[Episode 7900/12000 | last 100]
success rate                : 39.0% (cumulative 7.1%)
failure rate                : 0.0% (cumulative 0.0%)
completed cycles / episode  : 0.000
synthetic task reward       : 3900.000
shaping reward              : 4037.925
learning reward             : 7937.925
episode length              : 398.1
abstract changes / episode  : 304.0
same abstract-state steps   : 23.6%
same-state shaping / episode: 0.000
changed-state shaping / ep. : 4037.925
terminal shaping / episode  : 37.554
DFA transitions / episode   : 2.04
DFA transitions in window   : 1->2: 62, 2->3: 52, 3->4: 51, 4->5: 39
epsilon (next episode)       : 0.20594
replay buffer                : 300000 samples [1: 41.6%, 2: 23.3%, 3: 24.7%, 4: 10.3%, 5: 0.0%]
DFA state visits in window   : 1: 17856, 2: 8289, 3: 8618, 4: 5109, 5: 39
DFA state visits cumulative  : 1: 1400697, 2: 403548, 3: 286365, 4: 124443, 5: 564
DFA state entries in window  : 1: 100, 2: 62, 3: 52, 4: 51, 5: 39
DFA state entries cumulative : 1: 7900, 2: 1923, 3: 1275, 4: 921, 5: 564
transitions cumulative       : 1->2: 1923, 2->3: 1275, 3->4: 921, 4->5: 564
accepted directly from s0    : 0
Gym endings cumulative       : terminated=6929, truncated=408

[Episode 8000/12000 | last 100]
success rate                : 38.0% (cumulative 7.5%)
failure rate                : 0.0% (cumulative 0.0%)
completed cycles / episode  : 0.000
synthetic task reward       : 3800.000
shaping reward              : 3599.547
learning reward             : 7399.547
episode length              : 410.3
abstract changes / episode  : 309.2
same abstract-state steps   : 24.6%
same-state shaping / episode: 0.000
changed-state shaping / ep. : 3599.547
terminal shaping / episode  : 37.836
DFA transitions / episode   : 1.95
DFA transitions in window   : 1->2: 61, 2->3: 50, 3->4: 46, 4->5: 38
epsilon (next episode)       : 0.20186
replay buffer                : 300000 samples [1: 41.6%, 2: 22.9%, 3: 25.1%, 4: 10.4%, 5: 0.0%]
DFA state visits in window   : 1: 16275, 2: 10790, 3: 9853, 4: 4176, 5: 38
DFA state visits cumulative  : 1: 1416972, 2: 414338, 3: 296218, 4: 128619, 5: 602
DFA state entries in window  : 1: 100, 2: 61, 3: 50, 4: 46, 5: 38
DFA state entries cumulative : 1: 8000, 2: 1984, 3: 1325, 4: 967, 5: 602
transitions cumulative       : 1->2: 1984, 2->3: 1325, 3->4: 967, 4->5: 602
accepted directly from s0    : 0
Gym endings cumulative       : terminated=6991, truncated=408

Starting autonomous greedy evaluation at episode 8000 (1000 fixed-seed episodes)...
[Greedy evaluation at episode 8000 | 1000 fixed-seed episodes]
success=0.3%, failure=0.0%, task reward=30.000, length=569.8
DFA transitions: 1->2: 470, 2->3: 4, 3->4: 3, 4->5: 3

[Episode 8100/12000 | last 100]
success rate                : 30.0% (cumulative 7.8%)
failure rate                : 0.0% (cumulative 0.0%)
completed cycles / episode  : 0.000
synthetic task reward       : 3000.000
shaping reward              : 2898.075
learning reward             : 5898.075
episode length              : 379.7
abstract changes / episode  : 285.9
same abstract-state steps   : 24.7%
same-state shaping / episode: 0.000
changed-state shaping / ep. : 2898.075
terminal shaping / episode  : 28.235
DFA transitions / episode   : 1.75
DFA transitions in window   : 1->2: 64, 2->3: 46, 3->4: 35, 4->5: 30
epsilon (next episode)       : 0.19787
replay buffer                : 300000 samples [1: 41.6%, 2: 22.4%, 3: 25.8%, 4: 10.2%, 5: 0.0%]
DFA state visits in window   : 1: 14983, 2: 8085, 3: 11815, 4: 3158, 5: 30
DFA state visits cumulative  : 1: 1431955, 2: 422423, 3: 308033, 4: 131777, 5: 632
DFA state entries in window  : 1: 100, 2: 64, 3: 46, 4: 35, 5: 30
DFA state entries cumulative : 1: 8100, 2: 2048, 3: 1371, 4: 1002, 5: 632
transitions cumulative       : 1->2: 2048, 2->3: 1371, 3->4: 1002, 4->5: 632
accepted directly from s0    : 0
Gym endings cumulative       : terminated=7059, truncated=410

[Episode 8200/12000 | last 100]
success rate                : 36.0% (cumulative 8.1%)
failure rate                : 0.0% (cumulative 0.0%)
completed cycles / episode  : 0.000
synthetic task reward       : 3600.000
shaping reward              : 3743.083
learning reward             : 7343.083
episode length              : 410.6
abstract changes / episode  : 310.7
same abstract-state steps   : 24.3%
same-state shaping / episode: 0.000
changed-state shaping / ep. : 3743.083
terminal shaping / episode  : 35.224
DFA transitions / episode   : 2.08
DFA transitions in window   : 1->2: 66, 2->3: 58, 3->4: 48, 4->5: 36
epsilon (next episode)       : 0.19395
replay buffer                : 300000 samples [1: 41.1%, 2: 22.4%, 3: 26.4%, 4: 10.1%, 5: 0.0%]
DFA state visits in window   : 1: 15373, 2: 8965, 3: 12381, 4: 4400, 5: 36
DFA state visits cumulative  : 1: 1447328, 2: 431388, 3: 320414, 4: 136177, 5: 668
DFA state entries in window  : 1: 100, 2: 66, 3: 58, 4: 48, 5: 36
DFA state entries cumulative : 1: 8200, 2: 2114, 3: 1429, 4: 1050, 5: 668
transitions cumulative       : 1->2: 2114, 2->3: 1429, 3->4: 1050, 4->5: 668
accepted directly from s0    : 0
Gym endings cumulative       : terminated=7121, truncated=412

[Episode 8300/12000 | last 100]
success rate                : 34.0% (cumulative 8.5%)
failure rate                : 0.0% (cumulative 0.0%)
completed cycles / episode  : 0.000
synthetic task reward       : 3400.000
shaping reward              : 4281.368
learning reward             : 7681.368
episode length              : 424.0
abstract changes / episode  : 314.3
same abstract-state steps   : 25.9%
same-state shaping / episode: 0.000
changed-state shaping / ep. : 4281.368
terminal shaping / episode  : 27.738
DFA transitions / episode   : 2.22
DFA transitions in window   : 1->2: 75, 2->3: 60, 3->4: 53, 4->5: 34
epsilon (next episode)       : 0.19011
replay buffer                : 300000 samples [1: 40.6%, 2: 23.2%, 3: 25.9%, 4: 10.3%, 5: 0.0%]
DFA state visits in window   : 1: 17618, 2: 10990, 3: 9456, 4: 4405, 5: 34
DFA state visits cumulative  : 1: 1464946, 2: 442378, 3: 329870, 4: 140582, 5: 702
DFA state entries in window  : 1: 100, 2: 75, 3: 60, 4: 53, 5: 34
DFA state entries cumulative : 1: 8300, 2: 2189, 3: 1489, 4: 1103, 5: 702
transitions cumulative       : 1->2: 2189, 2->3: 1489, 3->4: 1103, 4->5: 702
accepted directly from s0    : 0
Gym endings cumulative       : terminated=7186, truncated=413

[Episode 8400/12000 | last 100]
success rate                : 50.0% (cumulative 9.0%)
failure rate                : 0.0% (cumulative 0.0%)
completed cycles / episode  : 0.000
synthetic task reward       : 5000.000
shaping reward              : 5206.617
learning reward             : 10206.617
episode length              : 496.2
abstract changes / episode  : 331.9
same abstract-state steps   : 33.1%
same-state shaping / episode: 0.000
changed-state shaping / ep. : 5206.617
terminal shaping / episode  : 40.701
DFA transitions / episode   : 2.54
DFA transitions in window   : 1->2: 76, 2->3: 65, 3->4: 63, 4->5: 50
epsilon (next episode)       : 0.18634
replay buffer                : 300000 samples [1: 42.7%, 2: 22.4%, 3: 24.3%, 4: 10.6%, 5: 0.0%]
DFA state visits in window   : 1: 24427, 2: 10486, 3: 9315, 4: 5445, 5: 50
DFA state visits cumulative  : 1: 1489373, 2: 452864, 3: 339185, 4: 146027, 5: 752
DFA state entries in window  : 1: 100, 2: 76, 3: 65, 4: 63, 5: 50
DFA state entries cumulative : 1: 8400, 2: 2265, 3: 1554, 4: 1166, 5: 752
transitions cumulative       : 1->2: 2265, 2->3: 1554, 3->4: 1166, 4->5: 752
accepted directly from s0    : 0
Gym endings cumulative       : terminated=7229, truncated=420

[Episode 8500/12000 | last 100]
success rate                : 51.0% (cumulative 9.4%)
failure rate                : 0.0% (cumulative 0.0%)
completed cycles / episode  : 0.000
synthetic task reward       : 5100.000
shaping reward              : 4998.361
learning reward             : 10098.361
episode length              : 500.2
abstract changes / episode  : 337.1
same abstract-state steps   : 32.6%
same-state shaping / episode: 0.000
changed-state shaping / ep. : 4998.361
terminal shaping / episode  : 47.993
DFA transitions / episode   : 2.56
DFA transitions in window   : 1->2: 78, 2->3: 66, 3->4: 61, 4->5: 51
epsilon (next episode)       : 0.18265
replay buffer                : 300000 samples [1: 42.6%, 2: 23.4%, 3: 23.6%, 4: 10.5%, 5: 0.0%]
DFA state visits in window   : 1: 22023, 2: 13168, 3: 9846, 4: 5034, 5: 51
DFA state visits cumulative  : 1: 1511396, 2: 466032, 3: 349031, 4: 151061, 5: 803
DFA state entries in window  : 1: 100, 2: 78, 3: 66, 4: 61, 5: 51
DFA state entries cumulative : 1: 8500, 2: 2343, 3: 1620, 4: 1227, 5: 803
transitions cumulative       : 1->2: 2343, 2->3: 1620, 3->4: 1227, 4->5: 803
accepted directly from s0    : 0
Gym endings cumulative       : terminated=7275, truncated=423

Starting autonomous greedy evaluation at episode 8500 (1000 fixed-seed episodes)...
[Greedy evaluation at episode 8500 | 1000 fixed-seed episodes]
success=0.7%, failure=0.0%, task reward=70.000, length=935.1
DFA transitions: 1->2: 92, 2->3: 89, 3->4: 88, 4->5: 7

[Episode 8600/12000 | last 100]
success rate                : 44.0% (cumulative 9.8%)
failure rate                : 0.0% (cumulative 0.0%)
completed cycles / episode  : 0.000
synthetic task reward       : 4400.000
shaping reward              : 4775.724
learning reward             : 9175.724
episode length              : 441.2
abstract changes / episode  : 308.7
same abstract-state steps   : 30.0%
same-state shaping / episode: 0.000
changed-state shaping / ep. : 4775.724
terminal shaping / episode  : 39.094
DFA transitions / episode   : 2.38
DFA transitions in window   : 1->2: 74, 2->3: 61, 3->4: 59, 4->5: 44
epsilon (next episode)       : 0.17904
replay buffer                : 300000 samples [1: 41.0%, 2: 25.0%, 3: 23.7%, 4: 10.4%, 5: 0.0%]
DFA state visits in window   : 1: 15094, 2: 14738, 3: 9419, 4: 4929, 5: 44
DFA state visits cumulative  : 1: 1526490, 2: 480770, 3: 358450, 4: 155990, 5: 847
DFA state entries in window  : 1: 100, 2: 74, 3: 61, 4: 59, 5: 44
DFA state entries cumulative : 1: 8600, 2: 2417, 3: 1681, 4: 1286, 5: 847
transitions cumulative       : 1->2: 2417, 2->3: 1681, 3->4: 1286, 4->5: 847
accepted directly from s0    : 0
Gym endings cumulative       : terminated=7329, truncated=425

[Episode 8700/12000 | last 100]
success rate                : 37.0% (cumulative 10.2%)
failure rate                : 0.0% (cumulative 0.0%)
completed cycles / episode  : 0.000
synthetic task reward       : 3700.000
shaping reward              : 3768.550
learning reward             : 7468.550
episode length              : 404.9
abstract changes / episode  : 281.6
same abstract-state steps   : 30.5%
same-state shaping / episode: 0.000
changed-state shaping / ep. : 3768.550
terminal shaping / episode  : 33.172
DFA transitions / episode   : 1.95
DFA transitions in window   : 1->2: 63, 2->3: 50, 3->4: 45, 4->5: 37
epsilon (next episode)       : 0.17549
replay buffer                : 300000 samples [1: 41.5%, 2: 25.6%, 3: 22.7%, 4: 10.1%, 5: 0.0%]
DFA state visits in window   : 1: 17334, 2: 11954, 3: 7651, 4: 3610, 5: 37
DFA state visits cumulative  : 1: 1543824, 2: 492724, 3: 366101, 4: 159600, 5: 884
DFA state entries in window  : 1: 100, 2: 63, 3: 50, 4: 45, 5: 37
DFA state entries cumulative : 1: 8700, 2: 2480, 3: 1731, 4: 1331, 5: 884
transitions cumulative       : 1->2: 2480, 2->3: 1731, 3->4: 1331, 4->5: 884
accepted directly from s0    : 0
Gym endings cumulative       : terminated=7388, truncated=429

[Episode 8800/12000 | last 100]
success rate                : 58.0% (cumulative 10.7%)
failure rate                : 0.0% (cumulative 0.0%)
completed cycles / episode  : 0.000
synthetic task reward       : 5800.000
shaping reward              : 5491.212
learning reward             : 11291.212
episode length              : 432.4
abstract changes / episode  : 312.2
same abstract-state steps   : 27.8%
same-state shaping / episode: 0.000
changed-state shaping / ep. : 5491.212
terminal shaping / episode  : 55.020
DFA transitions / episode   : 2.68
DFA transitions in window   : 1->2: 73, 2->3: 70, 3->4: 67, 4->5: 58
epsilon (next episode)       : 0.17201
replay buffer                : 300000 samples [1: 41.6%, 2: 26.2%, 3: 21.3%, 4: 10.8%, 5: 0.0%]
DFA state visits in window   : 1: 17506, 2: 10809, 3: 9243, 4: 5723, 5: 58
DFA state visits cumulative  : 1: 1561330, 2: 503533, 3: 375344, 4: 165323, 5: 942
DFA state entries in window  : 1: 100, 2: 73, 3: 70, 4: 67, 5: 58
DFA state entries cumulative : 1: 8800, 2: 2553, 3: 1801, 4: 1398, 5: 942
transitions cumulative       : 1->2: 2553, 2->3: 1801, 3->4: 1398, 4->5: 942
accepted directly from s0    : 0
Gym endings cumulative       : terminated=7430, truncated=429

[Episode 8900/12000 | last 100]
success rate                : 47.0% (cumulative 11.1%)
failure rate                : 0.0% (cumulative 0.0%)
completed cycles / episode  : 0.000
synthetic task reward       : 4700.000
shaping reward              : 5354.172
learning reward             : 10054.172
episode length              : 455.0
abstract changes / episode  : 326.5
same abstract-state steps   : 28.2%
same-state shaping / episode: 0.000
changed-state shaping / ep. : 5354.172
terminal shaping / episode  : 42.857
DFA transitions / episode   : 2.60
DFA transitions in window   : 1->2: 74, 2->3: 70, 3->4: 69, 4->5: 47
epsilon (next episode)       : 0.16861
replay buffer                : 300000 samples [1: 41.4%, 2: 26.7%, 3: 20.6%, 4: 11.4%, 5: 0.0%]
DFA state visits in window   : 1: 16264, 2: 11790, 3: 10409, 4: 7092, 5: 47
DFA state visits cumulative  : 1: 1577594, 2: 515323, 3: 385753, 4: 172415, 5: 989
DFA state entries in window  : 1: 100, 2: 74, 3: 70, 4: 69, 5: 47
DFA state entries cumulative : 1: 8900, 2: 2627, 3: 1871, 4: 1467, 5: 989
transitions cumulative       : 1->2: 2627, 2->3: 1871, 3->4: 1467, 4->5: 989
accepted directly from s0    : 0
Gym endings cumulative       : terminated=7480, truncated=432

[Episode 9000/12000 | last 100]
success rate                : 42.0% (cumulative 11.5%)
failure rate                : 0.0% (cumulative 0.0%)
completed cycles / episode  : 0.000
synthetic task reward       : 4200.000
shaping reward              : 4429.151
learning reward             : 8629.151
episode length              : 396.0
abstract changes / episode  : 287.9
same abstract-state steps   : 27.3%
same-state shaping / episode: 0.000
changed-state shaping / ep. : 4429.151
terminal shaping / episode  : 37.548
DFA transitions / episode   : 2.18
DFA transitions in window   : 1->2: 66, 2->3: 56, 3->4: 54, 4->5: 42
epsilon (next episode)       : 0.16527
replay buffer                : 300000 samples [1: 40.8%, 2: 27.6%, 3: 20.2%, 4: 11.4%, 5: 0.0%]
DFA state visits in window   : 1: 16289, 2: 12311, 3: 6953, 4: 4106, 5: 42
DFA state visits cumulative  : 1: 1593883, 2: 527634, 3: 392706, 4: 176521, 5: 1031
DFA state entries in window  : 1: 100, 2: 66, 3: 56, 4: 54, 5: 42
DFA state entries cumulative : 1: 9000, 2: 2693, 3: 1927, 4: 1521, 5: 1031
transitions cumulative       : 1->2: 2693, 2->3: 1927, 3->4: 1521, 4->5: 1031
accepted directly from s0    : 0
Gym endings cumulative       : terminated=7538, truncated=432

Starting autonomous greedy evaluation at episode 9000 (1000 fixed-seed episodes)...
[Greedy evaluation at episode 9000 | 1000 fixed-seed episodes]
success=18.9%, failure=0.0%, task reward=1890.000, length=437.6
DFA transitions: 1->2: 290, 2->3: 262, 3->4: 203, 4->5: 189

[Episode 9100/12000 | last 100]
success rate                : 47.0% (cumulative 11.8%)
failure rate                : 0.0% (cumulative 0.0%)
completed cycles / episode  : 0.000
synthetic task reward       : 4700.000
shaping reward              : 4642.650
learning reward             : 9342.650
episode length              : 416.1
abstract changes / episode  : 281.4
same abstract-state steps   : 32.4%
same-state shaping / episode: 0.000
changed-state shaping / ep. : 4642.650
terminal shaping / episode  : 42.633
DFA transitions / episode   : 2.31
DFA transitions in window   : 1->2: 69, 2->3: 59, 3->4: 56, 4->5: 47
epsilon (next episode)       : 0.16200
replay buffer                : 300000 samples [1: 40.8%, 2: 27.7%, 3: 19.9%, 4: 11.6%, 5: 0.0%]
DFA state visits in window   : 1: 20745, 2: 9493, 3: 6728, 4: 4692, 5: 47
DFA state visits cumulative  : 1: 1614628, 2: 537127, 3: 399434, 4: 181213, 5: 1078
DFA state entries in window  : 1: 100, 2: 69, 3: 59, 4: 56, 5: 47
DFA state entries cumulative : 1: 9100, 2: 2762, 3: 1986, 4: 1577, 5: 1078
transitions cumulative       : 1->2: 2762, 2->3: 1986, 3->4: 1577, 4->5: 1078
accepted directly from s0    : 0
Gym endings cumulative       : terminated=7586, truncated=437

[Episode 9200/12000 | last 100]
success rate                : 46.0% (cumulative 12.2%)
failure rate                : 0.0% (cumulative 0.0%)
completed cycles / episode  : 0.000
synthetic task reward       : 4600.000
shaping reward              : 4622.771
learning reward             : 9222.771
episode length              : 520.2
abstract changes / episode  : 314.3
same abstract-state steps   : 39.6%
same-state shaping / episode: 0.000
changed-state shaping / ep. : 4622.771
terminal shaping / episode  : 42.941
DFA transitions / episode   : 2.23
DFA transitions in window   : 1->2: 65, 2->3: 57, 3->4: 55, 4->5: 46
epsilon (next episode)       : 0.15879
replay buffer                : 300000 samples [1: 44.0%, 2: 25.6%, 3: 19.1%, 4: 11.4%, 5: 0.0%]
DFA state visits in window   : 1: 31374, 2: 8037, 3: 8050, 4: 4612, 5: 46
DFA state visits cumulative  : 1: 1646002, 2: 545164, 3: 407484, 4: 185825, 5: 1124
DFA state entries in window  : 1: 100, 2: 65, 3: 57, 4: 55, 5: 46
DFA state entries cumulative : 1: 9200, 2: 2827, 3: 2043, 4: 1632, 5: 1124
transitions cumulative       : 1->2: 2827, 2->3: 2043, 3->4: 1632, 4->5: 1124
accepted directly from s0    : 0
Gym endings cumulative       : terminated=7623, truncated=454

[Episode 9300/12000 | last 100]
success rate                : 46.0% (cumulative 12.6%)
failure rate                : 0.0% (cumulative 0.0%)
completed cycles / episode  : 0.000
synthetic task reward       : 4600.000
shaping reward              : 4330.740
learning reward             : 8930.740
episode length              : 420.1
abstract changes / episode  : 299.6
same abstract-state steps   : 28.7%
same-state shaping / episode: 0.000
changed-state shaping / ep. : 4330.740
terminal shaping / episode  : 43.699
DFA transitions / episode   : 2.14
DFA transitions in window   : 1->2: 62, 2->3: 54, 3->4: 52, 4->5: 46
epsilon (next episode)       : 0.15564
replay buffer                : 300000 samples [1: 45.8%, 2: 24.3%, 3: 18.9%, 4: 11.0%, 5: 0.0%]
DFA state visits in window   : 1: 19831, 2: 10018, 3: 8590, 4: 3622, 5: 46
DFA state visits cumulative  : 1: 1665833, 2: 555182, 3: 416074, 4: 189447, 5: 1170
DFA state entries in window  : 1: 100, 2: 62, 3: 54, 4: 52, 5: 46
DFA state entries cumulative : 1: 9300, 2: 2889, 3: 2097, 4: 1684, 5: 1170
transitions cumulative       : 1->2: 2889, 2->3: 2097, 3->4: 1684, 4->5: 1170
accepted directly from s0    : 0
Gym endings cumulative       : terminated=7677, truncated=454

[Episode 9400/12000 | last 100]
success rate                : 56.0% (cumulative 13.0%)
failure rate                : 0.0% (cumulative 0.0%)
completed cycles / episode  : 0.000
synthetic task reward       : 5600.000
shaping reward              : 5299.822
learning reward             : 10899.822
episode length              : 411.2
abstract changes / episode  : 310.5
same abstract-state steps   : 24.5%
same-state shaping / episode: 0.000
changed-state shaping / ep. : 5299.822
terminal shaping / episode  : 55.593
DFA transitions / episode   : 2.61
DFA transitions in window   : 1->2: 74, 2->3: 67, 3->4: 64, 4->5: 56
epsilon (next episode)       : 0.15256
replay buffer                : 300000 samples [1: 45.2%, 2: 23.5%, 3: 20.0%, 4: 11.2%, 5: 0.0%]
DFA state visits in window   : 1: 16859, 2: 8911, 3: 11025, 4: 4373, 5: 56
DFA state visits cumulative  : 1: 1682692, 2: 564093, 3: 427099, 4: 193820, 5: 1226
DFA state entries in window  : 1: 100, 2: 74, 3: 67, 4: 64, 5: 56
DFA state entries cumulative : 1: 9400, 2: 2963, 3: 2164, 4: 1748, 5: 1226
transitions cumulative       : 1->2: 2963, 2->3: 2164, 3->4: 1748, 4->5: 1226
accepted directly from s0    : 0
Gym endings cumulative       : terminated=7720, truncated=455

[Episode 9500/12000 | last 100]
success rate                : 27.0% (cumulative 13.2%)
failure rate                : 0.0% (cumulative 0.0%)
completed cycles / episode  : 0.000
synthetic task reward       : 2700.000
shaping reward              : 2832.038
learning reward             : 5532.038
episode length              : 435.4
abstract changes / episode  : 262.2
same abstract-state steps   : 39.8%
same-state shaping / episode: 0.000
changed-state shaping / ep. : 2832.038
terminal shaping / episode  : 25.835
DFA transitions / episode   : 1.65
DFA transitions in window   : 1->2: 72, 2->3: 35, 3->4: 31, 4->5: 27
epsilon (next episode)       : 0.14954
replay buffer                : 300000 samples [1: 47.0%, 2: 24.5%, 3: 18.6%, 4: 10.0%, 5: 0.0%]
DFA state visits in window   : 1: 22686, 2: 13923, 3: 4882, 4: 2127, 5: 27
DFA state visits cumulative  : 1: 1705378, 2: 578016, 3: 431981, 4: 195947, 5: 1253
DFA state entries in window  : 1: 100, 2: 72, 3: 35, 4: 31, 5: 27
DFA state entries cumulative : 1: 9500, 2: 3035, 3: 2199, 4: 1779, 5: 1253
transitions cumulative       : 1->2: 3035, 2->3: 2199, 3->4: 1779, 4->5: 1253
accepted directly from s0    : 0
Gym endings cumulative       : terminated=7782, truncated=466

Starting autonomous greedy evaluation at episode 9500 (1000 fixed-seed episodes)...
[Greedy evaluation at episode 9500 | 1000 fixed-seed episodes]
success=74.9%, failure=0.0%, task reward=7490.000, length=548.0
DFA transitions: 1->2: 807, 2->3: 807, 3->4: 758, 4->5: 749

[Episode 9600/12000 | last 100]
success rate                : 49.0% (cumulative 13.6%)
failure rate                : 0.0% (cumulative 0.0%)
completed cycles / episode  : 0.000
synthetic task reward       : 4900.000
shaping reward              : 4769.247
learning reward             : 9669.247
episode length              : 441.7
abstract changes / episode  : 282.7
same abstract-state steps   : 36.0%
same-state shaping / episode: 0.000
changed-state shaping / ep. : 4769.247
terminal shaping / episode  : 42.918
DFA transitions / episode   : 2.33
DFA transitions in window   : 1->2: 65, 2->3: 61, 3->4: 58, 4->5: 49
epsilon (next episode)       : 0.14658
replay buffer                : 300000 samples [1: 49.1%, 2: 23.3%, 3: 18.2%, 4: 9.4%, 5: 0.0%]
DFA state visits in window   : 1: 21188, 2: 8567, 3: 9356, 4: 5112, 5: 49
DFA state visits cumulative  : 1: 1726566, 2: 586583, 3: 441337, 4: 201059, 5: 1302
DFA state entries in window  : 1: 100, 2: 65, 3: 61, 4: 58, 5: 49
DFA state entries cumulative : 1: 9600, 2: 3100, 3: 2260, 4: 1837, 5: 1302
transitions cumulative       : 1->2: 3100, 2->3: 2260, 3->4: 1837, 4->5: 1302
accepted directly from s0    : 0
Gym endings cumulative       : terminated=7828, truncated=471

[Episode 9700/12000 | last 100]
success rate                : 22.0% (cumulative 13.6%)
failure rate                : 0.0% (cumulative 0.0%)
completed cycles / episode  : 0.000
synthetic task reward       : 2200.000
shaping reward              : 2937.104
learning reward             : 5137.104
episode length              : 540.4
abstract changes / episode  : 333.7
same abstract-state steps   : 38.3%
same-state shaping / episode: 0.000
changed-state shaping / ep. : 2937.104
terminal shaping / episode  : 10.667
DFA transitions / episode   : 1.73
DFA transitions in window   : 1->2: 75, 2->3: 42, 3->4: 34, 4->5: 22
epsilon (next episode)       : 0.14368
replay buffer                : 300000 samples [1: 48.9%, 2: 26.0%, 3: 17.0%, 4: 8.1%, 5: 0.0%]
DFA state visits in window   : 1: 23122, 2: 23115, 3: 5844, 4: 2034, 5: 22
DFA state visits cumulative  : 1: 1749688, 2: 609698, 3: 447181, 4: 203093, 5: 1324
DFA state entries in window  : 1: 100, 2: 75, 3: 42, 4: 34, 5: 22
DFA state entries cumulative : 1: 9700, 2: 3175, 3: 2302, 4: 1871, 5: 1324
transitions cumulative       : 1->2: 3175, 2->3: 2302, 3->4: 1871, 4->5: 1324
accepted directly from s0    : 0
Gym endings cumulative       : terminated=7888, truncated=489

[Episode 9800/12000 | last 100]
success rate                : 51.0% (cumulative 14.0%)
failure rate                : 0.0% (cumulative 0.0%)
completed cycles / episode  : 0.000
synthetic task reward       : 5100.000
shaping reward              : 4930.545
learning reward             : 10030.545
episode length              : 435.6
abstract changes / episode  : 312.4
same abstract-state steps   : 28.3%
same-state shaping / episode: 0.000
changed-state shaping / ep. : 4930.545
terminal shaping / episode  : 45.225
DFA transitions / episode   : 2.42
DFA transitions in window   : 1->2: 68, 2->3: 63, 3->4: 60, 4->5: 51
epsilon (next episode)       : 0.14083
replay buffer                : 300000 samples [1: 47.1%, 2: 27.2%, 3: 17.8%, 4: 7.9%, 5: 0.0%]
DFA state visits in window   : 1: 20147, 2: 11224, 3: 8334, 4: 3909, 5: 51
DFA state visits cumulative  : 1: 1769835, 2: 620922, 3: 455515, 4: 207002, 5: 1375
DFA state entries in window  : 1: 100, 2: 68, 3: 63, 4: 60, 5: 51
DFA state entries cumulative : 1: 9800, 2: 3243, 3: 2365, 4: 1931, 5: 1375
transitions cumulative       : 1->2: 3243, 2->3: 2365, 3->4: 1931, 4->5: 1375
accepted directly from s0    : 0
Gym endings cumulative       : terminated=7936, truncated=490

[Episode 9900/12000 | last 100]
success rate                : 50.0% (cumulative 14.4%)
failure rate                : 0.0% (cumulative 0.0%)
completed cycles / episode  : 0.000
synthetic task reward       : 5000.000
shaping reward              : 4914.042
learning reward             : 9914.042
episode length              : 439.8
abstract changes / episode  : 322.0
same abstract-state steps   : 26.8%
same-state shaping / episode: 0.000
changed-state shaping / ep. : 4914.042
terminal shaping / episode  : 47.405
DFA transitions / episode   : 2.44
DFA transitions in window   : 1->2: 67, 2->3: 65, 3->4: 62, 4->5: 50
epsilon (next episode)       : 0.13804
replay buffer                : 300000 samples [1: 46.0%, 2: 27.9%, 3: 18.0%, 4: 8.1%, 5: 0.0%]
DFA state visits in window   : 1: 21217, 2: 10978, 3: 7782, 4: 4051, 5: 50
DFA state visits cumulative  : 1: 1791052, 2: 631900, 3: 463297, 4: 211053, 5: 1425
DFA state entries in window  : 1: 100, 2: 67, 3: 65, 4: 62, 5: 50
DFA state entries cumulative : 1: 9900, 2: 3310, 3: 2430, 4: 1993, 5: 1425
transitions cumulative       : 1->2: 3310, 2->3: 2430, 3->4: 1993, 4->5: 1425
accepted directly from s0    : 0
Gym endings cumulative       : terminated=7986, truncated=490

[Episode 10000/12000 | last 100]
success rate                : 44.0% (cumulative 14.7%)
failure rate                : 0.0% (cumulative 0.0%)
completed cycles / episode  : 0.000
synthetic task reward       : 4400.000
shaping reward              : 4320.130
learning reward             : 8720.130
episode length              : 402.4
abstract changes / episode  : 293.9
same abstract-state steps   : 27.0%
same-state shaping / episode: 0.000
changed-state shaping / ep. : 4320.130
terminal shaping / episode  : 33.716
DFA transitions / episode   : 2.19
DFA transitions in window   : 1->2: 64, 2->3: 60, 3->4: 51, 4->5: 44
epsilon (next episode)       : 0.13531
replay buffer                : 300000 samples [1: 46.5%, 2: 27.9%, 3: 17.6%, 4: 8.0%, 5: 0.0%]
DFA state visits in window   : 1: 19099, 2: 9147, 3: 8498, 4: 3554, 5: 44
DFA state visits cumulative  : 1: 1810151, 2: 641047, 3: 471795, 4: 214607, 5: 1469
DFA state entries in window  : 1: 100, 2: 64, 3: 60, 4: 51, 5: 44
DFA state entries cumulative : 1: 10000, 2: 3374, 3: 2490, 4: 2044, 5: 1469
transitions cumulative       : 1->2: 3374, 2->3: 2490, 3->4: 2044, 4->5: 1469
accepted directly from s0    : 0
Gym endings cumulative       : terminated=8040, truncated=492

Starting autonomous greedy evaluation at episode 10000 (1000 fixed-seed episodes)...
[Greedy evaluation at episode 10000 | 1000 fixed-seed episodes]
success=82.6%, failure=0.0%, task reward=8260.000, length=492.5
DFA transitions: 1->2: 896, 2->3: 889, 3->4: 879, 4->5: 826

[Episode 10100/12000 | last 100]
success rate                : 54.0% (cumulative 15.1%)
failure rate                : 0.0% (cumulative 0.0%)
completed cycles / episode  : 0.000
synthetic task reward       : 5400.000
shaping reward              : 5164.614
learning reward             : 10564.614
episode length              : 485.6
abstract changes / episode  : 336.9
same abstract-state steps   : 30.6%
same-state shaping / episode: 0.000
changed-state shaping / ep. : 5164.614
terminal shaping / episode  : 47.344
DFA transitions / episode   : 2.64
DFA transitions in window   : 1->2: 75, 2->3: 70, 3->4: 65, 4->5: 54
epsilon (next episode)       : 0.13263
replay buffer                : 300000 samples [1: 46.7%, 2: 27.6%, 3: 17.4%, 4: 8.3%, 5: 0.0%]
DFA state visits in window   : 1: 24885, 2: 10656, 3: 8362, 4: 4701, 5: 54
DFA state visits cumulative  : 1: 1835036, 2: 651703, 3: 480157, 4: 219308, 5: 1523
DFA state entries in window  : 1: 100, 2: 75, 3: 70, 4: 65, 5: 54
DFA state entries cumulative : 1: 10100, 2: 3449, 3: 2560, 4: 2109, 5: 1523
transitions cumulative       : 1->2: 3449, 2->3: 2560, 3->4: 2109, 4->5: 1523
accepted directly from s0    : 0
Gym endings cumulative       : terminated=8084, truncated=494

[Episode 10200/12000 | last 100]
success rate                : 58.0% (cumulative 15.5%)
failure rate                : 0.0% (cumulative 0.0%)
completed cycles / episode  : 0.000
synthetic task reward       : 5800.000
shaping reward              : 5422.620
learning reward             : 11222.620
episode length              : 478.1
abstract changes / episode  : 329.9
same abstract-state steps   : 31.0%
same-state shaping / episode: 0.000
changed-state shaping / ep. : 5422.620
terminal shaping / episode  : 55.394
DFA transitions / episode   : 2.77
DFA transitions in window   : 1->2: 79, 2->3: 73, 3->4: 67, 4->5: 58
epsilon (next episode)       : 0.13000
replay buffer                : 300000 samples [1: 46.9%, 2: 27.5%, 3: 16.7%, 4: 8.8%, 5: 0.0%]
DFA state visits in window   : 1: 21984, 2: 12722, 3: 7559, 4: 5586, 5: 58
DFA state visits cumulative  : 1: 1857020, 2: 664425, 3: 487716, 4: 224894, 5: 1581
DFA state entries in window  : 1: 100, 2: 79, 3: 73, 4: 67, 5: 58
DFA state entries cumulative : 1: 10200, 2: 3528, 3: 2633, 4: 2176, 5: 1581
transitions cumulative       : 1->2: 3528, 2->3: 2633, 3->4: 2176, 4->5: 1581
accepted directly from s0    : 0
Gym endings cumulative       : terminated=8120, truncated=500

[Episode 10300/12000 | last 100]
success rate                : 46.0% (cumulative 15.8%)
failure rate                : 0.0% (cumulative 0.0%)
completed cycles / episode  : 0.000
synthetic task reward       : 4600.000
shaping reward              : 4441.200
learning reward             : 9041.200
episode length              : 435.9
abstract changes / episode  : 316.3
same abstract-state steps   : 27.4%
same-state shaping / episode: 0.000
changed-state shaping / ep. : 4441.200
terminal shaping / episode  : 33.471
DFA transitions / episode   : 2.23
DFA transitions in window   : 1->2: 63, 2->3: 58, 3->4: 56, 4->5: 46
epsilon (next episode)       : 0.12743
replay buffer                : 300000 samples [1: 47.0%, 2: 26.7%, 3: 17.2%, 4: 9.1%, 5: 0.0%]
DFA state visits in window   : 1: 20497, 2: 11078, 3: 7636, 4: 4432, 5: 46
DFA state visits cumulative  : 1: 1877517, 2: 675503, 3: 495352, 4: 229326, 5: 1627
DFA state entries in window  : 1: 100, 2: 63, 3: 58, 4: 56, 5: 46
DFA state entries cumulative : 1: 10300, 2: 3591, 3: 2691, 4: 2232, 5: 1627
transitions cumulative       : 1->2: 3591, 2->3: 2691, 3->4: 2232, 4->5: 1627
accepted directly from s0    : 0
Gym endings cumulative       : terminated=8171, truncated=503

[Episode 10400/12000 | last 100]
success rate                : 26.0% (cumulative 15.9%)
failure rate                : 0.0% (cumulative 0.0%)
completed cycles / episode  : 0.000
synthetic task reward       : 2600.000
shaping reward              : 2801.673
learning reward             : 5401.673
episode length              : 433.2
abstract changes / episode  : 283.6
same abstract-state steps   : 34.5%
same-state shaping / episode: 0.000
changed-state shaping / ep. : 2801.673
terminal shaping / episode  : 10.116
DFA transitions / episode   : 1.69
DFA transitions in window   : 1->2: 72, 2->3: 36, 3->4: 35, 4->5: 26
epsilon (next episode)       : 0.12490
replay buffer                : 300000 samples [1: 49.5%, 2: 24.6%, 3: 16.7%, 4: 9.2%, 5: 0.0%]
DFA state visits in window   : 1: 25219, 2: 11163, 3: 4687, 4: 2330, 5: 26
DFA state visits cumulative  : 1: 1902736, 2: 686666, 3: 500039, 4: 231656, 5: 1653
DFA state entries in window  : 1: 100, 2: 72, 3: 36, 4: 35, 5: 26
DFA state entries cumulative : 1: 10400, 2: 3663, 3: 2727, 4: 2267, 5: 1653
transitions cumulative       : 1->2: 3663, 2->3: 2727, 3->4: 2267, 4->5: 1653
accepted directly from s0    : 0
Gym endings cumulative       : terminated=8239, truncated=509

[Episode 10500/12000 | last 100]
success rate                : 26.0% (cumulative 16.0%)
failure rate                : 0.0% (cumulative 0.0%)
completed cycles / episode  : 0.000
synthetic task reward       : 2600.000
shaping reward              : 2761.396
learning reward             : 5361.396
episode length              : 309.2
abstract changes / episode  : 232.9
same abstract-state steps   : 24.7%
same-state shaping / episode: 0.000
changed-state shaping / ep. : 2761.396
terminal shaping / episode  : 19.147
DFA transitions / episode   : 1.47
DFA transitions in window   : 1->2: 52, 2->3: 35, 3->4: 34, 4->5: 26
epsilon (next episode)       : 0.12243
replay buffer                : 300000 samples [1: 49.8%, 2: 24.4%, 3: 16.5%, 4: 9.3%, 5: 0.0%]
DFA state visits in window   : 1: 15971, 2: 7182, 3: 4811, 4: 3027, 5: 26
DFA state visits cumulative  : 1: 1918707, 2: 693848, 3: 504850, 4: 234683, 5: 1679
DFA state entries in window  : 1: 100, 2: 52, 3: 35, 4: 34, 5: 26
DFA state entries cumulative : 1: 10500, 2: 3715, 3: 2762, 4: 2301, 5: 1679
transitions cumulative       : 1->2: 3715, 2->3: 2762, 3->4: 2301, 4->5: 1679
accepted directly from s0    : 0
Gym endings cumulative       : terminated=8312, truncated=510

Starting autonomous greedy evaluation at episode 10500 (1000 fixed-seed episodes)...
[Greedy evaluation at episode 10500 | 1000 fixed-seed episodes]
success=0.4%, failure=0.0%, task reward=40.000, length=330.2
DFA transitions: 1->2: 64, 2->3: 5, 3->4: 5, 4->5: 4

[Episode 10600/12000 | last 100]
success rate                : 32.0% (cumulative 16.1%)
failure rate                : 0.0% (cumulative 0.0%)
completed cycles / episode  : 0.000
synthetic task reward       : 3200.000
shaping reward              : 4226.241
learning reward             : 7426.241
episode length              : 388.2
abstract changes / episode  : 283.1
same abstract-state steps   : 27.1%
same-state shaping / episode: 0.000
changed-state shaping / ep. : 4226.241
terminal shaping / episode  : 18.533
DFA transitions / episode   : 2.06
DFA transitions in window   : 1->2: 66, 2->3: 56, 3->4: 52, 4->5: 32
epsilon (next episode)       : 0.12001
replay buffer                : 300000 samples [1: 49.2%, 2: 24.5%, 3: 16.9%, 4: 9.4%, 5: 0.0%]
DFA state visits in window   : 1: 15961, 2: 10576, 3: 8128, 4: 4227, 5: 32
DFA state visits cumulative  : 1: 1934668, 2: 704424, 3: 512978, 4: 238910, 5: 1711
DFA state entries in window  : 1: 100, 2: 66, 3: 56, 4: 52, 5: 32
DFA state entries cumulative : 1: 10600, 2: 3781, 3: 2818, 4: 2353, 5: 1711
transitions cumulative       : 1->2: 3781, 2->3: 2818, 3->4: 2353, 4->5: 1711
accepted directly from s0    : 0
Gym endings cumulative       : terminated=8379, truncated=511

[Episode 10700/12000 | last 100]
success rate                : 31.0% (cumulative 16.3%)
failure rate                : 0.0% (cumulative 0.0%)
completed cycles / episode  : 0.000
synthetic task reward       : 3100.000
shaping reward              : 2633.901
learning reward             : 5733.901
episode length              : 383.6
abstract changes / episode  : 251.7
same abstract-state steps   : 34.4%
same-state shaping / episode: 0.000
changed-state shaping / ep. : 2633.901
terminal shaping / episode  : 31.130
DFA transitions / episode   : 1.44
DFA transitions in window   : 1->2: 45, 2->3: 36, 3->4: 32, 4->5: 31
epsilon (next episode)       : 0.11763
replay buffer                : 300000 samples [1: 49.7%, 2: 25.4%, 3: 15.7%, 4: 9.2%, 5: 0.0%]
DFA state visits in window   : 1: 20969, 2: 10553, 3: 4348, 4: 2563, 5: 31
DFA state visits cumulative  : 1: 1955637, 2: 714977, 3: 517326, 4: 241473, 5: 1742
DFA state entries in window  : 1: 100, 2: 45, 3: 36, 4: 32, 5: 31
DFA state entries cumulative : 1: 10700, 2: 3826, 3: 2854, 4: 2385, 5: 1742
transitions cumulative       : 1->2: 3826, 2->3: 2854, 3->4: 2385, 4->5: 1742
accepted directly from s0    : 0
Gym endings cumulative       : terminated=8447, truncated=512

[Episode 10800/12000 | last 100]
success rate                : 52.0% (cumulative 16.6%)
failure rate                : 0.0% (cumulative 0.0%)
completed cycles / episode  : 0.000
synthetic task reward       : 5200.000
shaping reward              : 5185.689
learning reward             : 10385.689
episode length              : 528.1
abstract changes / episode  : 334.1
same abstract-state steps   : 36.7%
same-state shaping / episode: 0.000
changed-state shaping / ep. : 5185.689
terminal shaping / episode  : 47.361
DFA transitions / episode   : 2.61
DFA transitions in window   : 1->2: 79, 2->3: 67, 3->4: 63, 4->5: 52
epsilon (next episode)       : 0.11530
replay buffer                : 300000 samples [1: 46.4%, 2: 27.8%, 3: 16.7%, 4: 9.1%, 5: 0.0%]
DFA state visits in window   : 1: 15812, 2: 19659, 3: 12598, 4: 4791, 5: 52
DFA state visits cumulative  : 1: 1971449, 2: 734636, 3: 529924, 4: 246264, 5: 1794
DFA state entries in window  : 1: 100, 2: 79, 3: 67, 4: 63, 5: 52
DFA state entries cumulative : 1: 10800, 2: 3905, 3: 2921, 4: 2448, 5: 1794
transitions cumulative       : 1->2: 3905, 2->3: 2921, 3->4: 2448, 4->5: 1794
accepted directly from s0    : 0
Gym endings cumulative       : terminated=8485, truncated=522

[Episode 10900/12000 | last 100]
success rate                : 52.0% (cumulative 16.9%)
failure rate                : 0.0% (cumulative 0.0%)
completed cycles / episode  : 0.000
synthetic task reward       : 5200.000
shaping reward              : 5294.165
learning reward             : 10494.165
episode length              : 454.3
abstract changes / episode  : 310.7
same abstract-state steps   : 31.6%
same-state shaping / episode: 0.000
changed-state shaping / ep. : 5294.165
terminal shaping / episode  : 21.924
DFA transitions / episode   : 2.86
DFA transitions in window   : 1->2: 81, 2->3: 78, 3->4: 75, 4->5: 52
epsilon (next episode)       : 0.11302
replay buffer                : 300000 samples [1: 43.6%, 2: 29.3%, 3: 17.7%, 4: 9.4%, 5: 0.0%]
DFA state visits in window   : 1: 13876, 2: 15583, 3: 9824, 4: 6194, 5: 52
DFA state visits cumulative  : 1: 1985325, 2: 750219, 3: 539748, 4: 252458, 5: 1846
DFA state entries in window  : 1: 100, 2: 81, 3: 78, 4: 75, 5: 52
DFA state entries cumulative : 1: 10900, 2: 3986, 3: 2999, 4: 2523, 5: 1846
transitions cumulative       : 1->2: 3986, 2->3: 2999, 3->4: 2523, 4->5: 1846
accepted directly from s0    : 0
Gym endings cumulative       : terminated=8532, truncated=523

[Episode 11000/12000 | last 100]
success rate                : 41.0% (cumulative 17.2%)
failure rate                : 0.0% (cumulative 0.0%)
completed cycles / episode  : 0.000
synthetic task reward       : 4100.000
shaping reward              : 4215.337
learning reward             : 8315.337
episode length              : 427.6
abstract changes / episode  : 291.2
same abstract-state steps   : 31.9%
same-state shaping / episode: 0.000
changed-state shaping / ep. : 4215.337
terminal shaping / episode  : 24.261
DFA transitions / episode   : 2.28
DFA transitions in window   : 1->2: 70, 2->3: 60, 3->4: 57, 4->5: 41
epsilon (next episode)       : 0.11078
replay buffer                : 300000 samples [1: 42.4%, 2: 29.8%, 3: 18.2%, 4: 9.6%, 5: 0.0%]
DFA state visits in window   : 1: 16368, 2: 12937, 3: 8794, 4: 4721, 5: 41
DFA state visits cumulative  : 1: 2001693, 2: 763156, 3: 548542, 4: 257179, 5: 1887
DFA state entries in window  : 1: 100, 2: 70, 3: 60, 4: 57, 5: 41
DFA state entries cumulative : 1: 11000, 2: 4056, 3: 3059, 4: 2580, 5: 1887
transitions cumulative       : 1->2: 4056, 2->3: 3059, 3->4: 2580, 4->5: 1887
accepted directly from s0    : 0
Gym endings cumulative       : terminated=8584, truncated=530

Starting autonomous greedy evaluation at episode 11000 (1000 fixed-seed episodes)...
[Greedy evaluation at episode 11000 | 1000 fixed-seed episodes]
success=91.3%, failure=0.0%, task reward=9130.000, length=391.1
DFA transitions: 1->2: 918, 2->3: 914, 3->4: 914, 4->5: 913

[Episode 11100/12000 | last 100]
success rate                : 55.0% (cumulative 17.5%)
failure rate                : 0.0% (cumulative 0.0%)
completed cycles / episode  : 0.000
synthetic task reward       : 5500.000
shaping reward              : 5221.481
learning reward             : 10721.481
episode length              : 419.7
abstract changes / episode  : 314.3
same abstract-state steps   : 25.1%
same-state shaping / episode: 0.000
changed-state shaping / ep. : 5221.481
terminal shaping / episode  : 56.372
DFA transitions / episode   : 2.65
DFA transitions in window   : 1->2: 78, 2->3: 69, 3->4: 63, 4->5: 55
epsilon (next episode)       : 0.10858
replay buffer                : 300000 samples [1: 39.9%, 2: 30.3%, 3: 19.5%, 4: 10.3%, 5: 0.0%]
DFA state visits in window   : 1: 16934, 2: 11113, 3: 9052, 4: 4913, 5: 55
DFA state visits cumulative  : 1: 2018627, 2: 774269, 3: 557594, 4: 262092, 5: 1942
DFA state entries in window  : 1: 100, 2: 78, 3: 69, 4: 63, 5: 55
DFA state entries cumulative : 1: 11100, 2: 4134, 3: 3128, 4: 2643, 5: 1942
transitions cumulative       : 1->2: 4134, 2->3: 3128, 3->4: 2643, 4->5: 1942
accepted directly from s0    : 0
Gym endings cumulative       : terminated=8628, truncated=531

[Episode 11200/12000 | last 100]
success rate                : 58.0% (cumulative 17.9%)
failure rate                : 0.0% (cumulative 0.0%)
completed cycles / episode  : 0.000
synthetic task reward       : 5800.000
shaping reward              : 5404.646
learning reward             : 11204.646
episode length              : 461.6
abstract changes / episode  : 332.5
same abstract-state steps   : 28.0%
same-state shaping / episode: 0.000
changed-state shaping / ep. : 5404.646
terminal shaping / episode  : 59.648
DFA transitions / episode   : 2.85
DFA transitions in window   : 1->2: 87, 2->3: 77, 3->4: 63, 4->5: 58
epsilon (next episode)       : 0.10643
replay buffer                : 300000 samples [1: 38.6%, 2: 30.3%, 3: 20.5%, 4: 10.5%, 5: 0.0%]
DFA state visits in window   : 1: 19122, 2: 11953, 3: 10242, 4: 4880, 5: 58
DFA state visits cumulative  : 1: 2037749, 2: 786222, 3: 567836, 4: 266972, 5: 2000
DFA state entries in window  : 1: 100, 2: 87, 3: 77, 4: 63, 5: 58
DFA state entries cumulative : 1: 11200, 2: 4221, 3: 3205, 4: 2706, 5: 2000
transitions cumulative       : 1->2: 4221, 2->3: 3205, 3->4: 2706, 4->5: 2000
accepted directly from s0    : 0
Gym endings cumulative       : terminated=8665, truncated=536

[Episode 11300/12000 | last 100]
success rate                : 60.0% (cumulative 18.2%)
failure rate                : 0.0% (cumulative 0.0%)
completed cycles / episode  : 0.000
synthetic task reward       : 6000.000
shaping reward              : 5133.654
learning reward             : 11133.654
episode length              : 416.0
abstract changes / episode  : 297.9
same abstract-state steps   : 28.4%
same-state shaping / episode: 0.000
changed-state shaping / ep. : 5133.654
terminal shaping / episode  : 66.676
DFA transitions / episode   : 2.60
DFA transitions in window   : 1->2: 73, 2->3: 66, 3->4: 61, 4->5: 60
epsilon (next episode)       : 0.10433
replay buffer                : 300000 samples [1: 39.6%, 2: 29.7%, 3: 20.1%, 4: 10.6%, 5: 0.0%]
DFA state visits in window   : 1: 20426, 2: 10204, 3: 6331, 4: 4676, 5: 60
DFA state visits cumulative  : 1: 2058175, 2: 796426, 3: 574167, 4: 271648, 5: 2060
DFA state entries in window  : 1: 100, 2: 73, 3: 66, 4: 61, 5: 60
DFA state entries cumulative : 1: 11300, 2: 4294, 3: 3271, 4: 2767, 5: 2060
transitions cumulative       : 1->2: 4294, 2->3: 3271, 3->4: 2767, 4->5: 2060
accepted directly from s0    : 0
Gym endings cumulative       : terminated=8702, truncated=539

[Episode 11400/12000 | last 100]
success rate                : 83.0% (cumulative 18.8%)
failure rate                : 0.0% (cumulative 0.0%)
completed cycles / episode  : 0.000
synthetic task reward       : 8300.000
shaping reward              : 7317.977
learning reward             : 15617.977
episode length              : 442.4
abstract changes / episode  : 313.9
same abstract-state steps   : 29.0%
same-state shaping / episode: 0.000
changed-state shaping / ep. : 7317.977
terminal shaping / episode  : 83.945
DFA transitions / episode   : 3.55
DFA transitions in window   : 1->2: 94, 2->3: 91, 3->4: 87, 4->5: 83
epsilon (next episode)       : 0.10226
replay buffer                : 300000 samples [1: 37.8%, 2: 29.5%, 3: 20.8%, 4: 11.9%, 5: 0.0%]
DFA state visits in window   : 1: 17199, 2: 10774, 3: 9277, 4: 7004, 5: 83
DFA state visits cumulative  : 1: 2075374, 2: 807200, 3: 583444, 4: 278652, 5: 2143
DFA state entries in window  : 1: 100, 2: 94, 3: 91, 4: 87, 5: 83
DFA state entries cumulative : 1: 11400, 2: 4388, 3: 3362, 4: 2854, 5: 2143
transitions cumulative       : 1->2: 4388, 2->3: 3362, 3->4: 2854, 4->5: 2143
accepted directly from s0    : 0
Gym endings cumulative       : terminated=8716, truncated=542

[Episode 11500/12000 | last 100]
success rate                : 57.0% (cumulative 19.1%)
failure rate                : 0.0% (cumulative 0.0%)
completed cycles / episode  : 0.000
synthetic task reward       : 5700.000
shaping reward              : 6628.758
learning reward             : 12328.758
episode length              : 425.2
abstract changes / episode  : 305.1
same abstract-state steps   : 28.3%
same-state shaping / episode: 0.000
changed-state shaping / ep. : 6628.758
terminal shaping / episode  : 46.579
DFA transitions / episode   : 3.11
DFA transitions in window   : 1->2: 87, 2->3: 85, 3->4: 82, 4->5: 57
epsilon (next episode)       : 0.10024
replay buffer                : 300000 samples [1: 39.4%, 2: 27.7%, 3: 20.2%, 4: 12.7%, 5: 0.0%]
DFA state visits in window   : 1: 15785, 2: 11934, 3: 8477, 4: 6366, 5: 57
DFA state visits cumulative  : 1: 2091159, 2: 819134, 3: 591921, 4: 285018, 5: 2200
DFA state entries in window  : 1: 100, 2: 87, 3: 85, 4: 82, 5: 57
DFA state entries cumulative : 1: 11500, 2: 4475, 3: 3447, 4: 2936, 5: 2200
transitions cumulative       : 1->2: 4475, 2->3: 3447, 3->4: 2936, 4->5: 2200
accepted directly from s0    : 0
Gym endings cumulative       : terminated=8758, truncated=544

Starting autonomous greedy evaluation at episode 11500 (1000 fixed-seed episodes)...
[Greedy evaluation at episode 11500 | 1000 fixed-seed episodes]
success=0.8%, failure=0.0%, task reward=80.000, length=439.2
DFA transitions: 1->2: 974, 2->3: 974, 3->4: 973, 4->5: 8

[Episode 11600/12000 | last 100]
success rate                : 33.0% (cumulative 19.2%)
failure rate                : 0.0% (cumulative 0.0%)
completed cycles / episode  : 0.000
synthetic task reward       : 3300.000
shaping reward              : 7180.053
learning reward             : 10480.053
episode length              : 459.7
abstract changes / episode  : 325.5
same abstract-state steps   : 29.2%
same-state shaping / episode: 0.000
changed-state shaping / ep. : 7180.053
terminal shaping / episode  : 16.681
DFA transitions / episode   : 3.14
DFA transitions in window   : 1->2: 94, 2->3: 94, 3->4: 93, 4->5: 33
epsilon (next episode)       : 0.09825
replay buffer                : 300000 samples [1: 39.0%, 2: 26.4%, 3: 21.1%, 4: 13.6%, 5: 0.0%]
DFA state visits in window   : 1: 14013, 2: 11703, 3: 11509, 4: 8813, 5: 33
DFA state visits cumulative  : 1: 2105172, 2: 830837, 3: 603430, 4: 293831, 5: 2233
DFA state entries in window  : 1: 100, 2: 94, 3: 94, 4: 93, 5: 33
DFA state entries cumulative : 1: 11600, 2: 4569, 3: 3541, 4: 3029, 5: 2233
transitions cumulative       : 1->2: 4569, 2->3: 3541, 3->4: 3029, 4->5: 2233
accepted directly from s0    : 0
Gym endings cumulative       : terminated=8824, truncated=545

[Episode 11700/12000 | last 100]
success rate                : 11.0% (cumulative 19.2%)
failure rate                : 0.0% (cumulative 0.0%)
completed cycles / episode  : 0.000
synthetic task reward       : 1100.000
shaping reward              : 2606.413
learning reward             : 3706.413
episode length              : 365.0
abstract changes / episode  : 258.8
same abstract-state steps   : 29.1%
same-state shaping / episode: 0.000
changed-state shaping / ep. : 2606.413
terminal shaping / episode  : -22.786
DFA transitions / episode   : 1.94
DFA transitions in window   : 1->2: 71, 2->3: 65, 3->4: 47, 4->5: 11
epsilon (next episode)       : 0.09631
replay buffer                : 300000 samples [1: 39.3%, 2: 26.0%, 3: 21.0%, 4: 13.7%, 5: 0.0%]
DFA state visits in window   : 1: 13589, 2: 10285, 3: 8282, 4: 4431, 5: 11
DFA state visits cumulative  : 1: 2118761, 2: 841122, 3: 611712, 4: 298262, 5: 2244
DFA state entries in window  : 1: 100, 2: 71, 3: 65, 4: 47, 5: 11
DFA state entries cumulative : 1: 11700, 2: 4640, 3: 3606, 4: 3076, 5: 2244
transitions cumulative       : 1->2: 4640, 2->3: 3606, 3->4: 3076, 4->5: 2244
accepted directly from s0    : 0
Gym endings cumulative       : terminated=8912, truncated=546

[Episode 11800/12000 | last 100]
success rate                : 0.0% (cumulative 19.0%)
failure rate                : 0.0% (cumulative 0.0%)
completed cycles / episode  : 0.000
synthetic task reward       : 0.000
shaping reward              : 242.352
learning reward             : 242.352
episode length              : 291.8
abstract changes / episode  : 216.2
same abstract-state steps   : 25.9%
same-state shaping / episode: 0.000
changed-state shaping / ep. : 242.352
terminal shaping / episode  : -24.665
DFA transitions / episode   : 0.88
DFA transitions in window   : 1->2: 53, 2->3: 24, 3->4: 11
epsilon (next episode)       : 0.09440
replay buffer                : 300000 samples [1: 40.5%, 2: 26.7%, 3: 20.2%, 4: 12.6%, 5: 0.0%]
DFA state visits in window   : 1: 14977, 2: 10302, 3: 3069, 4: 933, 5: 0
DFA state visits cumulative  : 1: 2133738, 2: 851424, 3: 614781, 4: 299195, 5: 2244
DFA state entries in window  : 1: 100, 2: 53, 3: 24, 4: 11, 5: 0
DFA state entries cumulative : 1: 11800, 2: 4693, 3: 3630, 4: 3087, 5: 2244
transitions cumulative       : 1->2: 4693, 2->3: 3630, 3->4: 3087, 4->5: 2244
accepted directly from s0    : 0
Gym endings cumulative       : terminated=9011, truncated=547

[Episode 11900/12000 | last 100]
success rate                : 14.0% (cumulative 19.0%)
failure rate                : 0.0% (cumulative 0.0%)
completed cycles / episode  : 0.000
synthetic task reward       : 1400.000
shaping reward              : 1782.166
learning reward             : 3182.166
episode length              : 430.3
abstract changes / episode  : 305.9
same abstract-state steps   : 28.9%
same-state shaping / episode: 0.000
changed-state shaping / ep. : 1782.166
terminal shaping / episode  : -24.214
DFA transitions / episode   : 1.63
DFA transitions in window   : 1->2: 64, 2->3: 48, 3->4: 37, 4->5: 14
epsilon (next episode)       : 0.09253
replay buffer                : 300000 samples [1: 39.8%, 2: 27.6%, 3: 19.8%, 4: 12.8%, 5: 0.0%]
DFA state visits in window   : 1: 16882, 2: 12774, 3: 9409, 4: 4049, 5: 14
DFA state visits cumulative  : 1: 2150620, 2: 864198, 3: 624190, 4: 303244, 5: 2258
DFA state entries in window  : 1: 100, 2: 64, 3: 48, 4: 37, 5: 14
DFA state entries cumulative : 1: 11900, 2: 4757, 3: 3678, 4: 3124, 5: 2258
transitions cumulative       : 1->2: 4757, 2->3: 3678, 3->4: 3124, 4->5: 2258
accepted directly from s0    : 0
Gym endings cumulative       : terminated=9096, truncated=548

[Episode 12000/12000 | last 100]
success rate                : 13.0% (cumulative 18.9%)
failure rate                : 0.0% (cumulative 0.0%)
completed cycles / episode  : 0.000
synthetic task reward       : 1300.000
shaping reward              : 1613.162
learning reward             : 2913.162
episode length              : 468.8
abstract changes / episode  : 327.1
same abstract-state steps   : 30.2%
same-state shaping / episode: 0.000
changed-state shaping / ep. : 1613.162
terminal shaping / episode  : -10.828
DFA transitions / episode   : 1.41
DFA transitions in window   : 1->2: 62, 2->3: 40, 3->4: 26, 4->5: 13
epsilon (next episode)       : 0.09070
replay buffer                : 300000 samples [1: 41.6%, 2: 26.9%, 3: 19.5%, 4: 12.0%, 5: 0.0%]
DFA state visits in window   : 1: 28737, 2: 9777, 3: 5750, 4: 2698, 5: 13
DFA state visits cumulative  : 1: 2179357, 2: 873975, 3: 629940, 4: 305942, 5: 2271
DFA state entries in window  : 1: 100, 2: 62, 3: 40, 4: 26, 5: 13
DFA state entries cumulative : 1: 12000, 2: 4819, 3: 3718, 4: 3150, 5: 2271
transitions cumulative       : 1->2: 4819, 2->3: 3718, 3->4: 3150, 4->5: 2271
accepted directly from s0    : 0
Gym endings cumulative       : terminated=9180, truncated=551

Starting autonomous greedy evaluation at episode 12000 (1000 fixed-seed episodes)...
[Greedy evaluation at episode 12000 | 1000 fixed-seed episodes]
success=0.4%, failure=0.0%, task reward=40.000, length=514.8
DFA transitions: 1->2: 840, 2->3: 54, 3->4: 20, 4->5: 4
Last policy saved after episode 12000. Best greedy evaluation: episode 6500, mean task reward=9680.000
