
=== NEW RUN ===
episodes=10000, shaping=True, goal_reward=10000.0, gamma=0.99
gamma_shaping=1.0, shaping_formula=gamma_shaping*Phi(next)-Phi(state)
ground_unbiased_learner=True
eval_interval=500, eval_episodes=1000, eval_seed=100000
inter_level_shaping=False, inter_level_formula=gamma*Phi(next)-Phi(state)
task_type=ltlf, task=F(wp1 & X(F(g1)))
regions={wp1: {'center': [-0.75, 1.0625], 'radius': 0.1}, g1: {'center': [0.75, 1.0625], 'radius': 0.1}}
dfa_states=[1, 2, 3], pre_trace=1, accepting=[3], failure=[]

[Episode 1/10000 | last 1]
success rate                : 0.0% (cumulative 0.0%)
failure rate                : 0.0% (cumulative 0.0%)
completed cycles / episode  : 0.000
synthetic task reward       : 0.000
shaping reward              : -352.799
learning reward             : -352.799
episode length              : 123.0
abstract changes / episode  : 14.0
DFA transitions / episode   : 0.00
DFA transitions in window   : none
epsilon (next episode)       : 0.99960
replay buffer                : 123 samples [1: 100.0%, 2: 0.0%, 3: 0.0%]
DFA state visits in window   : 1: 124, 2: 0, 3: 0
DFA state visits cumulative  : 1: 124, 2: 0, 3: 0
DFA state entries in window  : 1: 1, 2: 0, 3: 0
DFA state entries cumulative : 1: 1, 2: 0, 3: 0
transitions cumulative       : none
accepted directly from s0    : 0
Gym endings cumulative       : terminated=1, truncated=0

[Episode 100/10000 | last 100]
success rate                : 0.0% (cumulative 0.0%)
failure rate                : 0.0% (cumulative 0.0%)
completed cycles / episode  : 0.000
synthetic task reward       : 0.000
shaping reward              : -387.088
learning reward             : -387.088
episode length              : 93.9
abstract changes / episode  : 12.9
DFA transitions / episode   : 0.02
DFA transitions in window   : 1->2: 2
epsilon (next episode)       : 0.96078
replay buffer                : 9389 samples [1: 99.4%, 2: 0.6%, 3: 0.0%]
DFA state visits in window   : 1: 9432, 2: 57, 3: 0
DFA state visits cumulative  : 1: 9432, 2: 57, 3: 0
DFA state entries in window  : 1: 100, 2: 2, 3: 0
DFA state entries cumulative : 1: 100, 2: 2, 3: 0
transitions cumulative       : 1->2: 2
accepted directly from s0    : 0
Gym endings cumulative       : terminated=100, truncated=0

[Episode 200/10000 | last 100]
success rate                : 0.0% (cumulative 0.0%)
failure rate                : 0.0% (cumulative 0.0%)
completed cycles / episode  : 0.000
synthetic task reward       : 0.000
shaping reward              : -379.322
learning reward             : -379.322
episode length              : 97.4
abstract changes / episode  : 12.8
DFA transitions / episode   : 0.01
DFA transitions in window   : 1->2: 1
epsilon (next episode)       : 0.92310
replay buffer                : 19125 samples [1: 99.5%, 2: 0.5%, 3: 0.0%]
DFA state visits in window   : 1: 9797, 2: 39, 3: 0
DFA state visits cumulative  : 1: 19229, 2: 96, 3: 0
DFA state entries in window  : 1: 100, 2: 1, 3: 0
DFA state entries cumulative : 1: 200, 2: 3, 3: 0
transitions cumulative       : 1->2: 3
accepted directly from s0    : 0
Gym endings cumulative       : terminated=200, truncated=0

[Episode 300/10000 | last 100]
success rate                : 0.0% (cumulative 0.0%)
failure rate                : 0.0% (cumulative 0.0%)
completed cycles / episode  : 0.000
synthetic task reward       : 0.000
shaping reward              : -362.621
learning reward             : -362.621
episode length              : 106.9
abstract changes / episode  : 13.1
DFA transitions / episode   : 0.04
DFA transitions in window   : 1->2: 4
epsilon (next episode)       : 0.88690
replay buffer                : 29819 samples [1: 99.4%, 2: 0.6%, 3: 0.0%]
DFA state visits in window   : 1: 10691, 2: 103, 3: 0
DFA state visits cumulative  : 1: 29920, 2: 199, 3: 0
DFA state entries in window  : 1: 100, 2: 4, 3: 0
DFA state entries cumulative : 1: 300, 2: 7, 3: 0
transitions cumulative       : 1->2: 7
accepted directly from s0    : 0
Gym endings cumulative       : terminated=299, truncated=1

[Episode 400/10000 | last 100]
success rate                : 0.0% (cumulative 0.0%)
failure rate                : 0.0% (cumulative 0.0%)
completed cycles / episode  : 0.000
synthetic task reward       : 0.000
shaping reward              : -344.828
learning reward             : -344.828
episode length              : 109.0
abstract changes / episode  : 12.7
DFA transitions / episode   : 0.04
DFA transitions in window   : 1->2: 4
epsilon (next episode)       : 0.85212
replay buffer                : 40714 samples [1: 99.3%, 2: 0.7%, 3: 0.0%]
DFA state visits in window   : 1: 10905, 2: 90, 3: 0
DFA state visits cumulative  : 1: 40825, 2: 289, 3: 0
DFA state entries in window  : 1: 100, 2: 4, 3: 0
DFA state entries cumulative : 1: 400, 2: 11, 3: 0
transitions cumulative       : 1->2: 11
accepted directly from s0    : 0
Gym endings cumulative       : terminated=398, truncated=2

[Episode 500/10000 | last 100]
success rate                : 0.0% (cumulative 0.0%)
failure rate                : 0.0% (cumulative 0.0%)
completed cycles / episode  : 0.000
synthetic task reward       : 0.000
shaping reward              : -353.046
learning reward             : -353.046
episode length              : 96.1
abstract changes / episode  : 12.7
DFA transitions / episode   : 0.03
DFA transitions in window   : 1->2: 3
epsilon (next episode)       : 0.81870
replay buffer                : 50326 samples [1: 99.3%, 2: 0.7%, 3: 0.0%]
DFA state visits in window   : 1: 9641, 2: 71, 3: 0
DFA state visits cumulative  : 1: 50466, 2: 360, 3: 0
DFA state entries in window  : 1: 100, 2: 3, 3: 0
DFA state entries cumulative : 1: 500, 2: 14, 3: 0
transitions cumulative       : 1->2: 14
accepted directly from s0    : 0
Gym endings cumulative       : terminated=498, truncated=2

Starting autonomous greedy evaluation at episode 500 (1000 fixed-seed episodes)...
[Greedy evaluation at episode 500 | 1000 fixed-seed episodes]
success=0.0%, failure=0.0%, task reward=0.000, length=131.7
DFA transitions: 1->2: 3
Best policy updated from autonomous greedy evaluation at episode 500.
[Unbiased greedy evaluation at episode 500 | 1000 fixed-seed episodes]
success=0.0%, failure=0.0%, task reward=0.000, length=143.4
DFA transitions: 1->2: 293
Best unbiased policy updated at episode 500.

[Episode 600/10000 | last 100]
success rate                : 0.0% (cumulative 0.0%)
failure rate                : 0.0% (cumulative 0.0%)
completed cycles / episode  : 0.000
synthetic task reward       : 0.000
shaping reward              : -352.922
learning reward             : -352.922
episode length              : 103.6
abstract changes / episode  : 13.0
DFA transitions / episode   : 0.04
DFA transitions in window   : 1->2: 4
epsilon (next episode)       : 0.78659
replay buffer                : 60688 samples [1: 99.3%, 2: 0.7%, 3: 0.0%]
DFA state visits in window   : 1: 10374, 2: 88, 3: 0
DFA state visits cumulative  : 1: 60840, 2: 448, 3: 0
DFA state entries in window  : 1: 100, 2: 4, 3: 0
DFA state entries cumulative : 1: 600, 2: 18, 3: 0
transitions cumulative       : 1->2: 18
accepted directly from s0    : 0
Gym endings cumulative       : terminated=598, truncated=2

[Episode 700/10000 | last 100]
success rate                : 0.0% (cumulative 0.0%)
failure rate                : 0.0% (cumulative 0.0%)
completed cycles / episode  : 0.000
synthetic task reward       : 0.000
shaping reward              : -376.258
learning reward             : -376.258
episode length              : 104.9
abstract changes / episode  : 13.2
DFA transitions / episode   : 0.00
DFA transitions in window   : none
epsilon (next episode)       : 0.75574
replay buffer                : 71175 samples [1: 99.4%, 2: 0.6%, 3: 0.0%]
DFA state visits in window   : 1: 10587, 2: 0, 3: 0
DFA state visits cumulative  : 1: 71427, 2: 448, 3: 0
DFA state entries in window  : 1: 100, 2: 0, 3: 0
DFA state entries cumulative : 1: 700, 2: 18, 3: 0
transitions cumulative       : 1->2: 18
accepted directly from s0    : 0
Gym endings cumulative       : terminated=698, truncated=2

[Episode 800/10000 | last 100]
success rate                : 0.0% (cumulative 0.0%)
failure rate                : 0.0% (cumulative 0.0%)
completed cycles / episode  : 0.000
synthetic task reward       : 0.000
shaping reward              : -341.746
learning reward             : -341.746
episode length              : 101.8
abstract changes / episode  : 13.2
DFA transitions / episode   : 0.04
DFA transitions in window   : 1->2: 4
epsilon (next episode)       : 0.72610
replay buffer                : 81354 samples [1: 99.4%, 2: 0.6%, 3: 0.0%]
DFA state visits in window   : 1: 10188, 2: 91, 3: 0
DFA state visits cumulative  : 1: 81615, 2: 539, 3: 0
DFA state entries in window  : 1: 100, 2: 4, 3: 0
DFA state entries cumulative : 1: 800, 2: 22, 3: 0
transitions cumulative       : 1->2: 22
accepted directly from s0    : 0
Gym endings cumulative       : terminated=798, truncated=2

[Episode 900/10000 | last 100]
success rate                : 0.0% (cumulative 0.0%)
failure rate                : 0.0% (cumulative 0.0%)
completed cycles / episode  : 0.000
synthetic task reward       : 0.000
shaping reward              : -323.801
learning reward             : -323.801
episode length              : 117.9
abstract changes / episode  : 13.4
DFA transitions / episode   : 0.06
DFA transitions in window   : 1->2: 6
epsilon (next episode)       : 0.69763
replay buffer                : 93141 samples [1: 99.3%, 2: 0.7%, 3: 0.0%]
DFA state visits in window   : 1: 11720, 2: 167, 3: 0
DFA state visits cumulative  : 1: 93335, 2: 706, 3: 0
DFA state entries in window  : 1: 100, 2: 6, 3: 0
DFA state entries cumulative : 1: 900, 2: 28, 3: 0
transitions cumulative       : 1->2: 28
accepted directly from s0    : 0
Gym endings cumulative       : terminated=897, truncated=3

[Episode 1000/10000 | last 100]
success rate                : 0.0% (cumulative 0.0%)
failure rate                : 0.0% (cumulative 0.0%)
completed cycles / episode  : 0.000
synthetic task reward       : 0.000
shaping reward              : -334.574
learning reward             : -334.574
episode length              : 112.8
abstract changes / episode  : 13.3
DFA transitions / episode   : 0.02
DFA transitions in window   : 1->2: 2
epsilon (next episode)       : 0.67027
replay buffer                : 104420 samples [1: 99.3%, 2: 0.7%, 3: 0.0%]
DFA state visits in window   : 1: 11332, 2: 47, 3: 0
DFA state visits cumulative  : 1: 104667, 2: 753, 3: 0
DFA state entries in window  : 1: 100, 2: 2, 3: 0
DFA state entries cumulative : 1: 1000, 2: 30, 3: 0
transitions cumulative       : 1->2: 30
accepted directly from s0    : 0
Gym endings cumulative       : terminated=997, truncated=3

Starting autonomous greedy evaluation at episode 1000 (1000 fixed-seed episodes)...
[Greedy evaluation at episode 1000 | 1000 fixed-seed episodes]
success=0.0%, failure=0.0%, task reward=0.000, length=149.9
DFA transitions: 1->2: 119
[Unbiased greedy evaluation at episode 1000 | 1000 fixed-seed episodes]
success=0.0%, failure=0.0%, task reward=0.000, length=123.4
DFA transitions: none
Best unbiased policy updated at episode 1000.

[Episode 1100/10000 | last 100]
success rate                : 0.0% (cumulative 0.0%)
failure rate                : 0.0% (cumulative 0.0%)
completed cycles / episode  : 0.000
synthetic task reward       : 0.000
shaping reward              : -328.662
learning reward             : -328.662
episode length              : 110.8
abstract changes / episode  : 13.4
DFA transitions / episode   : 0.01
DFA transitions in window   : 1->2: 1
epsilon (next episode)       : 0.64398
replay buffer                : 115500 samples [1: 99.3%, 2: 0.7%, 3: 0.0%]
DFA state visits in window   : 1: 11148, 2: 32, 3: 0
DFA state visits cumulative  : 1: 115815, 2: 785, 3: 0
DFA state entries in window  : 1: 100, 2: 1, 3: 0
DFA state entries cumulative : 1: 1100, 2: 31, 3: 0
transitions cumulative       : 1->2: 31
accepted directly from s0    : 0
Gym endings cumulative       : terminated=1097, truncated=3

[Episode 1200/10000 | last 100]
success rate                : 0.0% (cumulative 0.0%)
failure rate                : 0.0% (cumulative 0.0%)
completed cycles / episode  : 0.000
synthetic task reward       : 0.000
shaping reward              : -314.497
learning reward             : -314.497
episode length              : 109.9
abstract changes / episode  : 13.5
DFA transitions / episode   : 0.01
DFA transitions in window   : 1->2: 1
epsilon (next episode)       : 0.61872
replay buffer                : 126494 samples [1: 99.4%, 2: 0.6%, 3: 0.0%]
DFA state visits in window   : 1: 11068, 2: 26, 3: 0
DFA state visits cumulative  : 1: 126883, 2: 811, 3: 0
DFA state entries in window  : 1: 100, 2: 1, 3: 0
DFA state entries cumulative : 1: 1200, 2: 32, 3: 0
transitions cumulative       : 1->2: 32
accepted directly from s0    : 0
Gym endings cumulative       : terminated=1197, truncated=3

[Episode 1300/10000 | last 100]
success rate                : 0.0% (cumulative 0.0%)
failure rate                : 0.0% (cumulative 0.0%)
completed cycles / episode  : 0.000
synthetic task reward       : 0.000
shaping reward              : -341.880
learning reward             : -341.880
episode length              : 125.6
abstract changes / episode  : 14.0
DFA transitions / episode   : 0.02
DFA transitions in window   : 1->2: 2
epsilon (next episode)       : 0.59446
replay buffer                : 139055 samples [1: 99.4%, 2: 0.6%, 3: 0.0%]
DFA state visits in window   : 1: 12610, 2: 51, 3: 0
DFA state visits cumulative  : 1: 139493, 2: 862, 3: 0
DFA state entries in window  : 1: 100, 2: 2, 3: 0
DFA state entries cumulative : 1: 1300, 2: 34, 3: 0
transitions cumulative       : 1->2: 34
accepted directly from s0    : 0
Gym endings cumulative       : terminated=1297, truncated=3

[Episode 1400/10000 | last 100]
success rate                : 0.0% (cumulative 0.0%)
failure rate                : 0.0% (cumulative 0.0%)
completed cycles / episode  : 0.000
synthetic task reward       : 0.000
shaping reward              : -380.367
learning reward             : -380.367
episode length              : 124.8
abstract changes / episode  : 13.4
DFA transitions / episode   : 0.00
DFA transitions in window   : none
epsilon (next episode)       : 0.57115
replay buffer                : 151537 samples [1: 99.5%, 2: 0.5%, 3: 0.0%]
DFA state visits in window   : 1: 12582, 2: 0, 3: 0
DFA state visits cumulative  : 1: 152075, 2: 862, 3: 0
DFA state entries in window  : 1: 100, 2: 0, 3: 0
DFA state entries cumulative : 1: 1400, 2: 34, 3: 0
transitions cumulative       : 1->2: 34
accepted directly from s0    : 0
Gym endings cumulative       : terminated=1397, truncated=3

[Episode 1500/10000 | last 100]
success rate                : 0.0% (cumulative 0.0%)
failure rate                : 0.0% (cumulative 0.0%)
completed cycles / episode  : 0.000
synthetic task reward       : 0.000
shaping reward              : -392.071
learning reward             : -392.071
episode length              : 135.1
abstract changes / episode  : 13.2
DFA transitions / episode   : 0.00
DFA transitions in window   : none
epsilon (next episode)       : 0.54875
replay buffer                : 165047 samples [1: 99.5%, 2: 0.5%, 3: 0.0%]
DFA state visits in window   : 1: 13610, 2: 0, 3: 0
DFA state visits cumulative  : 1: 165685, 2: 862, 3: 0
DFA state entries in window  : 1: 100, 2: 0, 3: 0
DFA state entries cumulative : 1: 1500, 2: 34, 3: 0
transitions cumulative       : 1->2: 34
accepted directly from s0    : 0
Gym endings cumulative       : terminated=1497, truncated=3

Starting autonomous greedy evaluation at episode 1500 (1000 fixed-seed episodes)...
[Greedy evaluation at episode 1500 | 1000 fixed-seed episodes]
success=0.0%, failure=0.0%, task reward=0.000, length=260.3
DFA transitions: none
[Unbiased greedy evaluation at episode 1500 | 1000 fixed-seed episodes]
success=0.0%, failure=0.0%, task reward=0.000, length=185.4
DFA transitions: none

[Episode 1600/10000 | last 100]
success rate                : 0.0% (cumulative 0.0%)
failure rate                : 0.0% (cumulative 0.0%)
completed cycles / episode  : 0.000
synthetic task reward       : 0.000
shaping reward              : -397.399
learning reward             : -397.399
episode length              : 191.0
abstract changes / episode  : 14.4
DFA transitions / episode   : 0.00
DFA transitions in window   : none
epsilon (next episode)       : 0.52722
replay buffer                : 184146 samples [1: 99.6%, 2: 0.4%, 3: 0.0%]
DFA state visits in window   : 1: 19199, 2: 0, 3: 0
DFA state visits cumulative  : 1: 184884, 2: 862, 3: 0
DFA state entries in window  : 1: 100, 2: 0, 3: 0
DFA state entries cumulative : 1: 1600, 2: 34, 3: 0
transitions cumulative       : 1->2: 34
accepted directly from s0    : 0
Gym endings cumulative       : terminated=1594, truncated=6

[Episode 1700/10000 | last 100]
success rate                : 0.0% (cumulative 0.0%)
failure rate                : 0.0% (cumulative 0.0%)
completed cycles / episode  : 0.000
synthetic task reward       : 0.000
shaping reward              : -355.449
learning reward             : -355.449
episode length              : 174.9
abstract changes / episode  : 13.7
DFA transitions / episode   : 0.04
DFA transitions in window   : 1->2: 4
epsilon (next episode)       : 0.50655
replay buffer                : 201639 samples [1: 99.6%, 2: 0.4%, 3: 0.0%]
DFA state visits in window   : 1: 17526, 2: 67, 3: 0
DFA state visits cumulative  : 1: 202410, 2: 929, 3: 0
DFA state entries in window  : 1: 100, 2: 4, 3: 0
DFA state entries cumulative : 1: 1700, 2: 38, 3: 0
transitions cumulative       : 1->2: 38
accepted directly from s0    : 0
Gym endings cumulative       : terminated=1691, truncated=9

[Episode 1800/10000 | last 100]
success rate                : 0.0% (cumulative 0.0%)
failure rate                : 0.0% (cumulative 0.0%)
completed cycles / episode  : 0.000
synthetic task reward       : 0.000
shaping reward              : -258.454
learning reward             : -258.454
episode length              : 179.2
abstract changes / episode  : 13.4
DFA transitions / episode   : 0.11
DFA transitions in window   : 1->2: 11
epsilon (next episode)       : 0.48668
replay buffer                : 219557 samples [1: 99.5%, 2: 0.5%, 3: 0.0%]
DFA state visits in window   : 1: 17836, 2: 182, 3: 0
DFA state visits cumulative  : 1: 220246, 2: 1111, 3: 0
DFA state entries in window  : 1: 100, 2: 11, 3: 0
DFA state entries cumulative : 1: 1800, 2: 49, 3: 0
transitions cumulative       : 1->2: 49
accepted directly from s0    : 0
Gym endings cumulative       : terminated=1786, truncated=14

[Episode 1900/10000 | last 100]
success rate                : 0.0% (cumulative 0.0%)
failure rate                : 0.0% (cumulative 0.0%)
completed cycles / episode  : 0.000
synthetic task reward       : 0.000
shaping reward              : -216.761
learning reward             : -216.761
episode length              : 182.2
abstract changes / episode  : 13.4
DFA transitions / episode   : 0.09
DFA transitions in window   : 1->2: 9
epsilon (next episode)       : 0.46760
replay buffer                : 237779 samples [1: 99.4%, 2: 0.6%, 3: 0.0%]
DFA state visits in window   : 1: 17903, 2: 419, 3: 0
DFA state visits cumulative  : 1: 238149, 2: 1530, 3: 0
DFA state entries in window  : 1: 100, 2: 9, 3: 0
DFA state entries cumulative : 1: 1900, 2: 58, 3: 0
transitions cumulative       : 1->2: 58
accepted directly from s0    : 0
Gym endings cumulative       : terminated=1883, truncated=17

[Episode 2000/10000 | last 100]
success rate                : 0.0% (cumulative 0.0%)
failure rate                : 0.0% (cumulative 0.0%)
completed cycles / episode  : 0.000
synthetic task reward       : 0.000
shaping reward              : -171.378
learning reward             : -171.378
episode length              : 186.6
abstract changes / episode  : 15.2
DFA transitions / episode   : 0.15
DFA transitions in window   : 1->2: 15
epsilon (next episode)       : 0.44926
replay buffer                : 256434 samples [1: 99.1%, 2: 0.9%, 3: 0.0%]
DFA state visits in window   : 1: 18023, 2: 732, 3: 0
DFA state visits cumulative  : 1: 256172, 2: 2262, 3: 0
DFA state entries in window  : 1: 100, 2: 15, 3: 0
DFA state entries cumulative : 1: 2000, 2: 73, 3: 0
transitions cumulative       : 1->2: 73
accepted directly from s0    : 0
Gym endings cumulative       : terminated=1983, truncated=17

Starting autonomous greedy evaluation at episode 2000 (1000 fixed-seed episodes)...
[Greedy evaluation at episode 2000 | 1000 fixed-seed episodes]
success=0.0%, failure=0.0%, task reward=0.000, length=210.5
DFA transitions: 1->2: 634
[Unbiased greedy evaluation at episode 2000 | 1000 fixed-seed episodes]
success=0.0%, failure=0.0%, task reward=0.000, length=137.2
DFA transitions: none

[Episode 2100/10000 | last 100]
success rate                : 0.0% (cumulative 0.0%)
failure rate                : 0.0% (cumulative 0.0%)
completed cycles / episode  : 0.000
synthetic task reward       : 0.000
shaping reward              : -202.855
learning reward             : -202.855
episode length              : 190.7
abstract changes / episode  : 16.2
DFA transitions / episode   : 0.03
DFA transitions in window   : 1->2: 3
epsilon (next episode)       : 0.43164
replay buffer                : 275505 samples [1: 99.2%, 2: 0.8%, 3: 0.0%]
DFA state visits in window   : 1: 19059, 2: 112, 3: 0
DFA state visits cumulative  : 1: 275231, 2: 2374, 3: 0
DFA state entries in window  : 1: 100, 2: 3, 3: 0
DFA state entries cumulative : 1: 2100, 2: 76, 3: 0
transitions cumulative       : 1->2: 76
accepted directly from s0    : 0
Gym endings cumulative       : terminated=2083, truncated=17

[Episode 2200/10000 | last 100]
success rate                : 0.0% (cumulative 0.0%)
failure rate                : 0.0% (cumulative 0.0%)
completed cycles / episode  : 0.000
synthetic task reward       : 0.000
shaping reward              : -231.595
learning reward             : -231.595
episode length              : 227.0
abstract changes / episode  : 18.9
DFA transitions / episode   : 0.05
DFA transitions in window   : 1->2: 5
epsilon (next episode)       : 0.41471
replay buffer                : 298208 samples [1: 99.1%, 2: 0.9%, 3: 0.0%]
DFA state visits in window   : 1: 22381, 2: 422, 3: 0
DFA state visits cumulative  : 1: 297612, 2: 2796, 3: 0
DFA state entries in window  : 1: 100, 2: 5, 3: 0
DFA state entries cumulative : 1: 2200, 2: 81, 3: 0
transitions cumulative       : 1->2: 81
accepted directly from s0    : 0
Gym endings cumulative       : terminated=2183, truncated=17

[Episode 2300/10000 | last 100]
success rate                : 0.0% (cumulative 0.0%)
failure rate                : 0.0% (cumulative 0.0%)
completed cycles / episode  : 0.000
synthetic task reward       : 0.000
shaping reward              : -228.737
learning reward             : -228.737
episode length              : 243.0
abstract changes / episode  : 20.2
DFA transitions / episode   : 0.14
DFA transitions in window   : 1->2: 14
epsilon (next episode)       : 0.39845
replay buffer                : 300000 samples [1: 98.5%, 2: 1.5%, 3: 0.0%]
DFA state visits in window   : 1: 22590, 2: 1813, 3: 0
DFA state visits cumulative  : 1: 320202, 2: 4609, 3: 0
DFA state entries in window  : 1: 100, 2: 14, 3: 0
DFA state entries cumulative : 1: 2300, 2: 95, 3: 0
transitions cumulative       : 1->2: 95
accepted directly from s0    : 0
Gym endings cumulative       : terminated=2283, truncated=17

[Episode 2400/10000 | last 100]
success rate                : 0.0% (cumulative 0.0%)
failure rate                : 0.0% (cumulative 0.0%)
completed cycles / episode  : 0.000
synthetic task reward       : 0.000
shaping reward              : -184.454
learning reward             : -184.454
episode length              : 291.9
abstract changes / episode  : 22.7
DFA transitions / episode   : 0.15
DFA transitions in window   : 1->2: 15
epsilon (next episode)       : 0.38282
replay buffer                : 300000 samples [1: 98.1%, 2: 1.9%, 3: 0.0%]
DFA state visits in window   : 1: 27797, 2: 1493, 3: 0
DFA state visits cumulative  : 1: 347999, 2: 6102, 3: 0
DFA state entries in window  : 1: 100, 2: 15, 3: 0
DFA state entries cumulative : 1: 2400, 2: 110, 3: 0
transitions cumulative       : 1->2: 110
accepted directly from s0    : 0
Gym endings cumulative       : terminated=2382, truncated=18

[Episode 2500/10000 | last 100]
success rate                : 0.0% (cumulative 0.0%)
failure rate                : 0.0% (cumulative 0.0%)
completed cycles / episode  : 0.000
synthetic task reward       : 0.000
shaping reward              : -61.942
learning reward             : -61.942
episode length              : 293.5
abstract changes / episode  : 23.5
DFA transitions / episode   : 0.22
DFA transitions in window   : 1->2: 22
epsilon (next episode)       : 0.36781
replay buffer                : 300000 samples [1: 97.0%, 2: 3.0%, 3: 0.0%]
DFA state visits in window   : 1: 25794, 2: 3654, 3: 0
DFA state visits cumulative  : 1: 373793, 2: 9756, 3: 0
DFA state entries in window  : 1: 100, 2: 22, 3: 0
DFA state entries cumulative : 1: 2500, 2: 132, 3: 0
transitions cumulative       : 1->2: 132
accepted directly from s0    : 0
Gym endings cumulative       : terminated=2480, truncated=20

Starting autonomous greedy evaluation at episode 2500 (1000 fixed-seed episodes)...
[Greedy evaluation at episode 2500 | 1000 fixed-seed episodes]
success=31.7%, failure=0.0%, task reward=3170.000, length=477.5
DFA transitions: 1->2: 954, 2->3: 317
Best policy updated from autonomous greedy evaluation at episode 2500.
[Unbiased greedy evaluation at episode 2500 | 1000 fixed-seed episodes]
success=0.0%, failure=0.0%, task reward=0.000, length=128.2
DFA transitions: none

[Episode 2600/10000 | last 100]
success rate                : 2.0% (cumulative 0.1%)
failure rate                : 0.0% (cumulative 0.0%)
completed cycles / episode  : 0.000
synthetic task reward       : 200.000
shaping reward              : -24.030
learning reward             : 175.970
episode length              : 263.6
abstract changes / episode  : 20.6
DFA transitions / episode   : 0.23
DFA transitions in window   : 1->2: 21, 2->3: 2
epsilon (next episode)       : 0.35338
replay buffer                : 300000 samples [1: 96.0%, 2: 4.0%, 3: 0.0%]
DFA state visits in window   : 1: 23450, 2: 3003, 3: 2
DFA state visits cumulative  : 1: 397243, 2: 12759, 3: 2
DFA state entries in window  : 1: 100, 2: 21, 3: 2
DFA state entries cumulative : 1: 2600, 2: 153, 3: 2
transitions cumulative       : 1->2: 153, 2->3: 2
accepted directly from s0    : 0
Gym endings cumulative       : terminated=2575, truncated=23

[Episode 2700/10000 | last 100]
success rate                : 0.0% (cumulative 0.1%)
failure rate                : 0.0% (cumulative 0.0%)
completed cycles / episode  : 0.000
synthetic task reward       : 0.000
shaping reward              : -67.060
learning reward             : -67.060
episode length              : 250.0
abstract changes / episode  : 18.8
DFA transitions / episode   : 0.12
DFA transitions in window   : 1->2: 12
epsilon (next episode)       : 0.33952
replay buffer                : 300000 samples [1: 95.5%, 2: 4.5%, 3: 0.0%]
DFA state visits in window   : 1: 23513, 2: 1586, 3: 0
DFA state visits cumulative  : 1: 420756, 2: 14345, 3: 2
DFA state entries in window  : 1: 100, 2: 12, 3: 0
DFA state entries cumulative : 1: 2700, 2: 165, 3: 2
transitions cumulative       : 1->2: 165, 2->3: 2
accepted directly from s0    : 0
Gym endings cumulative       : terminated=2673, truncated=25

[Episode 2800/10000 | last 100]
success rate                : 2.0% (cumulative 0.1%)
failure rate                : 0.0% (cumulative 0.0%)
completed cycles / episode  : 0.000
synthetic task reward       : 200.000
shaping reward              : 76.234
learning reward             : 276.234
episode length              : 326.1
abstract changes / episode  : 24.4
DFA transitions / episode   : 0.43
DFA transitions in window   : 1->2: 41, 2->3: 2
epsilon (next episode)       : 0.32621
replay buffer                : 300000 samples [1: 93.0%, 2: 7.0%, 3: 0.0%]
DFA state visits in window   : 1: 24930, 2: 7779, 3: 2
DFA state visits cumulative  : 1: 445686, 2: 22124, 3: 4
DFA state entries in window  : 1: 100, 2: 41, 3: 2
DFA state entries cumulative : 1: 2800, 2: 206, 3: 4
transitions cumulative       : 1->2: 206, 2->3: 4
accepted directly from s0    : 0
Gym endings cumulative       : terminated=2769, truncated=27

[Episode 2900/10000 | last 100]
success rate                : 7.0% (cumulative 0.4%)
failure rate                : 0.0% (cumulative 0.0%)
completed cycles / episode  : 0.000
synthetic task reward       : 700.000
shaping reward              : 287.543
learning reward             : 987.543
episode length              : 369.7
abstract changes / episode  : 25.6
DFA transitions / episode   : 0.62
DFA transitions in window   : 1->2: 55, 2->3: 7
epsilon (next episode)       : 0.31341
replay buffer                : 300000 samples [1: 88.6%, 2: 11.4%, 3: 0.0%]
DFA state visits in window   : 1: 23803, 2: 13256, 3: 7
DFA state visits cumulative  : 1: 469489, 2: 35380, 3: 11
DFA state entries in window  : 1: 100, 2: 55, 3: 7
DFA state entries cumulative : 1: 2900, 2: 261, 3: 11
transitions cumulative       : 1->2: 261, 2->3: 11
accepted directly from s0    : 0
Gym endings cumulative       : terminated=2853, truncated=36

[Episode 3000/10000 | last 100]
success rate                : 12.0% (cumulative 0.8%)
failure rate                : 0.0% (cumulative 0.0%)
completed cycles / episode  : 0.000
synthetic task reward       : 1200.000
shaping reward              : 401.871
learning reward             : 1601.871
episode length              : 336.4
abstract changes / episode  : 26.0
DFA transitions / episode   : 0.76
DFA transitions in window   : 1->2: 64, 2->3: 12
epsilon (next episode)       : 0.30112
replay buffer                : 300000 samples [1: 85.6%, 2: 14.4%, 3: 0.0%]
DFA state visits in window   : 1: 24314, 2: 9409, 3: 12
DFA state visits cumulative  : 1: 493803, 2: 44789, 3: 23
DFA state entries in window  : 1: 100, 2: 64, 3: 12
DFA state entries cumulative : 1: 3000, 2: 325, 3: 23
transitions cumulative       : 1->2: 325, 2->3: 23
accepted directly from s0    : 0
Gym endings cumulative       : terminated=2940, truncated=37

Starting autonomous greedy evaluation at episode 3000 (1000 fixed-seed episodes)...
[Greedy evaluation at episode 3000 | 1000 fixed-seed episodes]
success=0.1%, failure=0.0%, task reward=10.000, length=299.5
DFA transitions: 1->2: 886, 2->3: 1
[Unbiased greedy evaluation at episode 3000 | 1000 fixed-seed episodes]
success=0.1%, failure=0.0%, task reward=10.000, length=333.8
DFA transitions: 1->2: 9, 2->3: 1
Best unbiased policy updated at episode 3000.

[Episode 3100/10000 | last 100]
success rate                : 15.0% (cumulative 1.2%)
failure rate                : 0.0% (cumulative 0.0%)
completed cycles / episode  : 0.000
synthetic task reward       : 1500.000
shaping reward              : 481.078
learning reward             : 1981.078
episode length              : 343.1
abstract changes / episode  : 29.2
DFA transitions / episode   : 0.83
DFA transitions in window   : 1->2: 68, 2->3: 15
epsilon (next episode)       : 0.28931
replay buffer                : 300000 samples [1: 82.8%, 2: 17.2%, 3: 0.0%]
DFA state visits in window   : 1: 25017, 2: 9383, 3: 15
DFA state visits cumulative  : 1: 518820, 2: 54172, 3: 38
DFA state entries in window  : 1: 100, 2: 68, 3: 15
DFA state entries cumulative : 1: 3100, 2: 393, 3: 38
transitions cumulative       : 1->2: 393, 2->3: 38
accepted directly from s0    : 0
Gym endings cumulative       : terminated=3025, truncated=37

[Episode 3200/10000 | last 100]
success rate                : 8.0% (cumulative 1.4%)
failure rate                : 0.0% (cumulative 0.0%)
completed cycles / episode  : 0.000
synthetic task reward       : 800.000
shaping reward              : 493.449
learning reward             : 1293.449
episode length              : 323.4
abstract changes / episode  : 27.4
DFA transitions / episode   : 0.76
DFA transitions in window   : 1->2: 68, 2->3: 8
epsilon (next episode)       : 0.27797
replay buffer                : 300000 samples [1: 79.9%, 2: 20.1%, 3: 0.0%]
DFA state visits in window   : 1: 22888, 2: 9549, 3: 8
DFA state visits cumulative  : 1: 541708, 2: 63721, 3: 46
DFA state entries in window  : 1: 100, 2: 68, 3: 8
DFA state entries cumulative : 1: 3200, 2: 461, 3: 46
transitions cumulative       : 1->2: 461, 2->3: 46
accepted directly from s0    : 0
Gym endings cumulative       : terminated=3117, truncated=37

[Episode 3300/10000 | last 100]
success rate                : 15.0% (cumulative 1.8%)
failure rate                : 0.0% (cumulative 0.0%)
completed cycles / episode  : 0.000
synthetic task reward       : 1500.000
shaping reward              : 515.156
learning reward             : 2015.156
episode length              : 329.2
abstract changes / episode  : 27.2
DFA transitions / episode   : 0.84
DFA transitions in window   : 1->2: 69, 2->3: 15
epsilon (next episode)       : 0.26706
replay buffer                : 300000 samples [1: 77.3%, 2: 22.7%, 3: 0.0%]
DFA state visits in window   : 1: 23094, 2: 9914, 3: 15
DFA state visits cumulative  : 1: 564802, 2: 73635, 3: 61
DFA state entries in window  : 1: 100, 2: 69, 3: 15
DFA state entries cumulative : 1: 3300, 2: 530, 3: 61
transitions cumulative       : 1->2: 530, 2->3: 61
accepted directly from s0    : 0
Gym endings cumulative       : terminated=3202, truncated=37

[Episode 3400/10000 | last 100]
success rate                : 22.0% (cumulative 2.4%)
failure rate                : 0.0% (cumulative 0.0%)
completed cycles / episode  : 0.000
synthetic task reward       : 2200.000
shaping reward              : 494.002
learning reward             : 2694.002
episode length              : 305.9
abstract changes / episode  : 25.7
DFA transitions / episode   : 0.92
DFA transitions in window   : 1->2: 70, 2->3: 22
epsilon (next episode)       : 0.25659
replay buffer                : 300000 samples [1: 75.1%, 2: 24.9%, 3: 0.0%]
DFA state visits in window   : 1: 21526, 2: 9142, 3: 22
DFA state visits cumulative  : 1: 586328, 2: 82777, 3: 83
DFA state entries in window  : 1: 100, 2: 70, 3: 22
DFA state entries cumulative : 1: 3400, 2: 600, 3: 83
transitions cumulative       : 1->2: 600, 2->3: 83
accepted directly from s0    : 0
Gym endings cumulative       : terminated=3279, truncated=38

[Episode 3500/10000 | last 100]
success rate                : 20.0% (cumulative 2.9%)
failure rate                : 0.0% (cumulative 0.0%)
completed cycles / episode  : 0.000
synthetic task reward       : 2000.000
shaping reward              : 469.811
learning reward             : 2469.811
episode length              : 282.1
abstract changes / episode  : 24.9
DFA transitions / episode   : 0.91
DFA transitions in window   : 1->2: 71, 2->3: 20
epsilon (next episode)       : 0.24653
replay buffer                : 300000 samples [1: 73.2%, 2: 26.8%, 3: 0.0%]
DFA state visits in window   : 1: 19103, 2: 9187, 3: 20
DFA state visits cumulative  : 1: 605431, 2: 91964, 3: 103
DFA state entries in window  : 1: 100, 2: 71, 3: 20
DFA state entries cumulative : 1: 3500, 2: 671, 3: 103
transitions cumulative       : 1->2: 671, 2->3: 103
accepted directly from s0    : 0
Gym endings cumulative       : terminated=3359, truncated=38

Starting autonomous greedy evaluation at episode 3500 (1000 fixed-seed episodes)...
[Greedy evaluation at episode 3500 | 1000 fixed-seed episodes]
success=1.5%, failure=0.0%, task reward=150.000, length=277.9
DFA transitions: 1->2: 968, 2->3: 15
[Unbiased greedy evaluation at episode 3500 | 1000 fixed-seed episodes]
success=3.2%, failure=0.0%, task reward=320.000, length=330.1
DFA transitions: 1->2: 260, 2->3: 32
Best unbiased policy updated at episode 3500.

[Episode 3600/10000 | last 100]
success rate                : 31.0% (cumulative 3.7%)
failure rate                : 0.0% (cumulative 0.0%)
completed cycles / episode  : 0.000
synthetic task reward       : 3100.000
shaping reward              : 529.720
learning reward             : 3629.720
episode length              : 271.4
abstract changes / episode  : 24.0
DFA transitions / episode   : 1.06
DFA transitions in window   : 1->2: 75, 2->3: 31
epsilon (next episode)       : 0.23686
replay buffer                : 300000 samples [1: 71.0%, 2: 29.0%, 3: 0.0%]
DFA state visits in window   : 1: 17960, 2: 9254, 3: 31
DFA state visits cumulative  : 1: 623391, 2: 101218, 3: 134
DFA state entries in window  : 1: 100, 2: 75, 3: 31
DFA state entries cumulative : 1: 3600, 2: 746, 3: 134
transitions cumulative       : 1->2: 746, 2->3: 134
accepted directly from s0    : 0
Gym endings cumulative       : terminated=3428, truncated=38

[Episode 3700/10000 | last 100]
success rate                : 36.0% (cumulative 4.6%)
failure rate                : 0.0% (cumulative 0.0%)
completed cycles / episode  : 0.000
synthetic task reward       : 3600.000
shaping reward              : 626.487
learning reward             : 4226.487
episode length              : 289.7
abstract changes / episode  : 25.9
DFA transitions / episode   : 1.17
DFA transitions in window   : 1->2: 81, 2->3: 36
epsilon (next episode)       : 0.22757
replay buffer                : 300000 samples [1: 69.0%, 2: 31.0%, 3: 0.0%]
DFA state visits in window   : 1: 18762, 2: 10276, 3: 36
DFA state visits cumulative  : 1: 642153, 2: 111494, 3: 170
DFA state entries in window  : 1: 100, 2: 81, 3: 36
DFA state entries cumulative : 1: 3700, 2: 827, 3: 170
transitions cumulative       : 1->2: 827, 2->3: 170
accepted directly from s0    : 0
Gym endings cumulative       : terminated=3492, truncated=38

[Episode 3800/10000 | last 100]
success rate                : 31.0% (cumulative 5.3%)
failure rate                : 0.0% (cumulative 0.0%)
completed cycles / episode  : 0.000
synthetic task reward       : 3100.000
shaping reward              : 601.843
learning reward             : 3701.843
episode length              : 277.7
abstract changes / episode  : 25.0
DFA transitions / episode   : 1.10
DFA transitions in window   : 1->2: 79, 2->3: 31
epsilon (next episode)       : 0.21865
replay buffer                : 300000 samples [1: 68.7%, 2: 31.3%, 3: 0.0%]
DFA state visits in window   : 1: 17572, 2: 10265, 3: 31
DFA state visits cumulative  : 1: 659725, 2: 121759, 3: 201
DFA state entries in window  : 1: 100, 2: 79, 3: 31
DFA state entries cumulative : 1: 3800, 2: 906, 3: 201
transitions cumulative       : 1->2: 906, 2->3: 201
accepted directly from s0    : 0
Gym endings cumulative       : terminated=3560, truncated=39

[Episode 3900/10000 | last 100]
success rate                : 36.0% (cumulative 6.1%)
failure rate                : 0.0% (cumulative 0.0%)
completed cycles / episode  : 0.000
synthetic task reward       : 3600.000
shaping reward              : 541.472
learning reward             : 4141.472
episode length              : 286.9
abstract changes / episode  : 25.6
DFA transitions / episode   : 1.09
DFA transitions in window   : 1->2: 73, 2->3: 36
epsilon (next episode)       : 0.21007
replay buffer                : 300000 samples [1: 68.6%, 2: 31.4%, 3: 0.0%]
DFA state visits in window   : 1: 18995, 2: 9760, 3: 36
DFA state visits cumulative  : 1: 678720, 2: 131519, 3: 237
DFA state entries in window  : 1: 100, 2: 73, 3: 36
DFA state entries cumulative : 1: 3900, 2: 979, 3: 237
transitions cumulative       : 1->2: 979, 2->3: 237
accepted directly from s0    : 0
Gym endings cumulative       : terminated=3624, truncated=39

[Episode 4000/10000 | last 100]
success rate                : 32.0% (cumulative 6.7%)
failure rate                : 0.0% (cumulative 0.0%)
completed cycles / episode  : 0.000
synthetic task reward       : 3200.000
shaping reward              : 555.671
learning reward             : 3755.671
episode length              : 257.1
abstract changes / episode  : 22.8
DFA transitions / episode   : 1.07
DFA transitions in window   : 1->2: 75, 2->3: 32
epsilon (next episode)       : 0.20183
replay buffer                : 300000 samples [1: 67.6%, 2: 32.4%, 3: 0.0%]
DFA state visits in window   : 1: 16085, 2: 9689, 3: 32
DFA state visits cumulative  : 1: 694805, 2: 141208, 3: 269
DFA state entries in window  : 1: 100, 2: 75, 3: 32
DFA state entries cumulative : 1: 4000, 2: 1054, 3: 269
transitions cumulative       : 1->2: 1054, 2->3: 269
accepted directly from s0    : 0
Gym endings cumulative       : terminated=3692, truncated=39

Starting autonomous greedy evaluation at episode 4000 (1000 fixed-seed episodes)...
[Greedy evaluation at episode 4000 | 1000 fixed-seed episodes]
success=75.1%, failure=0.0%, task reward=7510.000, length=345.2
DFA transitions: 1->2: 774, 2->3: 751
Best policy updated from autonomous greedy evaluation at episode 4000.
[Unbiased greedy evaluation at episode 4000 | 1000 fixed-seed episodes]
success=0.0%, failure=0.0%, task reward=0.000, length=808.1
DFA transitions: 1->2: 1

[Episode 4100/10000 | last 100]
success rate                : 45.0% (cumulative 7.7%)
failure rate                : 0.0% (cumulative 0.0%)
completed cycles / episode  : 0.000
synthetic task reward       : 4500.000
shaping reward              : 592.814
learning reward             : 5092.814
episode length              : 293.9
abstract changes / episode  : 23.4
DFA transitions / episode   : 1.17
DFA transitions in window   : 1->2: 72, 2->3: 45
epsilon (next episode)       : 0.19392
replay buffer                : 300000 samples [1: 67.0%, 2: 33.0%, 3: 0.0%]
DFA state visits in window   : 1: 19992, 2: 9454, 3: 45
DFA state visits cumulative  : 1: 714797, 2: 150662, 3: 314
DFA state entries in window  : 1: 100, 2: 72, 3: 45
DFA state entries cumulative : 1: 4100, 2: 1126, 3: 314
transitions cumulative       : 1->2: 1126, 2->3: 314
accepted directly from s0    : 0
Gym endings cumulative       : terminated=3745, truncated=41

[Episode 4200/10000 | last 100]
success rate                : 51.0% (cumulative 8.7%)
failure rate                : 0.0% (cumulative 0.0%)
completed cycles / episode  : 0.000
synthetic task reward       : 5100.000
shaping reward              : 658.849
learning reward             : 5758.849
episode length              : 318.0
abstract changes / episode  : 27.1
DFA transitions / episode   : 1.31
DFA transitions in window   : 1->2: 80, 2->3: 51
epsilon (next episode)       : 0.18631
replay buffer                : 300000 samples [1: 67.0%, 2: 33.0%, 3: 0.0%]
DFA state visits in window   : 1: 22252, 2: 9601, 3: 51
DFA state visits cumulative  : 1: 737049, 2: 160263, 3: 365
DFA state entries in window  : 1: 100, 2: 80, 3: 51
DFA state entries cumulative : 1: 4200, 2: 1206, 3: 365
transitions cumulative       : 1->2: 1206, 2->3: 365
accepted directly from s0    : 0
Gym endings cumulative       : terminated=3794, truncated=41

[Episode 4300/10000 | last 100]
success rate                : 65.0% (cumulative 10.0%)
failure rate                : 0.0% (cumulative 0.0%)
completed cycles / episode  : 0.000
synthetic task reward       : 6500.000
shaping reward              : 824.869
learning reward             : 7324.869
episode length              : 295.1
abstract changes / episode  : 25.6
DFA transitions / episode   : 1.57
DFA transitions in window   : 1->2: 92, 2->3: 65
epsilon (next episode)       : 0.17900
replay buffer                : 300000 samples [1: 65.6%, 2: 34.4%, 3: 0.0%]
DFA state visits in window   : 1: 16646, 2: 12897, 3: 65
DFA state visits cumulative  : 1: 753695, 2: 173160, 3: 430
DFA state entries in window  : 1: 100, 2: 92, 3: 65
DFA state entries cumulative : 1: 4300, 2: 1298, 3: 430
transitions cumulative       : 1->2: 1298, 2->3: 430
accepted directly from s0    : 0
Gym endings cumulative       : terminated=3829, truncated=41

[Episode 4400/10000 | last 100]
success rate                : 56.0% (cumulative 11.0%)
failure rate                : 0.0% (cumulative 0.0%)
completed cycles / episode  : 0.000
synthetic task reward       : 5600.000
shaping reward              : 600.898
learning reward             : 6200.898
episode length              : 281.2
abstract changes / episode  : 25.1
DFA transitions / episode   : 1.29
DFA transitions in window   : 1->2: 73, 2->3: 56
epsilon (next episode)       : 0.17198
replay buffer                : 300000 samples [1: 65.0%, 2: 35.0%, 3: 0.0%]
DFA state visits in window   : 1: 17656, 2: 10508, 3: 56
DFA state visits cumulative  : 1: 771351, 2: 183668, 3: 486
DFA state entries in window  : 1: 100, 2: 73, 3: 56
DFA state entries cumulative : 1: 4400, 2: 1371, 3: 486
transitions cumulative       : 1->2: 1371, 2->3: 486
accepted directly from s0    : 0
Gym endings cumulative       : terminated=3873, truncated=41

[Episode 4500/10000 | last 100]
success rate                : 45.0% (cumulative 11.8%)
failure rate                : 0.0% (cumulative 0.0%)
completed cycles / episode  : 0.000
synthetic task reward       : 4500.000
shaping reward              : 542.991
learning reward             : 5042.991
episode length              : 262.9
abstract changes / episode  : 23.8
DFA transitions / episode   : 1.16
DFA transitions in window   : 1->2: 71, 2->3: 45
epsilon (next episode)       : 0.16524
replay buffer                : 300000 samples [1: 64.5%, 2: 35.5%, 3: 0.0%]
DFA state visits in window   : 1: 16708, 2: 9641, 3: 45
DFA state visits cumulative  : 1: 788059, 2: 193309, 3: 531
DFA state entries in window  : 1: 100, 2: 71, 3: 45
DFA state entries cumulative : 1: 4500, 2: 1442, 3: 531
transitions cumulative       : 1->2: 1442, 2->3: 531
accepted directly from s0    : 0
Gym endings cumulative       : terminated=3928, truncated=41

Starting autonomous greedy evaluation at episode 4500 (1000 fixed-seed episodes)...
[Greedy evaluation at episode 4500 | 1000 fixed-seed episodes]
success=25.8%, failure=0.0%, task reward=2580.000, length=176.8
DFA transitions: 1->2: 272, 2->3: 258
[Unbiased greedy evaluation at episode 4500 | 1000 fixed-seed episodes]
success=0.0%, failure=0.0%, task reward=0.000, length=126.7
DFA transitions: 1->2: 11

[Episode 4600/10000 | last 100]
success rate                : 56.0% (cumulative 12.8%)
failure rate                : 0.0% (cumulative 0.0%)
completed cycles / episode  : 0.000
synthetic task reward       : 5600.000
shaping reward              : 576.681
learning reward             : 6176.681
episode length              : 262.5
abstract changes / episode  : 22.5
DFA transitions / episode   : 1.25
DFA transitions in window   : 1->2: 69, 2->3: 56
epsilon (next episode)       : 0.15876
replay buffer                : 300000 samples [1: 64.3%, 2: 35.7%, 3: 0.0%]
DFA state visits in window   : 1: 17048, 2: 9245, 3: 56
DFA state visits cumulative  : 1: 805107, 2: 202554, 3: 587
DFA state entries in window  : 1: 100, 2: 69, 3: 56
DFA state entries cumulative : 1: 4600, 2: 1511, 3: 587
transitions cumulative       : 1->2: 1511, 2->3: 587
accepted directly from s0    : 0
Gym endings cumulative       : terminated=3972, truncated=41

[Episode 4700/10000 | last 100]
success rate                : 55.0% (cumulative 13.7%)
failure rate                : 0.0% (cumulative 0.0%)
completed cycles / episode  : 0.000
synthetic task reward       : 5500.000
shaping reward              : 649.643
learning reward             : 6149.643
episode length              : 249.2
abstract changes / episode  : 21.6
DFA transitions / episode   : 1.31
DFA transitions in window   : 1->2: 76, 2->3: 55
epsilon (next episode)       : 0.15253
replay buffer                : 300000 samples [1: 64.1%, 2: 35.9%, 3: 0.0%]
DFA state visits in window   : 1: 15756, 2: 9204, 3: 55
DFA state visits cumulative  : 1: 820863, 2: 211758, 3: 642
DFA state entries in window  : 1: 100, 2: 76, 3: 55
DFA state entries cumulative : 1: 4700, 2: 1587, 3: 642
transitions cumulative       : 1->2: 1587, 2->3: 642
accepted directly from s0    : 0
Gym endings cumulative       : terminated=4017, truncated=41

[Episode 4800/10000 | last 100]
success rate                : 64.0% (cumulative 14.7%)
failure rate                : 0.0% (cumulative 0.0%)
completed cycles / episode  : 0.000
synthetic task reward       : 6400.000
shaping reward              : 720.969
learning reward             : 7120.969
episode length              : 294.1
abstract changes / episode  : 26.0
DFA transitions / episode   : 1.45
DFA transitions in window   : 1->2: 81, 2->3: 64
epsilon (next episode)       : 0.14655
replay buffer                : 300000 samples [1: 63.6%, 2: 36.4%, 3: 0.0%]
DFA state visits in window   : 1: 17516, 2: 11929, 3: 64
DFA state visits cumulative  : 1: 838379, 2: 223687, 3: 706
DFA state entries in window  : 1: 100, 2: 81, 3: 64
DFA state entries cumulative : 1: 4800, 2: 1668, 3: 706
transitions cumulative       : 1->2: 1668, 2->3: 706
accepted directly from s0    : 0
Gym endings cumulative       : terminated=4052, truncated=42

[Episode 4900/10000 | last 100]
success rate                : 64.0% (cumulative 15.7%)
failure rate                : 0.0% (cumulative 0.0%)
completed cycles / episode  : 0.000
synthetic task reward       : 6400.000
shaping reward              : 750.386
learning reward             : 7150.386
episode length              : 269.3
abstract changes / episode  : 22.9
DFA transitions / episode   : 1.46
DFA transitions in window   : 1->2: 82, 2->3: 64
epsilon (next episode)       : 0.14080
replay buffer                : 300000 samples [1: 63.4%, 2: 36.6%, 3: 0.0%]
DFA state visits in window   : 1: 16550, 2: 10418, 3: 64
DFA state visits cumulative  : 1: 854929, 2: 234105, 3: 770
DFA state entries in window  : 1: 100, 2: 82, 3: 64
DFA state entries cumulative : 1: 4900, 2: 1750, 3: 770
transitions cumulative       : 1->2: 1750, 2->3: 770
accepted directly from s0    : 0
Gym endings cumulative       : terminated=4088, truncated=42

[Episode 5000/10000 | last 100]
success rate                : 66.0% (cumulative 16.7%)
failure rate                : 0.0% (cumulative 0.0%)
completed cycles / episode  : 0.000
synthetic task reward       : 6600.000
shaping reward              : 679.177
learning reward             : 7279.177
episode length              : 275.6
abstract changes / episode  : 23.3
DFA transitions / episode   : 1.45
DFA transitions in window   : 1->2: 79, 2->3: 66
epsilon (next episode)       : 0.13528
replay buffer                : 300000 samples [1: 63.1%, 2: 36.9%, 3: 0.0%]
DFA state visits in window   : 1: 17218, 2: 10381, 3: 66
DFA state visits cumulative  : 1: 872147, 2: 244486, 3: 836
DFA state entries in window  : 1: 100, 2: 79, 3: 66
DFA state entries cumulative : 1: 5000, 2: 1829, 3: 836
transitions cumulative       : 1->2: 1829, 2->3: 836
accepted directly from s0    : 0
Gym endings cumulative       : terminated=4122, truncated=42

Starting autonomous greedy evaluation at episode 5000 (1000 fixed-seed episodes)...
[Greedy evaluation at episode 5000 | 1000 fixed-seed episodes]
success=86.8%, failure=0.0%, task reward=8680.000, length=287.6
DFA transitions: 1->2: 897, 2->3: 868
Best policy updated from autonomous greedy evaluation at episode 5000.
[Unbiased greedy evaluation at episode 5000 | 1000 fixed-seed episodes]
success=0.0%, failure=0.0%, task reward=0.000, length=278.1
DFA transitions: 1->2: 571

[Episode 5100/10000 | last 100]
success rate                : 67.0% (cumulative 17.7%)
failure rate                : 0.0% (cumulative 0.0%)
completed cycles / episode  : 0.000
synthetic task reward       : 6700.000
shaping reward              : 671.331
learning reward             : 7371.331
episode length              : 317.2
abstract changes / episode  : 24.8
DFA transitions / episode   : 1.43
DFA transitions in window   : 1->2: 76, 2->3: 67
epsilon (next episode)       : 0.12998
replay buffer                : 300000 samples [1: 64.1%, 2: 35.9%, 3: 0.0%]
DFA state visits in window   : 1: 22385, 2: 9367, 3: 67
DFA state visits cumulative  : 1: 894532, 2: 253853, 3: 903
DFA state entries in window  : 1: 100, 2: 76, 3: 67
DFA state entries cumulative : 1: 5100, 2: 1905, 3: 903
transitions cumulative       : 1->2: 1905, 2->3: 903
accepted directly from s0    : 0
Gym endings cumulative       : terminated=4155, truncated=42

[Episode 5200/10000 | last 100]
success rate                : 59.0% (cumulative 18.5%)
failure rate                : 0.0% (cumulative 0.0%)
completed cycles / episode  : 0.000
synthetic task reward       : 5900.000
shaping reward              : 621.998
learning reward             : 6521.998
episode length              : 266.5
abstract changes / episode  : 22.1
DFA transitions / episode   : 1.33
DFA transitions in window   : 1->2: 74, 2->3: 59
epsilon (next episode)       : 0.12488
replay buffer                : 300000 samples [1: 63.5%, 2: 36.5%, 3: 0.0%]
DFA state visits in window   : 1: 17417, 2: 9271, 3: 59
DFA state visits cumulative  : 1: 911949, 2: 263124, 3: 962
DFA state entries in window  : 1: 100, 2: 74, 3: 59
DFA state entries cumulative : 1: 5200, 2: 1979, 3: 962
transitions cumulative       : 1->2: 1979, 2->3: 962
accepted directly from s0    : 0
Gym endings cumulative       : terminated=4196, truncated=42

[Episode 5300/10000 | last 100]
success rate                : 52.0% (cumulative 19.1%)
failure rate                : 0.0% (cumulative 0.0%)
completed cycles / episode  : 0.000
synthetic task reward       : 5200.000
shaping reward              : 572.540
learning reward             : 5772.540
episode length              : 299.2
abstract changes / episode  : 24.7
DFA transitions / episode   : 1.25
DFA transitions in window   : 1->2: 73, 2->3: 52
epsilon (next episode)       : 0.11998
replay buffer                : 300000 samples [1: 63.9%, 2: 36.1%, 3: 0.0%]
DFA state visits in window   : 1: 21094, 2: 8871, 3: 52
DFA state visits cumulative  : 1: 933043, 2: 271995, 3: 1014
DFA state entries in window  : 1: 100, 2: 73, 3: 52
DFA state entries cumulative : 1: 5300, 2: 2052, 3: 1014
transitions cumulative       : 1->2: 2052, 2->3: 1014
accepted directly from s0    : 0
Gym endings cumulative       : terminated=4244, truncated=42

[Episode 5400/10000 | last 100]
success rate                : 64.0% (cumulative 20.0%)
failure rate                : 0.0% (cumulative 0.0%)
completed cycles / episode  : 0.000
synthetic task reward       : 6400.000
shaping reward              : 691.518
learning reward             : 7091.518
episode length              : 298.5
abstract changes / episode  : 24.2
DFA transitions / episode   : 1.47
DFA transitions in window   : 1->2: 83, 2->3: 64
epsilon (next episode)       : 0.11528
replay buffer                : 300000 samples [1: 64.3%, 2: 35.7%, 3: 0.0%]
DFA state visits in window   : 1: 18730, 2: 11152, 3: 64
DFA state visits cumulative  : 1: 951773, 2: 283147, 3: 1078
DFA state entries in window  : 1: 100, 2: 83, 3: 64
DFA state entries cumulative : 1: 5400, 2: 2135, 3: 1078
transitions cumulative       : 1->2: 2135, 2->3: 1078
accepted directly from s0    : 0
Gym endings cumulative       : terminated=4280, truncated=42

[Episode 5500/10000 | last 100]
success rate                : 42.0% (cumulative 20.4%)
failure rate                : 0.0% (cumulative 0.0%)
completed cycles / episode  : 0.000
synthetic task reward       : 4200.000
shaping reward              : 282.987
learning reward             : 4482.987
episode length              : 232.3
abstract changes / episode  : 17.1
DFA transitions / episode   : 0.93
DFA transitions in window   : 1->2: 51, 2->3: 42
epsilon (next episode)       : 0.11075
replay buffer                : 300000 samples [1: 65.1%, 2: 34.9%, 3: 0.0%]
DFA state visits in window   : 1: 16991, 2: 6297, 3: 42
DFA state visits cumulative  : 1: 968764, 2: 289444, 3: 1120
DFA state entries in window  : 1: 100, 2: 51, 3: 42
DFA state entries cumulative : 1: 5500, 2: 2186, 3: 1120
transitions cumulative       : 1->2: 2186, 2->3: 1120
accepted directly from s0    : 0
Gym endings cumulative       : terminated=4338, truncated=42

Starting autonomous greedy evaluation at episode 5500 (1000 fixed-seed episodes)...
[Greedy evaluation at episode 5500 | 1000 fixed-seed episodes]
success=22.0%, failure=0.0%, task reward=2200.000, length=170.8
DFA transitions: 1->2: 264, 2->3: 220
[Unbiased greedy evaluation at episode 5500 | 1000 fixed-seed episodes]
success=0.0%, failure=0.0%, task reward=0.000, length=901.1
DFA transitions: 1->2: 832

[Episode 5600/10000 | last 100]
success rate                : 19.0% (cumulative 20.3%)
failure rate                : 0.0% (cumulative 0.0%)
completed cycles / episode  : 0.000
synthetic task reward       : 1900.000
shaping reward              : -114.372
learning reward             : 1785.628
episode length              : 213.0
abstract changes / episode  : 18.8
DFA transitions / episode   : 0.42
DFA transitions in window   : 1->2: 23, 2->3: 19
epsilon (next episode)       : 0.10641
replay buffer                : 300000 samples [1: 66.9%, 2: 33.1%, 3: 0.0%]
DFA state visits in window   : 1: 18901, 2: 2480, 3: 19
DFA state visits cumulative  : 1: 987665, 2: 291924, 3: 1139
DFA state entries in window  : 1: 100, 2: 23, 3: 19
DFA state entries cumulative : 1: 5600, 2: 2209, 3: 1139
transitions cumulative       : 1->2: 2209, 2->3: 1139
accepted directly from s0    : 0
Gym endings cumulative       : terminated=4419, truncated=42

[Episode 5700/10000 | last 100]
success rate                : 8.0% (cumulative 20.1%)
failure rate                : 0.0% (cumulative 0.0%)
completed cycles / episode  : 0.000
synthetic task reward       : 800.000
shaping reward              : -50.553
learning reward             : 749.447
episode length              : 240.9
abstract changes / episode  : 14.3
DFA transitions / episode   : 0.20
DFA transitions in window   : 1->2: 12, 2->3: 8
epsilon (next episode)       : 0.10224
replay buffer                : 300000 samples [1: 69.3%, 2: 30.7%, 3: 0.0%]
DFA state visits in window   : 1: 22885, 2: 1294, 3: 8
DFA state visits cumulative  : 1: 1010550, 2: 293218, 3: 1147
DFA state entries in window  : 1: 100, 2: 12, 3: 8
DFA state entries cumulative : 1: 5700, 2: 2221, 3: 1147
transitions cumulative       : 1->2: 2221, 2->3: 1147
accepted directly from s0    : 0
Gym endings cumulative       : terminated=4511, truncated=42

[Episode 5800/10000 | last 100]
success rate                : 21.0% (cumulative 20.1%)
failure rate                : 0.0% (cumulative 0.0%)
completed cycles / episode  : 0.000
synthetic task reward       : 2100.000
shaping reward              : 1.803
learning reward             : 2101.803
episode length              : 362.0
abstract changes / episode  : 19.0
DFA transitions / episode   : 0.44
DFA transitions in window   : 1->2: 23, 2->3: 21
epsilon (next episode)       : 0.09823
replay buffer                : 300000 samples [1: 72.5%, 2: 27.5%, 3: 0.0%]
DFA state visits in window   : 1: 33425, 2: 2857, 3: 21
DFA state visits cumulative  : 1: 1043975, 2: 296075, 3: 1168
DFA state entries in window  : 1: 100, 2: 23, 3: 21
DFA state entries cumulative : 1: 5800, 2: 2244, 3: 1168
transitions cumulative       : 1->2: 2244, 2->3: 1168
accepted directly from s0    : 0
Gym endings cumulative       : terminated=4589, truncated=43

[Episode 5900/10000 | last 100]
success rate                : 67.0% (cumulative 20.9%)
failure rate                : 0.0% (cumulative 0.0%)
completed cycles / episode  : 0.000
synthetic task reward       : 6700.000
shaping reward              : 676.117
learning reward             : 7376.117
episode length              : 287.4
abstract changes / episode  : 23.4
DFA transitions / episode   : 1.44
DFA transitions in window   : 1->2: 77, 2->3: 67
epsilon (next episode)       : 0.09438
replay buffer                : 300000 samples [1: 73.5%, 2: 26.5%, 3: 0.0%]
DFA state visits in window   : 1: 18976, 2: 9795, 3: 67
DFA state visits cumulative  : 1: 1062951, 2: 305870, 3: 1235
DFA state entries in window  : 1: 100, 2: 77, 3: 67
DFA state entries cumulative : 1: 5900, 2: 2321, 3: 1235
transitions cumulative       : 1->2: 2321, 2->3: 1235
accepted directly from s0    : 0
Gym endings cumulative       : terminated=4622, truncated=43

[Episode 6000/10000 | last 100]
success rate                : 78.0% (cumulative 21.9%)
failure rate                : 0.0% (cumulative 0.0%)
completed cycles / episode  : 0.000
synthetic task reward       : 7800.000
shaping reward              : 756.639
learning reward             : 8556.639
episode length              : 307.4
abstract changes / episode  : 24.1
DFA transitions / episode   : 1.60
DFA transitions in window   : 1->2: 82, 2->3: 78
epsilon (next episode)       : 0.09067
replay buffer                : 300000 samples [1: 74.4%, 2: 25.6%, 3: 0.0%]
DFA state visits in window   : 1: 21880, 2: 8886, 3: 78
DFA state visits cumulative  : 1: 1084831, 2: 314756, 3: 1313
DFA state entries in window  : 1: 100, 2: 82, 3: 78
DFA state entries cumulative : 1: 6000, 2: 2403, 3: 1313
transitions cumulative       : 1->2: 2403, 2->3: 1313
accepted directly from s0    : 0
Gym endings cumulative       : terminated=4644, truncated=43

Starting autonomous greedy evaluation at episode 6000 (1000 fixed-seed episodes)...
[Greedy evaluation at episode 6000 | 1000 fixed-seed episodes]
success=82.8%, failure=0.0%, task reward=8280.000, length=253.1
DFA transitions: 1->2: 834, 2->3: 828
[Unbiased greedy evaluation at episode 6000 | 1000 fixed-seed episodes]
success=0.0%, failure=0.0%, task reward=0.000, length=504.6
DFA transitions: 1->2: 922

[Episode 6100/10000 | last 100]
success rate                : 63.0% (cumulative 22.6%)
failure rate                : 0.0% (cumulative 0.0%)
completed cycles / episode  : 0.000
synthetic task reward       : 6300.000
shaping reward              : 570.574
learning reward             : 6870.574
episode length              : 288.4
abstract changes / episode  : 20.2
DFA transitions / episode   : 1.32
DFA transitions in window   : 1->2: 69, 2->3: 63
epsilon (next episode)       : 0.08712
replay buffer                : 300000 samples [1: 75.1%, 2: 24.9%, 3: 0.0%]
DFA state visits in window   : 1: 20646, 2: 8229, 3: 63
DFA state visits cumulative  : 1: 1105477, 2: 322985, 3: 1376
DFA state entries in window  : 1: 100, 2: 69, 3: 63
DFA state entries cumulative : 1: 6100, 2: 2472, 3: 1376
transitions cumulative       : 1->2: 2472, 2->3: 1376
accepted directly from s0    : 0
Gym endings cumulative       : terminated=4678, truncated=46

[Episode 6200/10000 | last 100]
success rate                : 66.0% (cumulative 23.3%)
failure rate                : 0.0% (cumulative 0.0%)
completed cycles / episode  : 0.000
synthetic task reward       : 6600.000
shaping reward              : 680.429
learning reward             : 7280.429
episode length              : 306.6
abstract changes / episode  : 25.4
DFA transitions / episode   : 1.44
DFA transitions in window   : 1->2: 78, 2->3: 66
epsilon (next episode)       : 0.08370
replay buffer                : 300000 samples [1: 75.1%, 2: 24.9%, 3: 0.0%]
DFA state visits in window   : 1: 21437, 2: 9257, 3: 66
DFA state visits cumulative  : 1: 1126914, 2: 332242, 3: 1442
DFA state entries in window  : 1: 100, 2: 78, 3: 66
DFA state entries cumulative : 1: 6200, 2: 2550, 3: 1442
transitions cumulative       : 1->2: 2550, 2->3: 1442
accepted directly from s0    : 0
Gym endings cumulative       : terminated=4712, truncated=46

[Episode 6300/10000 | last 100]
success rate                : 54.0% (cumulative 23.7%)
failure rate                : 0.0% (cumulative 0.0%)
completed cycles / episode  : 0.000
synthetic task reward       : 5400.000
shaping reward              : 452.443
learning reward             : 5852.443
episode length              : 254.8
abstract changes / episode  : 19.9
DFA transitions / episode   : 1.15
DFA transitions in window   : 1->2: 61, 2->3: 54
epsilon (next episode)       : 0.08042
replay buffer                : 300000 samples [1: 75.8%, 2: 24.2%, 3: 0.0%]
DFA state visits in window   : 1: 18990, 2: 6533, 3: 54
DFA state visits cumulative  : 1: 1145904, 2: 338775, 3: 1496
DFA state entries in window  : 1: 100, 2: 61, 3: 54
DFA state entries cumulative : 1: 6300, 2: 2611, 3: 1496
transitions cumulative       : 1->2: 2611, 2->3: 1496
accepted directly from s0    : 0
Gym endings cumulative       : terminated=4757, truncated=47

[Episode 6400/10000 | last 100]
success rate                : 73.0% (cumulative 24.5%)
failure rate                : 0.0% (cumulative 0.0%)
completed cycles / episode  : 0.000
synthetic task reward       : 7300.000
shaping reward              : 723.052
learning reward             : 8023.052
episode length              : 271.5
abstract changes / episode  : 24.5
DFA transitions / episode   : 1.54
DFA transitions in window   : 1->2: 81, 2->3: 73
epsilon (next episode)       : 0.07727
replay buffer                : 300000 samples [1: 75.4%, 2: 24.6%, 3: 0.0%]
DFA state visits in window   : 1: 18611, 2: 8566, 3: 73
DFA state visits cumulative  : 1: 1164515, 2: 347341, 3: 1569
DFA state entries in window  : 1: 100, 2: 81, 3: 73
DFA state entries cumulative : 1: 6400, 2: 2692, 3: 1569
transitions cumulative       : 1->2: 2692, 2->3: 1569
accepted directly from s0    : 0
Gym endings cumulative       : terminated=4784, truncated=47

[Episode 6500/10000 | last 100]
success rate                : 74.0% (cumulative 25.3%)
failure rate                : 0.0% (cumulative 0.0%)
completed cycles / episode  : 0.000
synthetic task reward       : 7400.000
shaping reward              : 723.516
learning reward             : 8123.516
episode length              : 308.4
abstract changes / episode  : 25.5
DFA transitions / episode   : 1.52
DFA transitions in window   : 1->2: 78, 2->3: 74
epsilon (next episode)       : 0.07423
replay buffer                : 300000 samples [1: 76.4%, 2: 23.6%, 3: 0.0%]
DFA state visits in window   : 1: 21798, 2: 9065, 3: 74
DFA state visits cumulative  : 1: 1186313, 2: 356406, 3: 1643
DFA state entries in window  : 1: 100, 2: 78, 3: 74
DFA state entries cumulative : 1: 6500, 2: 2770, 3: 1643
transitions cumulative       : 1->2: 2770, 2->3: 1643
accepted directly from s0    : 0
Gym endings cumulative       : terminated=4810, truncated=47

Starting autonomous greedy evaluation at episode 6500 (1000 fixed-seed episodes)...
[Greedy evaluation at episode 6500 | 1000 fixed-seed episodes]
success=83.2%, failure=0.0%, task reward=8320.000, length=299.6
DFA transitions: 1->2: 853, 2->3: 832
[Unbiased greedy evaluation at episode 6500 | 1000 fixed-seed episodes]
success=0.0%, failure=0.0%, task reward=0.000, length=671.4
DFA transitions: none

[Episode 6600/10000 | last 100]
success rate                : 69.0% (cumulative 25.9%)
failure rate                : 0.0% (cumulative 0.0%)
completed cycles / episode  : 0.000
synthetic task reward       : 6900.000
shaping reward              : 752.405
learning reward             : 7652.405
episode length              : 271.5
abstract changes / episode  : 22.6
DFA transitions / episode   : 1.49
DFA transitions in window   : 1->2: 80, 2->3: 69
epsilon (next episode)       : 0.07132
replay buffer                : 300000 samples [1: 75.5%, 2: 24.5%, 3: 0.0%]
DFA state visits in window   : 1: 18740, 2: 8441, 3: 69
DFA state visits cumulative  : 1: 1205053, 2: 364847, 3: 1712
DFA state entries in window  : 1: 100, 2: 80, 3: 69
DFA state entries cumulative : 1: 6600, 2: 2850, 3: 1712
transitions cumulative       : 1->2: 2850, 2->3: 1712
accepted directly from s0    : 0
Gym endings cumulative       : terminated=4841, truncated=47

[Episode 6700/10000 | last 100]
success rate                : 83.0% (cumulative 26.8%)
failure rate                : 0.0% (cumulative 0.0%)
completed cycles / episode  : 0.000
synthetic task reward       : 8300.000
shaping reward              : 895.909
learning reward             : 9195.909
episode length              : 267.8
abstract changes / episode  : 23.1
DFA transitions / episode   : 1.75
DFA transitions in window   : 1->2: 92, 2->3: 83
epsilon (next episode)       : 0.06853
replay buffer                : 300000 samples [1: 72.9%, 2: 27.1%, 3: 0.0%]
DFA state visits in window   : 1: 17372, 2: 9421, 3: 83
DFA state visits cumulative  : 1: 1222425, 2: 374268, 3: 1795
DFA state entries in window  : 1: 100, 2: 92, 3: 83
DFA state entries cumulative : 1: 6700, 2: 2942, 3: 1795
transitions cumulative       : 1->2: 2942, 2->3: 1795
accepted directly from s0    : 0
Gym endings cumulative       : terminated=4858, truncated=47

[Episode 6800/10000 | last 100]
success rate                : 93.0% (cumulative 27.8%)
failure rate                : 0.0% (cumulative 0.0%)
completed cycles / episode  : 0.000
synthetic task reward       : 9300.000
shaping reward              : 963.677
learning reward             : 10263.677
episode length              : 262.7
abstract changes / episode  : 22.3
DFA transitions / episode   : 1.91
DFA transitions in window   : 1->2: 98, 2->3: 93
epsilon (next episode)       : 0.06584
replay buffer                : 300000 samples [1: 69.9%, 2: 30.1%, 3: 0.0%]
DFA state visits in window   : 1: 16667, 2: 9610, 3: 93
DFA state visits cumulative  : 1: 1239092, 2: 383878, 3: 1888
DFA state entries in window  : 1: 100, 2: 98, 3: 93
DFA state entries cumulative : 1: 6800, 2: 3040, 3: 1888
transitions cumulative       : 1->2: 3040, 2->3: 1888
accepted directly from s0    : 0
Gym endings cumulative       : terminated=4863, truncated=49

[Episode 6900/10000 | last 100]
success rate                : 83.0% (cumulative 28.6%)
failure rate                : 0.0% (cumulative 0.0%)
completed cycles / episode  : 0.000
synthetic task reward       : 8300.000
shaping reward              : 860.970
learning reward             : 9160.970
episode length              : 310.7
abstract changes / episode  : 25.6
DFA transitions / episode   : 1.74
DFA transitions in window   : 1->2: 91, 2->3: 83
epsilon (next episode)       : 0.06326
replay buffer                : 300000 samples [1: 68.9%, 2: 31.1%, 3: 0.0%]
DFA state visits in window   : 1: 21761, 2: 9322, 3: 83
DFA state visits cumulative  : 1: 1260853, 2: 393200, 3: 1971
DFA state entries in window  : 1: 100, 2: 91, 3: 83
DFA state entries cumulative : 1: 6900, 2: 3131, 3: 1971
transitions cumulative       : 1->2: 3131, 2->3: 1971
accepted directly from s0    : 0
Gym endings cumulative       : terminated=4879, truncated=50

[Episode 7000/10000 | last 100]
success rate                : 88.0% (cumulative 29.4%)
failure rate                : 0.0% (cumulative 0.0%)
completed cycles / episode  : 0.000
synthetic task reward       : 8800.000
shaping reward              : 950.668
learning reward             : 9750.668
episode length              : 276.0
abstract changes / episode  : 23.8
DFA transitions / episode   : 1.86
DFA transitions in window   : 1->2: 98, 2->3: 88
epsilon (next episode)       : 0.06078
replay buffer                : 300000 samples [1: 68.6%, 2: 31.4%, 3: 0.0%]
DFA state visits in window   : 1: 16691, 2: 10919, 3: 88
DFA state visits cumulative  : 1: 1277544, 2: 404119, 3: 2059
DFA state entries in window  : 1: 100, 2: 98, 3: 88
DFA state entries cumulative : 1: 7000, 2: 3229, 3: 2059
transitions cumulative       : 1->2: 3229, 2->3: 2059
accepted directly from s0    : 0
Gym endings cumulative       : terminated=4891, truncated=50

Starting autonomous greedy evaluation at episode 7000 (1000 fixed-seed episodes)...
[Greedy evaluation at episode 7000 | 1000 fixed-seed episodes]
success=70.2%, failure=0.0%, task reward=7020.000, length=231.0
DFA transitions: 1->2: 705, 2->3: 702
[Unbiased greedy evaluation at episode 7000 | 1000 fixed-seed episodes]
success=0.0%, failure=0.0%, task reward=0.000, length=259.6
DFA transitions: none

[Episode 7100/10000 | last 100]
success rate                : 77.0% (cumulative 30.1%)
failure rate                : 0.0% (cumulative 0.0%)
completed cycles / episode  : 0.000
synthetic task reward       : 7700.000
shaping reward              : 770.002
learning reward             : 8470.002
episode length              : 254.1
abstract changes / episode  : 21.9
DFA transitions / episode   : 1.60
DFA transitions in window   : 1->2: 83, 2->3: 77
epsilon (next episode)       : 0.05839
replay buffer                : 300000 samples [1: 67.9%, 2: 32.1%, 3: 0.0%]
DFA state visits in window   : 1: 16349, 2: 9084, 3: 77
DFA state visits cumulative  : 1: 1293893, 2: 413203, 3: 2136
DFA state entries in window  : 1: 100, 2: 83, 3: 77
DFA state entries cumulative : 1: 7100, 2: 3312, 3: 2136
transitions cumulative       : 1->2: 3312, 2->3: 2136
accepted directly from s0    : 0
Gym endings cumulative       : terminated=4914, truncated=50

[Episode 7200/10000 | last 100]
success rate                : 90.0% (cumulative 30.9%)
failure rate                : 0.0% (cumulative 0.0%)
completed cycles / episode  : 0.000
synthetic task reward       : 9000.000
shaping reward              : 910.145
learning reward             : 9910.145
episode length              : 274.1
abstract changes / episode  : 23.4
DFA transitions / episode   : 1.83
DFA transitions in window   : 1->2: 93, 2->3: 90
epsilon (next episode)       : 0.05610
replay buffer                : 300000 samples [1: 67.2%, 2: 32.8%, 3: 0.0%]
DFA state visits in window   : 1: 17071, 2: 10345, 3: 90
DFA state visits cumulative  : 1: 1310964, 2: 423548, 3: 2226
DFA state entries in window  : 1: 100, 2: 93, 3: 90
DFA state entries cumulative : 1: 7200, 2: 3405, 3: 2226
transitions cumulative       : 1->2: 3405, 2->3: 2226
accepted directly from s0    : 0
Gym endings cumulative       : terminated=4924, truncated=50

[Episode 7300/10000 | last 100]
success rate                : 85.0% (cumulative 31.7%)
failure rate                : 0.0% (cumulative 0.0%)
completed cycles / episode  : 0.000
synthetic task reward       : 8500.000
shaping reward              : 847.366
learning reward             : 9347.366
episode length              : 255.8
abstract changes / episode  : 22.6
DFA transitions / episode   : 1.73
DFA transitions in window   : 1->2: 88, 2->3: 85
epsilon (next episode)       : 0.05390
replay buffer                : 300000 samples [1: 66.5%, 2: 33.5%, 3: 0.0%]
DFA state visits in window   : 1: 16039, 2: 9552, 3: 85
DFA state visits cumulative  : 1: 1327003, 2: 433100, 3: 2311
DFA state entries in window  : 1: 100, 2: 88, 3: 85
DFA state entries cumulative : 1: 7300, 2: 3493, 3: 2311
transitions cumulative       : 1->2: 3493, 2->3: 2311
accepted directly from s0    : 0
Gym endings cumulative       : terminated=4939, truncated=50

[Episode 7400/10000 | last 100]
success rate                : 88.0% (cumulative 32.4%)
failure rate                : 0.0% (cumulative 0.0%)
completed cycles / episode  : 0.000
synthetic task reward       : 8800.000
shaping reward              : 844.196
learning reward             : 9644.196
episode length              : 247.8
abstract changes / episode  : 22.7
DFA transitions / episode   : 1.76
DFA transitions in window   : 1->2: 88, 2->3: 88
epsilon (next episode)       : 0.05179
replay buffer                : 300000 samples [1: 65.6%, 2: 34.4%, 3: 0.0%]
DFA state visits in window   : 1: 15791, 2: 9000, 3: 88
DFA state visits cumulative  : 1: 1342794, 2: 442100, 3: 2399
DFA state entries in window  : 1: 100, 2: 88, 3: 88
DFA state entries cumulative : 1: 7400, 2: 3581, 3: 2399
transitions cumulative       : 1->2: 3581, 2->3: 2399
accepted directly from s0    : 0
Gym endings cumulative       : terminated=4951, truncated=50

[Episode 7500/10000 | last 100]
success rate                : 82.0% (cumulative 33.1%)
failure rate                : 0.0% (cumulative 0.0%)
completed cycles / episode  : 0.000
synthetic task reward       : 8200.000
shaping reward              : 887.573
learning reward             : 9087.573
episode length              : 234.8
abstract changes / episode  : 21.6
DFA transitions / episode   : 1.75
DFA transitions in window   : 1->2: 93, 2->3: 82
epsilon (next episode)       : 0.04976
replay buffer                : 300000 samples [1: 64.9%, 2: 35.1%, 3: 0.0%]
DFA state visits in window   : 1: 14236, 2: 9260, 3: 82
DFA state visits cumulative  : 1: 1357030, 2: 451360, 3: 2481
DFA state entries in window  : 1: 100, 2: 93, 3: 82
DFA state entries cumulative : 1: 7500, 2: 3674, 3: 2481
transitions cumulative       : 1->2: 3674, 2->3: 2481
accepted directly from s0    : 0
Gym endings cumulative       : terminated=4969, truncated=50

Starting autonomous greedy evaluation at episode 7500 (1000 fixed-seed episodes)...
[Greedy evaluation at episode 7500 | 1000 fixed-seed episodes]
success=94.2%, failure=0.0%, task reward=9420.000, length=220.4
DFA transitions: 1->2: 965, 2->3: 942
Best policy updated from autonomous greedy evaluation at episode 7500.
[Unbiased greedy evaluation at episode 7500 | 1000 fixed-seed episodes]
success=0.0%, failure=0.0%, task reward=0.000, length=996.3
DFA transitions: none

[Episode 7600/10000 | last 100]
success rate                : 78.0% (cumulative 33.7%)
failure rate                : 0.0% (cumulative 0.0%)
completed cycles / episode  : 0.000
synthetic task reward       : 7800.000
shaping reward              : 795.518
learning reward             : 8595.518
episode length              : 238.3
abstract changes / episode  : 20.5
DFA transitions / episode   : 1.63
DFA transitions in window   : 1->2: 85, 2->3: 78
epsilon (next episode)       : 0.04781
replay buffer                : 300000 samples [1: 64.5%, 2: 35.5%, 3: 0.0%]
DFA state visits in window   : 1: 15426, 2: 8429, 3: 78
DFA state visits cumulative  : 1: 1372456, 2: 459789, 3: 2559
DFA state entries in window  : 1: 100, 2: 85, 3: 78
DFA state entries cumulative : 1: 7600, 2: 3759, 3: 2559
transitions cumulative       : 1->2: 3759, 2->3: 2559
accepted directly from s0    : 0
Gym endings cumulative       : terminated=4991, truncated=50

[Episode 7700/10000 | last 100]
success rate                : 81.0% (cumulative 34.3%)
failure rate                : 0.0% (cumulative 0.0%)
completed cycles / episode  : 0.000
synthetic task reward       : 8100.000
shaping reward              : 846.034
learning reward             : 8946.034
episode length              : 253.6
abstract changes / episode  : 21.8
DFA transitions / episode   : 1.70
DFA transitions in window   : 1->2: 89, 2->3: 81
epsilon (next episode)       : 0.04593
replay buffer                : 300000 samples [1: 64.0%, 2: 36.0%, 3: 0.0%]
DFA state visits in window   : 1: 16476, 2: 8898, 3: 81
DFA state visits cumulative  : 1: 1388932, 2: 468687, 3: 2640
DFA state entries in window  : 1: 100, 2: 89, 3: 81
DFA state entries cumulative : 1: 7700, 2: 3848, 3: 2640
transitions cumulative       : 1->2: 3848, 2->3: 2640
accepted directly from s0    : 0
Gym endings cumulative       : terminated=5010, truncated=50

[Episode 7800/10000 | last 100]
success rate                : 73.0% (cumulative 34.8%)
failure rate                : 0.0% (cumulative 0.0%)
completed cycles / episode  : 0.000
synthetic task reward       : 7300.000
shaping reward              : 653.913
learning reward             : 7953.913
episode length              : 312.3
abstract changes / episode  : 25.5
DFA transitions / episode   : 1.48
DFA transitions in window   : 1->2: 75, 2->3: 73
epsilon (next episode)       : 0.04413
replay buffer                : 300000 samples [1: 65.1%, 2: 34.9%, 3: 0.0%]
DFA state visits in window   : 1: 23749, 2: 7510, 3: 73
DFA state visits cumulative  : 1: 1412681, 2: 476197, 3: 2713
DFA state entries in window  : 1: 100, 2: 75, 3: 73
DFA state entries cumulative : 1: 7800, 2: 3923, 3: 2713
transitions cumulative       : 1->2: 3923, 2->3: 2713
accepted directly from s0    : 0
Gym endings cumulative       : terminated=5037, truncated=50

[Episode 7900/10000 | last 100]
success rate                : 65.0% (cumulative 35.2%)
failure rate                : 0.0% (cumulative 0.0%)
completed cycles / episode  : 0.000
synthetic task reward       : 6500.000
shaping reward              : 612.158
learning reward             : 7112.158
episode length              : 256.8
abstract changes / episode  : 20.6
DFA transitions / episode   : 1.38
DFA transitions in window   : 1->2: 73, 2->3: 65
epsilon (next episode)       : 0.04240
replay buffer                : 300000 samples [1: 66.2%, 2: 33.8%, 3: 0.0%]
DFA state visits in window   : 1: 18835, 2: 6881, 3: 65
DFA state visits cumulative  : 1: 1431516, 2: 483078, 3: 2778
DFA state entries in window  : 1: 100, 2: 73, 3: 65
DFA state entries cumulative : 1: 7900, 2: 3996, 3: 2778
transitions cumulative       : 1->2: 3996, 2->3: 2778
accepted directly from s0    : 0
Gym endings cumulative       : terminated=5072, truncated=50

[Episode 8000/10000 | last 100]
success rate                : 67.0% (cumulative 35.6%)
failure rate                : 0.0% (cumulative 0.0%)
completed cycles / episode  : 0.000
synthetic task reward       : 6700.000
shaping reward              : 857.302
learning reward             : 7557.302
episode length              : 218.5
abstract changes / episode  : 18.6
DFA transitions / episode   : 1.60
DFA transitions in window   : 1->2: 93, 2->3: 67
epsilon (next episode)       : 0.04074
replay buffer                : 300000 samples [1: 65.2%, 2: 34.8%, 3: 0.0%]
DFA state visits in window   : 1: 13205, 2: 8679, 3: 67
DFA state visits cumulative  : 1: 1444721, 2: 491757, 3: 2845
DFA state entries in window  : 1: 100, 2: 93, 3: 67
DFA state entries cumulative : 1: 8000, 2: 4089, 3: 2845
transitions cumulative       : 1->2: 4089, 2->3: 2845
accepted directly from s0    : 0
Gym endings cumulative       : terminated=5105, truncated=50

Starting autonomous greedy evaluation at episode 8000 (1000 fixed-seed episodes)...
[Greedy evaluation at episode 8000 | 1000 fixed-seed episodes]
success=55.1%, failure=0.0%, task reward=5510.000, length=240.7
DFA transitions: 1->2: 973, 2->3: 551
[Unbiased greedy evaluation at episode 8000 | 1000 fixed-seed episodes]
success=0.0%, failure=0.0%, task reward=0.000, length=995.4
DFA transitions: none

[Episode 8100/10000 | last 100]
success rate                : 76.0% (cumulative 36.1%)
failure rate                : 0.0% (cumulative 0.0%)
completed cycles / episode  : 0.000
synthetic task reward       : 7600.000
shaping reward              : 956.091
learning reward             : 8556.091
episode length              : 251.6
abstract changes / episode  : 21.7
DFA transitions / episode   : 1.76
DFA transitions in window   : 1->2: 100, 2->3: 76
epsilon (next episode)       : 0.03914
replay buffer                : 300000 samples [1: 64.4%, 2: 35.6%, 3: 0.0%]
DFA state visits in window   : 1: 14241, 2: 10939, 3: 76
DFA state visits cumulative  : 1: 1458962, 2: 502696, 3: 2921
DFA state entries in window  : 1: 100, 2: 100, 3: 76
DFA state entries cumulative : 1: 8100, 2: 4189, 3: 2921
transitions cumulative       : 1->2: 4189, 2->3: 2921
accepted directly from s0    : 0
Gym endings cumulative       : terminated=5129, truncated=50

[Episode 8200/10000 | last 100]
success rate                : 48.0% (cumulative 36.2%)
failure rate                : 0.0% (cumulative 0.0%)
completed cycles / episode  : 0.000
synthetic task reward       : 4800.000
shaping reward              : 555.156
learning reward             : 5355.156
episode length              : 263.2
abstract changes / episode  : 20.4
DFA transitions / episode   : 1.28
DFA transitions in window   : 1->2: 80, 2->3: 48
epsilon (next episode)       : 0.03760
replay buffer                : 300000 samples [1: 64.5%, 2: 35.5%, 3: 0.0%]
DFA state visits in window   : 1: 15939, 2: 10429, 3: 48
DFA state visits cumulative  : 1: 1474901, 2: 513125, 3: 2969
DFA state entries in window  : 1: 100, 2: 80, 3: 48
DFA state entries cumulative : 1: 8200, 2: 4269, 3: 2969
transitions cumulative       : 1->2: 4269, 2->3: 2969
accepted directly from s0    : 0
Gym endings cumulative       : terminated=5181, truncated=50

[Episode 8300/10000 | last 100]
success rate                : 49.0% (cumulative 36.4%)
failure rate                : 0.0% (cumulative 0.0%)
completed cycles / episode  : 0.000
synthetic task reward       : 4900.000
shaping reward              : 735.621
learning reward             : 5635.621
episode length              : 244.1
abstract changes / episode  : 19.6
DFA transitions / episode   : 1.32
DFA transitions in window   : 1->2: 83, 2->3: 49
epsilon (next episode)       : 0.03613
replay buffer                : 300000 samples [1: 64.2%, 2: 35.8%, 3: 0.0%]
DFA state visits in window   : 1: 14951, 2: 9513, 3: 49
DFA state visits cumulative  : 1: 1489852, 2: 522638, 3: 3018
DFA state entries in window  : 1: 100, 2: 83, 3: 49
DFA state entries cumulative : 1: 8300, 2: 4352, 3: 3018
transitions cumulative       : 1->2: 4352, 2->3: 3018
accepted directly from s0    : 0
Gym endings cumulative       : terminated=5232, truncated=50

[Episode 8400/10000 | last 100]
success rate                : 76.0% (cumulative 36.8%)
failure rate                : 0.0% (cumulative 0.0%)
completed cycles / episode  : 0.000
synthetic task reward       : 7600.000
shaping reward              : 859.421
learning reward             : 8459.421
episode length              : 254.9
abstract changes / episode  : 22.7
DFA transitions / episode   : 1.66
DFA transitions in window   : 1->2: 90, 2->3: 76
epsilon (next episode)       : 0.03471
replay buffer                : 300000 samples [1: 64.2%, 2: 35.8%, 3: 0.0%]
DFA state visits in window   : 1: 16208, 2: 9305, 3: 76
DFA state visits cumulative  : 1: 1506060, 2: 531943, 3: 3094
DFA state entries in window  : 1: 100, 2: 90, 3: 76
DFA state entries cumulative : 1: 8400, 2: 4442, 3: 3094
transitions cumulative       : 1->2: 4442, 2->3: 3094
accepted directly from s0    : 0
Gym endings cumulative       : terminated=5256, truncated=50

[Episode 8500/10000 | last 100]
success rate                : 45.0% (cumulative 36.9%)
failure rate                : 0.0% (cumulative 0.0%)
completed cycles / episode  : 0.000
synthetic task reward       : 4500.000
shaping reward              : 416.987
learning reward             : 4916.987
episode length              : 246.5
abstract changes / episode  : 21.4
DFA transitions / episode   : 1.05
DFA transitions in window   : 1->2: 60, 2->3: 45
epsilon (next episode)       : 0.03335
replay buffer                : 300000 samples [1: 65.3%, 2: 34.7%, 3: 0.0%]
DFA state visits in window   : 1: 18572, 2: 6134, 3: 45
DFA state visits cumulative  : 1: 1524632, 2: 538077, 3: 3139
DFA state entries in window  : 1: 100, 2: 60, 3: 45
DFA state entries cumulative : 1: 8500, 2: 4502, 3: 3139
transitions cumulative       : 1->2: 4502, 2->3: 3139
accepted directly from s0    : 0
Gym endings cumulative       : terminated=5311, truncated=50

Starting autonomous greedy evaluation at episode 8500 (1000 fixed-seed episodes)...
[Greedy evaluation at episode 8500 | 1000 fixed-seed episodes]
success=40.1%, failure=0.0%, task reward=4010.000, length=274.6
DFA transitions: 1->2: 676, 2->3: 401
[Unbiased greedy evaluation at episode 8500 | 1000 fixed-seed episodes]
success=0.0%, failure=0.0%, task reward=0.000, length=896.0
DFA transitions: 1->2: 153

[Episode 8600/10000 | last 100]
success rate                : 24.0% (cumulative 36.8%)
failure rate                : 0.0% (cumulative 0.0%)
completed cycles / episode  : 0.000
synthetic task reward       : 2400.000
shaping reward              : 322.168
learning reward             : 2722.168
episode length              : 287.7
abstract changes / episode  : 23.6
DFA transitions / episode   : 0.83
DFA transitions in window   : 1->2: 59, 2->3: 24
epsilon (next episode)       : 0.03204
replay buffer                : 300000 samples [1: 66.8%, 2: 33.2%, 3: 0.0%]
DFA state visits in window   : 1: 22947, 2: 5897, 3: 24
DFA state visits cumulative  : 1: 1547579, 2: 543974, 3: 3163
DFA state entries in window  : 1: 100, 2: 59, 3: 24
DFA state entries cumulative : 1: 8600, 2: 4561, 3: 3163
transitions cumulative       : 1->2: 4561, 2->3: 3163
accepted directly from s0    : 0
Gym endings cumulative       : terminated=5387, truncated=50

[Episode 8700/10000 | last 100]
success rate                : 61.0% (cumulative 37.1%)
failure rate                : 0.0% (cumulative 0.0%)
completed cycles / episode  : 0.000
synthetic task reward       : 6100.000
shaping reward              : 797.450
learning reward             : 6897.450
episode length              : 251.8
abstract changes / episode  : 21.1
DFA transitions / episode   : 1.52
DFA transitions in window   : 1->2: 91, 2->3: 61
epsilon (next episode)       : 0.03079
replay buffer                : 300000 samples [1: 66.9%, 2: 33.1%, 3: 0.0%]
DFA state visits in window   : 1: 15116, 2: 10102, 3: 61
DFA state visits cumulative  : 1: 1562695, 2: 554076, 3: 3224
DFA state entries in window  : 1: 100, 2: 91, 3: 61
DFA state entries cumulative : 1: 8700, 2: 4652, 3: 3224
transitions cumulative       : 1->2: 4652, 2->3: 3224
accepted directly from s0    : 0
Gym endings cumulative       : terminated=5426, truncated=50

[Episode 8800/10000 | last 100]
success rate                : 61.0% (cumulative 37.3%)
failure rate                : 0.0% (cumulative 0.0%)
completed cycles / episode  : 0.000
synthetic task reward       : 6100.000
shaping reward              : 819.303
learning reward             : 6919.303
episode length              : 244.3
abstract changes / episode  : 20.2
DFA transitions / episode   : 1.51
DFA transitions in window   : 1->2: 90, 2->3: 61
epsilon (next episode)       : 0.02958
replay buffer                : 300000 samples [1: 66.4%, 2: 33.6%, 3: 0.0%]
DFA state visits in window   : 1: 14578, 2: 9892, 3: 61
DFA state visits cumulative  : 1: 1577273, 2: 563968, 3: 3285
DFA state entries in window  : 1: 100, 2: 90, 3: 61
DFA state entries cumulative : 1: 8800, 2: 4742, 3: 3285
transitions cumulative       : 1->2: 4742, 2->3: 3285
accepted directly from s0    : 0
Gym endings cumulative       : terminated=5465, truncated=50

[Episode 8900/10000 | last 100]
success rate                : 69.0% (cumulative 37.7%)
failure rate                : 0.0% (cumulative 0.0%)
completed cycles / episode  : 0.000
synthetic task reward       : 6900.000
shaping reward              : 716.838
learning reward             : 7616.838
episode length              : 217.4
abstract changes / episode  : 19.1
DFA transitions / episode   : 1.50
DFA transitions in window   : 1->2: 81, 2->3: 69
epsilon (next episode)       : 0.02842
replay buffer                : 300000 samples [1: 66.1%, 2: 33.9%, 3: 0.0%]
DFA state visits in window   : 1: 13561, 2: 8207, 3: 69
DFA state visits cumulative  : 1: 1590834, 2: 572175, 3: 3354
DFA state entries in window  : 1: 100, 2: 81, 3: 69
DFA state entries cumulative : 1: 8900, 2: 4823, 3: 3354
transitions cumulative       : 1->2: 4823, 2->3: 3354
accepted directly from s0    : 0
Gym endings cumulative       : terminated=5496, truncated=50

[Episode 9000/10000 | last 100]
success rate                : 67.0% (cumulative 38.0%)
failure rate                : 0.0% (cumulative 0.0%)
completed cycles / episode  : 0.000
synthetic task reward       : 6700.000
shaping reward              : 717.444
learning reward             : 7417.444
episode length              : 233.7
abstract changes / episode  : 20.4
DFA transitions / episode   : 1.52
DFA transitions in window   : 1->2: 85, 2->3: 67
epsilon (next episode)       : 0.02730
replay buffer                : 300000 samples [1: 65.1%, 2: 34.9%, 3: 0.0%]
DFA state visits in window   : 1: 14834, 2: 8565, 3: 67
DFA state visits cumulative  : 1: 1605668, 2: 580740, 3: 3421
DFA state entries in window  : 1: 100, 2: 85, 3: 67
DFA state entries cumulative : 1: 9000, 2: 4908, 3: 3421
transitions cumulative       : 1->2: 4908, 2->3: 3421
accepted directly from s0    : 0
Gym endings cumulative       : terminated=5529, truncated=50

Starting autonomous greedy evaluation at episode 9000 (1000 fixed-seed episodes)...
[Greedy evaluation at episode 9000 | 1000 fixed-seed episodes]
success=57.2%, failure=0.0%, task reward=5720.000, length=248.6
DFA transitions: 1->2: 801, 2->3: 572
[Unbiased greedy evaluation at episode 9000 | 1000 fixed-seed episodes]
success=0.0%, failure=0.0%, task reward=0.000, length=993.8
DFA transitions: none

[Episode 9100/10000 | last 100]
success rate                : 59.0% (cumulative 38.2%)
failure rate                : 0.0% (cumulative 0.0%)
completed cycles / episode  : 0.000
synthetic task reward       : 5900.000
shaping reward              : 560.773
learning reward             : 6460.773
episode length              : 230.1
abstract changes / episode  : 19.4
DFA transitions / episode   : 1.27
DFA transitions in window   : 1->2: 68, 2->3: 59
epsilon (next episode)       : 0.02623
replay buffer                : 300000 samples [1: 64.6%, 2: 35.4%, 3: 0.0%]
DFA state visits in window   : 1: 15804, 2: 7250, 3: 59
DFA state visits cumulative  : 1: 1621472, 2: 587990, 3: 3480
DFA state entries in window  : 1: 100, 2: 68, 3: 59
DFA state entries cumulative : 1: 9100, 2: 4976, 3: 3480
transitions cumulative       : 1->2: 4976, 2->3: 3480
accepted directly from s0    : 0
Gym endings cumulative       : terminated=5570, truncated=50

[Episode 9200/10000 | last 100]
success rate                : 59.0% (cumulative 38.5%)
failure rate                : 0.0% (cumulative 0.0%)
completed cycles / episode  : 0.000
synthetic task reward       : 5900.000
shaping reward              : 531.909
learning reward             : 6431.909
episode length              : 276.9
abstract changes / episode  : 19.4
DFA transitions / episode   : 1.22
DFA transitions in window   : 1->2: 63, 2->3: 59
epsilon (next episode)       : 0.02520
replay buffer                : 300000 samples [1: 65.5%, 2: 34.5%, 3: 0.0%]
DFA state visits in window   : 1: 20179, 2: 7557, 3: 59
DFA state visits cumulative  : 1: 1641651, 2: 595547, 3: 3539
DFA state entries in window  : 1: 100, 2: 63, 3: 59
DFA state entries cumulative : 1: 9200, 2: 5039, 3: 3539
transitions cumulative       : 1->2: 5039, 2->3: 3539
accepted directly from s0    : 0
Gym endings cumulative       : terminated=5611, truncated=50

[Episode 9300/10000 | last 100]
success rate                : 55.0% (cumulative 38.6%)
failure rate                : 0.0% (cumulative 0.0%)
completed cycles / episode  : 0.000
synthetic task reward       : 5500.000
shaping reward              : 494.200
learning reward             : 5994.200
episode length              : 235.0
abstract changes / episode  : 16.9
DFA transitions / episode   : 1.15
DFA transitions in window   : 1->2: 60, 2->3: 55
epsilon (next episode)       : 0.02422
replay buffer                : 300000 samples [1: 66.7%, 2: 33.3%, 3: 0.0%]
DFA state visits in window   : 1: 17134, 2: 6412, 3: 55
DFA state visits cumulative  : 1: 1658785, 2: 601959, 3: 3594
DFA state entries in window  : 1: 100, 2: 60, 3: 55
DFA state entries cumulative : 1: 9300, 2: 5099, 3: 3594
transitions cumulative       : 1->2: 5099, 2->3: 3594
accepted directly from s0    : 0
Gym endings cumulative       : terminated=5656, truncated=50

[Episode 9400/10000 | last 100]
success rate                : 76.0% (cumulative 39.0%)
failure rate                : 0.0% (cumulative 0.0%)
completed cycles / episode  : 0.000
synthetic task reward       : 7600.000
shaping reward              : 754.475
learning reward             : 8354.475
episode length              : 235.4
abstract changes / episode  : 19.4
DFA transitions / episode   : 1.60
DFA transitions in window   : 1->2: 84, 2->3: 76
epsilon (next episode)       : 0.02327
replay buffer                : 300000 samples [1: 66.8%, 2: 33.2%, 3: 0.0%]
DFA state visits in window   : 1: 13995, 2: 9572, 3: 76
DFA state visits cumulative  : 1: 1672780, 2: 611531, 3: 3670
DFA state entries in window  : 1: 100, 2: 84, 3: 76
DFA state entries cumulative : 1: 9400, 2: 5183, 3: 3670
transitions cumulative       : 1->2: 5183, 2->3: 3670
accepted directly from s0    : 0
Gym endings cumulative       : terminated=5680, truncated=50

[Episode 9500/10000 | last 100]
success rate                : 56.0% (cumulative 39.2%)
failure rate                : 0.0% (cumulative 0.0%)
completed cycles / episode  : 0.000
synthetic task reward       : 5600.000
shaping reward              : 565.893
learning reward             : 6165.893
episode length              : 212.5
abstract changes / episode  : 18.5
DFA transitions / episode   : 1.28
DFA transitions in window   : 1->2: 72, 2->3: 56
epsilon (next episode)       : 0.02235
replay buffer                : 300000 samples [1: 66.8%, 2: 33.1%, 3: 0.0%]
DFA state visits in window   : 1: 13311, 2: 7987, 3: 56
DFA state visits cumulative  : 1: 1686091, 2: 619518, 3: 3726
DFA state entries in window  : 1: 100, 2: 72, 3: 56
DFA state entries cumulative : 1: 9500, 2: 5255, 3: 3726
transitions cumulative       : 1->2: 5255, 2->3: 3726
accepted directly from s0    : 0
Gym endings cumulative       : terminated=5724, truncated=50

Starting autonomous greedy evaluation at episode 9500 (1000 fixed-seed episodes)...
[Greedy evaluation at episode 9500 | 1000 fixed-seed episodes]
success=14.3%, failure=0.0%, task reward=1430.000, length=139.7
DFA transitions: 1->2: 499, 2->3: 143
[Unbiased greedy evaluation at episode 9500 | 1000 fixed-seed episodes]
success=0.0%, failure=0.0%, task reward=0.000, length=196.3
DFA transitions: 1->2: 15

[Episode 9600/10000 | last 100]
success rate                : 38.0% (cumulative 39.2%)
failure rate                : 0.0% (cumulative 0.0%)
completed cycles / episode  : 0.000
synthetic task reward       : 3800.000
shaping reward              : 386.112
learning reward             : 4186.112
episode length              : 236.4
abstract changes / episode  : 18.1
DFA transitions / episode   : 0.98
DFA transitions in window   : 1->2: 60, 2->3: 38
epsilon (next episode)       : 0.02148
replay buffer                : 300000 samples [1: 67.6%, 2: 32.4%, 3: 0.0%]
DFA state visits in window   : 1: 17106, 2: 6592, 3: 38
DFA state visits cumulative  : 1: 1703197, 2: 626110, 3: 3764
DFA state entries in window  : 1: 100, 2: 60, 3: 38
DFA state entries cumulative : 1: 9600, 2: 5315, 3: 3764
transitions cumulative       : 1->2: 5315, 2->3: 3764
accepted directly from s0    : 0
Gym endings cumulative       : terminated=5786, truncated=50

[Episode 9700/10000 | last 100]
success rate                : 61.0% (cumulative 39.4%)
failure rate                : 0.0% (cumulative 0.0%)
completed cycles / episode  : 0.000
synthetic task reward       : 6100.000
shaping reward              : 621.510
learning reward             : 6721.510
episode length              : 247.4
abstract changes / episode  : 19.7
DFA transitions / episode   : 1.39
DFA transitions in window   : 1->2: 78, 2->3: 61
epsilon (next episode)       : 0.02063
replay buffer                : 300000 samples [1: 67.2%, 2: 32.8%, 3: 0.0%]
DFA state visits in window   : 1: 16810, 2: 7970, 3: 61
DFA state visits cumulative  : 1: 1720007, 2: 634080, 3: 3825
DFA state entries in window  : 1: 100, 2: 78, 3: 61
DFA state entries cumulative : 1: 9700, 2: 5393, 3: 3825
transitions cumulative       : 1->2: 5393, 2->3: 3825
accepted directly from s0    : 0
Gym endings cumulative       : terminated=5825, truncated=50

[Episode 9800/10000 | last 100]
success rate                : 36.0% (cumulative 39.4%)
failure rate                : 0.0% (cumulative 0.0%)
completed cycles / episode  : 0.000
synthetic task reward       : 3600.000
shaping reward              : 360.966
learning reward             : 3960.966
episode length              : 199.6
abstract changes / episode  : 18.5
DFA transitions / episode   : 0.95
DFA transitions in window   : 1->2: 59, 2->3: 36
epsilon (next episode)       : 0.01983
replay buffer                : 300000 samples [1: 67.1%, 2: 32.9%, 3: 0.0%]
DFA state visits in window   : 1: 14451, 2: 5568, 3: 36
DFA state visits cumulative  : 1: 1734458, 2: 639648, 3: 3861
DFA state entries in window  : 1: 100, 2: 59, 3: 36
DFA state entries cumulative : 1: 9800, 2: 5452, 3: 3861
transitions cumulative       : 1->2: 5452, 2->3: 3861
accepted directly from s0    : 0
Gym endings cumulative       : terminated=5889, truncated=50

[Episode 9900/10000 | last 100]
success rate                : 18.0% (cumulative 39.2%)
failure rate                : 0.0% (cumulative 0.0%)
completed cycles / episode  : 0.000
synthetic task reward       : 1800.000
shaping reward              : 39.477
learning reward             : 1839.477
episode length              : 163.1
abstract changes / episode  : 15.7
DFA transitions / episode   : 0.56
DFA transitions in window   : 1->2: 38, 2->3: 18
epsilon (next episode)       : 0.01905
replay buffer                : 300000 samples [1: 67.1%, 2: 32.9%, 3: 0.0%]
DFA state visits in window   : 1: 13382, 2: 3008, 3: 18
DFA state visits cumulative  : 1: 1747840, 2: 642656, 3: 3879
DFA state entries in window  : 1: 100, 2: 38, 3: 18
DFA state entries cumulative : 1: 9900, 2: 5490, 3: 3879
transitions cumulative       : 1->2: 5490, 2->3: 3879
accepted directly from s0    : 0
Gym endings cumulative       : terminated=5971, truncated=50

[Episode 10000/10000 | last 100]
success rate                : 4.0% (cumulative 38.8%)
failure rate                : 0.0% (cumulative 0.0%)
completed cycles / episode  : 0.000
synthetic task reward       : 400.000
shaping reward              : -80.301
learning reward             : 319.699
episode length              : 176.2
abstract changes / episode  : 14.9
DFA transitions / episode   : 0.50
DFA transitions in window   : 1->2: 46, 2->3: 4
epsilon (next episode)       : 0.01830
replay buffer                : 300000 samples [1: 68.2%, 2: 31.8%, 3: 0.0%]
DFA state visits in window   : 1: 15021, 2: 2693, 3: 4
DFA state visits cumulative  : 1: 1762861, 2: 645349, 3: 3883
DFA state entries in window  : 1: 100, 2: 46, 3: 4
DFA state entries cumulative : 1: 10000, 2: 5536, 3: 3883
transitions cumulative       : 1->2: 5536, 2->3: 3883
accepted directly from s0    : 0
Gym endings cumulative       : terminated=6067, truncated=50

Starting autonomous greedy evaluation at episode 10000 (1000 fixed-seed episodes)...
[Greedy evaluation at episode 10000 | 1000 fixed-seed episodes]
success=0.0%, failure=0.0%, task reward=0.000, length=178.8
DFA transitions: 1->2: 605
[Unbiased greedy evaluation at episode 10000 | 1000 fixed-seed episodes]
success=0.0%, failure=0.0%, task reward=0.000, length=998.9
DFA transitions: 1->2: 2
Last policy saved after episode 10000. Best greedy evaluation: episode 7500, mean task reward=9420.000
Last unbiased policy saved after episode 10000. Best unbiased evaluation: episode 3500, mean task reward=320.000
